
The file combined.txt has been read succesfully
The number of populations is : 4
The number of loci is: 150
The method of computation of allelic frequencies is:
	Bayesian method with non-uniform prior distribution
	with a predefined value of Fis (0.0 if H&W assumed)= 0.000
The number of permutations for test on Fst is: 10000
The number of bootstraps for genetic distances is: 10000

Total number of fragments recorded: 150
Mean number of fragments per individual:  47.7
Total number of segregating fragments : 117 ( 78.0%)
Fragment sizes not available, thus correlation between fragment sizes and frequencies not performed

Table 1: Population data [Lynch & Milligan method]

Population    n  #loc. #loc_P    PLP      Hj  S.E.(Hj)   Var(Hj)  VarI(Hj)   VarI%  VarL(Hj)   VarL%

       Bly   33  150     71     47.3 0.20369   0.01715  0.000294  0.000008     2.8  0.000286    97.2
       Bre   33  150     66     44.0 0.18824   0.01718  0.000295  0.000010     3.4  0.000285    96.6
       Ivo   31  150     75     50.0 0.16238   0.01465  0.000215  0.000022    10.4  0.000192    89.6
       Pip   36  150     75     50.0 0.19030   0.01630  0.000266  0.000010     3.9  0.000255    96.1

Table 2: Gene diversity within populations [Lynch & Milligan method]

    n      Hw  S.E.(Hw)   Var(Hw)  VarI(Hw)  VarL(Hw)  VarP(Hw)

    4  0.1862   0.00863  0.000075  0.000003  0.000064  0.000008
               Percent of Var(Hw)      4.26     85.43     10.31

Table 3: Population genetic structure [Lynch & Milligan method]

    n        Ht        Hw        Hb       Fst

    4    0.2049    0.1862    0.0188    0.0914
 S.E.            0.008633  0.002398  0.143032
  Var            0.000075  0.000006  0.020458


Table 4: Permutation test for genetic differentiation among populations

Resampling statistics based on 10000 random permutations of individuals among populations
 (individual estimates of FST for each permutation are written to file 'sample.txt')

statistic                      Fst
observed                         0.0914
lower 95% limit                 -0.0097
upper 95% limit                  0.0289
lower 99% limit                 -0.0110
upper 99% limit                  0.0398
P value (low)                    1.0000
P value (high)                   0.0000

Nei_s genetic distance after Lynch and Milligan - 1994 (Phylip format)
4
Bly           0.0000    0.0182    0.0286    0.0081
Bre           0.0182    0.0000    0.0259    0.0268
Ivo           0.0286    0.0259    0.0000    0.0313
Pip           0.0081    0.0268    0.0313    0.0000

Pairwise Fst between populations (Phylip format)
4
Bly           0.0000    0.0692    0.1131    0.0321
Bre           0.0692    0.0000    0.1081    0.1021
Ivo           0.1131    0.1081    0.0000    0.1264
Pip           0.0321    0.1021    0.1264    0.0000

Reynolds et al. genetic distance between populations (Phylip format)
4
Bly           0.0000    0.0717    0.1200    0.0326
Bre           0.0717    0.0000    0.1144    0.1077
Ivo           0.1200    0.1144    0.0000    0.1352
Pip           0.0326    0.1077    0.1352    0.0000

10000 bootstrapped distance matrices written to files aflp_nei.txt aflp_fst.txt and aflp_reyn.txt

Table 5: Fragment and allelic frequencies in each population (to paste in Excel)

population	Total	Bly					Bre					Ivo					Pip				
locus	freq_frag	N	freq_frag	freq_+all	freq_-all	var_-all	N	freq_frag	freq_+all	freq_-all	var_-all	N	freq_frag	freq_+all	freq_-all	var_-all	N	freq_frag	freq_+all	freq_-all	var_-all

ATG_CTG_149	0.00000	33	0.00000	0.00346	0.99654	0.00004	33	0.00000	0.00195	0.99805	0.00003	31	0.00000	0.00232	0.99768	0.00002	36	0.00000	0.00232	0.99768	0.00003
ATG_CTG_147	0.30075	33	0.21212	0.11428	0.88572	0.00158	33	0.12121	0.06434	0.93566	0.00092	31	0.25806	0.14057	0.85943	0.00206	36	0.58333	0.35436	0.64564	0.00394
ATG_CTG_145	0.90226	33	0.84848	0.60138	0.39862	0.00605	33	0.90909	0.69776	0.30224	0.00650	31	0.96774	0.81714	0.18286	0.00681	36	0.88889	0.66242	0.33758	0.00586
ATG_CTG_143	0.00000	33	0.00000	0.00346	0.99654	0.00004	33	0.00000	0.00195	0.99805	0.00003	31	0.00000	0.00232	0.99768	0.00002	36	0.00000	0.00232	0.99768	0.00003
ATG_CTG_141	0.03759	33	0.03030	0.01853	0.98147	0.00026	33	0.00000	0.00195	0.99805	0.00003	31	0.00000	0.00232	0.99768	0.00002	36	0.11111	0.05917	0.94083	0.00079
ATG_CTG_139	0.00000	33	0.00000	0.00346	0.99654	0.00004	33	0.00000	0.00195	0.99805	0.00003	31	0.00000	0.00232	0.99768	0.00002	36	0.00000	0.00232	0.99768	0.00003
ATG_CTG_137	0.02256	33	0.03030	0.01853	0.98147	0.00026	33	0.00000	0.00195	0.99805	0.00003	31	0.06452	0.03503	0.96497	0.00055	36	0.00000	0.00232	0.99768	0.00003
ATG_CTG_135	0.00752	33	0.03030	0.01853	0.98147	0.00026	33	0.00000	0.00195	0.99805	0.00003	31	0.00000	0.00232	0.99768	0.00002	36	0.00000	0.00232	0.99768	0.00003
ATG_CTG_133	0.00000	33	0.00000	0.00346	0.99654	0.00004	33	0.00000	0.00195	0.99805	0.00003	31	0.00000	0.00232	0.99768	0.00002	36	0.00000	0.00232	0.99768	0.00003
ATG_CTG_131	0.24060	33	0.30303	0.16626	0.83374	0.00223	33	0.09091	0.04836	0.95164	0.00070	31	0.22581	0.12209	0.87791	0.00181	36	0.33333	0.18466	0.81534	0.00227
ATG_CTG_129	0.00000	33	0.00000	0.00346	0.99654	0.00004	33	0.00000	0.00195	0.99805	0.00003	31	0.00000	0.00232	0.99768	0.00002	36	0.00000	0.00232	0.99768	0.00003
ATG_CTG_127	0.01504	33	0.00000	0.00346	0.99654	0.00004	33	0.00000	0.00195	0.99805	0.00003	31	0.00000	0.00232	0.99768	0.00002	36	0.05556	0.03033	0.96967	0.00040
ATG_CTG_125	0.01504	33	0.06061	0.03383	0.96617	0.00049	33	0.00000	0.00195	0.99805	0.00003	31	0.00000	0.00232	0.99768	0.00002	36	0.00000	0.00232	0.99768	0.00003
ATG_CTG_123	0.00000	33	0.00000	0.00346	0.99654	0.00004	33	0.00000	0.00195	0.99805	0.00003	31	0.00000	0.00232	0.99768	0.00002	36	0.00000	0.00232	0.99768	0.00003
ATG_CTG_121	0.00752	33	0.03030	0.01853	0.98147	0.00026	33	0.00000	0.00195	0.99805	0.00003	31	0.00000	0.00232	0.99768	0.00002	36	0.00000	0.00232	0.99768	0.00003
ATG_CTG_119	0.00752	33	0.03030	0.01853	0.98147	0.00026	33	0.00000	0.00195	0.99805	0.00003	31	0.00000	0.00232	0.99768	0.00002	36	0.00000	0.00232	0.99768	0.00003
ATG_CTG_117	0.00000	33	0.00000	0.00346	0.99654	0.00004	33	0.00000	0.00195	0.99805	0.00003	31	0.00000	0.00232	0.99768	0.00002	36	0.00000	0.00232	0.99768	0.00003
ATG_CTG_115	0.00000	33	0.00000	0.00346	0.99654	0.00004	33	0.00000	0.00195	0.99805	0.00003	31	0.00000	0.00232	0.99768	0.00002	36	0.00000	0.00232	0.99768	0.00003
ATG_CTG_113	0.07519	33	0.00000	0.00346	0.99654	0.00004	33	0.00000	0.00195	0.99805	0.00003	31	0.06452	0.03503	0.96497	0.00055	36	0.22222	0.11968	0.88032	0.00153
ATG_CTG_111	0.00000	33	0.00000	0.00346	0.99654	0.00004	33	0.00000	0.00195	0.99805	0.00003	31	0.00000	0.00232	0.99768	0.00002	36	0.00000	0.00232	0.99768	0.00003
ATG_CTG_109	0.89474	33	0.81818	0.56564	0.43436	0.00586	33	0.87879	0.65152	0.34848	0.00635	31	0.96774	0.81714	0.18286	0.00681	36	0.91667	0.70593	0.29407	0.00598
ATG_CTG_107	0.62406	33	0.54545	0.32417	0.67583	0.00397	33	0.87879	0.65152	0.34848	0.00635	31	0.83871	0.59861	0.40139	0.00648	36	0.27778	0.15155	0.84845	0.00190
ATG_CTG_105	0.82707	33	0.84848	0.60138	0.39862	0.00605	33	0.84848	0.61069	0.38931	0.00617	31	0.70968	0.46204	0.53796	0.00556	36	0.88889	0.66242	0.33758	0.00586
ATG_CTG_103	0.02256	33	0.06061	0.03383	0.96617	0.00049	33	0.00000	0.00195	0.99805	0.00003	31	0.03226	0.01854	0.98146	0.00029	36	0.00000	0.00232	0.99768	0.00003
ATG_CTG_101	0.00000	33	0.00000	0.00346	0.99654	0.00004	33	0.00000	0.00195	0.99805	0.00003	31	0.00000	0.00232	0.99768	0.00002	36	0.00000	0.00232	0.99768	0.00003
ATG_CTG_99	0.00000	33	0.00000	0.00346	0.99654	0.00004	33	0.00000	0.00195	0.99805	0.00003	31	0.00000	0.00232	0.99768	0.00002	36	0.00000	0.00232	0.99768	0.00003
ATG_CTG_97	0.01504	33	0.06061	0.03383	0.96617	0.00049	33	0.00000	0.00195	0.99805	0.00003	31	0.00000	0.00232	0.99768	0.00002	36	0.00000	0.00232	0.99768	0.00003
ATG_CTG_95	0.00000	33	0.00000	0.00346	0.99654	0.00004	33	0.00000	0.00195	0.99805	0.00003	31	0.00000	0.00232	0.99768	0.00002	36	0.00000	0.00232	0.99768	0.00003
ATG_CTG_93	0.91729	33	0.87879	0.64065	0.35935	0.00623	33	0.84848	0.61069	0.38931	0.00617	31	1.00000	0.93679	0.06321	0.00441	36	0.94444	0.75700	0.24300	0.00605
ATG_CTG_91	0.03759	33	0.03030	0.01853	0.98147	0.00026	33	0.00000	0.00195	0.99805	0.00003	31	0.09677	0.05180	0.94820	0.00080	36	0.02778	0.01622	0.98378	0.00021
ATG_CTG_89	0.10526	33	0.03030	0.01853	0.98147	0.00026	33	0.24242	0.13122	0.86878	0.00182	31	0.03226	0.01854	0.98146	0.00029	36	0.11111	0.05917	0.94083	0.00079
ATG_CTG_87	0.00752	33	0.00000	0.00346	0.99654	0.00004	33	0.00000	0.00195	0.99805	0.00003	31	0.03226	0.01854	0.98146	0.00029	36	0.00000	0.00232	0.99768	0.00003
ATG_CTG_85	0.18797	33	0.06061	0.03383	0.96617	0.00049	33	0.09091	0.04836	0.95164	0.00070	31	0.35484	0.19853	0.80147	0.00282	36	0.25000	0.13546	0.86454	0.00171
ATG_CTG_83	0.93985	33	0.87879	0.64065	0.35935	0.00623	33	0.93939	0.75236	0.24764	0.00658	31	1.00000	0.93679	0.06321	0.00441	36	0.94444	0.75700	0.24300	0.00605
ATG_CTG_81	0.00000	33	0.00000	0.00346	0.99654	0.00004	33	0.00000	0.00195	0.99805	0.00003	31	0.00000	0.00232	0.99768	0.00002	36	0.00000	0.00232	0.99768	0.00003
ATG_CTG_79	0.05263	33	0.00000	0.00346	0.99654	0.00004	33	0.00000	0.00195	0.99805	0.00003	31	0.09677	0.05180	0.94820	0.00080	36	0.11111	0.05917	0.94083	0.00079
ATG_CTG_77	0.90226	33	0.81818	0.56564	0.43436	0.00586	33	0.90909	0.69776	0.30224	0.00650	31	0.96774	0.81714	0.18286	0.00681	36	0.91667	0.70593	0.29407	0.00598
ATG_CTG_75	0.00000	33	0.00000	0.00346	0.99654	0.00004	33	0.00000	0.00195	0.99805	0.00003	31	0.00000	0.00232	0.99768	0.00002	36	0.00000	0.00232	0.99768	0.00003
ATG_CTG_73	0.00752	33	0.00000	0.00346	0.99654	0.00004	33	0.00000	0.00195	0.99805	0.00003	31	0.03226	0.01854	0.98146	0.00029	36	0.00000	0.00232	0.99768	0.00003
ATG_CTG_71	0.00000	33	0.00000	0.00346	0.99654	0.00004	33	0.00000	0.00195	0.99805	0.00003	31	0.00000	0.00232	0.99768	0.00002	36	0.00000	0.00232	0.99768	0.00003
ATG_CTG_69	0.12030	33	0.00000	0.00346	0.99654	0.00004	33	0.00000	0.00195	0.99805	0.00003	31	0.51613	0.30580	0.69420	0.00408	36	0.00000	0.00232	0.99768	0.00003
ATG_CTG_67	0.14286	33	0.12121	0.06518	0.93482	0.00093	33	0.15152	0.08061	0.91939	0.00114	31	0.12903	0.06888	0.93112	0.00105	36	0.16667	0.08893	0.91107	0.00115
ATG_CTG_65	0.91729	33	0.84848	0.60138	0.39862	0.00605	33	0.90909	0.69776	0.30224	0.00650	31	0.96774	0.81714	0.18286	0.00681	36	0.94444	0.75700	0.24300	0.00605
ATG_CTG_63	0.23308	33	0.00000	0.00346	0.99654	0.00004	33	0.87879	0.65152	0.34848	0.00635	31	0.06452	0.03503	0.96497	0.00055	36	0.00000	0.00232	0.99768	0.00003
ATG_CTG_61	0.48120	33	0.36364	0.20281	0.79719	0.00267	33	0.93939	0.75236	0.24764	0.00658	31	0.67742	0.43301	0.56699	0.00531	36	0.00000	0.00232	0.99768	0.00003
ATG_CTG_59	0.30075	33	0.18182	0.09762	0.90238	0.00136	33	0.00000	0.00195	0.99805	0.00003	31	0.25806	0.14057	0.85943	0.00206	36	0.72222	0.47167	0.52833	0.00485
ATG_CTG_57	0.00000	33	0.00000	0.00346	0.99654	0.00004	33	0.00000	0.00195	0.99805	0.00003	31	0.00000	0.00232	0.99768	0.00002	36	0.00000	0.00232	0.99768	0.00003
ATG_CTG_55	0.02256	33	0.06061	0.03383	0.96617	0.00049	33	0.00000	0.00195	0.99805	0.00003	31	0.00000	0.00232	0.99768	0.00002	36	0.02778	0.01622	0.98378	0.00021
ATG_CTG_53	0.75940	33	0.63636	0.39389	0.60611	0.00461	33	0.78788	0.53973	0.46027	0.00577	31	0.74194	0.49274	0.50726	0.00580	36	0.86111	0.62388	0.37612	0.00571
ATG_CTG_51	0.93985	33	0.87879	0.64065	0.35935	0.00623	33	0.93939	0.75236	0.24764	0.00658	31	1.00000	0.93679	0.06321	0.00441	36	0.94444	0.75700	0.24300	0.00605
ACT_CAA_149	0.00000	33	0.00000	0.00346	0.99654	0.00004	33	0.00000	0.00195	0.99805	0.00003	31	0.00000	0.00232	0.99768	0.00002	36	0.00000	0.00232	0.99768	0.00003
ACT_CAA_147	0.90226	33	0.84848	0.60138	0.39862	0.00605	33	0.90909	0.69776	0.30224	0.00650	31	1.00000	0.93679	0.06321	0.00441	36	0.86111	0.62388	0.37612	0.00571
ACT_CAA_145	0.91729	33	0.87879	0.64065	0.35935	0.00623	33	0.90909	0.69776	0.30224	0.00650	31	1.00000	0.93679	0.06321	0.00441	36	0.88889	0.66242	0.33758	0.00586
ACT_CAA_143	0.24060	33	0.24242	0.13126	0.86874	0.00180	33	0.21212	0.11403	0.88597	0.00160	31	0.35484	0.19853	0.80147	0.00282	36	0.16667	0.08893	0.91107	0.00115
ACT_CAA_141	0.00000	33	0.00000	0.00346	0.99654	0.00004	33	0.00000	0.00195	0.99805	0.00003	31	0.00000	0.00232	0.99768	0.00002	36	0.00000	0.00232	0.99768	0.00003
ACT_CAA_139	0.18045	33	0.18182	0.09762	0.90238	0.00136	33	0.09091	0.04836	0.95164	0.00070	31	0.45161	0.26102	0.73898	0.00357	36	0.02778	0.01622	0.98378	0.00021
ACT_CAA_137	0.89474	33	0.81818	0.56564	0.43436	0.00586	33	0.90909	0.69776	0.30224	0.00650	31	1.00000	0.93679	0.06321	0.00441	36	0.86111	0.62388	0.37612	0.00571
ACT_CAA_135	0.00000	33	0.00000	0.00346	0.99654	0.00004	33	0.00000	0.00195	0.99805	0.00003	31	0.00000	0.00232	0.99768	0.00002	36	0.00000	0.00232	0.99768	0.00003
ACT_CAA_133	0.12030	33	0.06061	0.03383	0.96617	0.00049	33	0.00000	0.00195	0.99805	0.00003	31	0.29032	0.15944	0.84056	0.00231	36	0.13889	0.07392	0.92608	0.00096
ACT_CAA_131	0.69173	33	0.57576	0.34658	0.65342	0.00418	33	0.63636	0.39781	0.60219	0.00470	31	0.90323	0.68846	0.31154	0.00687	36	0.66667	0.42188	0.57812	0.00449
ACT_CAA_129	0.45865	33	0.36364	0.20281	0.79719	0.00267	33	0.75758	0.50807	0.49193	0.00557	31	0.03226	0.01854	0.98146	0.00029	36	0.63889	0.39853	0.60147	0.00431
ACT_CAA_127	0.77444	33	0.69697	0.44521	0.55479	0.00504	33	0.90909	0.69776	0.30224	0.00650	31	0.93548	0.74481	0.25519	0.00696	36	0.58333	0.35436	0.64564	0.00394
ACT_CAA_125	0.72180	33	0.63636	0.39389	0.60611	0.00461	33	0.84848	0.61069	0.38931	0.00617	31	0.58065	0.35368	0.64632	0.00457	36	0.80556	0.55670	0.44330	0.00538
ACT_CAA_123	0.07519	33	0.15152	0.08126	0.91874	0.00115	33	0.03030	0.01717	0.98283	0.00026	31	0.00000	0.00232	0.99768	0.00002	36	0.11111	0.05917	0.94083	0.00079
ACT_CAA_121	0.39850	33	0.33333	0.18433	0.81567	0.00245	33	0.27273	0.14876	0.85124	0.00204	31	0.87097	0.64073	0.35927	0.00669	36	0.16667	0.08893	0.91107	0.00115
ACT_CAA_119	0.61654	33	0.57576	0.34658	0.65342	0.00418	33	0.36364	0.20369	0.79631	0.00271	31	0.61290	0.37899	0.62101	0.00482	36	0.88889	0.66242	0.33758	0.00586
ACT_CAA_117	0.60150	33	0.51515	0.30247	0.69753	0.00375	33	0.72727	0.47832	0.52168	0.00535	31	0.58065	0.35368	0.64632	0.00457	36	0.58333	0.35436	0.64564	0.00394
ACT_CAA_115	0.51128	33	0.36364	0.20281	0.79719	0.00267	33	0.84848	0.61069	0.38931	0.00617	31	0.58065	0.35368	0.64632	0.00457	36	0.27778	0.15155	0.84845	0.00190
ACT_CAA_113	0.90226	33	0.87879	0.64065	0.35935	0.00623	33	0.87879	0.65152	0.34848	0.00635	31	1.00000	0.93679	0.06321	0.00441	36	0.86111	0.62388	0.37612	0.00571
ACT_CAA_111	0.33083	33	0.27273	0.14859	0.85141	0.00202	33	0.39394	0.22286	0.77714	0.00294	31	0.45161	0.26102	0.73898	0.00357	36	0.22222	0.11968	0.88032	0.00153
ACT_CAA_109	0.53383	33	0.63636	0.39389	0.60611	0.00461	33	0.27273	0.14876	0.85124	0.00204	31	0.77419	0.52540	0.47460	0.00603	36	0.47222	0.27403	0.72597	0.00320
ACT_CAA_107	0.00000	33	0.00000	0.00346	0.99654	0.00004	33	0.00000	0.00195	0.99805	0.00003	31	0.00000	0.00232	0.99768	0.00002	36	0.00000	0.00232	0.99768	0.00003
ACT_CAA_105	0.22556	33	0.12121	0.06518	0.93482	0.00093	33	0.21212	0.11403	0.88597	0.00160	31	0.38710	0.21881	0.78119	0.00307	36	0.19444	0.10416	0.89584	0.00134
ACT_CAA_103	0.00752	33	0.00000	0.00346	0.99654	0.00004	33	0.00000	0.00195	0.99805	0.00003	31	0.03226	0.01854	0.98146	0.00029	36	0.00000	0.00232	0.99768	0.00003
ACT_CAA_101	0.00752	33	0.00000	0.00346	0.99654	0.00004	33	0.00000	0.00195	0.99805	0.00003	31	0.03226	0.01854	0.98146	0.00029	36	0.00000	0.00232	0.99768	0.00003
ACT_CAA_99	0.01504	33	0.03030	0.01853	0.98147	0.00026	33	0.03030	0.01717	0.98283	0.00026	31	0.00000	0.00232	0.99768	0.00002	36	0.00000	0.00232	0.99768	0.00003
ACT_CAA_97	0.91729	33	0.87879	0.64065	0.35935	0.00623	33	0.90909	0.69776	0.30224	0.00650	31	1.00000	0.93679	0.06321	0.00441	36	0.88889	0.66242	0.33758	0.00586
ACT_CAA_95	0.87218	33	0.78788	0.53262	0.46738	0.00566	33	0.87879	0.65152	0.34848	0.00635	31	0.93548	0.74481	0.25519	0.00696	36	0.88889	0.66242	0.33758	0.00586
ACT_CAA_93	0.01504	33	0.00000	0.00346	0.99654	0.00004	33	0.03030	0.01717	0.98283	0.00026	31	0.03226	0.01854	0.98146	0.00029	36	0.00000	0.00232	0.99768	0.00003
ACT_CAA_91	0.82707	33	0.81818	0.56564	0.43436	0.00586	33	0.87879	0.65152	0.34848	0.00635	31	0.70968	0.46204	0.53796	0.00556	36	0.88889	0.66242	0.33758	0.00586
ACT_CAA_89	0.02256	33	0.03030	0.01853	0.98147	0.00026	33	0.03030	0.01717	0.98283	0.00026	31	0.00000	0.00232	0.99768	0.00002	36	0.02778	0.01622	0.98378	0.00021
ACT_CAA_87	0.90977	33	0.84848	0.60138	0.39862	0.00605	33	0.90909	0.69776	0.30224	0.00650	31	1.00000	0.93679	0.06321	0.00441	36	0.88889	0.66242	0.33758	0.00586
ACT_CAA_85	0.00000	33	0.00000	0.00346	0.99654	0.00004	33	0.00000	0.00195	0.99805	0.00003	31	0.00000	0.00232	0.99768	0.00002	36	0.00000	0.00232	0.99768	0.00003
ACT_CAA_83	0.37594	33	0.45455	0.26099	0.73901	0.00332	33	0.42424	0.24252	0.75748	0.00316	31	0.51613	0.30580	0.69420	0.00408	36	0.13889	0.07392	0.92608	0.00096
ACT_CAA_81	0.91729	33	0.87879	0.64065	0.35935	0.00623	33	0.90909	0.69776	0.30224	0.00650	31	1.00000	0.93679	0.06321	0.00441	36	0.88889	0.66242	0.33758	0.00586
ACT_CAA_79	0.00000	33	0.00000	0.00346	0.99654	0.00004	33	0.00000	0.00195	0.99805	0.00003	31	0.00000	0.00232	0.99768	0.00002	36	0.00000	0.00232	0.99768	0.00003
ACT_CAA_77	0.36842	33	0.39394	0.22172	0.77828	0.00289	33	0.09091	0.04836	0.95164	0.00070	31	0.80645	0.56048	0.43952	0.00626	36	0.22222	0.11968	0.88032	0.00153
ACT_CAA_75	0.36090	33	0.15152	0.08126	0.91874	0.00115	33	0.90909	0.69776	0.30224	0.00650	31	0.41935	0.23962	0.76038	0.00332	36	0.00000	0.00232	0.99768	0.00003
ACT_CAA_73	0.09023	33	0.00000	0.00346	0.99654	0.00004	33	0.00000	0.00195	0.99805	0.00003	31	0.03226	0.01854	0.98146	0.00029	36	0.30556	0.16794	0.83206	0.00209
ACT_CAA_71	0.04511	33	0.06061	0.03383	0.96617	0.00049	33	0.00000	0.00195	0.99805	0.00003	31	0.03226	0.01854	0.98146	0.00029	36	0.08333	0.04465	0.95535	0.00060
ACT_CAA_69	0.80451	33	0.75758	0.50178	0.49822	0.00545	33	0.81818	0.57374	0.42626	0.00598	31	1.00000	0.93679	0.06321	0.00441	36	0.66667	0.42188	0.57812	0.00449
ACT_CAA_67	0.90226	33	0.84848	0.60138	0.39862	0.00605	33	0.90909	0.69776	0.30224	0.00650	31	1.00000	0.93679	0.06321	0.00441	36	0.86111	0.62388	0.37612	0.00571
ACT_CAA_65	0.00000	33	0.00000	0.00346	0.99654	0.00004	33	0.00000	0.00195	0.99805	0.00003	31	0.00000	0.00232	0.99768	0.00002	36	0.00000	0.00232	0.99768	0.00003
ACT_CAA_63	0.08271	33	0.30303	0.16626	0.83374	0.00223	33	0.00000	0.00195	0.99805	0.00003	31	0.03226	0.01854	0.98146	0.00029	36	0.00000	0.00232	0.99768	0.00003
ACT_CAA_61	0.43609	33	0.39394	0.22172	0.77828	0.00289	33	0.42424	0.24252	0.75748	0.00316	31	0.41935	0.23962	0.76038	0.00332	36	0.50000	0.29325	0.70675	0.00339
ACT_CAA_59	0.43609	33	0.39394	0.22172	0.77828	0.00289	33	0.42424	0.24252	0.75748	0.00316	31	0.41935	0.23962	0.76038	0.00332	36	0.50000	0.29325	0.70675	0.00339
ACT_CAA_57	0.02256	33	0.06061	0.03383	0.96617	0.00049	33	0.00000	0.00195	0.99805	0.00003	31	0.03226	0.01854	0.98146	0.00029	36	0.00000	0.00232	0.99768	0.00003
ACT_CAA_55	0.91729	33	0.84848	0.60138	0.39862	0.00605	33	0.90909	0.69776	0.30224	0.00650	31	1.00000	0.93679	0.06321	0.00441	36	0.91667	0.70593	0.29407	0.00598
ACT_CAA_53	0.02256	33	0.03030	0.01853	0.98147	0.00026	33	0.00000	0.00195	0.99805	0.00003	31	0.03226	0.01854	0.98146	0.00029	36	0.02778	0.01622	0.98378	0.00021
ACT_CAA_51	0.90226	33	0.84848	0.60138	0.39862	0.00605	33	0.90909	0.69776	0.30224	0.00650	31	0.96774	0.81714	0.18286	0.00681	36	0.88889	0.66242	0.33758	0.00586
ACT_CTG_149	0.84211	33	0.72727	0.47274	0.52726	0.00525	33	0.78788	0.53973	0.46027	0.00577	31	0.96774	0.81714	0.18286	0.00681	36	0.88889	0.66242	0.33758	0.00586
ACT_CTG_147	0.00000	33	0.00000	0.00346	0.99654	0.00004	33	0.00000	0.00195	0.99805	0.00003	31	0.00000	0.00232	0.99768	0.00002	36	0.00000	0.00232	0.99768	0.00003
ACT_CTG_145	0.06015	33	0.03030	0.01853	0.98147	0.00026	33	0.03030	0.01717	0.98283	0.00026	31	0.09677	0.05180	0.94820	0.00080	36	0.08333	0.04465	0.95535	0.00060
ACT_CTG_143	0.44361	33	0.27273	0.14859	0.85141	0.00202	33	0.72727	0.47832	0.52168	0.00535	31	0.58065	0.35368	0.64632	0.00457	36	0.22222	0.11968	0.88032	0.00153
ACT_CTG_141	0.58647	33	0.60606	0.36979	0.63021	0.00440	33	0.81818	0.57374	0.42626	0.00598	31	0.61290	0.37899	0.62101	0.00482	36	0.33333	0.18466	0.81534	0.00227
ACT_CTG_139	0.60902	33	0.57576	0.34658	0.65342	0.00418	33	0.87879	0.65152	0.34848	0.00635	31	0.64516	0.40539	0.59461	0.00507	36	0.36111	0.20174	0.79826	0.00246
ACT_CTG_137	0.00000	33	0.00000	0.00346	0.99654	0.00004	33	0.00000	0.00195	0.99805	0.00003	31	0.00000	0.00232	0.99768	0.00002	36	0.00000	0.00232	0.99768	0.00003
ACT_CTG_135	0.00000	33	0.00000	0.00346	0.99654	0.00004	33	0.00000	0.00195	0.99805	0.00003	31	0.00000	0.00232	0.99768	0.00002	36	0.00000	0.00232	0.99768	0.00003
ACT_CTG_133	0.92481	33	0.84848	0.60138	0.39862	0.00605	33	0.90909	0.69776	0.30224	0.00650	31	1.00000	0.93679	0.06321	0.00441	36	0.94444	0.75700	0.24300	0.00605
ACT_CTG_131	0.00752	33	0.03030	0.01853	0.98147	0.00026	33	0.00000	0.00195	0.99805	0.00003	31	0.00000	0.00232	0.99768	0.00002	36	0.00000	0.00232	0.99768	0.00003
ACT_CTG_129	0.13534	33	0.03030	0.01853	0.98147	0.00026	33	0.15152	0.08061	0.91939	0.00114	31	0.19355	0.10400	0.89600	0.00156	36	0.16667	0.08893	0.91107	0.00115
ACT_CTG_127	0.82707	33	0.69697	0.44521	0.55479	0.00504	33	0.78788	0.53973	0.46027	0.00577	31	0.93548	0.74481	0.25519	0.00696	36	0.88889	0.66242	0.33758	0.00586
ACT_CTG_125	0.01504	33	0.00000	0.00346	0.99654	0.00004	33	0.00000	0.00195	0.99805	0.00003	31	0.06452	0.03503	0.96497	0.00055	36	0.00000	0.00232	0.99768	0.00003
ACT_CTG_123	0.11278	33	0.03030	0.01853	0.98147	0.00026	33	0.09091	0.04836	0.95164	0.00070	31	0.19355	0.10400	0.89600	0.00156	36	0.13889	0.07392	0.92608	0.00096
ACT_CTG_121	0.77444	33	0.66667	0.41897	0.58103	0.00482	33	0.84848	0.61069	0.38931	0.00617	31	0.87097	0.64073	0.35927	0.00669	36	0.72222	0.47167	0.52833	0.00485
ACT_CTG_119	0.00000	33	0.00000	0.00346	0.99654	0.00004	33	0.00000	0.00195	0.99805	0.00003	31	0.00000	0.00232	0.99768	0.00002	36	0.00000	0.00232	0.99768	0.00003
ACT_CTG_117	0.80451	33	0.60606	0.36979	0.63021	0.00440	33	0.84848	0.61069	0.38931	0.00617	31	0.87097	0.64073	0.35927	0.00669	36	0.88889	0.66242	0.33758	0.00586
ACT_CTG_115	0.07519	33	0.03030	0.01853	0.98147	0.00026	33	0.09091	0.04836	0.95164	0.00070	31	0.12903	0.06888	0.93112	0.00105	36	0.05556	0.03033	0.96967	0.00040
ACT_CTG_113	0.63910	33	0.69697	0.44521	0.55479	0.00504	33	0.39394	0.22286	0.77714	0.00294	31	0.54839	0.32932	0.67068	0.00432	36	0.88889	0.66242	0.33758	0.00586
ACT_CTG_111	0.00000	33	0.00000	0.00346	0.99654	0.00004	33	0.00000	0.00195	0.99805	0.00003	31	0.00000	0.00232	0.99768	0.00002	36	0.00000	0.00232	0.99768	0.00003
ACT_CTG_109	0.01504	33	0.03030	0.01853	0.98147	0.00026	33	0.00000	0.00195	0.99805	0.00003	31	0.00000	0.00232	0.99768	0.00002	36	0.02778	0.01622	0.98378	0.00021
ACT_CTG_107	0.01504	33	0.00000	0.00346	0.99654	0.00004	33	0.00000	0.00195	0.99805	0.00003	31	0.03226	0.01854	0.98146	0.00029	36	0.02778	0.01622	0.98378	0.00021
ACT_CTG_105	0.92481	33	0.84848	0.60138	0.39862	0.00605	33	0.93939	0.75236	0.24764	0.00658	31	1.00000	0.93679	0.06321	0.00441	36	0.91667	0.70593	0.29407	0.00598
ACT_CTG_103	0.00000	33	0.00000	0.00346	0.99654	0.00004	33	0.00000	0.00195	0.99805	0.00003	31	0.00000	0.00232	0.99768	0.00002	36	0.00000	0.00232	0.99768	0.00003
ACT_CTG_101	0.02256	33	0.09091	0.04937	0.95063	0.00070	33	0.00000	0.00195	0.99805	0.00003	31	0.00000	0.00232	0.99768	0.00002	36	0.00000	0.00232	0.99768	0.00003
ACT_CTG_99	0.78195	33	0.57576	0.34658	0.65342	0.00418	33	0.84848	0.61069	0.38931	0.00617	31	0.80645	0.56048	0.43952	0.00626	36	0.88889	0.66242	0.33758	0.00586
ACT_CTG_97	0.24060	33	0.42424	0.24110	0.75890	0.00310	33	0.00000	0.00195	0.99805	0.00003	31	0.51613	0.30580	0.69420	0.00408	36	0.05556	0.03033	0.96967	0.00040
ACT_CTG_95	0.00000	33	0.00000	0.00346	0.99654	0.00004	33	0.00000	0.00195	0.99805	0.00003	31	0.00000	0.00232	0.99768	0.00002	36	0.00000	0.00232	0.99768	0.00003
ACT_CTG_93	0.91729	33	0.84848	0.60138	0.39862	0.00605	33	0.90909	0.69776	0.30224	0.00650	31	1.00000	0.93679	0.06321	0.00441	36	0.91667	0.70593	0.29407	0.00598
ACT_CTG_91	0.48872	33	0.27273	0.14859	0.85141	0.00202	33	0.57576	0.34965	0.65035	0.00426	31	0.25806	0.14057	0.85943	0.00206	36	0.80556	0.55670	0.44330	0.00538
ACT_CTG_89	0.84962	33	0.84848	0.60138	0.39862	0.00605	33	0.90909	0.69776	0.30224	0.00650	31	0.96774	0.81714	0.18286	0.00681	36	0.69444	0.44622	0.55378	0.00467
ACT_CTG_87	0.02256	33	0.00000	0.00346	0.99654	0.00004	33	0.00000	0.00195	0.99805	0.00003	31	0.03226	0.01854	0.98146	0.00029	36	0.05556	0.03033	0.96967	0.00040
ACT_CTG_85	0.71429	33	0.60606	0.36979	0.63021	0.00440	33	0.90909	0.69776	0.30224	0.00650	31	0.87097	0.64073	0.35927	0.00669	36	0.50000	0.29325	0.70675	0.00339
ACT_CTG_83	0.12030	33	0.15152	0.08126	0.91874	0.00115	33	0.12121	0.06434	0.93566	0.00092	31	0.06452	0.03503	0.96497	0.00055	36	0.13889	0.07392	0.92608	0.00096
ACT_CTG_81	0.01504	33	0.00000	0.00346	0.99654	0.00004	33	0.00000	0.00195	0.99805	0.00003	31	0.03226	0.01854	0.98146	0.00029	36	0.02778	0.01622	0.98378	0.00021
ACT_CTG_79	0.02256	33	0.06061	0.03383	0.96617	0.00049	33	0.00000	0.00195	0.99805	0.00003	31	0.00000	0.00232	0.99768	0.00002	36	0.02778	0.01622	0.98378	0.00021
ACT_CTG_77	0.10526	33	0.15152	0.08126	0.91874	0.00115	33	0.00000	0.00195	0.99805	0.00003	31	0.03226	0.01854	0.98146	0.00029	36	0.22222	0.11968	0.88032	0.00153
ACT_CTG_75	0.90977	33	0.84848	0.60138	0.39862	0.00605	33	0.87879	0.65152	0.34848	0.00635	31	1.00000	0.93679	0.06321	0.00441	36	0.91667	0.70593	0.29407	0.00598
ACT_CTG_73	0.81955	33	0.69697	0.44521	0.55479	0.00504	33	0.87879	0.65152	0.34848	0.00635	31	0.93548	0.74481	0.25519	0.00696	36	0.77778	0.52666	0.47334	0.00521
ACT_CTG_71	0.03759	33	0.03030	0.01853	0.98147	0.00026	33	0.03030	0.01717	0.98283	0.00026	31	0.03226	0.01854	0.98146	0.00029	36	0.05556	0.03033	0.96967	0.00040
ACT_CTG_69	0.02256	33	0.09091	0.04937	0.95063	0.00070	33	0.00000	0.00195	0.99805	0.00003	31	0.00000	0.00232	0.99768	0.00002	36	0.00000	0.00232	0.99768	0.00003
ACT_CTG_67	0.00752	33	0.00000	0.00346	0.99654	0.00004	33	0.00000	0.00195	0.99805	0.00003	31	0.03226	0.01854	0.98146	0.00029	36	0.00000	0.00232	0.99768	0.00003
ACT_CTG_65	0.00000	33	0.00000	0.00346	0.99654	0.00004	33	0.00000	0.00195	0.99805	0.00003	31	0.00000	0.00232	0.99768	0.00002	36	0.00000	0.00232	0.99768	0.00003
ACT_CTG_63	0.90226	33	0.78788	0.53262	0.46738	0.00566	33	0.90909	0.69776	0.30224	0.00650	31	1.00000	0.93679	0.06321	0.00441	36	0.91667	0.70593	0.29407	0.00598
ACT_CTG_61	0.00000	33	0.00000	0.00346	0.99654	0.00004	33	0.00000	0.00195	0.99805	0.00003	31	0.00000	0.00232	0.99768	0.00002	36	0.00000	0.00232	0.99768	0.00003
ACT_CTG_59	0.91729	33	0.84848	0.60138	0.39862	0.00605	33	0.90909	0.69776	0.30224	0.00650	31	1.00000	0.93679	0.06321	0.00441	36	0.91667	0.70593	0.29407	0.00598
ACT_CTG_57	0.00000	33	0.00000	0.00346	0.99654	0.00004	33	0.00000	0.00195	0.99805	0.00003	31	0.00000	0.00232	0.99768	0.00002	36	0.00000	0.00232	0.99768	0.00003
ACT_CTG_55	0.00752	33	0.00000	0.00346	0.99654	0.00004	33	0.00000	0.00195	0.99805	0.00003	31	0.03226	0.01854	0.98146	0.00029	36	0.00000	0.00232	0.99768	0.00003
ACT_CTG_53	0.00752	33	0.00000	0.00346	0.99654	0.00004	33	0.00000	0.00195	0.99805	0.00003	31	0.00000	0.00232	0.99768	0.00002	36	0.02778	0.01622	0.98378	0.00021
ACT_CTG_51	0.44361	33	0.36364	0.20281	0.79719	0.00267	33	0.57576	0.34965	0.65035	0.00426	31	0.38710	0.21881	0.78119	0.00307	36	0.44444	0.25530	0.74470	0.00302



Relatedness between pairs of individuals after Lynch and Milligan - 1994 (Phylip format)
133
ind1          1.0000   -1.4852   -1.1160   -0.7191   -0.7233    1.0000   -0.8149   -1.1436   -0.8538   -0.8420   -0.8549   -0.7913   -0.0871   -0.7062   -0.5570   -0.9199   -0.6284   -0.9292   -1.6438   -0.3388   -0.8448    1.0000   -0.7668   -0.6594   -0.0460   -0.7780   -0.9754   -1.2513   -0.6781   -0.6485   -1.0319   -0.6291   -1.5782   -0.9454   -0.7450    0.9430   -0.9195   -0.7170   -0.7970   -1.0618   -0.8598   -1.0083    0.4926   -0.7715   -1.0622   -0.8285   -0.8631   -0.8157   -1.1420   -0.9140   -0.7889   -1.0028   -0.8492   -0.7847   -1.1236    0.9589   -0.7820   -1.1920   -0.7022   -1.0446   -0.7461   -0.9415   -0.5448   -1.0044   -0.9443   -0.8684   -0.9771   -0.7182   -1.4864   -1.0079   -0.7949   -0.8532   -0.8514   -0.8489   -0.8151   -1.0547   -0.7361   -0.9263   -0.8045   -1.6047   -0.8983   -0.8233   -0.9540   -0.7030   -1.0817   -0.7421   -1.2494   -0.7552   -0.9338   -0.5949   -0.9233   -1.1912   -1.1772   -1.2060   -0.8933   -1.0193   -1.2617   -0.8417   -1.1794   -1.1686   -0.6350   -1.3067   -0.6904   -0.7146   -0.8173   -0.6871   -0.0974    1.0000   -0.5688   -0.9829   -0.9007   -0.8877   -0.7320   -1.2303    0.3952   -0.7678   -1.4053   -0.9788   -1.0746   -1.4362   -0.7288   -1.6202   -0.8862    1.0000   -0.9207   -0.7149   -0.7050   -0.8779   -1.2882   -0.9630   -0.7451   -0.6919   -0.8691
ind2         -1.4852    1.0000   -0.0315    0.0050   -0.1199   -1.4852    0.0932   -1.1675    0.0655    0.1399    0.0975    0.1614   -0.4697    0.0802   -0.1769   -0.3101   -0.0404   -0.2107   -0.2407   -0.5115   -0.3478   -1.4852   -0.0493    0.0083   -0.5153    0.1461   -0.1050   -0.0788   -0.0594   -0.2397    0.2496   -0.2055    0.1242   -0.1280    0.0689   -1.4282   -0.0446   -0.1790   -0.0007   -0.2134   -0.1432   -0.1334   -1.1421    0.0205    0.0110    0.0818    0.0463    0.0690   -0.1026   -0.1101    0.0496   -0.0344    0.0978   -0.0022   -0.1657   -1.5263   -0.0157    0.0302   -0.1588   -0.1577   -0.0408    0.0054   -0.1658    0.0601    0.0434   -0.0053   -0.3813    0.0853   -0.3388   -0.1614   -0.2387    0.1422    0.0894    0.0676    0.1414    0.0102   -0.1433    0.0007   -0.1892   -0.4805   -0.0005    0.1073    0.0582    0.0102   -0.1017    0.1077   -0.2126    0.0710   -0.2411   -0.2444    0.1248   -0.2014   -0.1623   -0.4015    0.0427   -0.1898   -0.3717   -0.0355   -0.0229   -0.2505    0.0792   -0.3578    0.0537   -0.0380    0.0711    0.0543   -0.6807   -1.4852   -0.0767   -0.1912   -0.3227    0.0975    0.1312   -0.3535   -0.8804   -0.0322   -0.5089    0.1890    0.0702   -0.7101   -0.0036   -0.3118    0.0298   -1.4852    0.1071    0.1548    0.1085    0.0645   -0.4365   -0.1643    0.0261    0.0550    0.0468
ind3         -1.1160   -0.0315    1.0000    0.3325    0.3255   -1.1160    0.6296   -0.5152    0.4075    0.6563    0.4667    0.4904   -0.2285    0.5554    0.3385    0.3847    0.4752    0.3381    0.1247   -0.0045    0.1276   -1.1160    0.3968    0.3481   -0.1755    0.5564    0.4022   -0.0255    0.3191    0.4178    0.6047    0.1644    0.0525    0.5070    0.4400   -1.0589    0.5464    0.4469    0.4749   -0.0747    0.4823    0.4931   -0.7383    0.4665    0.6775    0.5235    0.5929    0.5456    0.5860    0.2591    0.5315    0.6978    0.5442    0.4797    0.6013   -1.1570    0.4250    0.4637    0.4669    0.5177    0.4760    0.4514    0.3095    0.6994    0.5252    0.4766    0.3634    0.5678    0.2027    0.4171    0.2411    0.5527    0.5508    0.6201    0.4646    0.5975    0.4478    0.6626    0.2176    0.1029    0.4802    0.6380    0.6628    0.4565    0.4788    0.4847    0.2844    0.5699    0.3505    0.3084    0.5890    0.4043    0.4911    0.0828    0.5336    0.5080    0.1266    0.4837    0.3771    0.3640    0.4493    0.1676    0.5337    0.2964    0.4686    0.4932   -0.3114   -1.1160    0.4033    0.3242    0.3476    0.4917    0.5059    0.4239   -0.5112    0.5190    0.2491    0.5603    0.1219   -0.3564    0.4764   -0.0091    0.5806   -1.1160    0.5713    0.4512    0.5135    0.4505    0.2434    0.2599    0.5074    0.5008    0.5636
ind4         -0.7191    0.0050    0.3325    1.0000    0.3078   -0.7191    0.4666   -0.6812    0.5127    0.4863    0.5671    0.5437   -0.0682    0.4691    0.4243    0.3057    0.4588    0.2419    0.0346    0.1214    0.2164   -0.7191    0.4479    0.4339    0.0397    0.3846    0.4298   -0.0462    0.3125    0.4797    0.5695    0.2246   -0.0625    0.4529    0.5413   -0.6621    0.4543    0.4416    0.3864   -0.0490    0.4780    0.4009   -0.4627    0.4848    0.4211    0.5117    0.5462    0.4523    0.2357    0.2418    0.5140    0.4189    0.4922    0.4277    0.3686   -0.7602    0.3735    0.4035    0.5140    0.3888    0.4236    0.4353    0.4008    0.5134    0.4325    0.4246    0.3306    0.5101   -0.0843    0.2828    0.2018    0.4514    0.4301    0.4565    0.3293    0.4255    0.3378    0.3815    0.2279   -0.1762    0.3846    0.5307    0.5049    0.5696    0.2360    0.5135    0.1251    0.4906    0.2212    0.3584    0.2809    0.2646    0.2105    0.0669    0.4272    0.4755    0.1409    0.5028    0.1977    0.2534    0.4375    0.1770    0.4469    0.2796    0.4578    0.4541   -0.0023   -0.7191    0.3572    0.3593    0.2587    0.4561    0.5650    0.1033   -0.3067    0.4963   -0.0055    0.5024    0.1540   -0.3183    0.3833   -0.1809    0.5645   -0.7191    0.4465    0.3944    0.4668    0.5676    0.0146    0.3262    0.5375    0.4843    0.5116
ind5         -0.7233   -0.1199    0.3255    0.3078    1.0000   -0.7233    0.3095   -0.6949    0.2797    0.3874    0.3381    0.3653   -0.1432    0.4346    0.3704    0.2315    0.3953    0.1784   -0.2449    0.0231    0.1994   -0.7233    0.3340    0.3577    0.0189    0.5001    0.2512   -0.0349    0.2680    0.3557    0.4024    0.1561   -0.2424    0.2727    0.3639   -0.6663    0.3907    0.2912    0.3822   -0.1916    0.3637    0.3019   -0.5090    0.3499    0.2853    0.4127    0.4109    0.3882    0.1939    0.2350    0.4150    0.3057    0.3920    0.3509    0.2437   -0.7644    0.3323    0.1561    0.4001    0.2068    0.3594    0.2638    0.3818    0.3431    0.2969    0.2889    0.3187    0.3626   -0.1668    0.2877    0.2518    0.4253    0.4164    0.3866    0.3896    0.3022    0.3451    0.3397    0.1288   -0.2647    0.2419    0.3538    0.2932    0.4225    0.1946    0.4515    0.3171    0.3684    0.1940    0.2789    0.3699    0.1766    0.0463    0.0398    0.3533    0.2562    0.2022    0.5058    0.2432    0.0267    0.4812   -0.1235    0.4847    0.3223    0.3170    0.3878   -0.1580   -0.7233    0.4539    0.3160    0.1417    0.4224    0.4610    0.0229   -0.1185    0.3963   -0.1918    0.3570    0.2406   -0.2377    0.5487   -0.2183    0.4254   -0.7233    0.5019    0.3656    0.4701    0.3862    0.1069    0.2317    0.3522    0.5078    0.4084
ind6          1.0000   -1.4852   -1.1160   -0.7191   -0.7233    1.0000   -0.8149   -1.1436   -0.8538   -0.8420   -0.8549   -0.7913   -0.0871   -0.7062   -0.5570   -0.9199   -0.6284   -0.9292   -1.6438   -0.3388   -0.8448    1.0000   -0.7668   -0.6594   -0.0460   -0.7780   -0.9754   -1.2513   -0.6781   -0.6485   -1.0319   -0.6291   -1.5782   -0.9454   -0.7450    0.9430   -0.9195   -0.7170   -0.7970   -1.0618   -0.8598   -1.0083    0.4926   -0.7715   -1.0622   -0.8285   -0.8631   -0.8157   -1.1420   -0.9140   -0.7889   -1.0028   -0.8492   -0.7847   -1.1236    0.9589   -0.7820   -1.1920   -0.7022   -1.0446   -0.7461   -0.9415   -0.5448   -1.0044   -0.9443   -0.8684   -0.9771   -0.7182   -1.4864   -1.0079   -0.7949   -0.8532   -0.8514   -0.8489   -0.8151   -1.0547   -0.7361   -0.9263   -0.8045   -1.6047   -0.8983   -0.8233   -0.9540   -0.7030   -1.0817   -0.7421   -1.2494   -0.7552   -0.9338   -0.5949   -0.9233   -1.1912   -1.1772   -1.2060   -0.8933   -1.0193   -1.2617   -0.8417   -1.1794   -1.1686   -0.6350   -1.3067   -0.6904   -0.7146   -0.8173   -0.6871   -0.0974    1.0000   -0.5688   -0.9829   -0.9007   -0.8877   -0.7320   -1.2303    0.3952   -0.7678   -1.4053   -0.9788   -1.0746   -1.4362   -0.7288   -1.6202   -0.8862    1.0000   -0.9207   -0.7149   -0.7050   -0.8779   -1.2882   -0.9630   -0.7451   -0.6919   -0.8691
ind7         -0.8149    0.0932    0.6296    0.4666    0.3095   -0.8149    1.0000   -0.6905    0.5027    0.7554    0.5603    0.6605    0.1074    0.7242    0.3555    0.3796    0.5738    0.4303    0.0613   -0.0967    0.1601   -0.8149    0.5670    0.4453   -0.0702    0.5708    0.4645    0.0647    0.4165    0.4111    0.5857    0.3701    0.0311    0.4781    0.7151   -0.7579    0.5607    0.5078    0.6356    0.1655    0.4976    0.5073   -0.4373    0.7054    0.5740    0.7201    0.6501    0.7074    0.4456    0.4156    0.6880    0.6288    0.7006    0.6362    0.4974   -0.8560    0.6227    0.4787    0.5287    0.4138    0.5976    0.6438    0.4713    0.6662    0.6817    0.6796    0.2772    0.6179    0.0623    0.2418    0.2670    0.5664    0.6841    0.6424    0.5151    0.5275    0.4724    0.6388    0.3914    0.0051    0.5748    0.6457    0.6353    0.6207    0.4443    0.5810    0.2971    0.8331    0.3630    0.4186    0.6032    0.3485    0.4225    0.1041    0.4721    0.4810    0.1478    0.4994    0.2853    0.1824    0.6238    0.1000    0.6331    0.4233    0.5609    0.5906   -0.0570   -0.8149    0.5027    0.2704    0.2797    0.5611    0.7106    0.2097   -0.2588    0.6188    0.0196    0.5088    0.1057   -0.2893    0.5272   -0.0650    0.5976   -0.8149    0.5282    0.5728    0.6185    0.4731    0.0638    0.3592    0.5939    0.6219    0.6146
ind8         -1.1436   -1.1675   -0.5152   -0.6812   -0.6949   -1.1436   -0.6905    1.0000   -0.6579   -0.6639   -0.6553   -0.6723   -1.4723   -0.7648   -0.3685   -0.4985   -0.6848   -0.9057   -0.8471    0.0552   -0.6371   -1.1436   -0.6968   -0.7158   -0.8480   -0.6232   -0.8713   -0.9040   -0.6212   -0.4260   -0.6403   -0.7368   -0.9193   -0.6483   -0.8335   -1.2006   -0.6199   -0.6564   -0.6768   -1.0487   -0.7195   -0.7087   -0.8004   -0.7354   -0.5961   -0.7501   -0.6434   -0.6907   -0.6875   -1.0144   -0.6703   -0.5385   -0.6939   -0.7350   -0.5539   -1.1846   -0.7525   -0.8098   -0.5197   -0.6720   -0.6275   -0.8221   -0.5251   -0.5742   -0.7483   -0.7597   -0.6527   -0.5964   -0.6339   -0.5388   -0.7974   -0.6614   -0.6977   -0.7001   -0.7185   -0.5574   -0.6097   -0.5764   -0.9515   -1.0640   -0.8400   -0.6476   -0.6229   -0.5802   -0.6823   -0.5573   -0.8767   -0.6785   -0.7608   -0.6984   -0.5588   -0.6729   -0.7511   -0.9134   -0.5273   -0.5222   -0.5140   -0.6086   -0.6717   -0.8056   -0.7181   -0.8198   -0.5930   -0.8710   -0.6224   -0.5361   -1.2931   -1.1436   -0.5506   -0.7073   -0.5912   -0.5885   -0.6208   -0.7506   -0.7668   -0.5866   -0.9779   -0.4884   -0.8430   -1.2662   -0.6566   -1.0626   -0.6177   -1.1436   -0.5555   -0.6089   -0.6133   -0.7059   -1.0021   -0.5638   -0.5538   -0.6202   -0.6348
ind9         -0.8538    0.0655    0.4075    0.5127    0.2797   -0.8538    0.5027   -0.6579    1.0000    0.5955    0.6335    0.4866   -0.1010    0.5689    0.5155    0.4027    0.6044    0.3473    0.0587    0.2001    0.2363   -0.8538    0.5620    0.6671    0.1197    0.7086    0.3546    0.0121    0.5389    0.6541    0.4943    0.2141    0.0822    0.4409    0.5209   -0.7968    0.5505    0.4295    0.4455   -0.0694    0.4882    0.4972   -0.5472    0.5937    0.4127    0.5338    0.4617    0.4744    0.2642    0.3041    0.5763    0.4104    0.5178    0.4534    0.4283   -0.8949    0.3956    0.2820    0.5478    0.4484    0.4859    0.4610    0.4178    0.4690    0.4582    0.4968    0.4484    0.6918   -0.0092    0.4160    0.3110    0.6331    0.3866    0.5957    0.5110    0.5492    0.5144    0.5266    0.3325   -0.0015    0.4510    0.6332    0.5375    0.5715    0.3345    0.6046    0.2969    0.5626    0.4050    0.4494    0.4260    0.3612    0.1987    0.1682    0.4964    0.5662    0.1635    0.5999    0.3461    0.3317    0.4963    0.1233    0.5458    0.3384    0.4800    0.5212    0.0251   -0.8538    0.4561    0.5050    0.2996    0.5486    0.6273    0.1322   -0.2490    0.4886    0.0227    0.4133    0.2283   -0.2926    0.4823   -0.1832    0.5935   -0.8538    0.5116    0.4567    0.5256    0.4674    0.0750    0.2724    0.6851    0.5832    0.6105
ind10        -0.8420    0.1399    0.6563    0.4863    0.3874   -0.8420    0.7554   -0.6639    0.5955    1.0000    0.7254    0.7389    0.0803    0.8156    0.4579    0.5136    0.6641    0.4883    0.0865   -0.0172    0.2593   -0.8420    0.6707    0.5012    0.0134    0.7459    0.5560    0.1581    0.4693    0.5373    0.6673    0.3838    0.1598    0.5724    0.7351   -0.7850    0.6605    0.5261    0.6595    0.1448    0.5974    0.6072   -0.4643    0.7616    0.6614    0.8186    0.7831    0.7592    0.5478    0.5542    0.8266    0.6596    0.8392    0.7748    0.5283   -0.8831    0.6445    0.5685    0.5471    0.5482    0.7362    0.7465    0.5348    0.7541    0.7796    0.7716    0.3590    0.7165    0.1645    0.4294    0.4301    0.7406    0.6374    0.8444    0.7238    0.5981    0.5970    0.6945    0.3604    0.0299    0.6633    0.7773    0.6816    0.6053    0.5160    0.6668    0.3687    0.7088    0.4648    0.5101    0.6768    0.4629    0.3788    0.1921    0.6354    0.4713    0.1488    0.5988    0.4833    0.1887    0.7567    0.1467    0.7306    0.4796    0.6169    0.6414   -0.0374   -0.8420    0.6409    0.4431    0.3771    0.6876    0.7784    0.2218   -0.2858    0.6459    0.0438    0.6337    0.2757   -0.1540    0.6247   -0.0335    0.6937   -0.8420    0.6971    0.6692    0.7453    0.6043    0.0761    0.3382    0.6556    0.6490    0.7467
ind11        -0.8549    0.0975    0.4667    0.5671    0.3381   -0.8549    0.5603   -0.6553    0.6335    0.7254    1.0000    0.8532    0.1109    0.6688    0.3747    0.5091    0.6964    0.4859    0.1332    0.0261    0.0900   -0.8549    0.5461    0.4543    0.0070    0.6255    0.4400    0.0357    0.4203    0.5423    0.6612    0.3876    0.0372    0.5747    0.6972   -0.7979    0.6162    0.4818    0.5074    0.1069    0.5531    0.5628   -0.5117    0.6809    0.6240    0.7034    0.6313    0.6440    0.4735    0.5517    0.7093    0.5442    0.6874    0.6230    0.4939   -0.8960    0.5293    0.4578    0.5374    0.5141    0.6555    0.5947    0.4541    0.6386    0.6278    0.6198    0.4051    0.5942    0.2001    0.3921    0.3515    0.6574    0.5259    0.7323    0.5692    0.5615    0.5551    0.5740    0.3489   -0.0047    0.6245    0.6995    0.6037    0.6398    0.3964    0.6550    0.2849    0.6192    0.4229    0.4863    0.6054    0.3899    0.2248    0.2726    0.6330    0.5528    0.2321    0.6271    0.4035    0.2292    0.6265    0.2291    0.6411    0.4327    0.6959    0.6778   -0.0394   -0.8549    0.5514    0.4836    0.4248    0.6137    0.6889    0.2275   -0.2501    0.5921    0.1262    0.4707    0.2804   -0.1919    0.5776   -0.0767    0.6529   -0.8549    0.5341    0.7076    0.6558    0.6890    0.1463    0.3818    0.7033    0.6501    0.7058
ind12        -0.7913    0.1614    0.4904    0.5437    0.3653   -0.7913    0.6605   -0.6723    0.4866    0.7389    0.8532    1.0000    0.1279    0.6858    0.3981    0.4496    0.6834    0.4665    0.1103   -0.0376    0.1539   -0.7913    0.5695    0.4414    0.0307    0.6023    0.4271    0.1360    0.4440    0.5192    0.6075    0.3946    0.0143    0.5553    0.7608   -0.7343    0.6033    0.4689    0.5710    0.1705    0.5402    0.5499   -0.4481    0.7043    0.6943    0.7670    0.7316    0.7542    0.5438    0.5751    0.7693    0.6145    0.7475    0.6830    0.5176   -0.8324    0.5929    0.5645    0.5245    0.4912    0.6789    0.6548    0.5177    0.7090    0.6879    0.6799    0.3048    0.6077    0.1831    0.3326    0.3752    0.6345    0.6262    0.7091    0.5460    0.5386    0.5422    0.6443    0.4591   -0.0217    0.5650    0.6766    0.6274    0.6225    0.5031    0.6788    0.3186    0.6364    0.4100    0.4734    0.6189    0.4034    0.2848    0.1258    0.5691    0.5355    0.1318    0.5735    0.3032    0.1755    0.6537    0.1754    0.5875    0.4599    0.6825    0.7015   -0.0631   -0.7913    0.4978    0.3833    0.3246    0.5501    0.6353    0.1739   -0.1865    0.5792    0.0259    0.4938    0.2610   -0.2519    0.5647   -0.0937    0.5993   -0.7913    0.5171    0.6946    0.6423    0.6354    0.1392    0.3683    0.6031    0.5964    0.6522
ind13        -0.0871   -0.4697   -0.2285   -0.0682   -0.1432   -0.0871    0.1074   -1.4723   -0.1010    0.0803    0.1109    0.1279    1.0000    0.0857   -0.2827   -0.2558    0.1041   -0.1128   -0.6435   -0.7909   -0.5150   -0.0871   -0.0640   -0.0648   -0.5301   -0.0332   -0.0997   -0.4170   -0.1360   -0.1510   -0.0228    0.1878   -0.6904   -0.1414    0.1307   -0.0301   -0.1510   -0.2039   -0.0780   -0.3265   -0.2141   -0.2043    0.1639    0.0325   -0.1085    0.0472   -0.0595   -0.0122   -0.2939   -0.0525   -0.0216   -0.2232   -0.0089   -0.0734   -0.3545   -0.1282   -0.0372   -0.2383   -0.1483   -0.2999   -0.0754   -0.0658   -0.2017   -0.1287   -0.0686   -0.0299   -0.3065    0.0111   -0.6080   -0.3602   -0.2394   -0.1085   -0.0944    0.0386    0.0570   -0.2510   -0.0694   -0.0851   -0.0925   -0.7191   -0.0109   -0.0292   -0.1250   -0.0238   -0.3342   -0.1001   -0.4448    0.0605   -0.2722   -0.1507   -0.0883   -0.4221   -0.4354   -0.4858   -0.0771   -0.2651   -0.5863   -0.1087   -0.2785   -0.5067    0.0736   -0.5534    0.0422   -0.0408    0.0361    0.0638    0.5368   -0.0871   -0.0091   -0.2989   -0.2309   -0.0334    0.0722   -0.5204    0.1657   -0.0185   -0.5296   -0.2113   -0.3693   -0.7452   -0.0307   -0.6413   -0.0471   -0.0871   -0.0664    0.1017    0.0276    0.0758   -0.5186   -0.1375    0.0104   -0.0154   -0.0301
ind14        -0.7062    0.0802    0.5554    0.4691    0.4346   -0.7062    0.7242   -0.7648    0.5689    0.8156    0.6688    0.6858    0.0857    1.0000    0.4296    0.4373    0.6724    0.5367   -0.0067   -0.0815    0.2224   -0.7062    0.5924    0.5094    0.0506    0.7528    0.4915    0.1332    0.4030    0.5096    0.5682    0.4362   -0.0247    0.5134    0.7892   -0.6492    0.5960    0.4616    0.7059    0.2337    0.6044    0.5426   -0.4240    0.7329    0.5256    0.7942    0.7224    0.7697    0.4121    0.4896    0.7620    0.5827    0.7381    0.6736    0.4274   -0.7473    0.6909    0.4328    0.5174    0.5061    0.7065    0.6812    0.6042    0.6183    0.6784    0.6705    0.3373    0.6881    0.0876    0.3651    0.3292    0.7123    0.7486    0.8227    0.6605    0.4982    0.5674    0.5587    0.4311   -0.0267    0.6775    0.8137    0.6831    0.6541    0.4739    0.5677    0.3062    0.7125    0.4940    0.4906    0.5759    0.3620    0.3726    0.1701    0.5788    0.4148    0.1281    0.5709    0.3721    0.1262    0.7791    0.0476    0.6889    0.6214    0.6287    0.5751    0.0395   -0.7062    0.5992    0.4155    0.3475    0.5823    0.7011    0.2287   -0.1602    0.6035   -0.0207    0.5261    0.2882   -0.1555    0.6316   -0.1455    0.6671   -0.7062    0.5493    0.6406    0.7091    0.5836   -0.0231    0.4292    0.6639    0.6919    0.6842
ind15        -0.5570   -0.1769    0.3385    0.4243    0.3704   -0.5570    0.3555   -0.3685    0.5155    0.4579    0.3747    0.3981   -0.2827    0.4296    1.0000    0.3340    0.5029    0.2085   -0.2319    0.3473    0.4842   -0.5570    0.4911    0.5482    0.2746    0.5008    0.2877   -0.0197    0.4626    0.7144    0.3521    0.1034   -0.1738    0.4112    0.4669   -0.5000    0.6029    0.4983    0.5113   -0.0886    0.5033    0.5141   -0.1793    0.5304    0.3923    0.4798    0.5498    0.4925    0.2069    0.2501    0.5229    0.4273    0.4993    0.4582    0.4334   -0.5981    0.4725    0.2611    0.6697    0.4536    0.5040    0.4070    0.7047    0.4487    0.4042    0.4335    0.3293    0.5553   -0.1253    0.4558    0.2808    0.5291    0.4255    0.4930    0.4451    0.4342    0.4664    0.3527    0.2678   -0.3228    0.3489    0.4942    0.4336    0.6043    0.2784    0.5591    0.1329    0.4511    0.3498    0.4608    0.4537    0.3658    0.1661    0.1102    0.4252    0.4607    0.1847    0.5392    0.1553    0.2348    0.4064    0.0381    0.4501    0.2833    0.3493    0.4384   -0.0809   -0.5570    0.4192    0.4327    0.2493    0.3344    0.5333    0.0825    0.0478    0.5256   -0.1195    0.3157    0.1598   -0.3388    0.4272   -0.3274    0.4613   -0.5570    0.4140    0.4034    0.4298    0.3349    0.0510    0.1750    0.4711    0.4513    0.4083
ind16        -0.9199   -0.3101    0.3847    0.3057    0.2315   -0.9199    0.3796   -0.4985    0.4027    0.5136    0.5091    0.4496   -0.2558    0.4373    0.3340    1.0000    0.5542    0.3705   -0.2082   -0.0825    0.0667   -0.9199    0.4506    0.3121   -0.1067    0.4369    0.3310   -0.2124    0.2458    0.5385    0.3996    0.0503   -0.1044    0.4696    0.4061   -0.8629    0.5792    0.4116    0.3633   -0.1494    0.5876    0.5258   -0.6844    0.4670    0.4758    0.4896    0.5224    0.4651    0.2904    0.2252    0.5320    0.4391    0.4736    0.5147    0.4918   -0.9610    0.3504    0.3096    0.4674    0.4773    0.4765    0.3808    0.3100    0.5336    0.4139    0.4060    0.2518    0.3710   -0.1395    0.3166    0.1727    0.4338    0.2931    0.4295    0.2740    0.3364    0.3802    0.3642    0.1356   -0.2027    0.3217    0.3966    0.3748    0.3432    0.2176    0.4087    0.1079    0.3650    0.2829    0.4273    0.3059    0.3531    0.1081    0.0366    0.3288    0.3982    0.3112    0.5517    0.2231    0.1538    0.4634    0.1171    0.5071    0.2212    0.3986    0.3866   -0.1826   -0.9199    0.4174    0.4043    0.2755    0.4022    0.4834    0.1536   -0.4693    0.5322   -0.0539    0.3756    0.1389   -0.2907    0.4356   -0.2614    0.5054   -0.9199    0.4352    0.3812    0.4869    0.3843    0.0343    0.2266    0.5206    0.4674    0.4883
ind17        -0.6284   -0.0404    0.4752    0.4588    0.3953   -0.6284    0.5738   -0.6848    0.6044    0.6641    0.6964    0.6834    0.1041    0.6724    0.5029    0.5542    1.0000    0.5669   -0.1297    0.0332    0.2203   -0.6284    0.6012    0.6285    0.1055    0.6361    0.5068    0.0573    0.5247    0.5996    0.5247    0.2734   -0.0357    0.5506    0.6758   -0.5714    0.6388    0.5858    0.5984    0.1204    0.6472    0.5854   -0.2873    0.7859    0.5662    0.6887    0.6888    0.7015    0.3808    0.4590    0.7685    0.5667    0.6728    0.6083    0.5048   -0.6694    0.6227    0.4000    0.6764    0.5249    0.7129    0.6159    0.5465    0.6240    0.6131    0.6890    0.4141    0.6779   -0.0144    0.4030    0.4904    0.7036    0.4929    0.6633    0.5438    0.4895    0.6592    0.6059    0.4520   -0.1123    0.5914    0.6664    0.5357    0.6502    0.4515    0.7264    0.3417    0.6699    0.5153    0.5908    0.5010    0.4008    0.2691    0.0842    0.4539    0.4459    0.1955    0.6087    0.2570    0.2108    0.6140    0.1275    0.6576    0.4909    0.6337    0.6670    0.0160   -0.6284    0.5680    0.4535    0.4503    0.5062    0.6698    0.2347   -0.0236    0.6486    0.0246    0.4174    0.2562   -0.2568    0.6348   -0.1838    0.6704   -0.6284    0.5157    0.6163    0.6374    0.5494    0.0913    0.3916    0.7091    0.7025    0.6875
ind18        -0.9292   -0.2107    0.3381    0.2419    0.1784   -0.9292    0.4303   -0.9057    0.3473    0.4883    0.4859    0.4665   -0.1128    0.5367    0.2085    0.3705    0.5669    1.0000   -0.3015   -0.2224    0.0008   -0.9292    0.3787    0.3248   -0.2355    0.4603    0.2378    0.0110    0.2225    0.3305    0.3529    0.1031   -0.2463    0.3699    0.4589   -0.8721    0.4178    0.3183    0.4161   -0.0966    0.4262    0.3645   -0.5881    0.4796    0.3825    0.5065    0.4693    0.4820    0.1971    0.2019    0.5088    0.3458    0.4503    0.3859    0.2838   -0.9702    0.4032    0.2163    0.3742    0.2693    0.4532    0.3935    0.3269    0.4403    0.3907    0.3827    0.1119    0.4302   -0.1862    0.1086    0.6795    0.4930    0.3225    0.4528    0.3333    0.2790    0.3569    0.3410    0.1884   -0.2494    0.3809    0.4559    0.3640    0.3559    0.1944    0.3854    0.0846    0.4157    0.2596    0.2498    0.3293    0.1452    0.0974   -0.1248    0.2822    0.1902   -0.0601    0.3904    0.0812   -0.0542    0.4317   -0.0909    0.4352    0.6334    0.4514    0.3633   -0.2010   -0.9292    0.3455    0.1964    0.1357    0.2837    0.4474    0.1843   -0.4165    0.4261   -0.1938    0.2739    0.2098   -0.4391    0.4124   -0.1503    0.4480   -0.9292    0.2933    0.3939    0.4551    0.3269   -0.1271    0.2094    0.4866    0.4800    0.4650
ind19        -1.6438   -0.2407    0.1247    0.0346   -0.2449   -1.6438    0.0613   -0.8471    0.0587    0.0865    0.1332    0.1103   -0.6435   -0.0067   -0.2319   -0.2082   -0.1297   -0.3015    1.0000   -0.3883   -0.4430   -1.6438   -0.1027   -0.1167   -0.5977    0.0570   -0.0884   -0.5673   -0.1457   -0.1406    0.1774   -0.3227   -0.0635    0.0182   -0.0180   -1.5867    0.0111   -0.1233   -0.1709   -0.6084   -0.0879   -0.0422   -1.3006   -0.0688    0.2218   -0.0118    0.0227   -0.0246    0.3017   -0.0925   -0.0038    0.1625    0.0088   -0.0556    0.0777   -1.6848   -0.1859    0.3516   -0.1035    0.0287   -0.0942   -0.0129   -0.2956    0.1641   -0.0508   -0.0588   -0.1523   -0.0088    0.2425   -0.1063   -0.3638    0.0172    0.0579    0.0926   -0.0705    0.2145   -0.1222    0.1275   -0.3183   -0.1117   -0.0880    0.1451    0.2757   -0.0775    0.0448   -0.0221   -0.0437    0.0362   -0.2199   -0.2620    0.1618   -0.0846   -0.0490   -0.3693    0.0756    0.0962   -0.3198   -0.0518    0.1545   -0.1715   -0.0860   -0.2479   -0.1120   -0.2798   -0.0991   -0.0399   -0.7926   -1.6438   -0.2017   -0.1996   -0.2516    0.0410   -0.0298   -0.3703   -1.0390   -0.0923   -0.4412    0.0984   -0.3326   -0.5782   -0.0329    0.0152   -0.0303   -1.6438    0.0314   -0.0468   -0.0974    0.0719   -0.3570   -0.2378   -0.0573   -0.1105   -0.0473
ind20        -0.3388   -0.5115   -0.0045    0.1214    0.0231   -0.3388   -0.0967    0.0552    0.2001   -0.0172    0.0261   -0.0376   -0.7909   -0.0815    0.3473   -0.0825    0.0332   -0.2224   -0.3883    1.0000    0.0806   -0.3388    0.0899    0.1422    0.0623    0.1657   -0.2247   -0.4962    0.1657    0.2573   -0.0462   -0.3635   -0.4604   -0.0158   -0.1177   -0.3958    0.0612    0.1115   -0.0364   -0.6732    0.0851   -0.0276   -0.1190   -0.0542   -0.0447   -0.0689    0.0378   -0.0562   -0.1361   -0.2986    0.0474    0.0474   -0.0128   -0.0539    0.0320   -0.3798   -0.1120   -0.1753    0.1961   -0.0049    0.0536   -0.1410    0.1560    0.0117   -0.1079   -0.0786   -0.0200    0.1154   -0.3931    0.0159   -0.1161    0.0910   -0.0285   -0.0188   -0.0372    0.0631    0.0717    0.0097   -0.2823   -0.4484   -0.1993    0.0195   -0.0024    0.0949   -0.1397    0.1545   -0.2489   -0.0034   -0.0450   -0.0170    0.1162   -0.0351   -0.1624   -0.2728    0.0274    0.0984   -0.1435    0.1094   -0.1616   -0.1484   -0.0348   -0.2744    0.0496   -0.1938   -0.0164    0.1045   -0.5751   -0.3388    0.1327    0.0107   -0.0339    0.0541    0.0603   -0.2326   -0.0489    0.0538   -0.4294    0.0275   -0.0906   -0.5484   -0.0140   -0.5525    0.0249   -0.3388    0.0871   -0.0029    0.0293    0.0276   -0.3736   -0.1540    0.1233    0.0569    0.0078
ind21        -0.8448   -0.3478    0.1276    0.2164    0.1994   -0.8448    0.1601   -0.6371    0.2363    0.2593    0.0900    0.1539   -0.5150    0.2224    0.4842    0.0667    0.2203    0.0008   -0.4430    0.0806    1.0000   -0.8448    0.2189    0.2656   -0.0291    0.2880    0.3027   -0.2270    0.2146    0.3966    0.0674   -0.1409   -0.3708    0.1669    0.1515   -0.7878    0.2503    0.2138    0.2675   -0.4040    0.1873    0.1615   -0.5383    0.2095    0.1444    0.1991    0.3058    0.2118   -0.0040   -0.1055    0.2753    0.1794    0.2150    0.1739    0.1174   -0.8859    0.1918    0.0138    0.3505    0.1029    0.1831    0.1227    0.4240    0.2008    0.1199    0.1492    0.0471    0.3444   -0.0691    0.1054    0.0351    0.3201    0.1837    0.1744    0.1264    0.1886    0.1841    0.1071   -0.0131   -0.4626    0.2970    0.2486    0.1879    0.2832   -0.0036    0.3476   -0.1127    0.2574    0.0675    0.2248    0.1717    0.0157   -0.1159   -0.2057    0.1411    0.1084   -0.0976    0.2231    0.0275   -0.0813    0.2818   -0.3146    0.2853    0.0754    0.1394    0.1903   -0.3446   -0.8448    0.2545    0.1165   -0.0007    0.2433    0.3320   -0.1309   -0.2887    0.3242   -0.4042    0.2647   -0.0112   -0.4265    0.2138   -0.4186    0.2479   -0.8448    0.3229    0.1534    0.3053    0.1218   -0.3018    0.0018    0.2577    0.2379    0.1949
ind22         1.0000   -1.4852   -1.1160   -0.7191   -0.7233    1.0000   -0.8149   -1.1436   -0.8538   -0.8420   -0.8549   -0.7913   -0.0871   -0.7062   -0.5570   -0.9199   -0.6284   -0.9292   -1.6438   -0.3388   -0.8448    1.0000   -0.7668   -0.6594   -0.0460   -0.7780   -0.9754   -1.2513   -0.6781   -0.6485   -1.0319   -0.6291   -1.5782   -0.9454   -0.7450    0.9430   -0.9195   -0.7170   -0.7970   -1.0618   -0.8598   -1.0083    0.4926   -0.7715   -1.0622   -0.8285   -0.8631   -0.8157   -1.1420   -0.9140   -0.7889   -1.0028   -0.8492   -0.7847   -1.1236    0.9589   -0.7820   -1.1920   -0.7022   -1.0446   -0.7461   -0.9415   -0.5448   -1.0044   -0.9443   -0.8684   -0.9771   -0.7182   -1.4864   -1.0079   -0.7949   -0.8532   -0.8514   -0.8489   -0.8151   -1.0547   -0.7361   -0.9263   -0.8045   -1.6047   -0.8983   -0.8233   -0.9540   -0.7030   -1.0817   -0.7421   -1.2494   -0.7552   -0.9338   -0.5949   -0.9233   -1.1912   -1.1772   -1.2060   -0.8933   -1.0193   -1.2617   -0.8417   -1.1794   -1.1686   -0.6350   -1.3067   -0.6904   -0.7146   -0.8173   -0.6871   -0.0974    1.0000   -0.5688   -0.9829   -0.9007   -0.8877   -0.7320   -1.2303    0.3952   -0.7678   -1.4053   -0.9788   -1.0746   -1.4362   -0.7288   -1.6202   -0.8862    1.0000   -0.9207   -0.7149   -0.7050   -0.8779   -1.2882   -0.9630   -0.7451   -0.6919   -0.8691
ind23        -0.7668   -0.0493    0.3968    0.4479    0.3340   -0.7668    0.5670   -0.6968    0.5620    0.6707    0.5461    0.5695   -0.0640    0.5924    0.4911    0.4506    0.6012    0.3787   -0.1027    0.0899    0.2189   -0.7668    1.0000    0.6399    0.0811    0.6976    0.4164   -0.0208    0.5178    0.5779    0.4116    0.1955    0.0399    0.4322    0.5951   -0.7098    0.5550    0.4554    0.5523    0.0396    0.5267    0.5016   -0.3891    0.6560    0.4506    0.6785    0.6067    0.6541    0.2652    0.5282    0.6844    0.4483    0.6626    0.5981    0.3864   -0.8079    0.5393    0.3552    0.6149    0.3718    0.6655    0.6839    0.6026    0.5428    0.7170    0.5950    0.2670    0.5757   -0.1647    0.3025    0.3433    0.5152    0.4121    0.5866    0.4312    0.3378    0.5506    0.4463    0.2900   -0.0449    0.4425    0.5519    0.4213    0.6232    0.4860    0.5438    0.3405    0.5549    0.4340    0.5434    0.4588    0.2840    0.1538    0.0825    0.3772    0.3789    0.0066    0.4936    0.1907    0.0490    0.5822    0.0144    0.6259    0.3399    0.5194    0.5957   -0.0924   -0.7668    0.5362    0.3038    0.3143    0.4398    0.6733    0.1170   -0.2106    0.6520   -0.0194    0.3511    0.2550   -0.2541    0.5544   -0.2860    0.5195   -0.7668    0.4494    0.5366    0.5710    0.4351    0.1267    0.2752    0.5927    0.6206    0.5725
ind24        -0.6594    0.0083    0.3481    0.4339    0.3577   -0.6594    0.4453   -0.7158    0.6671    0.5012    0.4543    0.4414   -0.0648    0.5094    0.5482    0.3121    0.6285    0.3248   -0.1167    0.1422    0.2656   -0.6594    0.6399    1.0000    0.2398    0.6862    0.4182    0.0185    0.6068    0.5341    0.3617    0.2747   -0.0587    0.3835    0.5639   -0.6024    0.5071    0.4542    0.4327    0.0828    0.4442    0.4737   -0.3184    0.5830    0.4019    0.5230    0.4858    0.4985    0.2165    0.2933    0.5655    0.3997    0.5425    0.4426    0.3930   -0.7005    0.4735    0.2343    0.5770    0.4131    0.5100    0.4502    0.4832    0.4583    0.4474    0.4861    0.3549    0.6722   -0.1787    0.4154    0.3697    0.6453    0.3987    0.5363    0.4883    0.3951    0.5620    0.4789    0.4319   -0.1710    0.4285    0.5738    0.4431    0.6656    0.3216    0.6846    0.2491    0.5401    0.3988    0.5481    0.4381    0.2890    0.1393    0.0109    0.4538    0.3839    0.1554    0.5174    0.2016    0.2093    0.5764   -0.0220    0.6201    0.4533    0.4289    0.5160    0.0656   -0.6594    0.4766    0.4175    0.2086    0.4507    0.6129    0.0898   -0.0546    0.4782   -0.0546    0.3620    0.1574   -0.3018    0.5435   -0.2258    0.5075   -0.6594    0.4603    0.5368    0.5998    0.3445    0.0478    0.2750    0.5925    0.5676    0.5245
ind25        -0.0460   -0.5153   -0.1755    0.0397    0.0189   -0.0460   -0.0702   -0.8480    0.1197    0.0134    0.0070    0.0307   -0.5301    0.0506    0.2746   -0.1067    0.1055   -0.2355   -0.5977    0.0623   -0.0291   -0.0460    0.0811    0.2398    1.0000    0.1605   -0.1805   -0.4821    0.3333    0.1771   -0.1281   -0.2462   -0.5809   -0.1739    0.0118    0.0110   -0.0503    0.1522   -0.0402   -0.4381    0.0094   -0.1391   -0.5534    0.0255   -0.1217   -0.0358    0.0009   -0.0231   -0.2015   -0.0811    0.0806   -0.0623    0.0203    0.0848   -0.1832   -0.0871   -0.0252   -0.2879    0.1671   -0.1042   -0.0116   -0.1079    0.2479   -0.0639   -0.0748    0.0011   -0.1322    0.0757   -0.5460   -0.1629    0.0114    0.0513   -0.0579    0.0186   -0.1078   -0.1502    0.0324   -0.0447   -0.0875   -0.6176   -0.0892    0.0812   -0.0494    0.0940   -0.1776    0.1983   -0.3456    0.0259   -0.1065    0.2257   -0.0611   -0.2871   -0.3090   -0.3956   -0.0847   -0.1518   -0.3937    0.0275   -0.3242   -0.2647    0.1454   -0.5102    0.1302   -0.0136   -0.0969    0.1114   -0.4985   -0.0460    0.0456   -0.0791   -0.2310    0.0041    0.0527   -0.3611   -0.0708   -0.0250   -0.6701   -0.1272   -0.3183   -0.7632    0.0536   -0.8061   -0.0183   -0.0460   -0.0289    0.0111    0.1100   -0.0519   -0.5319   -0.2426    0.0809    0.0995    0.0347
ind26        -0.7780    0.1461    0.5564    0.3846    0.5001   -0.7780    0.5708   -0.6232    0.7086    0.7459    0.6255    0.6023   -0.0332    0.7528    0.5008    0.4369    0.6361    0.4603    0.0570    0.1657    0.2880   -0.7780    0.6976    0.6862    0.1605    1.0000    0.4567    0.0923    0.6143    0.5796    0.5330    0.3529    0.0805    0.4739    0.6009   -0.7209    0.6321    0.5326    0.5950    0.0454    0.5691    0.5433   -0.4714    0.6618    0.5267    0.6843    0.6125    0.6598    0.3782    0.4199    0.7268    0.4900    0.7038    0.6039    0.4280   -0.8190    0.5451    0.3979    0.5171    0.4135    0.6713    0.5756    0.5409    0.5486    0.6087    0.6008    0.3303    0.7223    0.0294    0.4373    0.4004    0.7486    0.5730    0.7463    0.6624    0.4985    0.5680    0.5593    0.4017    0.0718    0.5293    0.6771    0.5465    0.6817    0.4506    0.6744    0.3417    0.5945    0.4707    0.5018    0.6137    0.3626    0.2790    0.1984    0.6430    0.4422    0.1568    0.6766    0.4444    0.1975    0.7165    0.0473    0.7602    0.5229    0.5523    0.5748   -0.0079   -0.7780    0.6705    0.4868    0.3471    0.6469    0.7365    0.2284   -0.1731    0.6017    0.0148    0.5582    0.2844   -0.1593    0.7374   -0.0742    0.6309   -0.7780    0.6565    0.6411    0.7054    0.5049    0.0826    0.3102    0.6277    0.6911    0.6838
ind27        -0.9754   -0.1050    0.4022    0.4298    0.2512   -0.9754    0.4645   -0.8713    0.3546    0.5560    0.4400    0.4271   -0.0997    0.4915    0.2877    0.3310    0.5068    0.2378   -0.0884   -0.2247    0.3027   -0.9754    0.4164    0.4182   -0.1805    0.4567    1.0000   -0.1907    0.3100    0.4136    0.5659    0.1344   -0.1430    0.4036    0.4945   -0.9184    0.5263    0.4734    0.4169   -0.0215    0.4632    0.4730   -0.5977    0.5676    0.4909    0.5780    0.5413    0.5186    0.3055    0.3136    0.5494    0.4542    0.5620    0.4976    0.3228   -1.0165    0.4039    0.4387    0.4944    0.3428    0.4956    0.4693    0.3291    0.5486    0.5024    0.5410    0.2348    0.4304   -0.1244    0.2236    0.1992    0.3817    0.3467    0.4857    0.3651    0.3092    0.4025    0.4287    0.2411   -0.2242    0.3779    0.4184    0.3926    0.3996    0.2021    0.4380    0.1279    0.4193    0.2586    0.3388    0.2815    0.1842    0.0884   -0.0257    0.3467    0.2641   -0.0221    0.4995    0.1823    0.2155    0.5038    0.1268    0.5126    0.2754    0.4129    0.4821   -0.2175   -0.9754    0.4229    0.3092    0.2778    0.3614    0.5605    0.1224   -0.3706    0.4979   -0.0555    0.4567    0.0700   -0.3737    0.4553   -0.2222    0.5598   -0.9754    0.4410    0.4650    0.4578    0.4335   -0.0579    0.2043    0.4517    0.4797    0.5428
ind28        -1.2513   -0.0788   -0.0255   -0.0462   -0.0349   -1.2513    0.0647   -0.9040    0.0121    0.1581    0.0357    0.1360   -0.4170    0.1332   -0.0197   -0.2124    0.0573    0.0110   -0.5673   -0.4962   -0.2270   -1.2513   -0.0208    0.0185   -0.4821    0.0923   -0.1907    1.0000   -0.1388   -0.0697    0.0707    0.2257   -0.3113   -0.0293    0.1874   -1.1943    0.0186   -0.1157    0.1578   -0.2685   -0.0455   -0.0347   -0.9081    0.1197   -0.0494    0.1465    0.1460    0.1220   -0.1630   -0.1233    0.1488   -0.0167    0.1270    0.1214   -0.0787   -1.2924    0.1965   -0.1437   -0.0611   -0.0586    0.0933    0.0702   -0.0090    0.0419    0.1081    0.0594   -0.1889    0.2087   -0.5237   -0.1186   -0.0420    0.1576    0.0242    0.1565    0.1826   -0.0198    0.0491    0.1116   -0.1013   -0.6342    0.0750    0.1943    0.0637    0.1440   -0.0563    0.1349   -0.2385    0.1580   -0.1075   -0.1108    0.1230   -0.1094   -0.1980   -0.3392    0.0405   -0.1013   -0.4225   -0.0443   -0.2015   -0.4543    0.0898   -0.4901    0.0991    0.0075    0.0563    0.0395   -0.5401   -1.2513   -0.0262   -0.1995   -0.2595    0.0901    0.0879   -0.2442   -0.6465    0.0655   -0.5226   -0.0104   -0.0349   -0.3651    0.0225   -0.5118    0.0582   -1.2513    0.0997    0.0874    0.1540    0.0148   -0.4918   -0.0473    0.1431    0.0828    0.0752
ind29        -0.6781   -0.0594    0.3191    0.3125    0.2680   -0.6781    0.4165   -0.6212    0.5389    0.4693    0.4203    0.4440   -0.1360    0.4030    0.4626    0.2458    0.5247    0.2225   -0.1457    0.1657    0.2146   -0.6781    0.5178    0.6068    0.3333    0.6143    0.3100   -0.1388    1.0000    0.4795    0.3665    0.1480   -0.1250    0.3207    0.4059   -0.6211    0.4789    0.4260    0.3284   -0.1496    0.4152    0.4454   -0.3450    0.5160    0.3729    0.4547    0.4567    0.4674    0.1875    0.3172    0.5344    0.3735    0.5108    0.4109    0.4489   -0.6370    0.3527    0.2068    0.5795    0.3869    0.4789    0.3826    0.5039    0.4307    0.4157    0.4916    0.4574    0.4949   -0.1732    0.3483    0.3751    0.4706    0.3311    0.4319    0.3481    0.3879    0.6453    0.4499    0.3917   -0.1200    0.3241    0.4357    0.3438    0.5434    0.2194    0.5638    0.0737    0.4739    0.4192    0.5533    0.3747    0.2628    0.1221    0.0875    0.4227    0.3555    0.1137    0.5201    0.0951    0.3307    0.4866    0.0397    0.5303    0.3277    0.3590    0.5481   -0.0036   -0.6781    0.4406    0.4776    0.3970    0.3808    0.5432    0.1868   -0.0733    0.4655   -0.0856    0.3308    0.1830   -0.4261    0.5074   -0.2928    0.4010   -0.6781    0.3904    0.4478    0.4754    0.2746    0.0181    0.0803    0.4464    0.4612    0.4539
ind30        -0.6485   -0.2397    0.4178    0.4797    0.3557   -0.6485    0.4111   -0.4260    0.6541    0.5373    0.5423    0.5192   -0.1510    0.5096    0.7144    0.5385    0.5996    0.3305   -0.1406    0.2573    0.3966   -0.6485    0.5779    0.5341    0.1771    0.5796    0.4136   -0.0697    0.4795    1.0000    0.4313    0.1571   -0.1170    0.4654    0.4412   -0.5915    0.5750    0.5170    0.4614   -0.1143    0.5476    0.5217   -0.3419    0.5487    0.4716    0.5246    0.5574    0.5001    0.2862    0.2603    0.5671    0.4349    0.5087    0.4442    0.4876   -0.6895    0.3854    0.3059    0.6892    0.4731    0.5116    0.4159    0.6173    0.4935    0.4490    0.4877    0.4299    0.5634   -0.0461    0.4382    0.3051    0.4684    0.3282    0.5377    0.3822    0.4196    0.5623    0.4439    0.2877   -0.1724    0.3576    0.4685    0.4078    0.5397    0.2886    0.5781    0.1797    0.4348    0.3646    0.5493    0.3754    0.3853    0.1404    0.0683    0.4328    0.5147    0.0968    0.5834    0.2808    0.3378    0.4852    0.2058    0.5289    0.2916    0.4691    0.6060   -0.0260   -0.6485    0.4392    0.5234    0.4516    0.4599    0.5052    0.2423   -0.0437    0.6110    0.0137    0.3946    0.2580   -0.2059    0.5061   -0.2425    0.5758   -0.6485    0.4929    0.4517    0.5087    0.4547    0.0660    0.2970    0.6397    0.5379    0.5588
ind31        -1.0319    0.2496    0.6047    0.5695    0.4024   -1.0319    0.5857   -0.6403    0.4943    0.6673    0.6612    0.6075   -0.0228    0.5682    0.3521    0.3996    0.5247    0.3529    0.1774   -0.0462    0.0674   -1.0319    0.4116    0.3617   -0.1281    0.5330    0.5659    0.0707    0.3665    0.4313    1.0000    0.2466    0.0147    0.5070    0.5593   -0.9749    0.5951    0.4608    0.4528    0.0097    0.5320    0.5418   -0.6888    0.5511    0.6060    0.6081    0.6060    0.5953    0.4555    0.3784    0.5795    0.6042    0.5921    0.5277    0.4729   -1.0730    0.4747    0.5539    0.5164    0.4809    0.5257    0.4994    0.3243    0.6987    0.5732    0.5245    0.3321    0.5424    0.1821    0.3230    0.2171    0.5276    0.5047    0.6316    0.5979    0.5017    0.4594    0.5668    0.2657    0.0127    0.5646    0.5643    0.6239    0.5454    0.3132    0.5660    0.2390    0.5248    0.3272    0.3565    0.5069    0.3223    0.3255    0.2404    0.6066    0.4892    0.1219    0.6433    0.5022    0.3939    0.5684    0.3926    0.6238    0.4153    0.5587    0.5406   -0.1867   -1.0319    0.4934    0.4489    0.3889    0.5940    0.6309    0.3189   -0.4271    0.5684    0.1290    0.6761    0.2906   -0.1816    0.5258    0.1015    0.7055   -1.0319    0.6736    0.5703    0.6384    0.6253    0.2079    0.4368    0.5974    0.5908    0.6885
ind32        -0.6291   -0.2055    0.1644    0.2246    0.1561   -0.6291    0.3701   -0.7368    0.2141    0.3838    0.3876    0.3946    0.1878    0.4362    0.1034    0.0503    0.2734    0.1031   -0.3227   -0.3635   -0.1409   -0.6291    0.1955    0.2747   -0.2462    0.3529    0.1344    0.2257    0.1480    0.1571    0.2466    1.0000   -0.3407    0.1630    0.4462   -0.5721    0.1990    0.0646    0.2782    0.0646    0.1708    0.1457   -0.2859    0.3359    0.1308    0.3628    0.3276    0.3383   -0.0197    0.0929    0.3651    0.1290    0.3432    0.2788    0.1136   -0.6702    0.3539    0.0010    0.1551    0.1338    0.3095    0.2864    0.1845    0.2235    0.3243    0.2757    0.0435    0.4384   -0.3338    0.1074    0.0027    0.3492    0.3288    0.3890    0.3218    0.1822    0.2270    0.2549    0.1187   -0.4018    0.3803    0.3923    0.2617    0.4031    0.0525    0.3167   -0.1296    0.4275    0.0360    0.1040    0.2557    0.0460   -0.0425   -0.0124    0.3090    0.0966   -0.1884    0.2426   -0.0157   -0.1900    0.3766   -0.2274    0.3859    0.2943    0.2724    0.2902    0.1876   -0.6291    0.2940    0.0993    0.0378    0.2719    0.3403   -0.1175   -0.0243    0.2817   -0.2957    0.1690   -0.0649   -0.4895    0.3962   -0.5432    0.2742   -0.6291    0.1923    0.3742    0.4062    0.1498   -0.2741    0.0901    0.3714    0.2990    0.2913
ind33        -1.5782    0.1242    0.0525   -0.0625   -0.2424   -1.5782    0.0311   -0.9193    0.0822    0.1598    0.0372    0.0143   -0.6904   -0.0247   -0.1738   -0.1044   -0.0357   -0.2463   -0.0635   -0.4604   -0.3708   -1.5782    0.0399   -0.0587   -0.5809    0.0805   -0.1430   -0.3113   -0.1250   -0.1170    0.0147   -0.3407    1.0000    0.0895   -0.0360   -1.5212   -0.0044   -0.1040   -0.0246   -0.6263    0.0193    0.0290   -1.2005   -0.0098    0.0577    0.0128    0.0473    0.0000   -0.0908   -0.1301    0.0553    0.0554    0.0334   -0.0310    0.0052   -1.6193   -0.0745   -0.0858   -0.0483    0.0655   -0.0351   -0.0593   -0.2016    0.1499   -0.0262    0.0527   -0.1756    0.0148   -0.4394   -0.1401   -0.2698    0.0404   -0.0171    0.0388   -0.0818    0.1097   -0.1377    0.0550   -0.2947   -0.4683   -0.1059    0.1257    0.1466   -0.0965   -0.0905   -0.0334   -0.2501    0.0085   -0.2006   -0.1897   -0.0943   -0.0703   -0.1922   -0.4261   -0.0171   -0.0186   -0.4000   -0.0311   -0.1087   -0.2993   -0.0472   -0.3757   -0.0384   -0.2897   -0.1521   -0.0929   -0.7615   -1.5782   -0.1281   -0.1746   -0.2266   -0.0349    0.0439   -0.2972   -1.0221    0.0158   -0.4040   -0.0515   -0.3424   -0.5395   -0.1099   -0.5505   -0.0053   -1.5782   -0.0019   -0.1347   -0.0586   -0.0947   -0.4727    0.0277   -0.0323   -0.0855   -0.0223
ind34        -0.9454   -0.1280    0.5070    0.4529    0.2727   -0.9454    0.4781   -0.6483    0.4409    0.5724    0.5747    0.5553   -0.1414    0.5134    0.4112    0.4696    0.5506    0.3699    0.0182   -0.0158    0.1669   -0.9454    0.4322    0.3835   -0.1739    0.4739    0.4036   -0.0293    0.3207    0.4654    0.5070    0.1630    0.0895    1.0000    0.6358   -0.8884    0.7737    0.6393    0.6101    0.0454    0.7140    0.8072   -0.5201    0.6938    0.6805    0.7192    0.7544    0.6971    0.5299    0.5015    0.6746    0.7503    0.6631    0.5986    0.7001   -0.9864    0.6692    0.4642    0.6244    0.7724    0.6684    0.5703    0.5072    0.7717    0.6034    0.7196    0.4113    0.4796    0.1001    0.4428    0.2058    0.5401    0.4403    0.5379    0.4174    0.5628    0.4840    0.5562    0.2839   -0.0822    0.3942    0.5882    0.6012    0.4885    0.3743    0.5871    0.2142    0.5367    0.3863    0.3839    0.4069    0.5520    0.2648    0.1607    0.5208    0.5589    0.2241    0.5196    0.3298    0.2048    0.5258    0.1283    0.4595    0.2973    0.4346    0.3824   -0.1659   -0.9454    0.3698    0.3373    0.3200    0.4254    0.5418    0.2787   -0.3406    0.5138    0.2747    0.5225    0.2076   -0.2707    0.4367   -0.1447    0.5413   -0.9454    0.4584    0.4468    0.5143    0.4150    0.0313    0.3472    0.5142    0.4610    0.5242
ind35        -0.7450    0.0689    0.4400    0.5413    0.3639   -0.7450    0.7151   -0.8335    0.5209    0.7351    0.6972    0.7608    0.1307    0.7892    0.4669    0.4061    0.6758    0.4589   -0.0180   -0.1177    0.1515   -0.7450    0.5951    0.5639    0.0118    0.6009    0.4945    0.1874    0.4059    0.4412    0.5593    0.4462   -0.0360    0.6358    1.0000   -0.6880    0.7183    0.5839    0.7565    0.4097    0.6076    0.6650   -0.3198    0.8553    0.6135    0.9166    0.8099    0.8572    0.4630    0.6467    0.8002    0.6462    0.8604    0.7960    0.5149   -0.7861    0.8321    0.5182    0.6396    0.5695    0.7940    0.8036    0.6328    0.7407    0.8008    0.7928    0.3033    0.6053    0.0678    0.3310    0.2951    0.6667    0.6808    0.7420    0.6148    0.5241    0.5333    0.5595    0.4468   -0.1066    0.6337    0.7087    0.6129    0.6914    0.4527    0.6405    0.3049    0.7032    0.4356    0.4719    0.5297    0.3996    0.3048    0.1719    0.5330    0.4873    0.2006    0.5720    0.2550    0.1618    0.7405    0.0853    0.6743    0.5826    0.5968    0.5780    0.0595   -0.7450    0.5308    0.3817    0.3157    0.5118    0.7386    0.1603   -0.1402    0.6061    0.0515    0.4556    0.2520   -0.1726    0.5632   -0.2626    0.6335   -0.7450    0.4789    0.6974    0.6945    0.5498    0.0491    0.4490    0.6837    0.6579    0.6506
ind36         0.9430   -1.4282   -1.0589   -0.6621   -0.6663    0.9430   -0.7579   -1.2006   -0.7968   -0.7850   -0.7979   -0.7343   -0.0301   -0.6492   -0.5000   -0.8629   -0.5714   -0.8721   -1.5867   -0.3958   -0.7878    0.9430   -0.7098   -0.6024    0.0110   -0.7209   -0.9184   -1.1943   -0.6211   -0.5915   -0.9749   -0.5721   -1.5212   -0.8884   -0.6880    1.0000   -0.8625   -0.6600   -0.7400   -1.0048   -0.8028   -0.9513    0.4356   -0.7145   -1.0051   -0.7715   -0.8060   -0.7587   -1.0850   -0.8570   -0.7319   -0.9458   -0.7921   -0.7277   -1.0666    0.9019   -0.7249   -1.1350   -0.6451   -0.9876   -0.6891   -0.8845   -0.4877   -0.9474   -0.8873   -0.8114   -0.9201   -0.6612   -1.4294   -0.9509   -0.7379   -0.7962   -0.7944   -0.7919   -0.7581   -0.9977   -0.6791   -0.8693   -0.7475   -1.5477   -0.8413   -0.7663   -0.8970   -0.6460   -1.0247   -0.6851   -1.1924   -0.6982   -0.8768   -0.5379   -0.8663   -1.1342   -1.1202   -1.1490   -0.8363   -0.9623   -1.2047   -0.7847   -1.1223   -1.1115   -0.5780   -1.2497   -0.6334   -0.6575   -0.7603   -0.6301   -0.0404    0.9430   -0.6258   -0.9259   -0.8437   -0.8307   -0.6749   -1.1733    0.4522   -0.7108   -1.3483   -0.9218   -1.0176   -1.3792   -0.6718   -1.5631   -0.8292    0.9430   -0.8636   -0.6579   -0.6480   -0.8209   -1.2312   -0.9060   -0.6881   -0.6349   -0.8121
ind37        -0.9195   -0.0446    0.5464    0.4543    0.3907   -0.9195    0.5607   -0.6199    0.5505    0.6605    0.6162    0.6033   -0.1510    0.5960    0.6029    0.5792    0.6388    0.4178    0.0111    0.0612    0.2503   -0.9195    0.5550    0.5071   -0.0503    0.6321    0.5263    0.0186    0.4789    0.5750    0.5951    0.1990   -0.0044    0.7737    0.7183   -0.8625    1.0000    0.7975    0.6058    0.1280    0.8180    0.9112   -0.4943    0.8165    0.7199    0.8018    0.8023    0.7797    0.5694    0.5374    0.7973    0.7898    0.8213    0.7214    0.7611   -0.9606    0.6650    0.5524    0.7471    0.7465    0.7911    0.6931    0.5897    0.8112    0.7262    0.7555    0.4041    0.5677    0.1395    0.5393    0.3294    0.6637    0.5584    0.6260    0.5410    0.5912    0.6067    0.5957    0.3673   -0.0427    0.4824    0.6277    0.6407    0.6112    0.4138    0.7107    0.3023    0.6192    0.5090    0.5066    0.5305    0.5748    0.3043    0.3404    0.5958    0.6199    0.3011    0.7459    0.3581    0.3012    0.6438    0.1893    0.6177    0.4153    0.4826    0.5051   -0.1186   -0.9195    0.5280    0.4824    0.3474    0.5024    0.7000    0.2680   -0.3147    0.6365    0.1232    0.5573    0.2444   -0.1993    0.5949   -0.1566    0.6294   -0.9195    0.5820    0.6050    0.5978    0.5031    0.2230    0.3083    0.5558    0.6192    0.6124
ind38        -0.7170   -0.1790    0.4469    0.4416    0.2912   -0.7170    0.5078   -0.6564    0.4295    0.5261    0.4818    0.4689   -0.2039    0.4616    0.4983    0.4116    0.5858    0.3183   -0.1233    0.1115    0.2138   -0.7170    0.4554    0.4542    0.1522    0.5326    0.4734   -0.1157    0.4260    0.5170    0.4608    0.0646   -0.1040    0.6393    0.5839   -0.6600    0.7975    1.0000    0.5693    0.0992    0.7023    0.7087   -0.4841    0.7287    0.6204    0.6674    0.6680    0.6453    0.5406    0.4030    0.6629    0.6554    0.6869    0.5870    0.5586   -0.7581    0.5306    0.4528    0.7573    0.5440    0.6567    0.5587    0.5533    0.6768    0.5918    0.6677    0.3512    0.4682    0.0682    0.3368    0.2765    0.5293    0.4240    0.4916    0.4066    0.4568    0.5189    0.5079    0.3144   -0.1423    0.3480    0.4933    0.5063    0.5117    0.3143    0.6229    0.2028    0.5314    0.4095    0.4537    0.3961    0.3723    0.2916    0.1379    0.4614    0.4523    0.2016    0.5782    0.2238    0.1802    0.5094    0.0217    0.5182    0.2809    0.3830    0.4522   -0.2862   -0.7170    0.4285    0.3148    0.2479    0.4029    0.6005    0.1685   -0.3046    0.5370    0.0237    0.4229    0.1100   -0.2707    0.4954   -0.2561    0.5299   -0.7170    0.4825    0.4706    0.4634    0.4904    0.0554    0.2088    0.4563    0.5197    0.5128
ind39        -0.7970   -0.0007    0.4749    0.3864    0.3822   -0.7970    0.6356   -0.6768    0.4455    0.6595    0.5074    0.5710   -0.0780    0.7059    0.5113    0.3633    0.5984    0.4161   -0.1709   -0.0364    0.2675   -0.7970    0.5523    0.4327   -0.0402    0.5950    0.4169    0.1578    0.3284    0.4614    0.4528    0.2782   -0.0246    0.6101    0.7565   -0.7400    0.6058    0.5693    1.0000    0.2417    0.6168    0.6393   -0.3717    0.7427    0.5359    0.8040    0.7322    0.7795    0.3874    0.5863    0.6877    0.5337    0.7479    0.7423    0.4372   -0.8380    0.8871    0.4775    0.6252    0.5440    0.7163    0.6910    0.7119    0.6281    0.7290    0.7671    0.2202    0.6055    0.0206    0.2556    0.2546    0.5913    0.5628    0.6240    0.5045    0.4139    0.4579    0.4492    0.3693   -0.1899    0.5196    0.5907    0.4601    0.6121    0.4122    0.5340    0.2295    0.5890    0.3951    0.3945    0.5539    0.4111    0.3050    0.1186    0.3802    0.3693    0.0826    0.4597    0.1794    0.0495    0.5742    0.0137    0.6184    0.4572    0.5948    0.5413   -0.1143   -0.7970    0.5469    0.3043    0.3136    0.4693    0.6610    0.2450   -0.1922    0.6041    0.0667    0.4207    0.1766   -0.2041    0.5611   -0.2165    0.5966   -0.7970    0.4788    0.5718    0.6038    0.4665   -0.0225    0.4374    0.6278    0.6558    0.6137
ind40        -1.0618   -0.2134   -0.0747   -0.0490   -0.1916   -1.0618    0.1655   -1.0487   -0.0694    0.1448    0.1069    0.1705   -0.3265    0.2337   -0.0886   -0.1494    0.1204   -0.0966   -0.6084   -0.6732   -0.4040   -1.0618    0.0396    0.0828   -0.4381    0.0454   -0.0215   -0.2685   -0.1496   -0.1143    0.0097    0.0646   -0.6263    0.0454    0.4097   -1.0048    0.1280    0.0992    0.2417    1.0000    0.0522    0.0747   -0.7421    0.2649    0.0232    0.3262    0.2544    0.3017   -0.0217    0.0563    0.2098    0.0559    0.2701    0.2056   -0.0406   -1.1029    0.3174   -0.0721    0.0841    0.0140    0.2385    0.2132    0.0774    0.1503    0.2512    0.2025   -0.1933    0.1649   -0.5225   -0.1656   -0.2604    0.1112    0.1253    0.1865    0.0833   -0.0662    0.0367    0.0280   -0.0343   -0.3385    0.1778    0.1532    0.0226    0.1766   -0.1027    0.0909   -0.2855    0.1884   -0.1199   -0.0835    0.0150   -0.1558   -0.2099   -0.3189    0.0015   -0.1030   -0.3897   -0.0183   -0.3353   -0.4285    0.1502   -0.4643    0.1595    0.0678    0.0821    0.0633   -0.3628   -1.0618   -0.0247   -0.1737   -0.1991   -0.0378    0.1483   -0.3545   -0.5625    0.0914   -0.4981   -0.0940   -0.0362   -0.7281    0.0485   -0.8529    0.0839   -1.0618   -0.0708    0.1478    0.1797   -0.0406   -0.5005   -0.0658    0.1689    0.1431    0.1010
ind41        -0.8598   -0.1432    0.4823    0.4780    0.3637   -0.8598    0.4976   -0.7195    0.4882    0.5974    0.5531    0.5402   -0.2141    0.6044    0.5033    0.5876    0.6472    0.4262   -0.0879    0.0851    0.1873   -0.8598    0.5267    0.4442    0.0094    0.5691    0.4632   -0.0455    0.4152    0.5476    0.5320    0.1708    0.0193    0.7140    0.6076   -0.8028    0.8180    0.7023    0.6168    0.0522    1.0000    0.8514   -0.6055    0.7058    0.5734    0.6911    0.7265    0.7038    0.4229    0.5135    0.7708    0.6433    0.6751    0.6107    0.6494   -0.9008    0.6760    0.4417    0.6713    0.7216    0.7153    0.5824    0.5139    0.7005    0.6155    0.7316    0.3400    0.5403   -0.0070    0.4397    0.2657    0.6008    0.4947    0.5619    0.4065    0.4567    0.5426    0.4967    0.2677   -0.1051    0.4542    0.5636    0.5417    0.5471    0.3497    0.6128    0.2399    0.5551    0.4449    0.4425    0.4310    0.5975    0.3270    0.1943    0.4613    0.5209    0.1666    0.6839    0.2603    0.2393    0.5819    0.1262    0.5907    0.3883    0.4543    0.4769   -0.1457   -0.8598    0.5010    0.4553    0.3192    0.4046    0.6014    0.3633   -0.3418    0.6083    0.1110    0.4595    0.2173   -0.2264    0.5678   -0.1676    0.6030   -0.8598    0.4842    0.5064    0.5707    0.5268    0.1244    0.4036    0.5642    0.5922    0.5859
ind42        -1.0083   -0.1334    0.4931    0.4009    0.3019   -1.0083    0.5073   -0.7087    0.4972    0.6072    0.5628    0.5499   -0.2043    0.5426    0.5141    0.5258    0.5854    0.3645   -0.0422   -0.0276    0.1615   -1.0083    0.5016    0.4737   -0.1391    0.5433    0.4730   -0.0347    0.4454    0.5217    0.5418    0.1457    0.0290    0.8072    0.6650   -0.9513    0.9112    0.7087    0.6393    0.0747    0.8514    1.0000   -0.5831    0.7631    0.6666    0.7484    0.7490    0.7263    0.5161    0.5709    0.7440    0.7365    0.7325    0.6680    0.7630   -1.0494    0.6984    0.4990    0.6938    0.8353    0.7378    0.6397    0.5364    0.7578    0.6728    0.7889    0.4061    0.5144    0.0862    0.5058    0.2406    0.5749    0.4696    0.5727    0.4522    0.5024    0.6087    0.5424    0.2785   -0.0961    0.4290    0.5743    0.5873    0.6132    0.3605    0.6219    0.2490    0.5659    0.5110    0.5086    0.4417    0.6636    0.2510    0.3069    0.5623    0.6219    0.2676    0.6571    0.2693    0.2677    0.5550    0.1913    0.5289    0.3265    0.4292    0.4518   -0.1521   -1.0083    0.4392    0.4489    0.3494    0.4136    0.6112    0.3568   -0.4035    0.5832    0.2120    0.4685    0.1556   -0.2881    0.5061   -0.1032    0.5761   -1.0083    0.4932    0.5162    0.5090    0.4498    0.1895    0.3418    0.5024    0.5304    0.5590
ind43         0.4926   -1.1421   -0.7383   -0.4627   -0.5090    0.4926   -0.4373   -0.8004   -0.5472   -0.4643   -0.5117   -0.4481    0.1639   -0.4240   -0.1793   -0.6844   -0.2873   -0.5881   -1.3006   -0.1190   -0.5383    0.4926   -0.3891   -0.3184   -0.5534   -0.4714   -0.5977   -0.9081   -0.3450   -0.3419   -0.6888   -0.2859   -1.2005   -0.5201   -0.3198    0.4356   -0.4943   -0.4841   -0.3717   -0.7421   -0.6055   -0.5831    1.0000   -0.3462   -0.6369   -0.4032   -0.4378   -0.3905   -0.8223   -0.6731   -0.4479   -0.6363   -0.4239   -0.4650   -0.6162    0.5337   -0.3567   -0.7667   -0.2769   -0.6782   -0.3208   -0.5162   -0.1783   -0.5791   -0.5190   -0.4431   -0.5173   -0.4117   -1.1545   -0.6302   -0.5094   -0.5122   -0.5325   -0.4712   -0.4375   -0.5949   -0.2763   -0.5487   -0.5302   -1.2160   -0.5206   -0.5045   -0.6351   -0.3598   -0.7628   -0.4356   -0.9083   -0.3775   -0.6149   -0.4161   -0.5456   -0.8136   -0.8631   -0.8152   -0.5502   -0.6761   -0.8840   -0.5352   -0.8728   -0.7799   -0.3873   -0.9635   -0.3838   -0.4668   -0.4741   -0.3439    0.2913    0.4926   -0.2622   -0.5942   -0.4754   -0.5811   -0.3888   -0.9238    0.5174   -0.4246   -1.0621   -0.6722   -0.6859   -1.1296   -0.4222   -1.3136   -0.5796    0.4926   -0.6141   -0.3717   -0.3985   -0.6215   -0.9450   -0.6565   -0.4386   -0.4775   -0.5626
ind44        -0.7715    0.0205    0.4665    0.4848    0.3499   -0.7715    0.7054   -0.7354    0.5937    0.7616    0.6809    0.7043    0.0325    0.7329    0.5304    0.4670    0.7859    0.4796   -0.0688   -0.0542    0.2095   -0.7715    0.6560    0.5830    0.0255    0.6618    0.5676    0.1197    0.5160    0.5487    0.5511    0.3359   -0.0098    0.6938    0.8553   -0.7145    0.8165    0.7287    0.7427    0.2649    0.7058    0.7631   -0.3462    1.0000    0.6400    0.9028    0.8334    0.8807    0.4895    0.6384    0.8983    0.7099    0.8869    0.8224    0.6130   -0.8126    0.8019    0.5446    0.7497    0.5985    0.8921    0.8300    0.6908    0.7671    0.8272    0.9031    0.3708    0.6688    0.0596    0.3945    0.4052    0.6929    0.5898    0.6912    0.6065    0.5504    0.6434    0.6323    0.4795   -0.1227    0.5829    0.6924    0.5966    0.7123    0.4789    0.7506    0.3311    0.7305    0.4990    0.5820    0.5215    0.4631    0.2966    0.1928    0.5167    0.5082    0.2215    0.5982    0.2815    0.2002    0.6730    0.0771    0.6469    0.4804    0.5831    0.6164   -0.0852   -0.7715    0.5572    0.3735    0.3421    0.4957    0.7651    0.2240   -0.1667    0.6670    0.0432    0.4419    0.2036   -0.2401    0.6241   -0.2361    0.6600   -0.7715    0.5053    0.6701    0.6270    0.5336    0.0753    0.3389    0.6563    0.6843    0.6770
ind45        -1.0622    0.0110    0.6775    0.4211    0.2853   -1.0622    0.5740   -0.5961    0.4127    0.6614    0.6240    0.6943   -0.1085    0.5256    0.3923    0.4758    0.5662    0.3825    0.2218   -0.0447    0.1444   -1.0622    0.4506    0.4019   -0.1217    0.5267    0.4909   -0.0494    0.3729    0.4716    0.6060    0.1308    0.0577    0.6805    0.6135   -1.0051    0.7199    0.6204    0.5359    0.0232    0.5734    0.6666   -0.6369    0.6400    1.0000    0.6970    0.7315    0.6842    0.8146    0.5816    0.6574    0.8143    0.7177    0.6532    0.6830   -1.1032    0.5229    0.7493    0.6055    0.6563    0.6146    0.6960    0.4481    0.8729    0.6580    0.6501    0.3802    0.4973    0.3137    0.3769    0.2580    0.5602    0.5013    0.5903    0.4698    0.6540    0.4647    0.6574    0.3086    0.1593    0.4467    0.6083    0.7389    0.4696    0.4759    0.5699    0.3502    0.4794    0.3674    0.3994    0.6105    0.4014    0.4719    0.0948    0.5387    0.5400    0.1586    0.5724    0.4532    0.2576    0.5380    0.2156    0.5468    0.3095    0.5597    0.5843   -0.2576   -1.0622    0.4571    0.3780    0.3606    0.5737    0.5946    0.2420   -0.4574    0.5321    0.1019    0.5714    0.1387   -0.3396    0.4895    0.0880    0.6286   -1.0622    0.6533    0.5772    0.5266    0.6513    0.0962    0.3441    0.5205    0.5138    0.6115
ind46        -0.8285    0.0818    0.5235    0.5117    0.4127   -0.8285    0.7201   -0.7501    0.5338    0.8186    0.7034    0.7670    0.0472    0.7942    0.4798    0.4896    0.6887    0.5065   -0.0118   -0.0689    0.1991   -0.8285    0.6785    0.5230   -0.0358    0.6843    0.5780    0.1465    0.4547    0.5246    0.6081    0.3628    0.0128    0.7192    0.9166   -0.7715    0.8018    0.6674    0.8040    0.3262    0.6911    0.7484   -0.4032    0.9028    0.6970    1.0000    0.8933    0.9406    0.5465    0.6955    0.8836    0.7296    0.9439    0.8794    0.5983   -0.8696    0.8259    0.6017    0.6884    0.6182    0.8774    0.8511    0.7163    0.8241    0.8842    0.8763    0.3095    0.6182    0.1166    0.3798    0.3439    0.6796    0.6511    0.7482    0.6276    0.5370    0.5821    0.6083    0.4597   -0.0657    0.6041    0.6790    0.5833    0.6617    0.5015    0.6893    0.3536    0.6735    0.4844    0.5207    0.5785    0.4484    0.3177    0.1781    0.5392    0.4935    0.1709    0.6208    0.3385    0.2106    0.7702    0.1341    0.7039    0.5417    0.6444    0.6268   -0.0239   -0.8285    0.6142    0.4305    0.3991    0.5527    0.7862    0.2437   -0.2237    0.6537    0.1003    0.5390    0.3008   -0.1429    0.6466   -0.2150    0.6811   -0.8285    0.5623    0.6912    0.7242    0.5548    0.0979    0.4002    0.6775    0.7054    0.7341
ind47        -0.8631    0.0463    0.5929    0.5462    0.4109   -0.8631    0.6501   -0.6434    0.4617    0.7831    0.6313    0.7316   -0.0595    0.7224    0.5498    0.5224    0.6888    0.4693    0.0227    0.0378    0.3058   -0.8631    0.6067    0.4858    0.0009    0.6125    0.5413    0.1460    0.4567    0.5574    0.6060    0.3276    0.0473    0.7544    0.8099   -0.8060    0.8023    0.6680    0.7322    0.2544    0.7265    0.7490   -0.4378    0.8334    0.7315    0.8933    1.0000    0.9061    0.5810    0.5888    0.8508    0.8014    0.8738    0.8094    0.7050   -0.9041    0.7914    0.6362    0.7238    0.7249    0.8429    0.7811    0.6817    0.8587    0.8142    0.8435    0.3795    0.6549    0.1511    0.4498    0.3805    0.6790    0.6859    0.7110    0.5556    0.5716    0.5475    0.5728    0.4225   -0.0311    0.5669    0.6785    0.6178    0.6271    0.5009    0.6911    0.2816    0.6756    0.4498    0.4861    0.5779    0.5551    0.3872    0.1787    0.5372    0.5287    0.2061    0.5841    0.3364    0.2085    0.6635    0.1320    0.6321    0.4699    0.6072    0.5916   -0.0957   -0.8631    0.5424    0.4633    0.3973    0.5173    0.6795    0.2792   -0.2583    0.6519    0.0636    0.5736    0.3336   -0.1447    0.5748   -0.1804    0.6790   -0.8631    0.5969    0.5845    0.6870    0.5527    0.0958    0.4330    0.6403    0.6336    0.6620
ind48        -0.8157    0.0690    0.5456    0.4523    0.3882   -0.8157    0.7074   -0.6907    0.4744    0.7592    0.6440    0.7542   -0.0122    0.7697    0.4925    0.4651    0.7015    0.4820   -0.0246   -0.0562    0.2118   -0.8157    0.6541    0.4985   -0.0231    0.6598    0.5186    0.1220    0.4674    0.5001    0.5953    0.3383    0.0000    0.6971    0.8572   -0.7587    0.7797    0.6453    0.7795    0.3017    0.7038    0.7263   -0.3905    0.8807    0.6842    0.9406    0.9061    1.0000    0.5337    0.6361    0.8615    0.7541    0.8845    0.8200    0.6577   -0.8568    0.8387    0.5889    0.7011    0.6310    0.8902    0.7918    0.7290    0.8114    0.8249    0.8541    0.3222    0.6310    0.1038    0.3926    0.3566    0.6551    0.6732    0.7237    0.5683    0.5243    0.5948    0.5955    0.4818   -0.0785    0.5796    0.6545    0.5705    0.6745    0.5236    0.6672    0.3409    0.6863    0.4971    0.5334    0.5540    0.4612    0.3398    0.1560    0.4799    0.5180    0.1488    0.5614    0.3257    0.1978    0.7108    0.1213    0.6794    0.5172    0.6199    0.6023   -0.0484   -0.8157    0.5898    0.4060    0.3746    0.4934    0.7269    0.3031   -0.2109    0.6292    0.0409    0.4797    0.2763   -0.1674    0.6222   -0.2277    0.6217   -0.8157    0.5029    0.6318    0.6997    0.4954    0.0851    0.3757    0.6530    0.6810    0.6747
ind49        -1.1420   -0.1026    0.5860    0.2357    0.1939   -1.1420    0.4456   -0.6875    0.2642    0.5478    0.4735    0.5438   -0.2939    0.4121    0.2069    0.2904    0.3808    0.1971    0.3017   -0.1361   -0.0040   -1.1420    0.2652    0.2165   -0.2015    0.3782    0.3055   -0.1630    0.1875    0.2862    0.4555   -0.0197   -0.0908    0.5299    0.4630   -1.0850    0.5694    0.5406    0.3874   -0.0217    0.4229    0.5161   -0.8223    0.4895    0.8146    0.5465    0.5810    0.5337    1.0000    0.4311    0.5069    0.7208    0.5671    0.5027    0.5894   -1.1831    0.3724    0.6008    0.4201    0.5058    0.4641    0.5454    0.2627    0.7224    0.5075    0.4995    0.2318    0.3489    0.2571    0.3203    0.1095    0.4466    0.4448    0.4767    0.3562    0.5974    0.3511    0.6008    0.1232    0.2043    0.2961    0.4947    0.6254    0.2842    0.5208    0.4194    0.3951    0.3859    0.2189    0.2140    0.5540    0.3449    0.3805   -0.0188    0.4252    0.4486    0.0671    0.3870    0.3396    0.0722    0.3875    0.0302    0.3614    0.1590    0.3743    0.3989   -0.4430   -1.1420    0.2717    0.1926    0.1752    0.4253    0.4092    0.0566   -0.6428    0.3467   -0.0835    0.4578    0.0251   -0.4532    0.4405    0.1330    0.4432   -1.1420    0.5049    0.4267    0.3761    0.5028    0.0473    0.1587    0.3351    0.3285    0.4261
ind50        -0.9140   -0.1101    0.2591    0.2418    0.2350   -0.9140    0.4156   -1.0144    0.3041    0.5542    0.5517    0.5751   -0.0525    0.4896    0.2501    0.2252    0.4590    0.2019   -0.0925   -0.2986   -0.1055   -0.9140    0.5282    0.2933   -0.0811    0.4199    0.3136   -0.1233    0.3172    0.2603    0.3784    0.0929   -0.1301    0.5015    0.6467   -0.8570    0.5374    0.4030    0.5863    0.0563    0.5135    0.5709   -0.6731    0.6384    0.5816    0.6955    0.5888    0.6361    0.4311    1.0000    0.6193    0.4653    0.6795    0.6150    0.3339   -0.9551    0.6082    0.4863    0.4587    0.4754    0.6131    0.7718    0.4117    0.5597    0.7339    0.6987    0.0798    0.3885   -0.0351    0.1501    0.2064    0.4499    0.3812    0.5185    0.3980    0.3784    0.3524    0.3786    0.2820   -0.1450    0.3744    0.4493    0.4246    0.4320    0.3858    0.4596    0.3090    0.4036    0.2547    0.2910    0.4978    0.3055    0.1591    0.0624    0.3095    0.2638   -0.0588    0.3911    0.1451   -0.0191    0.4656   -0.0956    0.4396    0.2718    0.4179    0.4751   -0.2938   -0.9140    0.3499    0.2008    0.1347    0.3594    0.5218    0.0662   -0.3092    0.3893   -0.0426    0.2345    0.1449   -0.4475    0.3823   -0.2435    0.4167   -0.9140    0.3690    0.5048    0.4196    0.4394   -0.0178    0.2535    0.4131    0.5332    0.4697
ind51        -0.7889    0.0496    0.5315    0.5140    0.4150   -0.7889    0.6880   -0.6703    0.5763    0.8266    0.7093    0.7693   -0.0216    0.7620    0.5229    0.5320    0.7685    0.5088   -0.0038    0.0474    0.2753   -0.7889    0.6844    0.5655    0.0806    0.7268    0.5494    0.1488    0.5344    0.5671    0.5795    0.3651    0.0553    0.6746    0.8002   -0.7319    0.7973    0.6629    0.6877    0.2098    0.7708    0.7440   -0.4479    0.8983    0.6574    0.8836    0.8508    0.8615    0.5069    0.6193    1.0000    0.7273    0.9043    0.8398    0.6305   -0.8300    0.7468    0.5621    0.6839    0.6159    0.8730    0.8116    0.6716    0.7846    0.8447    0.8739    0.3526    0.7346    0.0770    0.4229    0.4236    0.7587    0.6190    0.7196    0.5990    0.5795    0.6252    0.6508    0.4254   -0.0210    0.5755    0.7215    0.6258    0.7048    0.5440    0.8057    0.3961    0.7131    0.5275    0.5638    0.5865    0.5281    0.3258    0.1736    0.5451    0.5366    0.2140    0.6633    0.3465    0.2186    0.7380    0.1055    0.7120    0.5096    0.5756    0.6348   -0.0561   -0.7889    0.6223    0.4385    0.3705    0.5974    0.7576    0.2890   -0.1841    0.6596    0.0716    0.5435    0.2686   -0.1751    0.6891   -0.1703    0.6891   -0.7889    0.6070    0.6626    0.6920    0.5262    0.1037    0.3680    0.6855    0.7135    0.7421
ind52        -1.0028   -0.0344    0.6978    0.4189    0.3057   -1.0028    0.6288   -0.5385    0.4104    0.6596    0.5442    0.6145   -0.2232    0.5827    0.4273    0.4391    0.5667    0.3458    0.1625    0.0474    0.1794   -1.0028    0.4483    0.3997   -0.0623    0.4900    0.4542   -0.0167    0.3735    0.4349    0.6042    0.1290    0.0554    0.7503    0.6462   -0.9458    0.7898    0.6554    0.5337    0.0559    0.6433    0.7365   -0.6363    0.7099    0.8143    0.7296    0.8014    0.7541    0.7208    0.4653    0.7273    1.0000    0.7503    0.6858    0.8098   -1.0438    0.5928    0.5980    0.6405    0.7850    0.6845    0.6576    0.5420    0.9055    0.6907    0.7199    0.3808    0.5324    0.3497    0.4693    0.2585    0.5928    0.6498    0.5885    0.4679    0.6726    0.5001    0.7126    0.3652    0.1086    0.4448    0.6998    0.7594    0.5046    0.5895    0.6398    0.3339    0.6063    0.4612    0.4588    0.5512    0.5283    0.5145    0.1303    0.5369    0.6320    0.2506    0.5357    0.3804    0.2553    0.5950    0.1789    0.5101    0.3665    0.4450    0.4696   -0.2943   -1.0028    0.4204    0.3413    0.3239    0.4660    0.5924    0.2425   -0.4568    0.5299    0.0997    0.5696    0.1714   -0.3069    0.4528   -0.0407    0.5919   -1.0028    0.5456    0.4974    0.5247    0.4655    0.0940    0.2708    0.5182    0.5116    0.5748
ind53        -0.8492    0.0978    0.5442    0.4922    0.3920   -0.8492    0.7006   -0.6939    0.5178    0.8392    0.6874    0.7475   -0.0089    0.7381    0.4993    0.4736    0.6728    0.4503    0.0088   -0.0128    0.2150   -0.8492    0.6626    0.5425    0.0203    0.7038    0.5620    0.1270    0.5108    0.5087    0.5921    0.3432    0.0334    0.6631    0.8604   -0.7921    0.8213    0.6869    0.7479    0.2701    0.6751    0.7325   -0.4239    0.8869    0.7177    0.9439    0.8738    0.8845    0.5671    0.6795    0.9043    0.7503    1.0000    0.9001    0.6190   -0.8902    0.7698    0.6223    0.6724    0.6389    0.8615    0.8718    0.6601    0.8448    0.9049    0.8969    0.2935    0.6389    0.1372    0.3993    0.4000    0.7357    0.6671    0.7322    0.6472    0.5932    0.5661    0.6289    0.4390   -0.0450    0.5881    0.6997    0.6039    0.6457    0.5222    0.7454    0.3377    0.6540    0.4684    0.5047    0.6346    0.4691    0.3384    0.1976    0.5587    0.4775    0.1905    0.6403    0.3580    0.2301    0.7495    0.1181    0.7234    0.5210    0.5883    0.6474   -0.0446   -0.8492    0.6337    0.4500    0.3831    0.6089    0.8057    0.2278   -0.2444    0.6377    0.0843    0.5550    0.2801   -0.1636    0.6662   -0.1588    0.6651   -0.8492    0.6184    0.7107    0.7035    0.5388    0.1174    0.3440    0.6615    0.7249    0.7181
ind54        -0.7847   -0.0022    0.4797    0.4277    0.3509   -0.7847    0.6362   -0.7350    0.4534    0.7748    0.6230    0.6830   -0.0734    0.6736    0.4582    0.5147    0.6083    0.3859   -0.0556   -0.0539    0.1739   -0.7847    0.5981    0.4426    0.0848    0.6039    0.4976    0.1214    0.4109    0.4442    0.5277    0.2788   -0.0310    0.5986    0.7960   -0.7277    0.7214    0.5870    0.7423    0.2056    0.6107    0.6680   -0.4650    0.8224    0.6532    0.8794    0.8094    0.8200    0.5027    0.6150    0.8398    0.6858    0.9001    1.0000    0.5545   -0.8258    0.7642    0.5579    0.6079    0.5744    0.7970    0.8073    0.6545    0.7803    0.8404    0.8325    0.2291    0.5744    0.0728    0.2994    0.3001    0.6358    0.5671    0.6678    0.5472    0.4932    0.5016    0.5645    0.3391   -0.1095    0.5236    0.6352    0.5395    0.5813    0.4577    0.6455    0.2732    0.5895    0.4039    0.5458    0.5935    0.4046    0.2739    0.1565    0.4588    0.4131    0.0905    0.5403    0.2580    0.1301    0.6496    0.0537    0.6235    0.4211    0.5238    0.5830   -0.1445   -0.7847    0.5927    0.3501    0.3187    0.5089    0.7058    0.1633   -0.2855    0.5733    0.0198    0.4551    0.1802   -0.2635    0.5662   -0.2588    0.6007   -0.7847    0.5185    0.6108    0.6036    0.4743    0.0175    0.2796    0.5970    0.6250    0.6536
ind55        -1.1236   -0.1657    0.6013    0.3686    0.2437   -1.1236    0.4974   -0.5539    0.4283    0.5283    0.4939    0.5176   -0.3545    0.4274    0.4334    0.4918    0.5048    0.2838    0.0777    0.0320    0.1174   -1.1236    0.3864    0.3930   -0.1832    0.4280    0.3228   -0.0787    0.4489    0.4876    0.4729    0.1136    0.0052    0.7001    0.5149   -1.0666    0.7611    0.5586    0.4372   -0.0406    0.6494    0.7630   -0.6162    0.6130    0.6830    0.5983    0.7050    0.6577    0.5894    0.3339    0.6305    0.8098    0.6190    0.5545    1.0000   -1.0825    0.4964    0.4667    0.5785    0.7997    0.6225    0.5262    0.4212    0.7742    0.5593    0.5886    0.5028    0.4704    0.1595    0.5774    0.1965    0.5309    0.4945    0.4920    0.3366    0.7044    0.5756    0.6157    0.3265    0.0594    0.3484    0.5790    0.6037    0.4980    0.4687    0.5430    0.2370    0.5443    0.3957    0.3933    0.4547    0.6364    0.4413    0.2034    0.4954    0.7052    0.2557    0.5069    0.2957    0.3762    0.4049    0.2176    0.4136    0.2112    0.3486    0.3731   -0.1386   -1.1236    0.3240    0.4970    0.4115    0.3813    0.4611    0.2480   -0.5188    0.4679    0.0703    0.4382    0.2037   -0.3568    0.3908   -0.1167    0.4606   -1.1236    0.4143    0.3660    0.4283    0.3342    0.1206    0.1743    0.4684    0.4152    0.4435
ind56         0.9589   -1.5263   -1.1570   -0.7602   -0.7644    0.9589   -0.8560   -1.1846   -0.8949   -0.8831   -0.8960   -0.8324   -0.1282   -0.7473   -0.5981   -0.9610   -0.6694   -0.9702   -1.6848   -0.3798   -0.8859    0.9589   -0.8079   -0.7005   -0.0871   -0.8190   -1.0165   -1.2924   -0.6370   -0.6895   -1.0730   -0.6702   -1.6193   -0.9864   -0.7861    0.9019   -0.9606   -0.7581   -0.8380   -1.1029   -0.9008   -1.0494    0.5337   -0.8126   -1.1032   -0.8696   -0.9041   -0.8568   -1.1831   -0.9551   -0.8300   -1.0438   -0.8902   -0.8258   -1.0825    1.0000   -0.8230   -1.2330   -0.7432   -1.0857   -0.7872   -0.9826   -0.5858   -1.0454   -0.9853   -0.9095   -0.9361   -0.7593   -1.5275   -1.0490   -0.8360   -0.8943   -0.8924   -0.8899   -0.8562   -1.0137   -0.6950   -0.9674   -0.7635   -1.5637   -0.9394   -0.8644   -0.9950   -0.7441   -1.1228   -0.7832   -1.2904   -0.7963   -0.9748   -0.6360   -0.9644   -1.2323   -1.1361   -1.2471   -0.9344   -1.0604   -1.3027   -0.8828   -1.2204   -1.1275   -0.6761   -1.3478   -0.7314   -0.7556   -0.8584   -0.7282   -0.0563    0.9589   -0.6099   -0.9418   -0.8596   -0.9287   -0.7730   -1.2714    0.3541   -0.8089   -1.4463   -1.0199   -1.0336   -1.4773   -0.7699   -1.6612   -0.9273    0.9589   -0.9617   -0.7560   -0.7461   -0.9190   -1.3293   -1.0041   -0.7862   -0.7330   -0.9102
ind57        -0.7820   -0.0157    0.4250    0.3735    0.3323   -0.7820    0.6227   -0.7525    0.3956    0.6445    0.5293    0.5929   -0.0372    0.6909    0.4725    0.3504    0.6227    0.4032   -0.1859   -0.1120    0.1918   -0.7820    0.5393    0.4735   -0.0252    0.5451    0.4039    0.1965    0.3527    0.3854    0.4747    0.3539   -0.0745    0.6692    0.8321   -0.7249    0.6650    0.5306    0.8871    0.3174    0.6760    0.6984   -0.3567    0.8019    0.5229    0.8259    0.7914    0.8387    0.3724    0.6082    0.7468    0.5928    0.7698    0.7642    0.4964   -0.8230    1.0000    0.4276    0.5864    0.6031    0.7755    0.7129    0.6731    0.6500    0.7509    0.8263    0.2075    0.5928   -0.0575    0.2779    0.2419    0.5763    0.5478    0.6090    0.4895    0.3988    0.4801    0.4342    0.3564   -0.2398    0.5415    0.5757    0.4451    0.6363    0.3623    0.5932    0.1796    0.6482    0.3824    0.4187    0.5388    0.4333    0.2551    0.1408    0.3652    0.3567    0.0700    0.4467    0.1644    0.0365    0.6499    0.0008    0.6592    0.5329    0.5818    0.5283   -0.0735   -0.7820    0.5339    0.2913    0.3006    0.4194    0.6480    0.2693   -0.1772    0.5911    0.0537    0.4057    0.1616   -0.2283    0.5482   -0.2664    0.5836   -0.7820    0.4289    0.6475    0.6794    0.4166   -0.0355    0.4782    0.6686    0.6428    0.6007
ind58        -1.1920    0.0302    0.4637    0.4035    0.1561   -1.1920    0.4787   -0.8098    0.2820    0.5685    0.4578    0.5645   -0.2383    0.4328    0.2611    0.3096    0.4000    0.2163    0.3516   -0.1753    0.0138   -1.1920    0.3552    0.2343   -0.2879    0.3979    0.4387   -0.1437    0.2068    0.3059    0.5539    0.0010   -0.0858    0.4642    0.5182   -1.1350    0.5524    0.4528    0.4775   -0.0721    0.4417    0.4990   -0.7667    0.5446    0.7493    0.6017    0.6362    0.5889    0.6008    0.4863    0.5621    0.5980    0.6223    0.5579    0.4667   -1.2330    0.4276    1.0000    0.4738    0.4401    0.5193    0.6006    0.3528    0.6925    0.5627    0.5547    0.1665    0.4031    0.2950    0.1632    0.1287    0.4295    0.4429    0.4616    0.3410    0.4747    0.2996    0.4436    0.1774   -0.0544    0.2805    0.4290    0.5596    0.3384    0.3330    0.4023    0.2195    0.3118    0.2367    0.1974    0.5162    0.3071    0.3290   -0.0344    0.3613    0.3971    0.0279    0.4062    0.4345    0.1913    0.3718    0.1148    0.3806    0.1434    0.3935    0.4181   -0.3874   -1.1920    0.2909    0.2118    0.1458    0.4086    0.4629    0.0758   -0.5872    0.4004   -0.1143    0.4716    0.0440   -0.4343    0.3233    0.1834    0.4624   -1.1920    0.4882    0.4110    0.3604    0.5220   -0.0355    0.2124    0.3888    0.3821    0.4454
ind59        -0.7022   -0.1588    0.4669    0.5140    0.4001   -0.7022    0.5287   -0.5197    0.5478    0.5471    0.5374    0.5245   -0.1483    0.5174    0.6697    0.4674    0.6764    0.3742   -0.1035    0.1961    0.3505   -0.7022    0.6149    0.5770    0.1671    0.5171    0.4944   -0.0611    0.5795    0.6892    0.5164    0.1551   -0.0483    0.6244    0.6396   -0.6451    0.7471    0.7573    0.6252    0.0841    0.6713    0.6938   -0.2769    0.7497    0.6055    0.6884    0.7238    0.7011    0.4201    0.4587    0.6839    0.6405    0.6724    0.6079    0.5785   -0.7432    0.5864    0.4738    1.0000    0.5987    0.7126    0.5797    0.7613    0.6978    0.6128    0.6887    0.5043    0.5727    0.0879    0.4058    0.3813    0.5485    0.4790    0.5463    0.3909    0.4897    0.6760    0.5277    0.3336   -0.1572    0.4385    0.5479    0.5261    0.6202    0.3689    0.6609    0.2226    0.5861    0.5128    0.6119    0.4153    0.4270    0.2595    0.1581    0.4457    0.5218    0.1859    0.5984    0.1734    0.2490    0.4949    0.0773    0.5386    0.3360    0.4389    0.6451   -0.1327   -0.7022    0.4489    0.4185    0.3524    0.3525    0.5860    0.2244   -0.0973    0.5928    0.0435    0.3725    0.2137   -0.2503    0.5158   -0.3065    0.5509   -0.7022    0.4321    0.4561    0.4838    0.4246    0.0756    0.2647    0.5608    0.5401    0.5338
ind60        -1.0446   -0.1577    0.5177    0.3888    0.2068   -1.0446    0.4138   -0.6720    0.4484    0.5482    0.5141    0.4912   -0.2999    0.5061    0.4536    0.4773    0.5249    0.2693    0.0287   -0.0049    0.1029   -1.0446    0.3718    0.4131   -0.1042    0.4135    0.3428   -0.0586    0.3869    0.4731    0.4809    0.1338    0.0655    0.7724    0.5695   -0.9876    0.7465    0.5440    0.5440    0.0140    0.7216    0.8353   -0.6782    0.5985    0.6563    0.6182    0.7249    0.6310    0.5058    0.4754    0.6159    0.7850    0.6389    0.5744    0.7997   -1.0857    0.6031    0.4401    0.5987    1.0000    0.6080    0.5462    0.4655    0.7475    0.5793    0.6954    0.4409    0.4905    0.1694    0.5405    0.2167    0.5510    0.5044    0.5467    0.3912    0.5389    0.5136    0.5322    0.2768   -0.1064    0.4030    0.6580    0.6361    0.5181    0.4441    0.5631    0.1536    0.5074    0.4747    0.4723    0.4523    0.6863    0.3690    0.2236    0.5155    0.6217    0.2188    0.5271    0.2690    0.3020    0.4836    0.2256    0.4336    0.3247    0.3685    0.4277   -0.1661   -1.0446    0.3439    0.4695    0.3493    0.4012    0.4810    0.3081   -0.4987    0.4534    0.2117    0.4582    0.1761   -0.3368    0.3763   -0.1136    0.4805   -1.0446    0.4342    0.3860    0.4482    0.3542    0.0941    0.2811    0.4883    0.4351    0.4634
ind61        -0.7461   -0.0408    0.4760    0.4236    0.3594   -0.7461    0.5976   -0.6275    0.4859    0.7362    0.6555    0.6789   -0.0754    0.7065    0.5040    0.4765    0.7129    0.4532   -0.0942    0.0536    0.1831   -0.7461    0.6655    0.5100   -0.0116    0.6713    0.4956    0.0933    0.4789    0.5116    0.5257    0.3095   -0.0351    0.6684    0.7940   -0.6891    0.7911    0.6567    0.7163    0.2385    0.7153    0.7378   -0.3208    0.8921    0.6146    0.8774    0.8429    0.8902    0.4641    0.6131    0.8730    0.6845    0.8615    0.7970    0.6225   -0.7872    0.7755    0.5193    0.7126    0.6080    1.0000    0.7687    0.7003    0.7417    0.8018    0.8311    0.3337    0.6424    0.0342    0.4040    0.3681    0.6665    0.5634    0.7007    0.5453    0.4891    0.6063    0.5604    0.4065   -0.1481    0.5566    0.6660    0.5353    0.6859    0.4884    0.6786    0.3057    0.6575    0.5085    0.5449    0.5310    0.4726    0.2702    0.1674    0.4913    0.4828    0.1603    0.5728    0.2561    0.1282    0.6476    0.0517    0.6564    0.4540    0.5567    0.5793   -0.1116   -0.7461    0.5667    0.3830    0.3516    0.4703    0.7038    0.2335   -0.1413    0.6407    0.0179    0.4165    0.2131   -0.2306    0.6336   -0.2974    0.5987   -0.7461    0.4799    0.6088    0.6365    0.4724    0.0500    0.3125    0.6299    0.6579    0.6517
ind62        -0.9415    0.0054    0.4514    0.4353    0.2638   -0.9415    0.6438   -0.8221    0.4610    0.7465    0.5947    0.6548   -0.0658    0.6812    0.4070    0.3808    0.6159    0.3935   -0.0129   -0.1410    0.1227   -0.9415    0.6839    0.4502   -0.1079    0.5756    0.4693    0.0702    0.3826    0.4159    0.4994    0.2864   -0.0593    0.5703    0.8036   -0.8845    0.6931    0.5587    0.6910    0.2132    0.5824    0.6397   -0.5162    0.8300    0.6960    0.8511    0.7811    0.7918    0.5454    0.7718    0.8116    0.6576    0.8718    0.8073    0.5262   -0.9826    0.7129    0.6006    0.5797    0.5462    0.7687    1.0000    0.5674    0.7520    0.9262    0.8042    0.2008    0.5820    0.0445    0.2711    0.2718    0.6434    0.5747    0.6395    0.5548    0.5719    0.4734    0.5362    0.3467    0.0473    0.5312    0.6428    0.6181    0.5889    0.5434    0.6172    0.4300    0.5971    0.3756    0.4120    0.5775    0.3763    0.3526    0.1834    0.4305    0.3848    0.0981    0.5121    0.3008    0.1019    0.6213    0.0254    0.5952    0.4287    0.5314    0.5547   -0.1369   -0.9415    0.5055    0.3218    0.2904    0.5517    0.7134    0.1350   -0.3367    0.5809   -0.0085    0.4268    0.2659   -0.2918    0.5379   -0.1801    0.6083   -0.9415    0.5613    0.6184    0.5753    0.5530    0.1032    0.3582    0.6046    0.6326    0.6253
ind63        -0.5448   -0.1658    0.3095    0.4008    0.3818   -0.5448    0.4713   -0.5251    0.4178    0.5348    0.4541    0.5177   -0.2017    0.6042    0.7047    0.3100    0.5465    0.3269   -0.2956    0.1560    0.4240   -0.5448    0.6026    0.4832    0.2479    0.5409    0.3291   -0.0090    0.5039    0.6173    0.3243    0.1845   -0.2016    0.5072    0.6328   -0.4877    0.5897    0.5533    0.7119    0.0774    0.5139    0.5364   -0.1783    0.6908    0.4481    0.7163    0.6817    0.7290    0.2627    0.4117    0.6716    0.5420    0.6601    0.6545    0.4212   -0.5858    0.6731    0.3528    0.7613    0.4655    0.7003    0.5674    1.0000    0.5404    0.6005    0.6298    0.2656    0.5257   -0.0453    0.2885    0.2875    0.5013    0.4972    0.4993    0.3800    0.3364    0.5073    0.3590    0.3390   -0.3146    0.3552    0.5235    0.3928    0.6093    0.3808    0.5671    0.1392    0.4963    0.4496    0.5978    0.4246    0.2713    0.1626    0.0610    0.3261    0.3661    0.0869    0.4425    0.0908    0.1035    0.5814   -0.0578    0.5261    0.3878    0.4304    0.5152   -0.1034   -0.5448    0.4952    0.3013    0.2908    0.3400    0.5735    0.1240    0.0012    0.5312   -0.1486    0.2914    0.1367   -0.2926    0.5032   -0.4277    0.4322   -0.5448    0.3495    0.4436    0.5114    0.3059   -0.0804    0.1862    0.5121    0.4915    0.4852
ind64        -1.0044    0.0601    0.6994    0.5134    0.3431   -1.0044    0.6662   -0.5742    0.4690    0.7541    0.6386    0.7090   -0.1287    0.6183    0.4487    0.5336    0.6240    0.4403    0.1641    0.0117    0.2008   -1.0044    0.5428    0.4583   -0.0639    0.5486    0.5486    0.0419    0.4307    0.4935    0.6987    0.2235    0.1499    0.7717    0.7407   -0.9474    0.8112    0.6768    0.6281    0.1503    0.7005    0.7578   -0.5791    0.7671    0.8729    0.8241    0.8587    0.8114    0.7224    0.5597    0.7846    0.9055    0.8448    0.7803    0.7742   -1.0454    0.6500    0.6925    0.6978    0.7475    0.7417    0.7520    0.5404    1.0000    0.7851    0.7772    0.4021    0.5537    0.2925    0.4337    0.3158    0.6514    0.6285    0.6471    0.5265    0.6742    0.5215    0.7142    0.3650    0.1102    0.5393    0.6996    0.7591    0.5260    0.5323    0.6612    0.3355    0.5706    0.4237    0.4213    0.5528    0.4927    0.4573    0.1875    0.5955    0.5964    0.2149    0.6302    0.4390    0.3498    0.6307    0.2734    0.6046    0.4022    0.5395    0.5641   -0.1998   -1.0044    0.5149    0.4358    0.4184    0.5246    0.6869    0.2997   -0.3996    0.6244    0.1583    0.6282    0.2659   -0.2124    0.5473   -0.0391    0.6864   -1.0044    0.6042    0.5918    0.6192    0.5600    0.1885    0.3653    0.6127    0.6061    0.6693
ind65        -0.9443    0.0434    0.5252    0.4325    0.2969   -0.9443    0.6817   -0.7483    0.4582    0.7796    0.6278    0.6879   -0.0686    0.6784    0.4042    0.4139    0.6131    0.3907   -0.0508   -0.1079    0.1199   -0.9443    0.7170    0.4474   -0.0748    0.6087    0.5024    0.1081    0.4157    0.4490    0.5732    0.3243   -0.0262    0.6034    0.8008   -0.8873    0.7262    0.5918    0.7290    0.2512    0.6155    0.6728   -0.5190    0.8272    0.6580    0.8842    0.8142    0.8249    0.5075    0.7339    0.8447    0.6907    0.9049    0.8404    0.5593   -0.9853    0.7509    0.5627    0.6128    0.5793    0.8018    0.9262    0.6005    0.7851    1.0000    0.8373    0.2339    0.6199    0.0776    0.3042    0.3049    0.6406    0.5720    0.6726    0.5520    0.4981    0.5065    0.5693    0.3439    0.0094    0.5692    0.6400    0.5443    0.6268    0.5766    0.6910    0.3921    0.6351    0.4087    0.4451    0.5802    0.4094    0.3195    0.2572    0.4636    0.4179    0.0953    0.5452    0.2629    0.1350    0.6544    0.0992    0.6690    0.4666    0.5693    0.6285   -0.1397   -0.9443    0.5386    0.3549    0.3642    0.5545    0.7106    0.2088   -0.3395    0.6188    0.0654    0.5006    0.2990   -0.2587    0.6118   -0.2540    0.6462   -0.9443    0.5640    0.6563    0.6491    0.4792    0.1770    0.3251    0.6426    0.6706    0.6992
ind66        -0.8684   -0.0053    0.4766    0.4246    0.2889   -0.8684    0.6796   -0.7597    0.4968    0.7716    0.6198    0.6799   -0.0299    0.6705    0.4335    0.4060    0.6890    0.3827   -0.0588   -0.0786    0.1492   -0.8684    0.5950    0.4861    0.0011    0.6008    0.5410    0.0594    0.4916    0.4877    0.5245    0.2757    0.0527    0.7196    0.7928   -0.8114    0.7555    0.6677    0.7671    0.2025    0.7316    0.7889   -0.4431    0.9031    0.6501    0.8763    0.8435    0.8541    0.4995    0.6987    0.8739    0.7199    0.8969    0.8325    0.5886   -0.9095    0.8263    0.5547    0.6887    0.6954    0.8311    0.8042    0.6298    0.7772    0.8373    1.0000    0.3098    0.6085    0.0697    0.3335    0.3808    0.6326    0.5640    0.6646    0.5441    0.4901    0.5824    0.6080    0.3826   -0.1126    0.5205    0.6321    0.5363    0.6154    0.4546    0.7262    0.2701    0.6703    0.4380    0.5210    0.5316    0.5255    0.2708    0.1318    0.4557    0.4472    0.1246    0.5372    0.2549    0.1736    0.6465    0.0505    0.6204    0.4180    0.5207    0.6264   -0.1477   -0.8684    0.5307    0.3469    0.3155    0.5058    0.7027    0.2842   -0.2636    0.5701    0.1035    0.4519    0.1770   -0.2667    0.5631   -0.1751    0.5975   -0.8684    0.5154    0.6076    0.6004    0.4712    0.0143    0.3633    0.5939    0.6219    0.6505
ind67        -0.9771   -0.3813    0.3634    0.3306    0.3187   -0.9771    0.2772   -0.6527    0.4484    0.3590    0.4051    0.3048   -0.3065    0.3373    0.3293    0.2518    0.4141    0.1119   -0.1523   -0.0200    0.0471   -0.9771    0.2670    0.3549   -0.1322    0.3303    0.2348   -0.1889    0.4574    0.4299    0.3321    0.0435   -0.1756    0.4113    0.3033   -0.9201    0.4041    0.3512    0.2202   -0.1933    0.3400    0.4061   -0.5173    0.3708    0.3802    0.3095    0.3795    0.3222    0.2318    0.0798    0.3526    0.3808    0.2935    0.2291    0.5028   -0.9361    0.2075    0.1665    0.5043    0.4409    0.3337    0.2008    0.2656    0.4021    0.2339    0.3098    1.0000    0.3860   -0.0448    0.5410    0.1932    0.4026    0.3052    0.5147    0.3755    0.4432    0.6317    0.5610    0.1549    0.0043    0.3149    0.4525    0.4306    0.4468    0.2717    0.3464    0.3090    0.3705    0.4248    0.4305    0.2287    0.3830    0.1663    0.1319    0.5396    0.6098    0.4202    0.3796    0.1572    0.2630    0.2353    0.0436    0.3197    0.0764    0.2546    0.3318   -0.0661   -0.9771    0.2300    0.4183    0.3662    0.3302    0.3327    0.1074   -0.3723    0.2988   -0.0234    0.3097    0.1199   -0.4831    0.2562   -0.3140    0.3666   -0.9771    0.3206    0.1965    0.2995    0.3198    0.1072    0.0885    0.3886    0.2868    0.3496
ind68        -0.7182    0.0853    0.5678    0.5101    0.3626   -0.7182    0.6179   -0.5964    0.6918    0.7165    0.5942    0.6077    0.0111    0.6881    0.5553    0.3710    0.6779    0.4302   -0.0088    0.1154    0.3444   -0.7182    0.5757    0.6722    0.0757    0.7223    0.4304    0.2087    0.4949    0.5634    0.5424    0.4384    0.0148    0.4796    0.6053   -0.6612    0.5677    0.4682    0.6055    0.1649    0.5403    0.5144   -0.4117    0.6688    0.4973    0.6182    0.6549    0.6310    0.3489    0.3885    0.7346    0.5324    0.6389    0.5744    0.4704   -0.7593    0.5928    0.4031    0.5727    0.4905    0.6424    0.5820    0.5257    0.5537    0.6199    0.6085    0.3860    1.0000    0.0348    0.4215    0.4212    0.7527    0.5425    0.7150    0.5954    0.5387    0.5393    0.5647    0.4795   -0.0631    0.5746    0.7528    0.6221    0.7280    0.4904    0.7206    0.3449    0.7135    0.4765    0.5229    0.6226    0.4397    0.3954    0.1388    0.5401    0.5324    0.1614    0.5391    0.3068    0.1291    0.5443    0.0567    0.6287    0.4620    0.5629    0.5862    0.0146   -0.7182    0.4983    0.3839    0.2873    0.5867    0.6347    0.2058   -0.1134    0.6122    0.0241    0.4980    0.2160   -0.2970    0.6059   -0.1393    0.6415   -0.7182    0.5963    0.5455    0.6085    0.4747    0.0549    0.3553    0.6727    0.6661    0.6586
ind69        -1.4864   -0.3388    0.2027   -0.0843   -0.1668   -1.4864    0.0623   -0.6339   -0.0092    0.1645    0.2001    0.1831   -0.6080    0.0876   -0.1253   -0.1395   -0.0144   -0.1862    0.2425   -0.3931   -0.0691   -1.4864   -0.1647   -0.1787   -0.5460    0.0294   -0.1244   -0.5237   -0.1732   -0.0461    0.1821   -0.3338   -0.4394    0.1001    0.0678   -1.4294    0.1395    0.0682    0.0206   -0.5225   -0.0070    0.0862   -1.1545    0.0596    0.3137    0.1166    0.1511    0.1038    0.2571   -0.0351    0.0770    0.3497    0.1372    0.0728    0.1595   -1.5275   -0.0575    0.2950    0.0879    0.1694    0.0342    0.0445   -0.0453    0.2925    0.0776    0.0697   -0.0448    0.0348    1.0000    0.0811   -0.2857    0.1760    0.2330    0.2061    0.0855    0.1777   -0.0441    0.2836   -0.1786   -0.1553    0.2148    0.2049    0.2645   -0.0358    0.2040    0.0587   -0.0516    0.0373   -0.0395   -0.0098    0.1343    0.1056    0.0976   -0.2922    0.2297    0.2065   -0.1314    0.0670    0.2336   -0.2478    0.0509   -0.2898    0.0067   -0.1429    0.0196    0.0381   -0.7630   -1.4864   -0.0830   -0.1274   -0.1794   -0.0005    0.0545   -0.2201   -0.9404   -0.0487   -0.3255    0.1811   -0.3356   -0.7448   -0.0913   -0.1095    0.0885   -1.4864    0.0791    0.0313    0.0214    0.0771   -0.4092   -0.2671   -0.0196   -0.0262    0.0714
ind70        -1.0079   -0.1614    0.4171    0.2828    0.2877   -1.0079    0.2418   -0.5388    0.4160    0.4294    0.3921    0.3326   -0.3602    0.3651    0.4558    0.3166    0.4030    0.1086   -0.1063    0.0159    0.1054   -1.0079    0.3025    0.4154   -0.1629    0.4373    0.2236   -0.1186    0.3483    0.4382    0.3230    0.1074   -0.1401    0.4428    0.3310   -0.9509    0.5393    0.3368    0.2556   -0.1656    0.4397    0.5058   -0.6302    0.3945    0.3769    0.3798    0.4498    0.3926    0.3203    0.1501    0.4229    0.4693    0.3993    0.2994    0.5774   -1.0490    0.2779    0.1632    0.4058    0.5405    0.4040    0.2711    0.2885    0.4337    0.3042    0.3335    0.5410    0.4215    0.0811    1.0000    0.2537    0.5445    0.4616    0.5424    0.5174    0.4752    0.4859    0.6029    0.0971   -0.0294    0.3427    0.4803    0.4196    0.4351    0.4421    0.4417    0.2843    0.4086    0.3729    0.4193    0.3888    0.6176    0.2159    0.3339    0.6374    0.6483    0.3452    0.4752    0.3363    0.2953    0.3772    0.1817    0.3860    0.2183    0.3634    0.2720   -0.1051   -1.0079    0.2963    0.4219    0.3442    0.3539    0.3990    0.2554   -0.4031    0.3342    0.1246    0.4501    0.1310   -0.3819    0.3632   -0.1514    0.4754   -1.0079    0.3869    0.3384    0.4007    0.2719    0.0078    0.0407    0.3347    0.3170    0.4583
ind71        -0.7949   -0.2387    0.2411    0.2018    0.2518   -0.7949    0.2670   -0.7974    0.3110    0.4301    0.3515    0.3752   -0.2394    0.3292    0.2808    0.1727    0.4904    0.6795   -0.3638   -0.1161    0.0351   -0.7949    0.3433    0.3697    0.0114    0.4004    0.1992   -0.0420    0.3751    0.3051    0.2171    0.0027   -0.2698    0.2058    0.2951   -0.7379    0.3294    0.2765    0.2546   -0.2604    0.2657    0.2406   -0.5094    0.4052    0.2580    0.3439    0.3805    0.3566    0.1095    0.2064    0.4236    0.2585    0.4000    0.3001    0.1965   -0.8360    0.2419    0.1287    0.3813    0.2167    0.3681    0.2718    0.2875    0.3158    0.3049    0.3808    0.1932    0.4212   -0.2857    0.2537    1.0000    0.4313    0.2573    0.3926    0.3088    0.2178    0.3885    0.3719    0.1067   -0.4202    0.2479    0.3964    0.2658    0.3428    0.1802    0.4531    0.0344    0.3631    0.2446    0.2957    0.3386    0.1295   -0.0380   -0.1149    0.2548    0.1877   -0.0767    0.3361    0.0213   -0.0618    0.3413   -0.1801    0.3850    0.5418    0.2902    0.3960   -0.2428   -0.7949    0.2953    0.1808    0.0505    0.3070    0.3979    0.0610   -0.2823    0.3051   -0.2830    0.2183    0.1910   -0.4926    0.3622   -0.2482    0.2903   -0.7949    0.3166    0.3444    0.3647    0.2428   -0.1448    0.0115    0.3290    0.4500    0.3432
ind72        -0.8532    0.1422    0.5527    0.4514    0.4253   -0.8532    0.5664   -0.6614    0.6331    0.7406    0.6574    0.6345   -0.1085    0.7123    0.5291    0.4338    0.7036    0.4930    0.0172    0.0910    0.3201   -0.8532    0.5152    0.6453    0.0513    0.7486    0.3817    0.1576    0.4706    0.4684    0.5276    0.3492    0.0404    0.5401    0.6667   -0.7962    0.6637    0.5293    0.5913    0.1112    0.6008    0.5749   -0.5122    0.6929    0.5602    0.6796    0.6790    0.6551    0.4466    0.4499    0.7587    0.5928    0.7357    0.6358    0.5309   -0.8943    0.5763    0.4295    0.5485    0.5510    0.6665    0.6434    0.5013    0.6514    0.6406    0.6326    0.4026    0.7527    0.1760    0.5445    0.4313    1.0000    0.7534    0.8171    0.7691    0.6719    0.5626    0.7031    0.4327    0.0433    0.5944    0.8132    0.6826    0.6409    0.5949    0.7775    0.4485    0.6960    0.5429    0.5423    0.6776    0.5418    0.3811    0.1584    0.6013    0.5154    0.3366    0.6018    0.4044    0.1918    0.6419    0.0071    0.6507    0.5189    0.5133    0.5366   -0.0831   -0.8532    0.5610    0.4466    0.2377    0.6087    0.6974    0.1189   -0.2484    0.5626   -0.0255    0.5548    0.3136   -0.1994    0.6279   -0.0766    0.5919   -0.8532    0.6182    0.6023    0.6654    0.4659    0.0769    0.3057    0.6231    0.6520    0.6090
ind73        -0.8514    0.0894    0.5508    0.4301    0.4164   -0.8514    0.6841   -0.6977    0.3866    0.6374    0.5259    0.6262   -0.0944    0.7486    0.4255    0.2931    0.4929    0.3225    0.0579   -0.0285    0.1837   -0.8514    0.4121    0.3987   -0.0579    0.5730    0.3467    0.0242    0.3311    0.3282    0.5047    0.3288   -0.0171    0.4403    0.6808   -0.7944    0.5584    0.4240    0.5628    0.1253    0.4947    0.4696   -0.5325    0.5898    0.5013    0.6511    0.6859    0.6732    0.4448    0.3812    0.6190    0.6498    0.6671    0.5671    0.4945   -0.8924    0.5478    0.4429    0.4790    0.5044    0.5634    0.5747    0.4972    0.6285    0.5720    0.5640    0.3052    0.5425    0.2330    0.4616    0.2573    0.7534    1.0000    0.7205    0.6300    0.6355    0.3873    0.5968    0.4047    0.0473    0.4974    0.7047    0.6907    0.5445    0.5837    0.5309    0.3055    0.6605    0.4264    0.4258    0.5955    0.4952    0.4745    0.1316    0.5403    0.5580    0.2963    0.4957    0.3089    0.1321    0.5993   -0.0159    0.5091    0.4763    0.4139    0.4317   -0.1057   -0.8514    0.4194    0.3404    0.2027    0.4391    0.5924    0.0939   -0.3054    0.4932   -0.0964    0.4529    0.2475   -0.2308    0.4518   -0.1150    0.4857   -0.8514    0.4762    0.4974    0.5293    0.4388    0.0195    0.2822    0.4469    0.5104    0.4328
ind74        -0.8489    0.0676    0.6201    0.4565    0.3866   -0.8489    0.6424   -0.7001    0.5957    0.8444    0.7323    0.7091    0.0386    0.8227    0.4930    0.4295    0.6633    0.4528    0.0926   -0.0188    0.1744   -0.8489    0.5866    0.5363    0.0186    0.7463    0.4857    0.1565    0.4319    0.5377    0.6316    0.3890    0.0388    0.5379    0.7420   -0.7919    0.6260    0.4916    0.6240    0.1865    0.5619    0.5727   -0.4712    0.6912    0.5903    0.7482    0.7110    0.7237    0.4767    0.5185    0.7196    0.5885    0.7322    0.6678    0.4920   -0.8899    0.6090    0.4616    0.5463    0.5467    0.7007    0.6395    0.4993    0.6471    0.6726    0.6646    0.5147    0.7150    0.2061    0.5424    0.3926    0.8171    0.7205    1.0000    0.8020    0.5617    0.6321    0.7360    0.3955    0.0793    0.7051    0.8184    0.6877    0.6829    0.5924    0.6304    0.4469    0.7011    0.5779    0.5745    0.6753    0.5393    0.3773    0.1989    0.6782    0.5921    0.2696    0.5631    0.4002    0.1531    0.6377    0.1111    0.6465    0.4788    0.5814    0.6040   -0.0443   -0.8489    0.5568    0.4423    0.3417    0.6104    0.6594    0.1863   -0.2441    0.5618    0.0440    0.5140    0.2749   -0.2381    0.5892   -0.1533    0.6234   -0.8489    0.5774    0.5989    0.6611    0.5765    0.0404    0.3453    0.6201    0.6135    0.6763
ind75        -0.8151    0.1414    0.4646    0.3293    0.3896   -0.8151    0.5151   -0.7185    0.5110    0.7238    0.5692    0.5460    0.0570    0.6605    0.4451    0.2740    0.5438    0.3333   -0.0705   -0.0372    0.1264   -0.8151    0.4312    0.4883   -0.1078    0.6624    0.3651    0.1826    0.3481    0.3822    0.5979    0.3218   -0.0818    0.4174    0.6148   -0.7581    0.5410    0.4066    0.5045    0.0833    0.4065    0.4522   -0.4375    0.6065    0.4698    0.6276    0.5556    0.5683    0.3562    0.3980    0.5990    0.4679    0.6472    0.5472    0.3366   -0.8562    0.4895    0.3410    0.3909    0.3912    0.5453    0.5548    0.3800    0.5265    0.5520    0.5441    0.3755    0.5954    0.0855    0.5174    0.3088    0.7691    0.6300    0.8020    1.0000    0.5125    0.5355    0.6743    0.3114   -0.0250    0.6018    0.6562    0.5605    0.5569    0.4370    0.5814    0.3264    0.5390    0.4225    0.4191    0.5914    0.3839    0.2577    0.1662    0.6455    0.4290    0.2139    0.5141    0.4380    0.1041    0.5887    0.0559    0.5626    0.4308    0.5273    0.5140   -0.0760   -0.8151    0.4729    0.3585    0.2517    0.6056    0.6463    0.0309   -0.2103    0.4422   -0.0765    0.4650    0.3433   -0.1697    0.5053   -0.0796    0.5387   -0.8151    0.6152    0.6512    0.5773    0.5361   -0.0086    0.3354    0.5006    0.5295    0.5558
ind76        -1.0547    0.0102    0.5975    0.4255    0.3022   -1.0547    0.5275   -0.5574    0.5492    0.5981    0.5615    0.5386   -0.2510    0.4982    0.4342    0.3364    0.4895    0.2790    0.2145    0.0631    0.1886   -1.0547    0.3378    0.3951   -0.1502    0.4985    0.3092   -0.0198    0.3879    0.4196    0.5017    0.1822    0.1097    0.5628    0.5241   -0.9977    0.5912    0.4568    0.4139   -0.0662    0.4567    0.5024   -0.5949    0.5504    0.6540    0.5370    0.5716    0.5243    0.5974    0.3784    0.5795    0.6726    0.5932    0.4932    0.7044   -1.0137    0.3988    0.4747    0.4897    0.5389    0.4891    0.5719    0.3364    0.6742    0.4981    0.4901    0.4432    0.5387    0.1777    0.4752    0.2178    0.6719    0.6355    0.5617    0.5125    1.0000    0.5159    0.6349    0.3840    0.1615    0.4170    0.6845    0.7764    0.4274    0.4917    0.5622    0.3660    0.5756    0.3361    0.2869    0.5921    0.4600    0.5791    0.0964    0.5413    0.5637    0.2536    0.4565    0.4720    0.3191    0.4266    0.0764    0.4006    0.2687    0.3359    0.4079   -0.1559   -1.0547    0.3109    0.4438    0.3563    0.5110    0.5187    0.0681   -0.4499    0.4552   -0.0028    0.4582    0.3108   -0.3329    0.3777    0.0015    0.4827   -1.0547    0.5440    0.4237    0.4152    0.4644    0.0149    0.2327    0.5043    0.4380    0.4298
ind77        -0.7361   -0.1433    0.4478    0.3378    0.3451   -0.7361    0.4724   -0.6097    0.5144    0.5970    0.5551    0.5422   -0.0694    0.5674    0.4664    0.3802    0.6592    0.3569   -0.1222    0.0717    0.1841   -0.7361    0.5506    0.5620    0.0324    0.5680    0.4025    0.0491    0.6453    0.5623    0.4594    0.2270   -0.1377    0.4840    0.5333   -0.6791    0.6067    0.5189    0.4579    0.0367    0.5426    0.6087   -0.2763    0.6434    0.4647    0.5821    0.5475    0.5948    0.3511    0.3524    0.6252    0.5001    0.5661    0.5016    0.5756   -0.6950    0.4801    0.2996    0.6760    0.5136    0.6063    0.4734    0.5073    0.5215    0.5065    0.5824    0.6317    0.5393   -0.0441    0.4859    0.3885    0.5626    0.3873    0.6321    0.5355    0.5159    1.0000    0.6723    0.3580   -0.0725    0.5104    0.5993    0.5074    0.6550    0.3481    0.6381    0.2390    0.6005    0.6265    0.5942    0.5086    0.4264    0.2508    0.2046    0.5756    0.4366    0.1504    0.5065    0.1892    0.2601    0.5079    0.0827    0.5167    0.3490    0.4589    0.6652   -0.0081   -0.7361    0.4270    0.4641    0.4399    0.4034    0.5297    0.1878   -0.1313    0.5084    0.0502    0.3883    0.2832   -0.3259    0.4939   -0.2283    0.4590   -0.7361    0.4130    0.5110    0.4968    0.4115    0.0464    0.1802    0.5463    0.5257    0.5120
ind78        -0.9263    0.0007    0.6626    0.3815    0.3397   -0.9263    0.6388   -0.5764    0.5266    0.6945    0.5740    0.6443   -0.0851    0.5587    0.3527    0.3642    0.6059    0.3410    0.1275    0.0097    0.1071   -0.9263    0.4463    0.4789   -0.0447    0.5593    0.4287    0.1116    0.4499    0.4439    0.5668    0.2549    0.0550    0.5562    0.5595   -0.8693    0.5957    0.5079    0.4492    0.0280    0.4967    0.5424   -0.5487    0.6323    0.6574    0.6083    0.5728    0.5955    0.6008    0.3786    0.6508    0.7126    0.6289    0.5645    0.6157   -0.9674    0.4342    0.4436    0.5277    0.5322    0.5604    0.5362    0.3590    0.7142    0.5693    0.6080    0.5610    0.5647    0.2836    0.6029    0.3719    0.7031    0.5968    0.7360    0.6743    0.6349    0.6723    1.0000    0.3484    0.1730    0.5363    0.7105    0.7001    0.5000    0.6410    0.6445    0.4814    0.6482    0.5127    0.5172    0.5862    0.5314    0.3835    0.1383    0.6298    0.6351    0.2536    0.5328    0.3452    0.2301    0.5341    0.1415    0.5080    0.3403    0.4429    0.5488   -0.2029   -0.9263    0.4184    0.3039    0.2519    0.5009    0.5559    0.1332   -0.3215    0.4578    0.0279    0.5344    0.1364   -0.3765    0.4852   -0.0758    0.5198   -0.9263    0.5104    0.4953    0.5227    0.4304    0.0566    0.1643    0.4817    0.4751    0.5728
ind79        -0.8045   -0.1892    0.2176    0.2279    0.1288   -0.8045    0.3914   -0.9515    0.3325    0.3604    0.3489    0.4591   -0.0925    0.4311    0.2678    0.1356    0.4520    0.1884   -0.3183   -0.2823   -0.0131   -0.8045    0.2900    0.4319   -0.0875    0.4017    0.2411   -0.1013    0.3917    0.2877    0.2657    0.1187   -0.2947    0.2839    0.4468   -0.7475    0.3673    0.3144    0.3693   -0.0343    0.2677    0.2785   -0.5302    0.4795    0.3086    0.4597    0.4225    0.4818    0.1232    0.2820    0.4254    0.3652    0.4390    0.3391    0.3265   -0.7635    0.3564    0.1774    0.3336    0.2768    0.4065    0.3467    0.3390    0.3650    0.3439    0.3826    0.1549    0.4795   -0.1786    0.0971    0.1067    0.4327    0.4047    0.3955    0.3114    0.3840    0.3580    0.3484    1.0000   -0.2898    0.2514    0.4555    0.3715    0.4141    0.3236    0.4528    0.0820    0.4032    0.2252    0.3427    0.2613    0.1302    0.2234   -0.2231    0.2561    0.2564   -0.0759    0.3020    0.0328    0.0673    0.4063   -0.1734    0.3509    0.2832    0.3264    0.3196   -0.1499   -0.8045    0.2612    0.2289    0.0928    0.2353    0.4342   -0.0981   -0.2586    0.3356   -0.2525    0.1868    0.0643   -0.2313    0.3281   -0.4499    0.3282   -0.8045    0.2449    0.3043    0.3709    0.2019   -0.1396    0.0822    0.3595    0.3883    0.3453
ind80        -1.6047   -0.4805    0.1029   -0.1762   -0.2647   -1.6047    0.0051   -1.0640   -0.0015    0.0299   -0.0047   -0.0217   -0.7191   -0.0267   -0.3228   -0.2027   -0.1123   -0.2494   -0.1117   -0.4484   -0.4626   -1.6047   -0.0449   -0.1710   -0.6176    0.0718   -0.2242   -0.6342   -0.1200   -0.1724    0.0127   -0.4018   -0.4683   -0.0822   -0.1066   -1.5477   -0.0427   -0.1423   -0.1899   -0.3385   -0.1051   -0.0961   -1.2160   -0.1227    0.1593   -0.0657   -0.0311   -0.0785    0.2043   -0.1450   -0.0210    0.1086   -0.0450   -0.1095    0.0594   -1.5637   -0.2398   -0.0544   -0.1572   -0.1064   -0.1481    0.0473   -0.3146    0.1102    0.0094   -0.1126    0.0043   -0.0631   -0.1553   -0.0294   -0.4202    0.0433    0.0473    0.0793   -0.0250    0.1615   -0.0725    0.1730   -0.2898    1.0000   -0.1204    0.0193    0.1499   -0.1277    0.2612   -0.0740    0.1721   -0.0895   -0.2328   -0.2032   -0.0420   -0.0637    0.0575   -0.2937    0.1618    0.1146   -0.2233   -0.0309    0.0115   -0.2635   -0.1060   -0.4243   -0.0565   -0.3345   -0.1582   -0.1743   -0.6773   -1.6047   -0.1461   -0.1432   -0.1971    0.0500   -0.0453   -0.2833   -0.9999   -0.1485   -0.4600    0.0830   -0.2722   -0.6064   -0.0180   -0.2383    0.0253   -1.6047    0.0870   -0.1814   -0.0767    0.0129   -0.2932   -0.2166   -0.0828   -0.0894    0.0083
ind81        -0.8983   -0.0005    0.4802    0.3846    0.2419   -0.8983    0.5748   -0.8400    0.4510    0.6633    0.6245    0.5650   -0.0109    0.6775    0.3489    0.3217    0.5914    0.3809   -0.0880   -0.1993    0.2970   -0.8983    0.4425    0.4285   -0.0892    0.5293    0.3779    0.0750    0.3241    0.3576    0.5646    0.3803   -0.1059    0.3942    0.6337   -0.8413    0.4824    0.3480    0.5196    0.1778    0.4542    0.4290   -0.5206    0.5829    0.4467    0.6041    0.5669    0.5796    0.2961    0.3744    0.5755    0.4448    0.5881    0.5236    0.3484   -0.9394    0.5415    0.2805    0.4385    0.4030    0.5566    0.5312    0.3552    0.5393    0.5692    0.5205    0.3149    0.5746    0.2148    0.3427    0.2479    0.5944    0.4974    0.7051    0.6018    0.4170    0.5104    0.5363    0.2514   -0.1204    1.0000    0.6737    0.5430    0.5795    0.2975    0.5275    0.1883    0.6341    0.3193    0.3529    0.4990    0.2444    0.2369    0.1538    0.5200    0.2972    0.0469    0.4553    0.2196    0.0453    0.5299    0.0440    0.5794    0.4476    0.5502    0.5369   -0.0937   -0.8983    0.4490    0.3345    0.2746    0.4705    0.5875    0.1192   -0.2935    0.5306   -0.0589    0.3741    0.1302   -0.3828    0.5221   -0.2980    0.5922   -0.8983    0.4375    0.5677    0.5941    0.4677   -0.0267    0.3141    0.5890    0.5823    0.6093
ind82        -0.8233    0.1073    0.6380    0.5307    0.3538   -0.8233    0.6457   -0.6476    0.6332    0.7773    0.6995    0.6766   -0.0292    0.8137    0.4942    0.3966    0.6664    0.4559    0.1451    0.0195    0.2486   -0.8233    0.5519    0.5738    0.0812    0.6771    0.4184    0.1943    0.4357    0.4685    0.5643    0.3923    0.1257    0.5882    0.7087   -0.7663    0.6277    0.4933    0.5907    0.1532    0.5636    0.5743   -0.5045    0.6924    0.6083    0.6790    0.6785    0.6545    0.4947    0.4493    0.7215    0.6998    0.6997    0.6352    0.5790   -0.8644    0.5757    0.4290    0.5479    0.6580    0.6660    0.6428    0.5235    0.6996    0.6400    0.6321    0.4525    0.7528    0.2049    0.4803    0.3964    0.8132    0.7047    0.8184    0.6562    0.6845    0.5993    0.7105    0.4555    0.0193    0.6737    1.0000    0.8694    0.6841    0.6238    0.6687    0.3706    0.7753    0.5604    0.5226    0.6427    0.4633    0.4881    0.1661    0.6576    0.5280    0.2291    0.5303    0.3815    0.1689    0.6292    0.0924    0.5792    0.5062    0.5500    0.5733   -0.1121   -0.8233    0.4895    0.3750    0.3230    0.5797    0.6625    0.1190   -0.2774    0.5993    0.0598    0.5319    0.2421   -0.2709    0.5564   -0.0994    0.5920   -0.8233    0.5467    0.5675    0.5938    0.5451    0.0420    0.3483    0.6232    0.6166    0.6090
ind83        -0.9540    0.0582    0.6628    0.5049    0.2932   -0.9540    0.6353   -0.6229    0.5375    0.6816    0.6037    0.6274   -0.1250    0.6831    0.4336    0.3748    0.5357    0.3640    0.2757   -0.0024    0.1879   -0.9540    0.4213    0.4431   -0.0494    0.5465    0.3926    0.0637    0.3438    0.4078    0.6239    0.2617    0.1466    0.6012    0.6129   -0.8970    0.6407    0.5063    0.4601    0.0226    0.5417    0.5873   -0.6351    0.5966    0.7389    0.5833    0.6178    0.5705    0.6254    0.4246    0.6258    0.7594    0.6039    0.5395    0.6037   -0.9950    0.4451    0.5596    0.5261    0.6361    0.5353    0.6181    0.3928    0.7591    0.5443    0.5363    0.4306    0.6221    0.2645    0.4196    0.2658    0.6826    0.6907    0.6877    0.5605    0.7764    0.5074    0.7001    0.3715    0.1499    0.5430    0.8694    1.0000    0.5534    0.5398    0.5729    0.3925    0.6447    0.4685    0.3919    0.6219    0.4414    0.5838    0.1791    0.6706    0.5876    0.2421    0.5433    0.4734    0.2285    0.5335    0.1520    0.4486    0.3755    0.4193    0.4427   -0.2427   -0.9540    0.3589    0.3144    0.2624    0.5550    0.5667    0.1437   -0.4080    0.5387    0.0728    0.5449    0.1814   -0.3315    0.4257    0.0312    0.5662   -0.9540    0.5920    0.4717    0.4632    0.5904    0.1016    0.3587    0.4926    0.4860    0.5133
ind84        -0.7030    0.0102    0.4565    0.5696    0.4225   -0.7030    0.6207   -0.5802    0.5715    0.6053    0.6398    0.6225   -0.0238    0.6541    0.6043    0.3432    0.6502    0.3559   -0.0775    0.0949    0.2832   -0.7030    0.6232    0.6656    0.0940    0.6817    0.3996    0.1440    0.5434    0.5397    0.5454    0.4031   -0.0965    0.4885    0.6914   -0.6460    0.6112    0.5117    0.6121    0.1766    0.5471    0.6132   -0.3598    0.7123    0.4696    0.6617    0.6271    0.6745    0.2842    0.4320    0.7048    0.5046    0.6457    0.5813    0.4980   -0.7441    0.6363    0.3384    0.6202    0.5181    0.6859    0.5889    0.6093    0.5260    0.6268    0.6154    0.4468    0.7280   -0.0358    0.4351    0.3428    0.6409    0.5445    0.6829    0.5569    0.4274    0.6550    0.5000    0.4141   -0.1277    0.5795    0.6841    0.5534    1.0000    0.4257    0.7461    0.2802    0.7163    0.5384    0.6258    0.5475    0.4303    0.2841    0.2735    0.6402    0.5932    0.3081    0.6228    0.2724    0.2335    0.5873    0.1616    0.7124    0.5050    0.6125    0.6469    0.0721   -0.7030    0.5820    0.4883    0.4268    0.6048    0.7550    0.3087   -0.0982    0.6557    0.1636    0.4735    0.1875   -0.2502    0.6489   -0.1550    0.6545   -0.7030    0.5718    0.6251    0.6576    0.5300    0.1960    0.4108    0.6857    0.7137    0.6716
ind85        -1.0817   -0.1017    0.4788    0.2360    0.1946   -1.0817    0.4443   -0.6823    0.3345    0.5160    0.3964    0.5031   -0.3342    0.4739    0.2784    0.2176    0.4515    0.1944    0.0448   -0.1397   -0.0036   -1.0817    0.4860    0.3216   -0.1776    0.4506    0.2021   -0.0563    0.2194    0.2886    0.3132    0.0525   -0.0905    0.3743    0.4527   -1.0247    0.4138    0.3143    0.4122   -0.1027    0.3497    0.3605   -0.7628    0.4789    0.4759    0.5015    0.5009    0.5236    0.5208    0.3858    0.5440    0.5895    0.5222    0.4577    0.4687   -1.1228    0.3623    0.3330    0.3689    0.4441    0.4884    0.5434    0.3808    0.5323    0.5766    0.4546    0.2717    0.4904    0.2040    0.4421    0.1802    0.5949    0.5837    0.5924    0.4370    0.4917    0.3481    0.6410    0.3236    0.2612    0.2975    0.6238    0.5398    0.4257    1.0000    0.4548    0.6643    0.4561    0.4221    0.4215    0.4383    0.4987    0.4445   -0.0601    0.4317    0.5244    0.1846    0.3140    0.2084   -0.0008    0.3781   -0.0772    0.3629    0.2192    0.2978    0.3571   -0.3704   -1.0817    0.2732    0.1588    0.1068    0.3209    0.4103    0.0273   -0.5357    0.3472   -0.0784    0.3588    0.1050   -0.5220    0.4765   -0.0802    0.3398   -1.0817    0.3305    0.2804    0.3427    0.2504    0.1228    0.0536    0.3711    0.3644    0.3928
ind86        -0.7421    0.1077    0.4847    0.5135    0.4515   -0.7421    0.5810   -0.5573    0.6046    0.6668    0.6550    0.6788   -0.1001    0.5677    0.5591    0.4087    0.7264    0.3854   -0.0221    0.1545    0.3476   -0.7421    0.5438    0.6846    0.1983    0.6744    0.4380    0.1349    0.5638    0.5781    0.5660    0.3167   -0.0334    0.5871    0.6405   -0.6851    0.7107    0.6229    0.5340    0.0909    0.6128    0.6219   -0.4356    0.7506    0.5699    0.6893    0.6911    0.6672    0.4194    0.4596    0.8057    0.6398    0.7454    0.6455    0.5430   -0.7832    0.5932    0.4023    0.6609    0.5631    0.6786    0.6172    0.5671    0.6612    0.6910    0.7262    0.3464    0.7206    0.0587    0.4417    0.4531    0.7775    0.5309    0.6304    0.5814    0.5622    0.6381    0.6445    0.4528   -0.0740    0.5275    0.6687    0.5729    0.7461    0.4548    1.0000    0.3433    0.7130    0.4400    0.6112    0.6096    0.4390    0.2773    0.1971    0.5620    0.4819    0.2328    0.6460    0.3651    0.2826    0.6861    0.0920    0.7008    0.5330    0.5275    0.6871   -0.1097   -0.7421    0.5704    0.4559    0.2877    0.6567    0.7057    0.2062   -0.1373    0.5768    0.0594    0.6028    0.2860   -0.2270    0.6780   -0.1517    0.6410   -0.7421    0.6663    0.6514    0.7154    0.4373    0.1618    0.3199    0.6373    0.6662    0.6939
ind87        -1.2494   -0.2126    0.2844    0.1251    0.3171   -1.2494    0.2971   -0.8767    0.2969    0.3687    0.2849    0.3186   -0.4448    0.3062    0.1329    0.1079    0.3417    0.0846   -0.0437   -0.2489   -0.1127   -1.2494    0.3405    0.2491   -0.3456    0.3417    0.1279   -0.2385    0.0737    0.1797    0.2390   -0.1296   -0.2501    0.2142    0.3049   -1.1924    0.3023    0.2028    0.2295   -0.2855    0.2399    0.2490   -0.9083    0.3311    0.3502    0.3536    0.2816    0.3409    0.3951    0.3090    0.3961    0.3339    0.3377    0.2732    0.2370   -1.2904    0.1796    0.2195    0.2226    0.1536    0.3057    0.4300    0.1392    0.3355    0.3921    0.2701    0.3090    0.3449   -0.0516    0.2843    0.0344    0.4485    0.3055    0.4469    0.3264    0.3660    0.2390    0.4814    0.0820    0.1721    0.1883    0.3706    0.3925    0.2802    0.6643    0.3433    1.0000    0.3104    0.2542    0.2163    0.3272    0.2793    0.1887   -0.1344    0.2724    0.3279    0.2682    0.3748    0.2915    0.0113    0.2816   -0.1018    0.2904    0.0878    0.1887    0.2113   -0.4793   -1.2494    0.2007    0.1846    0.0473    0.3177    0.3361    0.0532   -0.6446    0.3364   -0.1030    0.2359    0.0325   -0.5945    0.4040   -0.0337    0.3022   -1.2494    0.3273    0.2062    0.2702    0.2472    0.3420    0.0522    0.2986    0.2919    0.3552
ind88        -0.7552    0.0710    0.5699    0.4906    0.3684   -0.7552    0.8331   -0.6785    0.5626    0.7088    0.6192    0.6364    0.0605    0.7125    0.4511    0.3650    0.6699    0.4157    0.0362   -0.0034    0.2574   -0.7552    0.5549    0.5401    0.0259    0.5945    0.4193    0.1580    0.4739    0.4348    0.5248    0.4275    0.0085    0.5367    0.7032   -0.6982    0.6192    0.5314    0.5890    0.1884    0.5551    0.5659   -0.3775    0.7305    0.4794    0.6735    0.6756    0.6863    0.3859    0.4036    0.7131    0.6063    0.6540    0.5895    0.5443   -0.7963    0.6482    0.3118    0.5861    0.5074    0.6575    0.5971    0.4963    0.5706    0.6351    0.6703    0.3705    0.7135    0.0373    0.4086    0.3631    0.6960    0.6605    0.7011    0.5390    0.5756    0.6005    0.6482    0.4032   -0.0895    0.6341    0.7753    0.6447    0.7163    0.4561    0.7130    0.3104    1.0000    0.4562    0.5505    0.6232    0.4403    0.3611    0.1615    0.4918    0.4564    0.2061    0.4846    0.2643    0.0866    0.6135    0.0042    0.6229    0.4825    0.5506    0.6150   -0.0690   -0.7552    0.4925    0.2948    0.2694    0.5519    0.6654    0.1513   -0.1990    0.6430    0.0062    0.4956    0.1650   -0.2647    0.5514   -0.1596    0.5524   -0.7552    0.5189    0.5625    0.6431    0.4279    0.0024    0.3489    0.5836    0.6116    0.5695
ind89        -0.9338   -0.2411    0.3505    0.2212    0.1940   -0.9338    0.3630   -0.7608    0.4050    0.4648    0.4229    0.4100   -0.2722    0.4940    0.3498    0.2829    0.5153    0.2596   -0.2199   -0.0450    0.0675   -0.9338    0.4340    0.3988   -0.1065    0.4707    0.2586   -0.1075    0.4192    0.3646    0.3272    0.0360   -0.2006    0.3863    0.4356   -0.8768    0.5090    0.4095    0.3951   -0.1199    0.4449    0.5110   -0.6149    0.4990    0.3674    0.4844    0.4498    0.4971    0.2189    0.2547    0.5275    0.4612    0.4684    0.4039    0.3957   -0.9748    0.3824    0.2367    0.5128    0.4747    0.5085    0.3756    0.4496    0.4237    0.4087    0.4380    0.4248    0.4765   -0.0395    0.3729    0.2446    0.5429    0.4264    0.5779    0.4225    0.3361    0.6265    0.5127    0.2252   -0.2328    0.3193    0.5604    0.4685    0.5384    0.4221    0.4400    0.2542    0.4562    1.0000    0.5333    0.4109    0.4066    0.1647    0.3131    0.3846    0.4517    0.1655    0.4092    0.0570    0.0686    0.4346   -0.0146    0.4194    0.2756    0.3616    0.4675   -0.2464   -0.9338    0.3297    0.2846    0.2605    0.3061    0.4668    0.0905   -0.3878    0.4455   -0.0126    0.2561    0.1034   -0.4237    0.3966   -0.3256    0.3617   -0.9338    0.3157    0.3788    0.3646    0.3142   -0.0164    0.1174    0.4835    0.4628    0.4146
ind90        -0.5949   -0.2444    0.3084    0.3584    0.2789   -0.5949    0.4186   -0.6984    0.4494    0.5101    0.4863    0.4734   -0.1507    0.4906    0.4608    0.4273    0.5908    0.2498   -0.2620   -0.0170    0.2248   -0.5949    0.5434    0.5481    0.2257    0.5018    0.3388   -0.1108    0.5533    0.5493    0.3565    0.1040   -0.1897    0.3839    0.4719   -0.5379    0.5066    0.4537    0.3945   -0.0835    0.4425    0.5086   -0.4161    0.5820    0.3994    0.5207    0.4861    0.5334    0.2140    0.2910    0.5638    0.4588    0.5047    0.5458    0.3933   -0.6360    0.4187    0.1974    0.6119    0.4723    0.5449    0.4120    0.5978    0.4213    0.4451    0.5210    0.4305    0.5229   -0.0098    0.4193    0.2957    0.5423    0.4258    0.5745    0.4191    0.2869    0.5942    0.5172    0.3427   -0.2032    0.3529    0.5226    0.3919    0.6258    0.4215    0.6112    0.2163    0.5505    0.5333    1.0000    0.2924    0.3673    0.1253    0.0060    0.3770    0.4967    0.1832    0.4386    0.1368    0.1184    0.5513    0.0298    0.5361    0.3437    0.3878    0.5453   -0.1285   -0.5949    0.4464    0.3040    0.2950    0.3859    0.5491    0.1768   -0.2031    0.5429   -0.0597    0.2972    0.0095   -0.4203    0.4646   -0.3265    0.4298   -0.5949    0.3955    0.4050    0.4813    0.3034   -0.0635    0.1091    0.4265    0.4545    0.4827
ind91        -0.9233    0.1248    0.5890    0.2809    0.3699   -0.9233    0.6032   -0.5588    0.4260    0.6768    0.6054    0.6189   -0.0883    0.5759    0.4537    0.3059    0.5010    0.3293    0.1618    0.1162    0.1717   -0.9233    0.4588    0.4381   -0.0611    0.6137    0.2815    0.1230    0.3747    0.3754    0.5069    0.2557   -0.0943    0.4069    0.5297   -0.8663    0.5305    0.3961    0.5539    0.0150    0.4310    0.4417   -0.5456    0.5215    0.6105    0.5785    0.5779    0.5540    0.5540    0.4978    0.5865    0.5512    0.6346    0.5935    0.4547   -0.9644    0.5388    0.5162    0.4153    0.4523    0.5310    0.5775    0.4246    0.5528    0.5802    0.5316    0.2287    0.6226    0.1343    0.3888    0.3386    0.6776    0.5955    0.6753    0.5914    0.5921    0.5086    0.5862    0.2613   -0.0420    0.4990    0.6427    0.6219    0.5475    0.4383    0.6096    0.3272    0.6232    0.4109    0.2924    1.0000    0.4240    0.4517    0.1621    0.5417    0.3976    0.1466    0.4693    0.3386    0.0937    0.5051    0.0282    0.5546    0.3869    0.5378    0.5971   -0.2195   -0.9233    0.4830    0.3097    0.2201    0.5836    0.5613    0.0616   -0.3185    0.4747   -0.0043    0.4975    0.2187   -0.2943    0.4973    0.0374    0.4599   -0.9233    0.5932    0.6269    0.5692    0.5207    0.0636    0.2866    0.5330    0.5619    0.5129
ind92        -1.1912   -0.2014    0.4043    0.2646    0.1766   -1.1912    0.3485   -0.6729    0.3612    0.4629    0.3899    0.4034   -0.4221    0.3620    0.3658    0.3531    0.4008    0.1452   -0.0846   -0.0351    0.0157   -1.1912    0.2840    0.2890   -0.2871    0.3626    0.1842   -0.1094    0.2628    0.3853    0.3223    0.0460   -0.0703    0.5520    0.3996   -1.1342    0.5748    0.3723    0.4111   -0.1558    0.5975    0.6636   -0.8136    0.4631    0.4014    0.4484    0.5551    0.4612    0.3449    0.3055    0.5281    0.5283    0.4691    0.4046    0.6364   -1.2323    0.4333    0.3071    0.4270    0.6863    0.4726    0.3763    0.2713    0.4927    0.4094    0.5255    0.3830    0.4397    0.1056    0.6176    0.1295    0.5418    0.4952    0.5393    0.3839    0.4600    0.4264    0.5314    0.1302   -0.0637    0.2444    0.4633    0.4414    0.4303    0.4987    0.4390    0.2793    0.4403    0.4066    0.3673    0.4240    1.0000    0.3112    0.2403    0.4940    0.6572    0.4961    0.4029    0.1767    0.0948    0.2662    0.1699    0.2750    0.1073    0.2099    0.2691   -0.2884   -1.1912    0.1853    0.4624    0.1421    0.2795    0.3224    0.2275   -0.5864    0.3292    0.2340    0.3658    0.0545   -0.4585    0.2522   -0.1489    0.3219   -1.1912    0.3125    0.2274    0.2896    0.2325    0.1215    0.1225    0.3297    0.2765    0.3048
ind93        -1.1772   -0.1623    0.4911    0.2105    0.0463   -1.1772    0.4225   -0.7511    0.1987    0.3788    0.2248    0.2848   -0.4354    0.3726    0.1661    0.1081    0.2691    0.0974   -0.0490   -0.1624   -0.1159   -1.1772    0.1538    0.1393   -0.3090    0.2790    0.0884   -0.1980    0.1221    0.1404    0.3255   -0.0425   -0.1922    0.2648    0.3048   -1.1202    0.3043    0.2916    0.3050   -0.2099    0.3270    0.2510   -0.8631    0.2966    0.4719    0.3177    0.3872    0.3398    0.3805    0.1591    0.3258    0.5145    0.3384    0.2739    0.4413   -1.1361    0.2551    0.3290    0.2595    0.3690    0.2702    0.3526    0.1626    0.4573    0.3195    0.2708    0.1663    0.3954    0.0976    0.2159   -0.0380    0.3811    0.4745    0.3773    0.2577    0.5791    0.2508    0.3835    0.2234    0.0575    0.2369    0.4881    0.5838    0.2841    0.4445    0.2773    0.1887    0.3611    0.1647    0.1253    0.4517    0.3112    1.0000   -0.1963    0.3688    0.3370    0.0330    0.2046    0.2123    0.0064    0.1943   -0.1115    0.2199    0.1120    0.1907    0.2140   -0.4362   -1.1772    0.0895    0.1272    0.1159    0.2489    0.2625   -0.0070   -0.7181    0.2755   -0.1127    0.3245   -0.0407   -0.3685    0.1626    0.1292    0.3027   -1.1772    0.3285    0.1733    0.1997    0.3304   -0.1964    0.0875    0.2639    0.2573    0.2497
ind94        -1.2060   -0.4015    0.0828    0.0669    0.0398   -1.2060    0.1041   -0.9134    0.1682    0.1921    0.2726    0.1258   -0.4858    0.1701    0.1102    0.0366    0.0842   -0.1248   -0.3693   -0.2728   -0.2057   -1.2060    0.0825    0.0109   -0.3956    0.1984   -0.0257   -0.3392    0.0875    0.0683    0.2404   -0.0124   -0.4261    0.1607    0.1719   -1.1490    0.3404    0.1379    0.1186   -0.3189    0.1943    0.3069   -0.8152    0.1928    0.0948    0.1781    0.1787    0.1560   -0.0188    0.0624    0.1736    0.1303    0.1976    0.1565    0.2034   -1.2471    0.1408   -0.0344    0.1581    0.2236    0.1674    0.1834    0.0610    0.1875    0.2572    0.1318    0.1319    0.1388   -0.2922    0.3339   -0.1149    0.1584    0.1316    0.1989    0.1662    0.0964    0.2046    0.1383   -0.2231   -0.2937    0.1538    0.1661    0.1791    0.2735   -0.0601    0.1971   -0.1344    0.1615    0.3131    0.0060    0.1621    0.2403   -0.1963    1.0000    0.3941    0.2516    0.0860    0.3399    0.0117    0.0767    0.1624    0.1554    0.2178    0.0093    0.1605    0.0630   -0.3213   -1.2060    0.1462    0.3299    0.1273    0.1927    0.2249    0.0479   -0.6012    0.1252    0.0190    0.1584   -0.0392   -0.5909    0.1542   -0.4943    0.3074   -1.2060    0.1831    0.1643    0.1978    0.1058    0.1441   -0.1196    0.1318    0.1487    0.2903
ind95        -0.8933    0.0427    0.5336    0.4272    0.3533   -0.8933    0.4721   -0.5273    0.4964    0.6354    0.6330    0.5691   -0.0771    0.5788    0.4252    0.3288    0.4539    0.2822    0.0756    0.0274    0.1411   -0.8933    0.3772    0.4538   -0.0847    0.6430    0.3467    0.0405    0.4227    0.4328    0.6066    0.3090   -0.0171    0.5208    0.5330   -0.8363    0.5958    0.4614    0.3802    0.0015    0.4613    0.5623   -0.5502    0.5167    0.5387    0.5392    0.5372    0.4799    0.4252    0.3095    0.5451    0.5369    0.5587    0.4588    0.4954   -0.9344    0.3652    0.3613    0.4457    0.5155    0.4913    0.4305    0.3261    0.5955    0.4636    0.4557    0.5396    0.5401    0.2297    0.6374    0.2548    0.6013    0.5403    0.6782    0.6455    0.5413    0.5756    0.6298    0.2561    0.1618    0.5200    0.6576    0.6706    0.6402    0.4317    0.5620    0.2724    0.4918    0.3846    0.3770    0.5417    0.4940    0.3688    0.3941    1.0000    0.6275    0.3714    0.6442    0.5346    0.3036    0.5348    0.1900    0.5494    0.3410    0.4128    0.3946   -0.0272   -0.8933    0.4597    0.4706    0.3470    0.5482    0.5973    0.2597   -0.2885    0.4569    0.2010    0.6872    0.2071   -0.2651    0.4859    0.0752    0.5596   -0.8933    0.5852    0.4960    0.5641    0.5128    0.1767    0.2466    0.4515    0.4804    0.5426
ind96        -1.0193   -0.1898    0.5080    0.4755    0.2562   -1.0193    0.4810   -0.5222    0.5662    0.4713    0.5528    0.5355   -0.2651    0.4148    0.4607    0.3982    0.4459    0.1902    0.0962    0.0984    0.1084   -1.0193    0.3789    0.3839   -0.1518    0.4422    0.2641   -0.1013    0.3555    0.5147    0.4892    0.0966   -0.0186    0.5589    0.4873   -0.9623    0.6199    0.4523    0.3693   -0.1030    0.5209    0.6219   -0.6761    0.5082    0.5400    0.4935    0.5287    0.5180    0.4486    0.2638    0.5366    0.6320    0.4775    0.4131    0.7052   -1.0604    0.3567    0.3971    0.5218    0.6217    0.4828    0.3848    0.3661    0.5964    0.4179    0.4472    0.6098    0.5324    0.2065    0.6483    0.1877    0.5154    0.5580    0.5921    0.4290    0.5637    0.4366    0.6351    0.2564    0.1146    0.2972    0.5280    0.5876    0.5932    0.5244    0.4819    0.3279    0.4564    0.4517    0.4967    0.3976    0.6572    0.3370    0.2516    0.6275    1.0000    0.4298    0.5581    0.3142    0.3452    0.3458    0.2687    0.3953    0.1520    0.3302    0.3121   -0.0757   -1.0193    0.3056    0.4311    0.3110    0.4406    0.4776    0.2296   -0.4145    0.4088    0.1215    0.4201    0.0992   -0.3731    0.3317   -0.0999    0.4771   -1.0193    0.4311    0.3070    0.3750    0.4302    0.1717    0.1985    0.4500    0.3968    0.4600
ind97        -1.2617   -0.3717    0.1266    0.1409    0.2022   -1.2617    0.1478   -0.5140    0.1635    0.1488    0.2321    0.1318   -0.5863    0.1281    0.1847    0.3112    0.1955   -0.0601   -0.3198   -0.1435   -0.0976   -1.2617    0.0066    0.1554   -0.3937    0.1568   -0.0221   -0.4225    0.1137    0.0968    0.1219   -0.1884   -0.4000    0.2241    0.2006   -1.2047    0.3011    0.2016    0.0826   -0.3897    0.1666    0.2676   -0.8840    0.2215    0.1586    0.1709    0.2061    0.1488    0.0671   -0.0588    0.2140    0.2506    0.1905    0.0905    0.2557   -1.3027    0.0700    0.0279    0.1859    0.2188    0.1603    0.0981    0.0869    0.2149    0.0953    0.1246    0.4202    0.1614   -0.1314    0.3452   -0.0767    0.3366    0.2963    0.2696    0.2139    0.2536    0.1504    0.2536   -0.0759   -0.2233    0.0469    0.2291    0.2421    0.3081    0.1846    0.2328    0.2682    0.2061    0.1655    0.1832    0.1466    0.4961    0.0330    0.0860    0.3714    0.4298    1.0000    0.2409    0.0478   -0.0102    0.0967   -0.0067    0.1462   -0.0613    0.0454   -0.0086   -0.4432   -1.2617    0.0565    0.2655   -0.0013    0.1915    0.2643   -0.0027   -0.6569    0.1810   -0.0183    0.2004   -0.1499   -0.6222    0.0826   -0.3304    0.1923   -1.2617    0.1820    0.0937    0.1259    0.1454    0.1546   -0.0863    0.1652    0.1475    0.1393
ind98        -0.8417   -0.0355    0.4837    0.5028    0.5058   -0.8417    0.4994   -0.6086    0.5999    0.5988    0.6271    0.5735   -0.1087    0.5709    0.5392    0.5517    0.6087    0.3904   -0.0518    0.1094    0.2231   -0.8417    0.4936    0.5174    0.0275    0.6766    0.4995   -0.0443    0.5201    0.5834    0.6433    0.2426   -0.0311    0.5196    0.5720   -0.7847    0.7459    0.5782    0.4597   -0.0183    0.6839    0.6571   -0.5352    0.5982    0.5724    0.6208    0.5841    0.5614    0.3870    0.3911    0.6633    0.5357    0.6403    0.5403    0.5069   -0.8828    0.4467    0.4062    0.5984    0.5271    0.5728    0.5121    0.4425    0.6302    0.5452    0.5372    0.3796    0.5391    0.0670    0.4752    0.3361    0.6018    0.4957    0.5631    0.5141    0.4565    0.5065    0.5328    0.3020   -0.0309    0.4553    0.5303    0.5433    0.6228    0.3140    0.6460    0.3748    0.4846    0.4092    0.4386    0.4693    0.4029    0.2046    0.3399    0.6442    0.5581    0.2409    1.0000    0.5069    0.5209    0.6893    0.3707    0.7388    0.4955    0.5309    0.5474    0.0372   -0.8417    0.6491    0.7365    0.4941    0.5876    0.7500    0.4142   -0.2369    0.7080    0.2343    0.6076    0.2901   -0.1475    0.6753    0.0270    0.7144   -0.8417    0.6672    0.6139    0.6840    0.5514    0.4060    0.3589    0.6063    0.6698    0.6974
ind99        -1.1794   -0.0229    0.3771    0.1977    0.2432   -1.1794    0.2853   -0.6717    0.3461    0.4833    0.4035    0.3032   -0.2785    0.3721    0.1553    0.2231    0.2570    0.0812    0.1545   -0.1616    0.0275   -1.1794    0.1907    0.2016   -0.3242    0.4444    0.1823   -0.2015    0.0951    0.2808    0.5022   -0.0157   -0.1087    0.3298    0.2550   -1.1223    0.3581    0.2238    0.1794   -0.3353    0.2603    0.2693   -0.8728    0.2815    0.4532    0.3385    0.3364    0.3257    0.3396    0.1451    0.3465    0.3804    0.3580    0.2580    0.2957   -1.2204    0.1644    0.4345    0.1734    0.2690    0.2561    0.3008    0.0908    0.4390    0.2629    0.2549    0.1572    0.3068    0.2336    0.3363    0.0213    0.4044    0.3089    0.4002    0.4380    0.4720    0.1892    0.3452    0.0328    0.0115    0.2196    0.3815    0.4734    0.2724    0.2084    0.3651    0.2915    0.2643    0.0570    0.1368    0.3386    0.1767    0.2123    0.0117    0.5346    0.3142    0.0478    0.5069    1.0000    0.2387    0.4557    0.0884    0.4703    0.1785    0.2483    0.1956   -0.2875   -1.1794    0.3806    0.3978    0.2722    0.6310    0.4815    0.2294   -0.6232    0.4050    0.0528    0.5693    0.1781   -0.2108    0.3237    0.3999    0.4319   -1.1794    0.6639    0.3316    0.4850    0.4637   -0.0059    0.2341    0.3703    0.3526    0.4148
ind100       -1.1686   -0.2505    0.3640    0.2534    0.0267   -1.1686    0.1824   -0.8056    0.3317    0.1887    0.2292    0.1755   -0.5067    0.1262    0.2348    0.1538    0.2108   -0.0542   -0.1715   -0.1484   -0.0813   -1.1686    0.0490    0.2093   -0.2647    0.1975    0.2155   -0.4543    0.3307    0.3378    0.3939   -0.1900   -0.2993    0.2048    0.1618   -1.1115    0.3012    0.1802    0.0495   -0.4285    0.2393    0.2677   -0.7799    0.2002    0.2576    0.2106    0.2085    0.1978    0.0722   -0.0191    0.2186    0.2553    0.2301    0.1301    0.3762   -1.1275    0.0365    0.1913    0.2490    0.3020    0.1282    0.1019    0.1035    0.3498    0.1350    0.1736    0.2630    0.1291   -0.2478    0.2953   -0.0618    0.1918    0.1321    0.1531    0.1041    0.3191    0.2601    0.2301    0.0673   -0.2635    0.0453    0.1689    0.2285    0.2335   -0.0008    0.2826    0.0113    0.0866    0.0686    0.1184    0.0937    0.0948    0.0064    0.0767    0.3036    0.3452   -0.0102    0.5209    0.2387    1.0000    0.2447    0.4429    0.2942    0.0509    0.2349    0.1980   -0.1748   -1.1686    0.2045    0.5592    0.5019    0.2242    0.3398    0.4841   -0.5638    0.3204    0.2837    0.3603    0.0919   -0.5111    0.1962   -0.1184    0.4184   -1.1686    0.2571    0.1692    0.2739    0.1414    0.2930   -0.0167    0.3260    0.2596    0.4013
ind101       -0.6350    0.0792    0.4493    0.4375    0.4812   -0.6350    0.6238   -0.7181    0.4963    0.7567    0.6265    0.6537    0.0736    0.7791    0.4064    0.4634    0.6140    0.4317   -0.0860   -0.0348    0.2818   -0.6350    0.5822    0.5764    0.1454    0.7165    0.5038    0.0898    0.4866    0.4852    0.5684    0.3766   -0.0472    0.5258    0.7405   -0.5780    0.6438    0.5094    0.5742    0.1502    0.5819    0.5550   -0.3873    0.6730    0.5380    0.7702    0.6635    0.7108    0.3875    0.4656    0.7380    0.5950    0.7495    0.6496    0.4049   -0.6761    0.6499    0.3718    0.4949    0.4836    0.6476    0.6213    0.5814    0.6307    0.6544    0.6465    0.2353    0.5443    0.0509    0.3772    0.3413    0.6419    0.5993    0.6377    0.5887    0.4266    0.5079    0.5341    0.4063   -0.1060    0.5299    0.6292    0.5335    0.5873    0.3781    0.6861    0.2816    0.6135    0.4346    0.5513    0.5051    0.2662    0.1943    0.1624    0.5348    0.3458    0.0967    0.6893    0.4557    0.2447    1.0000    0.0944    0.8749    0.7229    0.6047    0.5871    0.1107   -0.6350    0.7314    0.4991    0.3594    0.6699    0.8323    0.2407   -0.1377    0.6282    0.0261    0.6563    0.3349   -0.0064    0.7152   -0.0978    0.6781   -0.6350    0.6795    0.7769    0.8951    0.5151    0.0953    0.4165    0.6937    0.7034    0.7310
ind102       -1.3067   -0.3578    0.1676    0.1770   -0.1235   -1.3067    0.1000   -0.8198    0.1233    0.1467    0.2291    0.1754   -0.5534    0.0476    0.0381    0.1171    0.1275   -0.0909   -0.2479   -0.2744   -0.3146   -1.3067    0.0144   -0.0220   -0.5102    0.0473    0.1268   -0.4901    0.0397    0.2058    0.3926   -0.2274   -0.3757    0.1283    0.0853   -1.2497    0.1893    0.0217    0.0137   -0.4643    0.1262    0.1913   -0.9635    0.0771    0.2156    0.1341    0.1320    0.1213    0.0302   -0.0956    0.1055    0.1789    0.1181    0.0537    0.2176   -1.3478    0.0008    0.1148    0.0773    0.2256    0.0517    0.0254   -0.0578    0.2734    0.0992    0.0505    0.0436    0.0567   -0.2898    0.1817   -0.1801    0.0071   -0.0159    0.1111    0.0559    0.0764    0.0827    0.1415   -0.1734   -0.4243    0.0440    0.0924    0.1520    0.1616   -0.0772    0.0920   -0.1018    0.0042   -0.0146    0.0298    0.0282    0.1699   -0.1115    0.1554    0.1900    0.2687   -0.0067    0.3707    0.0884    0.4429    0.0944    1.0000    0.1847   -0.0587    0.3410    0.2088   -0.4558   -1.3067    0.0543    0.4297    0.4772    0.1147    0.1918    0.2511   -0.7019    0.3265    0.5459    0.2508   -0.1162   -0.5885    0.0867   -0.2267    0.3805   -1.3067    0.1476    0.2037    0.1644    0.1413    0.1840    0.0182    0.2468    0.1936    0.3634
ind103       -0.6904    0.0537    0.5337    0.4469    0.4847   -0.6904    0.6331   -0.5930    0.5458    0.7306    0.6411    0.5875    0.0422    0.6889    0.4501    0.5071    0.6576    0.4352   -0.1120    0.0496    0.2853   -0.6904    0.6259    0.6201    0.1302    0.7602    0.5126    0.0991    0.5303    0.5289    0.6238    0.3859   -0.0384    0.4595    0.6743   -0.6334    0.6177    0.5182    0.6184    0.1595    0.5907    0.5289   -0.3838    0.6469    0.5468    0.7039    0.6321    0.6794    0.3614    0.4396    0.7120    0.5101    0.7234    0.6235    0.4136   -0.7314    0.6592    0.3806    0.5386    0.4336    0.6564    0.5952    0.5261    0.6046    0.6690    0.6204    0.3197    0.6287    0.0067    0.3860    0.3850    0.6507    0.5091    0.6465    0.5626    0.4006    0.5167    0.5080    0.3509   -0.0565    0.5794    0.5792    0.4486    0.7124    0.3629    0.7008    0.2904    0.6229    0.4194    0.5361    0.5546    0.2750    0.2199    0.2178    0.5494    0.3953    0.1462    0.7388    0.4703    0.2942    0.8749    0.1847    1.0000    0.6734    0.6897    0.6715    0.1549   -0.6904    0.8158    0.5834    0.4845    0.7601    0.8818    0.3658   -0.1342    0.7126    0.1163    0.6714    0.3035    0.0029    0.7996   -0.0483    0.7683   -0.6904    0.7697    0.7915    0.9452    0.5646    0.1856    0.5014    0.8188    0.8285    0.8212
ind104       -0.7146   -0.0380    0.2964    0.2796    0.3223   -0.7146    0.4233   -0.8710    0.3384    0.4796    0.4327    0.4599   -0.0408    0.6214    0.2833    0.2212    0.4909    0.6334   -0.2798   -0.1938    0.0754   -0.7146    0.3399    0.4533   -0.0136    0.5229    0.2754    0.0075    0.3277    0.2916    0.4153    0.2943   -0.2897    0.2973    0.5826   -0.6575    0.4153    0.2809    0.4572    0.0678    0.3883    0.3265   -0.4668    0.4804    0.3095    0.5417    0.4699    0.5172    0.1590    0.2718    0.5096    0.3665    0.5210    0.4211    0.2112   -0.7556    0.5329    0.1434    0.3360    0.3247    0.4540    0.4287    0.3878    0.4022    0.4666    0.4180    0.0764    0.4620   -0.1429    0.2183    0.5418    0.5189    0.4763    0.4788    0.4308    0.2687    0.3490    0.3403    0.2832   -0.3345    0.4476    0.5062    0.3755    0.5050    0.2192    0.5330    0.0878    0.4825    0.2756    0.3437    0.3869    0.1073    0.1120    0.0093    0.3410    0.1520   -0.0613    0.4955    0.1785    0.0509    0.7229   -0.0587    0.6734    1.0000    0.4877    0.4689    0.0312   -0.7146    0.4892    0.3401    0.2066    0.4335    0.5911    0.0878   -0.2608    0.4626   -0.1270    0.4198    0.1759   -0.2487    0.5623   -0.3390    0.5262   -0.7146    0.4431    0.6250    0.6936    0.3225   -0.0577    0.2994    0.5767    0.5864    0.5432
ind105       -0.8173    0.0711    0.4686    0.4578    0.3170   -0.8173    0.5609   -0.6224    0.4800    0.6169    0.6959    0.6825    0.0361    0.6287    0.3493    0.3986    0.6337    0.4514   -0.0991   -0.0164    0.1394   -0.8173    0.5194    0.4289   -0.0969    0.5523    0.4129    0.0563    0.3590    0.4691    0.5587    0.2724   -0.1521    0.4346    0.5968   -0.7603    0.4826    0.3830    0.5948    0.0821    0.4543    0.4292   -0.4741    0.5831    0.5597    0.6444    0.6072    0.6199    0.3743    0.4179    0.5756    0.4450    0.5883    0.5238    0.3486   -0.8584    0.5818    0.3935    0.4389    0.3685    0.5567    0.5314    0.4304    0.5395    0.5693    0.5207    0.2546    0.5629    0.0196    0.3634    0.2902    0.5133    0.4139    0.5814    0.5273    0.3359    0.4589    0.4429    0.3264   -0.1582    0.5502    0.5500    0.4193    0.6125    0.2978    0.5275    0.1887    0.5506    0.3616    0.3878    0.5378    0.2099    0.1907    0.1605    0.4128    0.3302    0.0454    0.5309    0.2483    0.2349    0.6047    0.3410    0.6897    0.4877    1.0000    0.7571   -0.0794   -0.8173    0.5593    0.4101    0.6062    0.5382    0.6978    0.3435   -0.2125    0.6421    0.1726    0.4896    0.2777   -0.1599    0.5917   -0.1145    0.8165   -0.8173    0.5478    0.7877    0.7096    0.6553    0.0908    0.5293    0.7411    0.7345    0.8336
ind106       -0.6871    0.0543    0.4932    0.4541    0.3878   -0.6871    0.5906   -0.5361    0.5212    0.6414    0.6778    0.7015    0.0638    0.5751    0.4384    0.3866    0.6670    0.3633   -0.0399    0.1045    0.1903   -0.6871    0.5957    0.5160    0.1114    0.5748    0.4821    0.0395    0.5481    0.6060    0.5406    0.2902   -0.0929    0.3824    0.5780   -0.6301    0.5051    0.4522    0.5413    0.0633    0.4769    0.4518   -0.3439    0.6164    0.5843    0.6268    0.5916    0.6023    0.3989    0.4751    0.6348    0.4696    0.6474    0.5830    0.3731   -0.7282    0.5283    0.4181    0.6451    0.4277    0.5793    0.5547    0.5152    0.5641    0.6285    0.6264    0.3318    0.5862    0.0381    0.2720    0.3960    0.5366    0.4317    0.6040    0.5140    0.4079    0.6652    0.5488    0.3196   -0.1743    0.5369    0.5733    0.4427    0.6469    0.3571    0.6871    0.2113    0.6150    0.4675    0.5453    0.5971    0.2691    0.2140    0.0630    0.3946    0.3121   -0.0086    0.5474    0.1956    0.1980    0.5871    0.2088    0.6715    0.4689    0.7571    1.0000   -0.0903   -0.6871    0.5411    0.4407    0.5227    0.5220    0.6437    0.2113   -0.0823    0.6287    0.0751    0.4333    0.3088   -0.2182    0.6142   -0.1665    0.6138   -0.6871    0.5316    0.7743    0.6167    0.5666    0.0727    0.4005    0.7011    0.6804    0.6667
ind107       -0.0974   -0.6807   -0.3114   -0.0023   -0.1580   -0.0974   -0.0570   -1.2931    0.0251   -0.0374   -0.0394   -0.0631    0.5368    0.0395   -0.0809   -0.1826    0.0160   -0.2010   -0.7926   -0.5751   -0.3446   -0.0974   -0.0924    0.0656   -0.4985   -0.0079   -0.2175   -0.5401   -0.0036   -0.0260   -0.1867    0.1876   -0.7615   -0.1659    0.0595   -0.0404   -0.1186   -0.2862   -0.1143   -0.3628   -0.1457   -0.1521    0.2913   -0.0852   -0.2576   -0.0239   -0.0957   -0.0484   -0.4430   -0.2938   -0.0561   -0.2943   -0.0446   -0.1445   -0.1386   -0.0563   -0.0735   -0.3874   -0.1327   -0.1661   -0.1116   -0.1369   -0.1034   -0.1998   -0.1397   -0.1477   -0.0661    0.0146   -0.7630   -0.1051   -0.2428   -0.0831   -0.1057   -0.0443   -0.0760   -0.1559   -0.0081   -0.2029   -0.1499   -0.6773   -0.0937   -0.1121   -0.2427    0.0721   -0.3704   -0.1097   -0.4793   -0.0690   -0.2464   -0.1285   -0.2195   -0.2884   -0.4362   -0.3213   -0.0272   -0.0757   -0.4432    0.0372   -0.2875   -0.1748    0.1107   -0.4558    0.1549    0.0312   -0.0794   -0.0903    1.0000   -0.0974    0.1036    0.1145   -0.0357    0.0042    0.1133   -0.3774    0.1554   -0.0966   -0.5000   -0.1335   -0.2487   -0.7147    0.0413   -0.7615   -0.0409   -0.0974   -0.0754   -0.0177    0.1402   -0.1613   -0.3959   -0.2251    0.1048    0.0193   -0.0239
ind108        1.0000   -1.4852   -1.1160   -0.7191   -0.7233    1.0000   -0.8149   -1.1436   -0.8538   -0.8420   -0.8549   -0.7913   -0.0871   -0.7062   -0.5570   -0.9199   -0.6284   -0.9292   -1.6438   -0.3388   -0.8448    1.0000   -0.7668   -0.6594   -0.0460   -0.7780   -0.9754   -1.2513   -0.6781   -0.6485   -1.0319   -0.6291   -1.5782   -0.9454   -0.7450    0.9430   -0.9195   -0.7170   -0.7970   -1.0618   -0.8598   -1.0083    0.4926   -0.7715   -1.0622   -0.8285   -0.8631   -0.8157   -1.1420   -0.9140   -0.7889   -1.0028   -0.8492   -0.7847   -1.1236    0.9589   -0.7820   -1.1920   -0.7022   -1.0446   -0.7461   -0.9415   -0.5448   -1.0044   -0.9443   -0.8684   -0.9771   -0.7182   -1.4864   -1.0079   -0.7949   -0.8532   -0.8514   -0.8489   -0.8151   -1.0547   -0.7361   -0.9263   -0.8045   -1.6047   -0.8983   -0.8233   -0.9540   -0.7030   -1.0817   -0.7421   -1.2494   -0.7552   -0.9338   -0.5949   -0.9233   -1.1912   -1.1772   -1.2060   -0.8933   -1.0193   -1.2617   -0.8417   -1.1794   -1.1686   -0.6350   -1.3067   -0.6904   -0.7146   -0.8173   -0.6871   -0.0974    1.0000   -0.5688   -0.9829   -0.9007   -0.8877   -0.7320   -1.2303    0.3952   -0.7678   -1.4053   -0.9788   -1.0746   -1.4362   -0.7288   -1.6202   -0.8862    1.0000   -0.9207   -0.7149   -0.7050   -0.8779   -1.2882   -0.9630   -0.7451   -0.6919   -0.8691
ind109       -0.5688   -0.0767    0.4033    0.3572    0.4539   -0.5688    0.5027   -0.5506    0.4561    0.6409    0.5514    0.4978   -0.0091    0.5992    0.4192    0.4174    0.5680    0.3455   -0.2017    0.1327    0.2545   -0.5688    0.5362    0.4766    0.0456    0.6705    0.4229   -0.0262    0.4406    0.4392    0.4934    0.2940   -0.1281    0.3698    0.5308   -0.6258    0.5280    0.4285    0.5469   -0.0247    0.5010    0.4392   -0.2622    0.5572    0.4571    0.6142    0.5424    0.5898    0.2717    0.3499    0.6223    0.4204    0.6337    0.5927    0.3240   -0.6099    0.5339    0.2909    0.4489    0.3439    0.5667    0.5055    0.4952    0.5149    0.5386    0.5307    0.2300    0.4983   -0.0830    0.2963    0.2953    0.5610    0.4194    0.5568    0.4729    0.3109    0.4270    0.4184    0.2612   -0.1461    0.4490    0.4895    0.3589    0.5820    0.2732    0.5704    0.2007    0.4925    0.3297    0.4464    0.4830    0.1853    0.0895    0.1462    0.4597    0.3056    0.0565    0.6491    0.3806    0.2045    0.7314    0.0543    0.8158    0.4892    0.5593    0.5411    0.1036   -0.5688    1.0000    0.4938    0.3541    0.6297    0.7921    0.2354   -0.1267    0.5822   -0.0141    0.5410    0.2138   -0.1405    0.6692   -0.1380    0.6379   -0.5688    0.6393    0.6073    0.7610    0.4749    0.0552    0.3172    0.6347    0.6981    0.6908
ind110       -0.9829   -0.1912    0.3242    0.3593    0.3160   -0.9829    0.2704   -0.7073    0.5050    0.4431    0.4836    0.3833   -0.2989    0.4155    0.4327    0.4043    0.4535    0.1964   -0.1996    0.0107    0.1165   -0.9829    0.3038    0.4175   -0.0791    0.4868    0.3092   -0.1995    0.4776    0.5234    0.4489    0.0993   -0.1746    0.3373    0.3817   -0.9259    0.4824    0.3148    0.3043   -0.1737    0.4553    0.4489   -0.5942    0.3735    0.3780    0.4305    0.4633    0.4060    0.1926    0.2008    0.4385    0.3413    0.4500    0.3501    0.4970   -0.9418    0.2913    0.2118    0.4185    0.4695    0.3830    0.3218    0.3013    0.4358    0.3549    0.3469    0.4183    0.3839   -0.1274    0.4219    0.1808    0.4466    0.3404    0.4423    0.3585    0.4438    0.4641    0.3039    0.2289   -0.1432    0.3345    0.3750    0.3144    0.4883    0.1588    0.4559    0.1846    0.2948    0.2846    0.3040    0.3097    0.4624    0.1272    0.3299    0.4706    0.4311    0.2655    0.7365    0.3978    0.5592    0.4991    0.4297    0.5834    0.3401    0.4101    0.4407    0.1145   -0.9829    0.4938    1.0000    0.5715    0.4786    0.5598    0.3220   -0.3781    0.5182    0.2587    0.4132    0.3467   -0.2563    0.4854   -0.1121    0.5588   -0.9829    0.5115    0.4236    0.5632    0.3958    0.3840    0.2381    0.5808    0.5144    0.5417
ind111       -0.9007   -0.3227    0.3476    0.2587    0.1417   -0.9007    0.2797   -0.5912    0.2996    0.3771    0.4248    0.3246   -0.2309    0.3475    0.2493    0.2755    0.4503    0.1357   -0.2516   -0.0339   -0.0007   -0.9007    0.3143    0.2086   -0.2310    0.3471    0.2778   -0.2595    0.3970    0.4516    0.3889    0.0378   -0.2266    0.3200    0.3157   -0.8437    0.3474    0.2479    0.3136   -0.1991    0.3192    0.3494   -0.4754    0.3421    0.3606    0.3991    0.3973    0.3746    0.1752    0.1347    0.3705    0.3239    0.3831    0.3187    0.4115   -0.8596    0.3006    0.1458    0.3524    0.3493    0.3516    0.2904    0.2908    0.4184    0.3642    0.3155    0.3662    0.2873   -0.1794    0.3442    0.0505    0.2377    0.2027    0.3417    0.2517    0.3563    0.4399    0.2519    0.0928   -0.1971    0.2746    0.3230    0.2624    0.4268    0.1068    0.2877    0.0473    0.2694    0.2605    0.2950    0.2201    0.1421    0.1159    0.1273    0.3470    0.3110   -0.0013    0.4941    0.2722    0.5019    0.3594    0.4772    0.4845    0.2066    0.6062    0.5227   -0.0357   -0.9007    0.3541    0.5715    1.0000    0.3451    0.4568    0.4657   -0.2959    0.6264    0.2864    0.3284    0.2452   -0.2886    0.3865   -0.1957    0.6109   -0.9007    0.3780    0.4687    0.4297    0.3717    0.0748    0.2835    0.5608    0.4935    0.5938
ind112       -0.8877    0.0975    0.4917    0.4561    0.4224   -0.8877    0.5611   -0.5885    0.5486    0.6876    0.6137    0.5501   -0.0334    0.5823    0.3344    0.4022    0.5062    0.2837    0.0410    0.0541    0.2433   -0.8877    0.4398    0.4507    0.0041    0.6469    0.3614    0.0901    0.3808    0.4599    0.5940    0.2719   -0.0349    0.4254    0.5118   -0.8307    0.5024    0.4029    0.4693   -0.0378    0.4046    0.4136   -0.5811    0.4957    0.5737    0.5527    0.5173    0.4934    0.4253    0.3594    0.5974    0.4660    0.6089    0.5089    0.3813   -0.9287    0.4194    0.4086    0.3525    0.4012    0.4703    0.5517    0.3400    0.5246    0.5545    0.5058    0.3302    0.5867   -0.0005    0.3539    0.3070    0.6087    0.4391    0.6104    0.6056    0.5110    0.4034    0.5009    0.2353    0.0500    0.4705    0.5797    0.5550    0.6048    0.3209    0.6567    0.3177    0.5519    0.3061    0.3859    0.5836    0.2795    0.2489    0.1927    0.5482    0.4406    0.1915    0.5876    0.6310    0.2242    0.6699    0.1147    0.7601    0.4335    0.5382    0.5220    0.0042   -0.8877    0.6297    0.4786    0.3451    1.0000    0.7306    0.2263   -0.3315    0.5265    0.0476    0.6643    0.3223   -0.0666    0.6135    0.1024    0.6517   -0.8877    0.9204    0.5865    0.7399    0.6854    0.0690    0.4965    0.6602    0.6424    0.7046
ind113       -0.7320    0.1312    0.5059    0.5650    0.4610   -0.7320    0.7106   -0.6208    0.6273    0.7784    0.6889    0.6353    0.0722    0.7011    0.5333    0.4834    0.6698    0.4474   -0.0298    0.0603    0.3320   -0.7320    0.6733    0.6129    0.0527    0.7365    0.5605    0.0879    0.5432    0.5052    0.6309    0.3403    0.0439    0.5418    0.7386   -0.6749    0.7000    0.6005    0.6610    0.1483    0.6014    0.6112   -0.3888    0.7651    0.5946    0.7862    0.6795    0.7269    0.4092    0.5218    0.7576    0.5924    0.8057    0.7058    0.4611   -0.7730    0.6480    0.4629    0.5860    0.4810    0.7038    0.7134    0.5735    0.6869    0.7106    0.7027    0.3327    0.6347    0.0545    0.3990    0.3979    0.6974    0.5924    0.6594    0.6463    0.5187    0.5297    0.5559    0.4342   -0.0453    0.5875    0.6625    0.5667    0.7550    0.4103    0.7057    0.3361    0.6654    0.4668    0.5491    0.5613    0.3224    0.2625    0.2249    0.5973    0.4776    0.2643    0.7500    0.4815    0.3398    0.8323    0.1918    0.8818    0.5911    0.6978    0.6437    0.1133   -0.7320    0.7921    0.5598    0.4568    0.7306    1.0000    0.3014   -0.1758    0.7552    0.1579    0.6419    0.3143   -0.0401    0.7352   -0.0012    0.7747   -0.7320    0.7402    0.7807    0.8270    0.6483    0.2271    0.4536    0.7710    0.8345    0.7917
ind114       -1.2303   -0.3535    0.4239    0.1033    0.0229   -1.2303    0.2097   -0.7506    0.1322    0.2218    0.2275    0.1739   -0.5204    0.2287    0.0825    0.1536    0.2347    0.1843   -0.3703   -0.2326   -0.1309   -1.2303    0.1170    0.0898   -0.3611    0.2284    0.1224   -0.2442    0.1868    0.2423    0.3189   -0.1175   -0.2972    0.2787    0.1603   -1.1733    0.2680    0.1685    0.2450   -0.3545    0.3633    0.3568   -0.9238    0.2240    0.2420    0.2437    0.2792    0.3031    0.0566    0.0662    0.2890    0.2425    0.2278    0.1633    0.2480   -1.2714    0.2693    0.0758    0.2244    0.3081    0.2335    0.1350    0.1240    0.2997    0.2088    0.2842    0.1074    0.2058   -0.2201    0.2554    0.0610    0.1189    0.0939    0.1863    0.0309    0.0681    0.1878    0.1332   -0.0981   -0.2833    0.1192    0.1190    0.1437    0.3087    0.0273    0.2062    0.0532    0.1513    0.0905    0.1768    0.0616    0.2275   -0.0070    0.0479    0.2597    0.2296   -0.0027    0.4142    0.2294    0.4841    0.2407    0.2511    0.3658    0.0878    0.3435    0.2113   -0.3774   -1.2303    0.2354    0.3220    0.4657    0.2263    0.3014    1.0000   -0.6255    0.4291    0.4391    0.2777    0.0589   -0.5147    0.2678    0.0157    0.4921   -1.2303    0.2593    0.2060    0.3110    0.1744    0.1579    0.1442    0.3515    0.3329    0.4751
ind115        0.3952   -0.8804   -0.5112   -0.3067   -0.1185    0.3952   -0.2588   -0.7668   -0.2490   -0.2858   -0.2501   -0.1865    0.1657   -0.1602    0.0478   -0.4693   -0.0236   -0.4165   -1.0390   -0.0489   -0.2887    0.3952   -0.2106   -0.0546   -0.0708   -0.1731   -0.3706   -0.6465   -0.0733   -0.0437   -0.4271   -0.0243   -1.0221   -0.3406   -0.1402    0.4522   -0.3147   -0.3046   -0.1922   -0.5625   -0.3418   -0.4035    0.5174   -0.1667   -0.4574   -0.2237   -0.2583   -0.2109   -0.6428   -0.3092   -0.1841   -0.4568   -0.2444   -0.2855   -0.5188    0.3541   -0.1772   -0.5872   -0.0973   -0.4987   -0.1413   -0.3367    0.0012   -0.3996   -0.3395   -0.2636   -0.3723   -0.1134   -0.9404   -0.4031   -0.2823   -0.2484   -0.3054   -0.2441   -0.2103   -0.4499   -0.1313   -0.3215   -0.2586   -0.9999   -0.2935   -0.2774   -0.4080   -0.0982   -0.5357   -0.1373   -0.6446   -0.1990   -0.3878   -0.2031   -0.3185   -0.5864   -0.7181   -0.6012   -0.2885   -0.4145   -0.6569   -0.2369   -0.6232   -0.5638   -0.1377   -0.7019   -0.1342   -0.2608   -0.2125   -0.0823    0.1554    0.3952   -0.1267   -0.3781   -0.2959   -0.3315   -0.1758   -0.6255    1.0000   -0.2117   -0.8005   -0.4226   -0.4698   -0.8800   -0.1240   -1.0640   -0.2814    0.3952   -0.3645   -0.1101   -0.1489   -0.3599   -0.7890   -0.3582   -0.1403   -0.0871   -0.2643
ind116       -0.7678   -0.0322    0.5190    0.4963    0.3963   -0.7678    0.6188   -0.5866    0.4886    0.6459    0.5921    0.5792   -0.0185    0.6035    0.5256    0.5322    0.6486    0.4261   -0.0923    0.0538    0.3242   -0.7678    0.6520    0.4782   -0.0250    0.6017    0.4979    0.0655    0.4655    0.6110    0.5684    0.2817    0.0158    0.5138    0.6061   -0.7108    0.6365    0.5370    0.6041    0.0914    0.6083    0.5832   -0.4246    0.6670    0.5321    0.6537    0.6519    0.6292    0.3467    0.3893    0.6596    0.5299    0.6377    0.5733    0.4679   -0.8089    0.5911    0.4004    0.5928    0.4534    0.6407    0.5809    0.5312    0.6244    0.6188    0.5701    0.2988    0.6122   -0.0487    0.3342    0.3051    0.5626    0.4932    0.5618    0.4422    0.4552    0.5084    0.4578    0.3356   -0.1485    0.5306    0.5993    0.5387    0.6557    0.3472    0.5768    0.3364    0.6430    0.4455    0.5429    0.4747    0.3292    0.2755    0.1252    0.4569    0.4088    0.1810    0.7080    0.4050    0.3204    0.6282    0.3265    0.7126    0.4626    0.6421    0.6287   -0.0966   -0.7678    0.5822    0.5182    0.6264    0.5265    0.7552    0.4291   -0.2117    1.0000    0.2357    0.5078    0.2570   -0.1381    0.6411   -0.0357    0.7121   -0.7678    0.6061    0.6593    0.6578    0.5870    0.2678    0.4678    0.7153    0.7433    0.6592
ind117       -1.4053   -0.5089    0.2491   -0.0055   -0.1918   -1.4053    0.0196   -0.9779    0.0227    0.0438    0.1262    0.0259   -0.5296   -0.0207   -0.1195   -0.0539    0.0246   -0.1938   -0.4412   -0.4294   -0.4042   -1.4053   -0.0194   -0.0546   -0.6701    0.0148   -0.0555   -0.5226   -0.0856    0.0137    0.1290   -0.2957   -0.4040    0.2747    0.0515   -1.3483    0.1232    0.0237    0.0667   -0.4981    0.1110    0.2120   -1.0621    0.0432    0.1019    0.1003    0.0636    0.0409   -0.0835   -0.0426    0.0716    0.0997    0.0843    0.0198    0.0703   -1.4463    0.0537   -0.1143    0.0435    0.2117    0.0179   -0.0085   -0.1486    0.1583    0.0654    0.1035   -0.0234    0.0241   -0.3255    0.1246   -0.2830   -0.0255   -0.0964    0.0440   -0.0765   -0.0028    0.0502    0.0279   -0.2525   -0.4600   -0.0589    0.0598    0.0728    0.1636   -0.0784    0.0594   -0.1030    0.0062   -0.0126   -0.0597   -0.0043    0.2340   -0.1127    0.0190    0.2010    0.1215   -0.0183    0.2343    0.0528    0.2837    0.0261    0.5459    0.1163   -0.1270    0.1726    0.0751   -0.5000   -1.4053   -0.0141    0.2587    0.2864    0.0476    0.1579    0.4391   -0.8005    0.2357    1.0000    0.1477   -0.2501   -0.6878    0.0183   -0.2896    0.2776   -1.4053    0.0806    0.0699    0.0615    0.0384    0.1959   -0.0288    0.1784    0.1598    0.2605
ind118       -0.9788    0.1890    0.5603    0.5024    0.3570   -0.9788    0.5088   -0.4884    0.4133    0.6337    0.4707    0.4938   -0.2113    0.5261    0.3157    0.3756    0.4174    0.2739    0.0984    0.0275    0.2647   -0.9788    0.3511    0.3620   -0.1272    0.5582    0.4567   -0.0104    0.3308    0.3946    0.6761    0.1690   -0.0515    0.5225    0.4556   -0.9218    0.5573    0.4229    0.4207   -0.0940    0.4595    0.4685   -0.6722    0.4419    0.5714    0.5390    0.5736    0.4797    0.4578    0.2345    0.5435    0.5696    0.5550    0.4551    0.4382   -1.0199    0.4057    0.4716    0.3725    0.4582    0.4165    0.4268    0.2914    0.6282    0.5006    0.4519    0.3097    0.4980    0.1811    0.4501    0.2183    0.5548    0.4529    0.5140    0.4650    0.4582    0.3883    0.5344    0.1868    0.0830    0.3741    0.5319    0.5449    0.4735    0.3588    0.6028    0.2359    0.4956    0.2561    0.2972    0.4975    0.3658    0.3245    0.1584    0.6872    0.4201    0.2004    0.6076    0.5693    0.3603    0.6563    0.2508    0.6714    0.4198    0.4896    0.4333   -0.1335   -0.9788    0.5410    0.4132    0.3284    0.6643    0.6419    0.2777   -0.4226    0.5078    0.1477    1.0000    0.2453   -0.1437    0.5248    0.2053    0.6330   -0.9788    0.7438    0.5327    0.7262    0.4662    0.0890    0.3176    0.5248    0.5537    0.6159
ind119       -1.0746    0.0702    0.1219    0.1540    0.2406   -1.0746    0.1057   -0.8430    0.2283    0.2757    0.2804    0.2610   -0.3693    0.2882    0.1598    0.1389    0.2562    0.2098   -0.3326   -0.0906   -0.0112   -1.0746    0.2550    0.1574   -0.3183    0.2844    0.0700   -0.0349    0.1830    0.2580    0.2906   -0.0649   -0.3424    0.2076    0.2520   -1.0176    0.2444    0.1100    0.1766   -0.0362    0.2173    0.1556   -0.6859    0.2036    0.1387    0.3008    0.3336    0.2763    0.0251    0.1449    0.2686    0.1714    0.2801    0.1802    0.2037   -1.0336    0.1616    0.0440    0.2137    0.1761    0.2131    0.2659    0.1367    0.2659    0.2990    0.1770    0.1199    0.2160   -0.3356    0.1310    0.1910    0.3136    0.2475    0.2749    0.3433    0.3108    0.2832    0.1364    0.0643   -0.2722    0.1302    0.2421    0.1814    0.1875    0.1050    0.2860    0.0325    0.1650    0.1034    0.0095    0.2187    0.0545   -0.0407   -0.0392    0.2071    0.0992   -0.1499    0.2901    0.1781    0.0919    0.3349   -0.1162    0.3035    0.1759    0.2777    0.3088   -0.2487   -1.0746    0.2138    0.3467    0.2452    0.3223    0.3143    0.0589   -0.4698    0.2570   -0.2501    0.2453    1.0000   -0.1957    0.2462   -0.2095    0.2788   -1.0746    0.3553    0.3266    0.3583    0.2815   -0.0788    0.2269    0.3772    0.3108    0.2617
ind120       -1.4362   -0.7101   -0.3564   -0.3183   -0.2377   -1.4362   -0.2893   -1.2662   -0.2926   -0.1540   -0.1919   -0.2519   -0.7452   -0.1555   -0.3388   -0.2907   -0.2568   -0.4391   -0.5782   -0.5484   -0.4265   -1.4362   -0.2541   -0.3018   -0.7632   -0.1593   -0.3737   -0.3651   -0.4261   -0.2059   -0.1816   -0.4895   -0.5395   -0.2707   -0.1726   -1.3792   -0.1993   -0.2707   -0.2041   -0.7281   -0.2264   -0.2881   -1.1296   -0.2401   -0.3396   -0.1429   -0.1447   -0.1674   -0.4532   -0.4475   -0.1751   -0.3069   -0.1636   -0.2635   -0.3568   -1.4773   -0.2283   -0.4343   -0.2503   -0.3368   -0.2306   -0.2918   -0.2926   -0.2124   -0.2587   -0.2667   -0.4831   -0.2970   -0.7448   -0.3819   -0.4926   -0.1994   -0.2308   -0.2381   -0.1697   -0.3329   -0.3259   -0.3765   -0.2313   -0.6064   -0.3828   -0.2709   -0.3315   -0.2502   -0.5220   -0.2270   -0.5945   -0.2647   -0.4237   -0.4203   -0.2943   -0.4585   -0.3685   -0.5909   -0.2651   -0.3731   -0.6222   -0.1475   -0.2108   -0.5111   -0.0064   -0.5885    0.0029   -0.2487   -0.1599   -0.2182   -0.7147   -1.4362   -0.1405   -0.2563   -0.2886   -0.0666   -0.0401   -0.5147   -0.8800   -0.1381   -0.6878   -0.1437   -0.1957    1.0000   -0.1975   -0.5017   -0.1588   -1.4362   -0.0336   -0.0633    0.0231   -0.1561   -0.6651   -0.1569   -0.0553   -0.0922   -0.1758
ind121       -0.7288   -0.0036    0.4764    0.3833    0.5487   -0.7288    0.5272   -0.6566    0.4823    0.6247    0.5776    0.5647   -0.0307    0.6316    0.4272    0.4356    0.6348    0.4124   -0.0329   -0.0140    0.2138   -0.7288    0.5544    0.5435    0.0536    0.7374    0.4553    0.0225    0.5074    0.5061    0.5258    0.3962   -0.1099    0.4367    0.5632   -0.6718    0.5949    0.4954    0.5611    0.0485    0.5678    0.5061   -0.4222    0.6241    0.4895    0.6466    0.5748    0.6222    0.4405    0.3823    0.6891    0.4528    0.6662    0.5662    0.3908   -0.7699    0.5482    0.3233    0.5158    0.3763    0.6336    0.5379    0.5032    0.5473    0.6118    0.5631    0.2562    0.6059   -0.0913    0.3632    0.3622    0.6279    0.4518    0.5892    0.5053    0.3777    0.4939    0.4852    0.3281   -0.0180    0.5221    0.5564    0.4257    0.6489    0.4765    0.6780    0.4040    0.5514    0.3966    0.4646    0.4973    0.2522    0.1626    0.1542    0.4859    0.3317    0.0826    0.6753    0.3237    0.1962    0.7152    0.0867    0.7996    0.5623    0.5917    0.6142    0.0413   -0.7288    0.6692    0.4854    0.3865    0.6135    0.7352    0.2678   -0.1240    0.6411    0.0183    0.5248    0.2462   -0.1975    1.0000   -0.0585    0.6703   -0.7288    0.6231    0.6805    0.7448    0.4666    0.2584    0.3496    0.6671    0.7305    0.7232
ind122       -1.6202   -0.3118   -0.0091   -0.1809   -0.2183   -1.6202   -0.0650   -1.0626   -0.1832   -0.0335   -0.0767   -0.0937   -0.6413   -0.1455   -0.3274   -0.2614   -0.1838   -0.1503    0.0152   -0.5525   -0.4186   -1.6202   -0.2860   -0.2258   -0.8061   -0.0742   -0.2222   -0.5118   -0.2928   -0.2425    0.1015   -0.5432   -0.5505   -0.1447   -0.2626   -1.5631   -0.1566   -0.2561   -0.2165   -0.8529   -0.1676   -0.1032   -1.3136   -0.2361    0.0880   -0.2150   -0.1804   -0.2277    0.1330   -0.2435   -0.1703   -0.0407   -0.1588   -0.2588   -0.1167   -1.6612   -0.2664    0.1834   -0.3065   -0.1136   -0.2974   -0.1801   -0.4277   -0.0391   -0.2540   -0.1751   -0.3140   -0.1393   -0.1095   -0.1514   -0.2482   -0.0766   -0.1150   -0.1533   -0.0796    0.0015   -0.2283   -0.0758   -0.4499   -0.2383   -0.2980   -0.0994    0.0312   -0.1550   -0.0802   -0.1517   -0.0337   -0.1596   -0.3256   -0.3265    0.0374   -0.1489    0.1292   -0.4943    0.0752   -0.0999   -0.3304    0.0270    0.3999   -0.1184   -0.0978   -0.2267   -0.0483   -0.3390   -0.1145   -0.1665   -0.7615   -1.6202   -0.1380   -0.1121   -0.1957    0.1024   -0.0012    0.0157   -1.0640   -0.0357   -0.2896    0.2053   -0.2095   -0.5017   -0.0585    1.0000   -0.0508   -1.6202    0.1820   -0.0661   -0.0685    0.1009   -0.2521   -0.1198   -0.1171   -0.0882   -0.1038
ind123       -0.8862    0.0298    0.5806    0.5645    0.4254   -0.8862    0.5976   -0.6177    0.5935    0.6937    0.6529    0.5993   -0.0471    0.6671    0.4613    0.5054    0.6704    0.4480   -0.0303    0.0249    0.2479   -0.8862    0.5195    0.5075   -0.0183    0.6309    0.5598    0.0582    0.4010    0.5758    0.7055    0.2742   -0.0053    0.5413    0.6335   -0.8292    0.6294    0.5299    0.5966    0.0839    0.6030    0.5761   -0.5796    0.6600    0.6286    0.6811    0.6790    0.6217    0.4432    0.4167    0.6891    0.5919    0.6651    0.6007    0.4606   -0.9273    0.5836    0.4624    0.5509    0.4805    0.5987    0.6083    0.4322    0.6864    0.6462    0.5975    0.3666    0.6415    0.0885    0.4754    0.2903    0.5919    0.4857    0.6234    0.5387    0.4827    0.4590    0.5198    0.3282    0.0253    0.5922    0.5920    0.5662    0.6545    0.3398    0.6410    0.3022    0.5524    0.3617    0.4298    0.4599    0.3219    0.3027    0.3074    0.5596    0.4771    0.1923    0.7144    0.4319    0.4184    0.6781    0.3805    0.7683    0.5262    0.8165    0.6138   -0.0409   -0.8862    0.6379    0.5588    0.6109    0.6517    0.7747    0.4921   -0.2814    0.7121    0.2776    0.6330    0.2788   -0.1588    0.6703   -0.0508    1.0000   -0.8862    0.7313    0.6792    0.7481    0.6823    0.1958    0.5304    0.7778    0.7712    0.9471
ind124        1.0000   -1.4852   -1.1160   -0.7191   -0.7233    1.0000   -0.8149   -1.1436   -0.8538   -0.8420   -0.8549   -0.7913   -0.0871   -0.7062   -0.5570   -0.9199   -0.6284   -0.9292   -1.6438   -0.3388   -0.8448    1.0000   -0.7668   -0.6594   -0.0460   -0.7780   -0.9754   -1.2513   -0.6781   -0.6485   -1.0319   -0.6291   -1.5782   -0.9454   -0.7450    0.9430   -0.9195   -0.7170   -0.7970   -1.0618   -0.8598   -1.0083    0.4926   -0.7715   -1.0622   -0.8285   -0.8631   -0.8157   -1.1420   -0.9140   -0.7889   -1.0028   -0.8492   -0.7847   -1.1236    0.9589   -0.7820   -1.1920   -0.7022   -1.0446   -0.7461   -0.9415   -0.5448   -1.0044   -0.9443   -0.8684   -0.9771   -0.7182   -1.4864   -1.0079   -0.7949   -0.8532   -0.8514   -0.8489   -0.8151   -1.0547   -0.7361   -0.9263   -0.8045   -1.6047   -0.8983   -0.8233   -0.9540   -0.7030   -1.0817   -0.7421   -1.2494   -0.7552   -0.9338   -0.5949   -0.9233   -1.1912   -1.1772   -1.2060   -0.8933   -1.0193   -1.2617   -0.8417   -1.1794   -1.1686   -0.6350   -1.3067   -0.6904   -0.7146   -0.8173   -0.6871   -0.0974    1.0000   -0.5688   -0.9829   -0.9007   -0.8877   -0.7320   -1.2303    0.3952   -0.7678   -1.4053   -0.9788   -1.0746   -1.4362   -0.7288   -1.6202   -0.8862    1.0000   -0.9207   -0.7149   -0.7050   -0.8779   -1.2882   -0.9630   -0.7451   -0.6919   -0.8691
ind125       -0.9207    0.1071    0.5713    0.4465    0.5019   -0.9207    0.5282   -0.5555    0.5116    0.6971    0.5341    0.5171   -0.0664    0.5493    0.4140    0.4352    0.5157    0.2933    0.0314    0.0871    0.3229   -0.9207    0.4494    0.4603   -0.0289    0.6565    0.4410    0.0997    0.3904    0.4929    0.6736    0.1923   -0.0019    0.4584    0.4789   -0.8636    0.5820    0.4825    0.4788   -0.0708    0.4842    0.4932   -0.6141    0.5053    0.6533    0.5623    0.5969    0.5029    0.5049    0.3690    0.6070    0.5456    0.6184    0.5185    0.4143   -0.9617    0.4289    0.4882    0.4321    0.4342    0.4799    0.5613    0.3495    0.6042    0.5640    0.5154    0.3206    0.5963    0.0791    0.3869    0.3166    0.6182    0.4762    0.5774    0.6152    0.5440    0.4130    0.5104    0.2449    0.0870    0.4375    0.5467    0.5920    0.5718    0.3305    0.6663    0.3273    0.5189    0.3157    0.3955    0.5932    0.3125    0.3285    0.1831    0.5852    0.4311    0.1820    0.6672    0.6639    0.2571    0.6795    0.1476    0.7697    0.4431    0.5478    0.5316   -0.0754   -0.9207    0.6393    0.5115    0.3780    0.9204    0.7402    0.2593   -0.3645    0.6061    0.0806    0.7438    0.3553   -0.0336    0.6231    0.1820    0.7313   -0.9207    1.0000    0.5961    0.7495    0.7224    0.1485    0.5336    0.6232    0.6520    0.7142
ind126       -0.7149    0.1548    0.4512    0.3944    0.3656   -0.7149    0.5728   -0.6089    0.4567    0.6692    0.7076    0.6946    0.1017    0.6406    0.4034    0.3812    0.6163    0.3939   -0.0468   -0.0029    0.1534   -0.7149    0.5366    0.5368    0.0111    0.6411    0.4650    0.0874    0.4478    0.4517    0.5703    0.3742   -0.1347    0.4468    0.6974   -0.6579    0.6050    0.4706    0.5718    0.1478    0.5064    0.5162   -0.3717    0.6701    0.5772    0.6912    0.5845    0.6318    0.4267    0.5048    0.6626    0.4974    0.7107    0.6108    0.3660   -0.7560    0.6475    0.4110    0.4561    0.3860    0.6088    0.6184    0.4436    0.5918    0.6563    0.6076    0.1965    0.5455    0.0313    0.3384    0.3444    0.6023    0.4974    0.5989    0.6512    0.4237    0.5110    0.4953    0.3043   -0.1814    0.5677    0.5675    0.4717    0.6251    0.2804    0.6514    0.2062    0.5625    0.3788    0.4050    0.6269    0.2274    0.1733    0.1643    0.4960    0.3070    0.0937    0.6139    0.3316    0.1692    0.7769    0.2037    0.7915    0.6250    0.7877    0.7743   -0.0177   -0.7149    0.6073    0.4236    0.4687    0.5865    0.7807    0.2060   -0.1101    0.6593    0.0699    0.5327    0.3266   -0.0633    0.6805   -0.0661    0.6792   -0.7149    0.5961    1.0000    0.7716    0.6321    0.1392    0.4848    0.7368    0.7465    0.6963
ind127       -0.7050    0.1085    0.5135    0.4668    0.4701   -0.7050    0.6185   -0.6133    0.5256    0.7453    0.6558    0.6423    0.0276    0.7091    0.4298    0.4869    0.6374    0.4551   -0.0974    0.0293    0.3053   -0.7050    0.5710    0.5998    0.1100    0.7054    0.4578    0.1540    0.4754    0.5087    0.6384    0.4062   -0.0586    0.5143    0.6945   -0.6480    0.5978    0.4634    0.6038    0.1797    0.5707    0.5090   -0.3985    0.6270    0.5266    0.7242    0.6870    0.6997    0.3761    0.4196    0.6920    0.5247    0.7035    0.6036    0.4283   -0.7461    0.6794    0.3604    0.4838    0.4482    0.6365    0.5753    0.5114    0.6192    0.6491    0.6004    0.2995    0.6085    0.0214    0.4007    0.3647    0.6654    0.5293    0.6611    0.5773    0.4152    0.4968    0.5227    0.3709   -0.0767    0.5941    0.5938    0.4632    0.6576    0.3427    0.7154    0.2702    0.6431    0.3646    0.4813    0.5692    0.2896    0.1997    0.1978    0.5641    0.3750    0.1259    0.6840    0.4850    0.2739    0.8951    0.1644    0.9452    0.6936    0.7096    0.6167    0.1402   -0.7050    0.7610    0.5632    0.4297    0.7399    0.8270    0.3110   -0.1489    0.6578    0.0615    0.7262    0.3583    0.0231    0.7448   -0.0685    0.7481   -0.7050    0.7495    0.7716    1.0000    0.5444    0.1653    0.5213    0.7986    0.7737    0.8010
ind128       -0.8779    0.0645    0.4505    0.5676    0.3862   -0.8779    0.4731   -0.7059    0.4674    0.6043    0.6890    0.6354    0.0758    0.5836    0.3349    0.3843    0.5494    0.3269    0.0719    0.0276    0.1218   -0.8779    0.4351    0.3445   -0.0519    0.5049    0.4335    0.0148    0.2746    0.4547    0.6253    0.1498   -0.0947    0.4150    0.5498   -0.8209    0.5031    0.4904    0.4665   -0.0406    0.5268    0.4498   -0.6215    0.5336    0.6513    0.5548    0.5527    0.4954    0.5028    0.4394    0.5262    0.4655    0.5388    0.4743    0.3342   -0.9190    0.4166    0.5220    0.4246    0.3542    0.4724    0.5530    0.3059    0.5600    0.4792    0.4712    0.3198    0.4747    0.0771    0.2719    0.2428    0.4659    0.4388    0.5765    0.5361    0.4644    0.4115    0.4304    0.2019    0.0129    0.4677    0.5451    0.5904    0.5300    0.2504    0.4373    0.2472    0.4279    0.3142    0.3034    0.5207    0.2325    0.3304    0.1058    0.5128    0.4302    0.1454    0.5514    0.4637    0.1414    0.5151    0.1413    0.5646    0.3225    0.6553    0.5666   -0.1613   -0.8779    0.4749    0.3958    0.3717    0.6854    0.6483    0.1744   -0.3599    0.5870    0.0384    0.4662    0.2815   -0.1561    0.4666    0.1009    0.6823   -0.8779    0.7224    0.6321    0.5444    1.0000    0.0706    0.5690    0.6161    0.6094    0.6293
ind129       -1.2882   -0.4365    0.2434    0.0146    0.1069   -1.2882    0.0638   -1.0021    0.0750    0.0761    0.1463    0.1392   -0.5186   -0.0231    0.0510    0.0343    0.0913   -0.1271   -0.3570   -0.3736   -0.3018   -1.2882    0.1267    0.0478   -0.5319    0.0826   -0.0579   -0.4918    0.0181    0.0660    0.2079   -0.2741   -0.4727    0.0313    0.0491   -1.2312    0.2230    0.0554   -0.0225   -0.5005    0.1244    0.1895   -0.9450    0.0753    0.0962    0.0979    0.0958    0.0851    0.0473   -0.0178    0.1037    0.0940    0.1174    0.0175    0.1206   -1.3293   -0.0355   -0.0355    0.0756    0.0941    0.0500    0.1032   -0.0804    0.1885    0.1770    0.0143    0.1072    0.0549   -0.4092    0.0078   -0.1448    0.0769    0.0195    0.0404   -0.0086    0.0149    0.0464    0.0566   -0.1396   -0.2932   -0.0267    0.0420    0.1016    0.1960    0.1228    0.1618    0.3420    0.0024   -0.0164   -0.0635    0.0636    0.1215   -0.1964    0.1441    0.1767    0.1717    0.1546    0.4060   -0.0059    0.2930    0.0953    0.1840    0.1856   -0.0577    0.0908    0.0727   -0.3959   -1.2882    0.0552    0.3840    0.0748    0.0690    0.2271    0.1579   -0.7890    0.2678    0.1959    0.0890   -0.0788   -0.6651    0.2584   -0.2521    0.1958   -1.2882    0.1485    0.1392    0.1653    0.0706    1.0000   -0.0834    0.1640    0.1929    0.1787
ind130       -0.9630   -0.1643    0.2599    0.3262    0.2317   -0.9630    0.3592   -0.5638    0.2724    0.3382    0.3818    0.3683   -0.1375    0.4292    0.1750    0.2266    0.3916    0.2094   -0.2378   -0.1540    0.0018   -0.9630    0.2752    0.2750   -0.2426    0.3102    0.2043   -0.0473    0.0803    0.2970    0.4368    0.0901    0.0277    0.3472    0.4490   -0.9060    0.3083    0.2088    0.4374   -0.0658    0.4036    0.3418   -0.6565    0.3389    0.3441    0.4002    0.4330    0.3757    0.1587    0.2535    0.3680    0.2708    0.3440    0.2796    0.1743   -1.0041    0.4782    0.2124    0.2647    0.2811    0.3125    0.3582    0.1862    0.3653    0.3251    0.3633    0.0885    0.3553   -0.2671    0.0407    0.0115    0.3057    0.2822    0.3453    0.3354    0.2327    0.1802    0.1643    0.0822   -0.2166    0.3141    0.3483    0.3587    0.4108    0.0536    0.3199    0.0522    0.3489    0.1174    0.1091    0.2866    0.1225    0.0875   -0.1196    0.2466    0.1985   -0.0863    0.3589    0.2341   -0.0167    0.4165    0.0182    0.5014    0.2994    0.5293    0.4005   -0.2251   -0.9630    0.3172    0.2381    0.2835    0.4965    0.4536    0.1442   -0.3582    0.4678   -0.0288    0.3176    0.2269   -0.1569    0.3496   -0.1198    0.5304   -0.9630    0.5336    0.4848    0.5213    0.5690   -0.0834    1.0000    0.5873    0.5269    0.4775
ind131       -0.7451    0.0261    0.5074    0.5375    0.3522   -0.7451    0.5939   -0.5538    0.6851    0.6556    0.7033    0.6031    0.0104    0.6639    0.4711    0.5206    0.7091    0.4866   -0.0573    0.1233    0.2577   -0.7451    0.5927    0.5925    0.0809    0.6277    0.4517    0.1431    0.4464    0.6397    0.5974    0.3714   -0.0323    0.5142    0.6837   -0.6881    0.5558    0.4563    0.6278    0.1689    0.5642    0.5024   -0.4386    0.6563    0.5205    0.6775    0.6403    0.6530    0.3351    0.4131    0.6855    0.5182    0.6615    0.5970    0.4684   -0.7862    0.6686    0.3888    0.5608    0.4883    0.6299    0.6046    0.5121    0.6127    0.6426    0.5939    0.3886    0.6727   -0.0196    0.3347    0.3290    0.6231    0.4469    0.6201    0.5006    0.5043    0.5463    0.4817    0.3595   -0.0828    0.5890    0.6232    0.4926    0.6857    0.3711    0.6373    0.2986    0.5836    0.4835    0.4265    0.5330    0.3297    0.2639    0.1318    0.4515    0.4500    0.1652    0.6063    0.3703    0.3260    0.6937    0.2468    0.8188    0.5767    0.7411    0.7011    0.1048   -0.7451    0.6347    0.5808    0.5608    0.6602    0.7710    0.3515   -0.1403    0.7153    0.1784    0.5248    0.3772   -0.0553    0.6671   -0.1171    0.7778   -0.7451    0.6232    0.7368    0.7986    0.6161    0.1640    0.5873    1.0000    0.8444    0.7949
ind132       -0.6919    0.0550    0.5008    0.4843    0.5078   -0.6919    0.6219   -0.6202    0.5832    0.6490    0.6501    0.5964   -0.0154    0.6919    0.4513    0.4674    0.7025    0.4800   -0.1105    0.0569    0.2379   -0.6919    0.6206    0.5676    0.0995    0.6911    0.4797    0.0828    0.4612    0.5379    0.5908    0.2990   -0.0855    0.4610    0.6579   -0.6349    0.6192    0.5197    0.6558    0.1431    0.5922    0.5304   -0.4775    0.6843    0.5138    0.7054    0.6336    0.6810    0.3285    0.5332    0.7135    0.5116    0.7249    0.6250    0.4152   -0.7330    0.6428    0.3821    0.5401    0.4351    0.6579    0.6326    0.4915    0.6061    0.6706    0.6219    0.2868    0.6661   -0.0262    0.3170    0.4500    0.6520    0.5104    0.6135    0.5295    0.4380    0.5257    0.4751    0.3883   -0.0894    0.5823    0.6166    0.4860    0.7137    0.3644    0.6662    0.2919    0.6116    0.4628    0.4545    0.5619    0.2765    0.2573    0.1487    0.4804    0.3968    0.1475    0.6698    0.3526    0.2596    0.7034    0.1936    0.8285    0.5864    0.7345    0.6804    0.0193   -0.6919    0.6981    0.5144    0.4935    0.6424    0.8345    0.3329   -0.0871    0.7433    0.1598    0.5537    0.3108   -0.0922    0.7305   -0.0882    0.7712   -0.6919    0.6520    0.7465    0.7737    0.6094    0.1929    0.5269    0.8444    1.0000    0.7883
ind133       -0.8691    0.0468    0.5636    0.5116    0.4084   -0.8691    0.6146   -0.6348    0.6105    0.7467    0.7058    0.6522   -0.0301    0.6842    0.4083    0.4883    0.6875    0.4650   -0.0473    0.0078    0.1949   -0.8691    0.5725    0.5245    0.0347    0.6838    0.5428    0.0752    0.4539    0.5588    0.6885    0.2913   -0.0223    0.5242    0.6506   -0.8121    0.6124    0.5128    0.6137    0.1010    0.5859    0.5590   -0.5626    0.6770    0.6115    0.7341    0.6620    0.6747    0.4261    0.4697    0.7421    0.5748    0.7181    0.6536    0.4435   -0.9102    0.6007    0.4454    0.5338    0.4634    0.6517    0.6253    0.4852    0.6693    0.6992    0.6505    0.3496    0.6586    0.0714    0.4583    0.3432    0.6090    0.4328    0.6763    0.5558    0.4298    0.5120    0.5728    0.3453    0.0083    0.6093    0.6090    0.5133    0.6716    0.3928    0.6939    0.3552    0.5695    0.4146    0.4827    0.5129    0.3048    0.2497    0.2903    0.5426    0.4600    0.1393    0.6974    0.4148    0.4013    0.7310    0.3634    0.8212    0.5432    0.8336    0.6667   -0.0239   -0.8691    0.6908    0.5417    0.5938    0.7046    0.7917    0.4751   -0.2643    0.6592    0.2605    0.6159    0.2617   -0.1758    0.7232   -0.1038    0.9471   -0.8691    0.7142    0.6963    0.8010    0.6293    0.1787    0.4775    0.7949    0.7883    1.0000

1-r distance between pairs of individuals  (Phylip format)
133
ind1          0.0000    2.4852    2.1160    1.7191    1.7233    0.0000    1.8149    2.1436    1.8538    1.8420    1.8549    1.7913    1.0871    1.7062    1.5570    1.9199    1.6284    1.9292    2.6438    1.3388    1.8448    0.0000    1.7668    1.6594    1.0460    1.7780    1.9754    2.2513    1.6781    1.6485    2.0319    1.6291    2.5782    1.9454    1.7450    0.0570    1.9195    1.7170    1.7970    2.0618    1.8598    2.0083    0.5074    1.7715    2.0622    1.8285    1.8631    1.8157    2.1420    1.9140    1.7889    2.0028    1.8492    1.7847    2.1236    0.0411    1.7820    2.1920    1.7022    2.0446    1.7461    1.9415    1.5448    2.0044    1.9443    1.8684    1.9771    1.7182    2.4864    2.0079    1.7949    1.8532    1.8514    1.8489    1.8151    2.0547    1.7361    1.9263    1.8045    2.6047    1.8983    1.8233    1.9540    1.7030    2.0817    1.7421    2.2494    1.7552    1.9338    1.5949    1.9233    2.1912    2.1772    2.2060    1.8933    2.0193    2.2617    1.8417    2.1794    2.1686    1.6350    2.3067    1.6904    1.7146    1.8173    1.6871    1.0974    0.0000    1.5688    1.9829    1.9007    1.8877    1.7320    2.2303    0.6048    1.7678    2.4053    1.9788    2.0746    2.4362    1.7288    2.6202    1.8862    0.0000    1.9207    1.7149    1.7050    1.8779    2.2882    1.9630    1.7451    1.6919    1.8691
ind2          2.4852    0.0000    1.0315    0.9950    1.1199    2.4852    0.9068    2.1675    0.9345    0.8601    0.9025    0.8386    1.4697    0.9198    1.1769    1.3101    1.0404    1.2107    1.2407    1.5115    1.3478    2.4852    1.0493    0.9917    1.5153    0.8539    1.1050    1.0788    1.0594    1.2397    0.7504    1.2055    0.8758    1.1280    0.9311    2.4282    1.0446    1.1790    1.0007    1.2134    1.1432    1.1334    2.1421    0.9795    0.9890    0.9182    0.9537    0.9310    1.1026    1.1101    0.9504    1.0344    0.9022    1.0022    1.1657    2.5263    1.0157    0.9698    1.1588    1.1577    1.0408    0.9946    1.1658    0.9399    0.9566    1.0053    1.3813    0.9147    1.3388    1.1614    1.2387    0.8578    0.9106    0.9324    0.8586    0.9898    1.1433    0.9993    1.1892    1.4805    1.0005    0.8927    0.9418    0.9898    1.1017    0.8923    1.2126    0.9290    1.2411    1.2444    0.8752    1.2014    1.1623    1.4015    0.9573    1.1898    1.3717    1.0355    1.0229    1.2505    0.9208    1.3578    0.9463    1.0380    0.9289    0.9457    1.6807    2.4852    1.0767    1.1912    1.3227    0.9025    0.8688    1.3535    1.8804    1.0322    1.5089    0.8110    0.9298    1.7101    1.0036    1.3118    0.9702    2.4852    0.8929    0.8452    0.8915    0.9355    1.4365    1.1643    0.9739    0.9450    0.9532
ind3          2.1160    1.0315    0.0000    0.6675    0.6745    2.1160    0.3704    1.5152    0.5925    0.3437    0.5333    0.5096    1.2285    0.4446    0.6615    0.6153    0.5248    0.6619    0.8753    1.0045    0.8724    2.1160    0.6032    0.6519    1.1755    0.4436    0.5978    1.0255    0.6809    0.5822    0.3953    0.8356    0.9475    0.4930    0.5600    2.0589    0.4536    0.5531    0.5251    1.0747    0.5177    0.5069    1.7383    0.5335    0.3225    0.4765    0.4071    0.4544    0.4140    0.7409    0.4685    0.3022    0.4558    0.5203    0.3987    2.1570    0.5750    0.5363    0.5331    0.4823    0.5240    0.5486    0.6905    0.3006    0.4748    0.5234    0.6366    0.4322    0.7973    0.5829    0.7589    0.4473    0.4492    0.3799    0.5354    0.4025    0.5522    0.3374    0.7824    0.8971    0.5198    0.3620    0.3372    0.5435    0.5212    0.5153    0.7156    0.4301    0.6495    0.6916    0.4110    0.5957    0.5089    0.9172    0.4664    0.4920    0.8734    0.5163    0.6229    0.6360    0.5507    0.8324    0.4663    0.7036    0.5314    0.5068    1.3114    2.1160    0.5967    0.6758    0.6524    0.5083    0.4941    0.5761    1.5112    0.4810    0.7509    0.4397    0.8781    1.3564    0.5236    1.0091    0.4194    2.1160    0.4287    0.5488    0.4865    0.5495    0.7566    0.7401    0.4926    0.4992    0.4364
ind4          1.7191    0.9950    0.6675    0.0000    0.6922    1.7191    0.5334    1.6812    0.4873    0.5137    0.4329    0.4563    1.0682    0.5309    0.5757    0.6943    0.5412    0.7581    0.9654    0.8786    0.7836    1.7191    0.5521    0.5661    0.9603    0.6154    0.5702    1.0462    0.6875    0.5203    0.4305    0.7754    1.0625    0.5471    0.4587    1.6621    0.5457    0.5584    0.6136    1.0490    0.5220    0.5991    1.4627    0.5152    0.5789    0.4883    0.4538    0.5477    0.7643    0.7582    0.4860    0.5811    0.5078    0.5723    0.6314    1.7602    0.6265    0.5965    0.4860    0.6112    0.5764    0.5647    0.5992    0.4866    0.5675    0.5754    0.6694    0.4899    1.0843    0.7172    0.7982    0.5486    0.5699    0.5435    0.6707    0.5745    0.6622    0.6185    0.7721    1.1762    0.6154    0.4693    0.4951    0.4304    0.7640    0.4865    0.8749    0.5094    0.7788    0.6416    0.7191    0.7354    0.7895    0.9331    0.5728    0.5245    0.8591    0.4972    0.8023    0.7466    0.5625    0.8230    0.5531    0.7204    0.5422    0.5459    1.0023    1.7191    0.6428    0.6407    0.7413    0.5439    0.4350    0.8967    1.3067    0.5037    1.0055    0.4976    0.8460    1.3183    0.6167    1.1809    0.4355    1.7191    0.5535    0.6056    0.5332    0.4324    0.9854    0.6738    0.4625    0.5157    0.4884
ind5          1.7233    1.1199    0.6745    0.6922    0.0000    1.7233    0.6905    1.6949    0.7203    0.6126    0.6619    0.6347    1.1432    0.5654    0.6296    0.7685    0.6047    0.8216    1.2449    0.9769    0.8006    1.7233    0.6660    0.6423    0.9811    0.4999    0.7488    1.0349    0.7320    0.6443    0.5976    0.8439    1.2424    0.7273    0.6361    1.6663    0.6093    0.7088    0.6178    1.1916    0.6363    0.6981    1.5090    0.6501    0.7147    0.5873    0.5891    0.6118    0.8061    0.7650    0.5850    0.6943    0.6080    0.6491    0.7563    1.7644    0.6677    0.8439    0.5999    0.7932    0.6406    0.7362    0.6182    0.6569    0.7031    0.7111    0.6813    0.6374    1.1668    0.7123    0.7482    0.5747    0.5836    0.6134    0.6104    0.6978    0.6549    0.6603    0.8712    1.2647    0.7581    0.6462    0.7068    0.5775    0.8054    0.5485    0.6829    0.6316    0.8060    0.7211    0.6301    0.8234    0.9537    0.9602    0.6467    0.7438    0.7978    0.4942    0.7568    0.9733    0.5188    1.1235    0.5153    0.6777    0.6830    0.6122    1.1580    1.7233    0.5461    0.6840    0.8583    0.5776    0.5390    0.9771    1.1185    0.6037    1.1918    0.6430    0.7594    1.2377    0.4513    1.2183    0.5746    1.7233    0.4981    0.6344    0.5299    0.6138    0.8931    0.7683    0.6478    0.4922    0.5916
ind6          0.0000    2.4852    2.1160    1.7191    1.7233    0.0000    1.8149    2.1436    1.8538    1.8420    1.8549    1.7913    1.0871    1.7062    1.5570    1.9199    1.6284    1.9292    2.6438    1.3388    1.8448    0.0000    1.7668    1.6594    1.0460    1.7780    1.9754    2.2513    1.6781    1.6485    2.0319    1.6291    2.5782    1.9454    1.7450    0.0570    1.9195    1.7170    1.7970    2.0618    1.8598    2.0083    0.5074    1.7715    2.0622    1.8285    1.8631    1.8157    2.1420    1.9140    1.7889    2.0028    1.8492    1.7847    2.1236    0.0411    1.7820    2.1920    1.7022    2.0446    1.7461    1.9415    1.5448    2.0044    1.9443    1.8684    1.9771    1.7182    2.4864    2.0079    1.7949    1.8532    1.8514    1.8489    1.8151    2.0547    1.7361    1.9263    1.8045    2.6047    1.8983    1.8233    1.9540    1.7030    2.0817    1.7421    2.2494    1.7552    1.9338    1.5949    1.9233    2.1912    2.1772    2.2060    1.8933    2.0193    2.2617    1.8417    2.1794    2.1686    1.6350    2.3067    1.6904    1.7146    1.8173    1.6871    1.0974    0.0000    1.5688    1.9829    1.9007    1.8877    1.7320    2.2303    0.6048    1.7678    2.4053    1.9788    2.0746    2.4362    1.7288    2.6202    1.8862    0.0000    1.9207    1.7149    1.7050    1.8779    2.2882    1.9630    1.7451    1.6919    1.8691
ind7          1.8149    0.9068    0.3704    0.5334    0.6905    1.8149    0.0000    1.6905    0.4973    0.2446    0.4397    0.3395    0.8926    0.2758    0.6445    0.6204    0.4262    0.5697    0.9387    1.0967    0.8399    1.8149    0.4330    0.5547    1.0702    0.4292    0.5355    0.9353    0.5835    0.5889    0.4143    0.6299    0.9689    0.5219    0.2849    1.7579    0.4393    0.4922    0.3644    0.8345    0.5024    0.4927    1.4373    0.2946    0.4260    0.2799    0.3499    0.2926    0.5544    0.5844    0.3120    0.3712    0.2994    0.3638    0.5026    1.8560    0.3773    0.5213    0.4713    0.5862    0.4024    0.3562    0.5287    0.3338    0.3183    0.3204    0.7228    0.3821    0.9377    0.7582    0.7330    0.4336    0.3159    0.3576    0.4849    0.4725    0.5276    0.3612    0.6086    0.9949    0.4252    0.3543    0.3647    0.3793    0.5557    0.4190    0.7029    0.1669    0.6370    0.5814    0.3968    0.6515    0.5775    0.8959    0.5279    0.5190    0.8522    0.5006    0.7147    0.8176    0.3762    0.9000    0.3669    0.5767    0.4391    0.4094    1.0570    1.8149    0.4973    0.7296    0.7203    0.4389    0.2894    0.7903    1.2588    0.3812    0.9804    0.4912    0.8943    1.2893    0.4728    1.0650    0.4024    1.8149    0.4718    0.4272    0.3815    0.5269    0.9362    0.6408    0.4061    0.3781    0.3854
ind8          2.1436    2.1675    1.5152    1.6812    1.6949    2.1436    1.6905    0.0000    1.6579    1.6639    1.6553    1.6723    2.4723    1.7648    1.3685    1.4985    1.6848    1.9057    1.8471    0.9448    1.6371    2.1436    1.6968    1.7158    1.8480    1.6232    1.8713    1.9040    1.6212    1.4260    1.6403    1.7368    1.9193    1.6483    1.8335    2.2006    1.6199    1.6564    1.6768    2.0487    1.7195    1.7087    1.8004    1.7354    1.5961    1.7501    1.6434    1.6907    1.6875    2.0144    1.6703    1.5385    1.6939    1.7350    1.5539    2.1846    1.7525    1.8098    1.5197    1.6720    1.6275    1.8221    1.5251    1.5742    1.7483    1.7597    1.6527    1.5964    1.6339    1.5388    1.7974    1.6614    1.6977    1.7001    1.7185    1.5574    1.6097    1.5764    1.9515    2.0640    1.8400    1.6476    1.6229    1.5802    1.6823    1.5573    1.8767    1.6785    1.7608    1.6984    1.5588    1.6729    1.7511    1.9134    1.5273    1.5222    1.5140    1.6086    1.6717    1.8056    1.7181    1.8198    1.5930    1.8710    1.6224    1.5361    2.2931    2.1436    1.5506    1.7073    1.5912    1.5885    1.6208    1.7506    1.7668    1.5866    1.9779    1.4884    1.8430    2.2662    1.6566    2.0626    1.6177    2.1436    1.5555    1.6089    1.6133    1.7059    2.0021    1.5638    1.5538    1.6202    1.6348
ind9          1.8538    0.9345    0.5925    0.4873    0.7203    1.8538    0.4973    1.6579    0.0000    0.4045    0.3665    0.5134    1.1010    0.4311    0.4845    0.5973    0.3956    0.6527    0.9413    0.7999    0.7637    1.8538    0.4380    0.3329    0.8803    0.2914    0.6454    0.9879    0.4611    0.3459    0.5057    0.7859    0.9178    0.5591    0.4791    1.7968    0.4495    0.5705    0.5545    1.0694    0.5118    0.5028    1.5472    0.4063    0.5873    0.4662    0.5383    0.5256    0.7358    0.6959    0.4237    0.5896    0.4822    0.5466    0.5717    1.8949    0.6044    0.7180    0.4522    0.5516    0.5141    0.5390    0.5822    0.5310    0.5418    0.5032    0.5516    0.3082    1.0092    0.5840    0.6890    0.3669    0.6134    0.4043    0.4890    0.4508    0.4856    0.4734    0.6675    1.0015    0.5490    0.3668    0.4625    0.4285    0.6655    0.3954    0.7031    0.4374    0.5950    0.5506    0.5740    0.6388    0.8013    0.8318    0.5036    0.4338    0.8365    0.4001    0.6539    0.6683    0.5037    0.8767    0.4542    0.6616    0.5200    0.4788    0.9749    1.8538    0.5439    0.4950    0.7004    0.4514    0.3727    0.8678    1.2490    0.5114    0.9773    0.5867    0.7717    1.2926    0.5177    1.1832    0.4065    1.8538    0.4884    0.5433    0.4744    0.5326    0.9250    0.7276    0.3149    0.4168    0.3895
ind10         1.8420    0.8601    0.3437    0.5137    0.6126    1.8420    0.2446    1.6639    0.4045    0.0000    0.2746    0.2611    0.9197    0.1844    0.5421    0.4864    0.3359    0.5117    0.9135    1.0172    0.7407    1.8420    0.3293    0.4988    0.9866    0.2541    0.4440    0.8419    0.5307    0.4627    0.3327    0.6162    0.8402    0.4276    0.2649    1.7850    0.3395    0.4739    0.3405    0.8552    0.4026    0.3928    1.4643    0.2384    0.3386    0.1814    0.2169    0.2408    0.4522    0.4458    0.1734    0.3404    0.1608    0.2252    0.4717    1.8831    0.3555    0.4315    0.4529    0.4518    0.2638    0.2535    0.4652    0.2459    0.2204    0.2284    0.6410    0.2835    0.8355    0.5706    0.5699    0.2594    0.3626    0.1556    0.2762    0.4019    0.4030    0.3055    0.6396    0.9701    0.3367    0.2227    0.3184    0.3947    0.4840    0.3332    0.6313    0.2912    0.5352    0.4899    0.3232    0.5371    0.6212    0.8079    0.3646    0.5287    0.8512    0.4012    0.5167    0.8113    0.2433    0.8533    0.2694    0.5204    0.3831    0.3586    1.0374    1.8420    0.3591    0.5569    0.6229    0.3124    0.2216    0.7782    1.2858    0.3541    0.9562    0.3663    0.7243    1.1540    0.3753    1.0335    0.3063    1.8420    0.3029    0.3308    0.2547    0.3957    0.9239    0.6618    0.3444    0.3510    0.2533
ind11         1.8549    0.9025    0.5333    0.4329    0.6619    1.8549    0.4397    1.6553    0.3665    0.2746    0.0000    0.1468    0.8891    0.3312    0.6253    0.4909    0.3036    0.5141    0.8668    0.9739    0.9100    1.8549    0.4539    0.5457    0.9930    0.3745    0.5600    0.9643    0.5797    0.4577    0.3388    0.6124    0.9628    0.4253    0.3028    1.7979    0.3838    0.5182    0.4926    0.8931    0.4469    0.4372    1.5117    0.3191    0.3760    0.2966    0.3687    0.3560    0.5265    0.4483    0.2907    0.4558    0.3126    0.3770    0.5061    1.8960    0.4707    0.5422    0.4626    0.4859    0.3445    0.4053    0.5459    0.3614    0.3722    0.3802    0.5949    0.4058    0.7999    0.6079    0.6485    0.3426    0.4741    0.2677    0.4308    0.4385    0.4449    0.4260    0.6511    1.0047    0.3755    0.3005    0.3963    0.3602    0.6036    0.3450    0.7151    0.3808    0.5771    0.5137    0.3946    0.6101    0.7752    0.7274    0.3670    0.4472    0.7679    0.3729    0.5965    0.7708    0.3735    0.7709    0.3589    0.5673    0.3041    0.3222    1.0394    1.8549    0.4486    0.5164    0.5752    0.3863    0.3111    0.7725    1.2501    0.4079    0.8738    0.5293    0.7196    1.1919    0.4224    1.0767    0.3471    1.8549    0.4659    0.2924    0.3442    0.3110    0.8537    0.6182    0.2967    0.3499    0.2942
ind12         1.7913    0.8386    0.5096    0.4563    0.6347    1.7913    0.3395    1.6723    0.5134    0.2611    0.1468    0.0000    0.8721    0.3142    0.6019    0.5504    0.3166    0.5335    0.8897    1.0376    0.8461    1.7913    0.4305    0.5586    0.9693    0.3977    0.5729    0.8640    0.5560    0.4808    0.3925    0.6054    0.9857    0.4447    0.2392    1.7343    0.3967    0.5311    0.4290    0.8295    0.4598    0.4501    1.4481    0.2957    0.3057    0.2330    0.2684    0.2458    0.4562    0.4249    0.2307    0.3855    0.2525    0.3170    0.4824    1.8324    0.4071    0.4355    0.4755    0.5088    0.3211    0.3452    0.4823    0.2910    0.3121    0.3201    0.6952    0.3923    0.8169    0.6674    0.6248    0.3655    0.3738    0.2909    0.4540    0.4614    0.4578    0.3557    0.5409    1.0217    0.4350    0.3234    0.3726    0.3775    0.4969    0.3212    0.6814    0.3636    0.5900    0.5266    0.3811    0.5966    0.7152    0.8742    0.4309    0.4645    0.8682    0.4265    0.6968    0.8245    0.3463    0.8246    0.4125    0.5401    0.3175    0.2985    1.0631    1.7913    0.5022    0.6167    0.6754    0.4499    0.3647    0.8261    1.1865    0.4208    0.9741    0.5062    0.7390    1.2519    0.4353    1.0937    0.4007    1.7913    0.4829    0.3054    0.3577    0.3646    0.8608    0.6317    0.3969    0.4036    0.3478
ind13         1.0871    1.4697    1.2285    1.0682    1.1432    1.0871    0.8926    2.4723    1.1010    0.9197    0.8891    0.8721    0.0000    0.9143    1.2827    1.2558    0.8959    1.1128    1.6435    1.7909    1.5150    1.0871    1.0640    1.0648    1.5301    1.0332    1.0997    1.4170    1.1360    1.1510    1.0228    0.8122    1.6904    1.1414    0.8693    1.0301    1.1510    1.2039    1.0780    1.3265    1.2141    1.2043    0.8361    0.9675    1.1085    0.9528    1.0595    1.0122    1.2939    1.0525    1.0216    1.2232    1.0089    1.0734    1.3545    1.1282    1.0372    1.2383    1.1483    1.2999    1.0754    1.0658    1.2017    1.1287    1.0686    1.0299    1.3065    0.9889    1.6080    1.3602    1.2394    1.1085    1.0944    0.9614    0.9430    1.2510    1.0694    1.0851    1.0925    1.7191    1.0109    1.0292    1.1250    1.0238    1.3342    1.1001    1.4448    0.9395    1.2722    1.1507    1.0883    1.4221    1.4354    1.4858    1.0771    1.2651    1.5863    1.1087    1.2785    1.5067    0.9264    1.5534    0.9578    1.0408    0.9639    0.9362    0.4632    1.0871    1.0091    1.2989    1.2309    1.0334    0.9278    1.5204    0.8343    1.0185    1.5296    1.2113    1.3693    1.7452    1.0307    1.6413    1.0471    1.0871    1.0664    0.8983    0.9724    0.9242    1.5186    1.1375    0.9896    1.0154    1.0301
ind14         1.7062    0.9198    0.4446    0.5309    0.5654    1.7062    0.2758    1.7648    0.4311    0.1844    0.3312    0.3142    0.9143    0.0000    0.5704    0.5627    0.3276    0.4633    1.0067    1.0815    0.7776    1.7062    0.4076    0.4906    0.9494    0.2472    0.5085    0.8668    0.5970    0.4904    0.4318    0.5638    1.0247    0.4866    0.2108    1.6492    0.4040    0.5384    0.2941    0.7663    0.3956    0.4574    1.4240    0.2671    0.4744    0.2058    0.2776    0.2303    0.5879    0.5104    0.2380    0.4173    0.2619    0.3264    0.5726    1.7473    0.3091    0.5672    0.4826    0.4939    0.2935    0.3188    0.3958    0.3817    0.3216    0.3295    0.6627    0.3119    0.9124    0.6349    0.6708    0.2877    0.2514    0.1773    0.3395    0.5018    0.4326    0.4413    0.5689    1.0267    0.3225    0.1863    0.3169    0.3459    0.5261    0.4323    0.6938    0.2875    0.5060    0.5094    0.4241    0.6380    0.6274    0.8299    0.4212    0.5852    0.8719    0.4291    0.6279    0.8738    0.2209    0.9524    0.3111    0.3786    0.3713    0.4249    0.9605    1.7062    0.4008    0.5845    0.6525    0.4177    0.2989    0.7713    1.1602    0.3965    1.0207    0.4739    0.7118    1.1555    0.3684    1.1455    0.3329    1.7062    0.4507    0.3594    0.2909    0.4164    1.0231    0.5708    0.3361    0.3081    0.3158
ind15         1.5570    1.1769    0.6615    0.5757    0.6296    1.5570    0.6445    1.3685    0.4845    0.5421    0.6253    0.6019    1.2827    0.5704    0.0000    0.6660    0.4971    0.7915    1.2319    0.6527    0.5158    1.5570    0.5089    0.4518    0.7254    0.4992    0.7123    1.0197    0.5374    0.2856    0.6479    0.8966    1.1738    0.5888    0.5331    1.5000    0.3971    0.5017    0.4887    1.0886    0.4967    0.4859    1.1793    0.4696    0.6077    0.5202    0.4502    0.5075    0.7931    0.7499    0.4771    0.5727    0.5007    0.5418    0.5666    1.5981    0.5275    0.7389    0.3303    0.5464    0.4960    0.5930    0.2953    0.5513    0.5958    0.5665    0.6707    0.4447    1.1253    0.5442    0.7192    0.4709    0.5745    0.5070    0.5549    0.5658    0.5336    0.6473    0.7322    1.3228    0.6511    0.5058    0.5664    0.3957    0.7216    0.4409    0.8671    0.5489    0.6502    0.5392    0.5463    0.6342    0.8339    0.8898    0.5748    0.5393    0.8153    0.4608    0.8447    0.7652    0.5936    0.9619    0.5499    0.7167    0.6507    0.5616    1.0809    1.5570    0.5808    0.5673    0.7507    0.6656    0.4667    0.9175    0.9522    0.4744    1.1195    0.6843    0.8402    1.3388    0.5728    1.3274    0.5387    1.5570    0.5860    0.5966    0.5702    0.6651    0.9490    0.8250    0.5289    0.5487    0.5917
ind16         1.9199    1.3101    0.6153    0.6943    0.7685    1.9199    0.6204    1.4985    0.5973    0.4864    0.4909    0.5504    1.2558    0.5627    0.6660    0.0000    0.4458    0.6295    1.2082    1.0825    0.9333    1.9199    0.5494    0.6879    1.1067    0.5631    0.6690    1.2124    0.7542    0.4615    0.6004    0.9497    1.1044    0.5304    0.5939    1.8629    0.4208    0.5884    0.6367    1.1494    0.4124    0.4742    1.6844    0.5330    0.5242    0.5104    0.4776    0.5349    0.7096    0.7748    0.4680    0.5609    0.5264    0.4853    0.5082    1.9610    0.6496    0.6904    0.5326    0.5227    0.5235    0.6192    0.6900    0.4664    0.5861    0.5940    0.7482    0.6290    1.1395    0.6834    0.8273    0.5662    0.7069    0.5705    0.7260    0.6636    0.6198    0.6358    0.8644    1.2027    0.6783    0.6034    0.6252    0.6568    0.7824    0.5913    0.8921    0.6350    0.7171    0.5727    0.6941    0.6469    0.8919    0.9634    0.6712    0.6018    0.6888    0.4483    0.7769    0.8462    0.5366    0.8829    0.4929    0.7788    0.6014    0.6134    1.1826    1.9199    0.5826    0.5957    0.7245    0.5978    0.5166    0.8464    1.4693    0.4678    1.0539    0.6244    0.8611    1.2907    0.5644    1.2614    0.4946    1.9199    0.5648    0.6188    0.5131    0.6157    0.9657    0.7734    0.4794    0.5326    0.5117
ind17         1.6284    1.0404    0.5248    0.5412    0.6047    1.6284    0.4262    1.6848    0.3956    0.3359    0.3036    0.3166    0.8959    0.3276    0.4971    0.4458    0.0000    0.4331    1.1297    0.9668    0.7797    1.6284    0.3988    0.3715    0.8945    0.3639    0.4932    0.9427    0.4753    0.4004    0.4753    0.7266    1.0357    0.4494    0.3242    1.5714    0.3612    0.4142    0.4016    0.8796    0.3528    0.4146    1.2873    0.2141    0.4338    0.3113    0.3112    0.2985    0.6192    0.5410    0.2315    0.4333    0.3272    0.3917    0.4952    1.6694    0.3773    0.6000    0.3236    0.4751    0.2871    0.3841    0.4535    0.3760    0.3869    0.3110    0.5859    0.3221    1.0144    0.5970    0.5096    0.2964    0.5071    0.3367    0.4562    0.5105    0.3408    0.3941    0.5480    1.1123    0.4086    0.3336    0.4643    0.3498    0.5485    0.2736    0.6583    0.3301    0.4847    0.4092    0.4990    0.5992    0.7309    0.9158    0.5461    0.5541    0.8045    0.3913    0.7430    0.7892    0.3860    0.8725    0.3424    0.5091    0.3663    0.3330    0.9840    1.6284    0.4320    0.5465    0.5497    0.4938    0.3302    0.7653    1.0236    0.3514    0.9754    0.5826    0.7438    1.2568    0.3652    1.1838    0.3296    1.6284    0.4843    0.3837    0.3626    0.4506    0.9087    0.6084    0.2909    0.2975    0.3125
ind18         1.9292    1.2107    0.6619    0.7581    0.8216    1.9292    0.5697    1.9057    0.6527    0.5117    0.5141    0.5335    1.1128    0.4633    0.7915    0.6295    0.4331    0.0000    1.3015    1.2224    0.9992    1.9292    0.6213    0.6752    1.2355    0.5397    0.7622    0.9890    0.7775    0.6695    0.6471    0.8969    1.2463    0.6301    0.5411    1.8721    0.5822    0.6817    0.5839    1.0966    0.5738    0.6355    1.5881    0.5204    0.6175    0.4935    0.5307    0.5180    0.8029    0.7981    0.4912    0.6542    0.5497    0.6141    0.7162    1.9702    0.5968    0.7837    0.6258    0.7307    0.5468    0.6065    0.6731    0.5597    0.6093    0.6173    0.8881    0.5698    1.1862    0.8914    0.3205    0.5070    0.6775    0.5472    0.6667    0.7210    0.6431    0.6590    0.8116    1.2494    0.6191    0.5441    0.6360    0.6441    0.8056    0.6146    0.9154    0.5843    0.7404    0.7502    0.6707    0.8548    0.9026    1.1248    0.7178    0.8098    1.0601    0.6096    0.9188    1.0542    0.5683    1.0909    0.5648    0.3666    0.5486    0.6367    1.2010    1.9292    0.6545    0.8036    0.8643    0.7163    0.5526    0.8157    1.4165    0.5739    1.1938    0.7261    0.7902    1.4391    0.5876    1.1503    0.5520    1.9292    0.7067    0.6061    0.5449    0.6731    1.1271    0.7906    0.5134    0.5200    0.5350
ind19         2.6438    1.2407    0.8753    0.9654    1.2449    2.6438    0.9387    1.8471    0.9413    0.9135    0.8668    0.8897    1.6435    1.0067    1.2319    1.2082    1.1297    1.3015    0.0000    1.3883    1.4430    2.6438    1.1027    1.1167    1.5977    0.9430    1.0884    1.5673    1.1457    1.1406    0.8226    1.3227    1.0635    0.9818    1.0180    2.5867    0.9889    1.1233    1.1709    1.6084    1.0879    1.0422    2.3006    1.0688    0.7782    1.0118    0.9773    1.0246    0.6983    1.0925    1.0038    0.8375    0.9912    1.0556    0.9223    2.6848    1.1859    0.6484    1.1035    0.9713    1.0942    1.0129    1.2956    0.8359    1.0508    1.0588    1.1523    1.0088    0.7575    1.1063    1.3638    0.9828    0.9421    0.9074    1.0705    0.7855    1.1222    0.8725    1.3183    1.1117    1.0880    0.8549    0.7243    1.0775    0.9552    1.0221    1.0437    0.9638    1.2199    1.2620    0.8382    1.0846    1.0490    1.3693    0.9244    0.9038    1.3198    1.0518    0.8455    1.1715    1.0860    1.2479    1.1120    1.2798    1.0991    1.0399    1.7926    2.6438    1.2017    1.1996    1.2516    0.9590    1.0298    1.3703    2.0390    1.0923    1.4412    0.9016    1.3326    1.5782    1.0329    0.9848    1.0303    2.6438    0.9686    1.0468    1.0974    0.9281    1.3570    1.2378    1.0573    1.1105    1.0473
ind20         1.3388    1.5115    1.0045    0.8786    0.9769    1.3388    1.0967    0.9448    0.7999    1.0172    0.9739    1.0376    1.7909    1.0815    0.6527    1.0825    0.9668    1.2224    1.3883    0.0000    0.9194    1.3388    0.9101    0.8578    0.9377    0.8343    1.2247    1.4962    0.8343    0.7427    1.0462    1.3635    1.4604    1.0158    1.1177    1.3958    0.9388    0.8885    1.0364    1.6732    0.9149    1.0276    1.1190    1.0542    1.0447    1.0689    0.9622    1.0562    1.1361    1.2986    0.9526    0.9526    1.0128    1.0539    0.9680    1.3798    1.1120    1.1753    0.8039    1.0049    0.9464    1.1410    0.8440    0.9883    1.1079    1.0786    1.0200    0.8846    1.3931    0.9841    1.1161    0.9090    1.0285    1.0188    1.0372    0.9369    0.9283    0.9903    1.2823    1.4484    1.1993    0.9805    1.0024    0.9051    1.1397    0.8455    1.2489    1.0034    1.0450    1.0170    0.8838    1.0351    1.1624    1.2728    0.9726    0.9016    1.1435    0.8906    1.1616    1.1484    1.0348    1.2744    0.9504    1.1938    1.0164    0.8955    1.5751    1.3388    0.8673    0.9893    1.0339    0.9459    0.9397    1.2326    1.0489    0.9462    1.4294    0.9725    1.0906    1.5484    1.0140    1.5525    0.9751    1.3388    0.9129    1.0029    0.9707    0.9724    1.3736    1.1540    0.8767    0.9431    0.9922
ind21         1.8448    1.3478    0.8724    0.7836    0.8006    1.8448    0.8399    1.6371    0.7637    0.7407    0.9100    0.8461    1.5150    0.7776    0.5158    0.9333    0.7797    0.9992    1.4430    0.9194    0.0000    1.8448    0.7811    0.7344    1.0291    0.7120    0.6973    1.2270    0.7854    0.6034    0.9326    1.1409    1.3708    0.8331    0.8485    1.7878    0.7497    0.7862    0.7325    1.4040    0.8127    0.8385    1.5383    0.7905    0.8556    0.8009    0.6942    0.7882    1.0040    1.1055    0.7247    0.8206    0.7850    0.8261    0.8826    1.8859    0.8082    0.9862    0.6495    0.8971    0.8169    0.8773    0.5760    0.7992    0.8801    0.8508    0.9529    0.6556    1.0691    0.8946    0.9649    0.6799    0.8163    0.8256    0.8736    0.8114    0.8159    0.8929    1.0131    1.4626    0.7030    0.7514    0.8121    0.7168    1.0036    0.6524    1.1127    0.7426    0.9325    0.7752    0.8283    0.9843    1.1159    1.2057    0.8589    0.8916    1.0976    0.7769    0.9725    1.0813    0.7182    1.3146    0.7147    0.9246    0.8606    0.8097    1.3446    1.8448    0.7455    0.8835    1.0007    0.7567    0.6680    1.1309    1.2887    0.6758    1.4042    0.7353    1.0112    1.4265    0.7862    1.4186    0.7521    1.8448    0.6771    0.8466    0.6947    0.8782    1.3018    0.9982    0.7423    0.7621    0.8051
ind22         0.0000    2.4852    2.1160    1.7191    1.7233    0.0000    1.8149    2.1436    1.8538    1.8420    1.8549    1.7913    1.0871    1.7062    1.5570    1.9199    1.6284    1.9292    2.6438    1.3388    1.8448    0.0000    1.7668    1.6594    1.0460    1.7780    1.9754    2.2513    1.6781    1.6485    2.0319    1.6291    2.5782    1.9454    1.7450    0.0570    1.9195    1.7170    1.7970    2.0618    1.8598    2.0083    0.5074    1.7715    2.0622    1.8285    1.8631    1.8157    2.1420    1.9140    1.7889    2.0028    1.8492    1.7847    2.1236    0.0411    1.7820    2.1920    1.7022    2.0446    1.7461    1.9415    1.5448    2.0044    1.9443    1.8684    1.9771    1.7182    2.4864    2.0079    1.7949    1.8532    1.8514    1.8489    1.8151    2.0547    1.7361    1.9263    1.8045    2.6047    1.8983    1.8233    1.9540    1.7030    2.0817    1.7421    2.2494    1.7552    1.9338    1.5949    1.9233    2.1912    2.1772    2.2060    1.8933    2.0193    2.2617    1.8417    2.1794    2.1686    1.6350    2.3067    1.6904    1.7146    1.8173    1.6871    1.0974    0.0000    1.5688    1.9829    1.9007    1.8877    1.7320    2.2303    0.6048    1.7678    2.4053    1.9788    2.0746    2.4362    1.7288    2.6202    1.8862    0.0000    1.9207    1.7149    1.7050    1.8779    2.2882    1.9630    1.7451    1.6919    1.8691
ind23         1.7668    1.0493    0.6032    0.5521    0.6660    1.7668    0.4330    1.6968    0.4380    0.3293    0.4539    0.4305    1.0640    0.4076    0.5089    0.5494    0.3988    0.6213    1.1027    0.9101    0.7811    1.7668    0.0000    0.3601    0.9189    0.3024    0.5836    1.0208    0.4822    0.4221    0.5884    0.8045    0.9601    0.5678    0.4049    1.7098    0.4450    0.5446    0.4477    0.9604    0.4733    0.4984    1.3891    0.3440    0.5494    0.3215    0.3933    0.3459    0.7348    0.4718    0.3156    0.5517    0.3374    0.4019    0.6136    1.8079    0.4607    0.6448    0.3851    0.6282    0.3345    0.3161    0.3974    0.4572    0.2830    0.4050    0.7330    0.4243    1.1647    0.6975    0.6567    0.4848    0.5879    0.4134    0.5688    0.6622    0.4494    0.5537    0.7100    1.0449    0.5575    0.4481    0.5787    0.3768    0.5140    0.4562    0.6595    0.4451    0.5660    0.4566    0.5412    0.7160    0.8462    0.9175    0.6228    0.6211    0.9934    0.5064    0.8093    0.9510    0.4178    0.9856    0.3741    0.6601    0.4806    0.4043    1.0924    1.7668    0.4638    0.6962    0.6857    0.5602    0.3267    0.8830    1.2106    0.3480    1.0194    0.6489    0.7450    1.2541    0.4456    1.2860    0.4805    1.7668    0.5506    0.4634    0.4290    0.5649    0.8733    0.7248    0.4073    0.3794    0.4275
ind24         1.6594    0.9917    0.6519    0.5661    0.6423    1.6594    0.5547    1.7158    0.3329    0.4988    0.5457    0.5586    1.0648    0.4906    0.4518    0.6879    0.3715    0.6752    1.1167    0.8578    0.7344    1.6594    0.3601    0.0000    0.7602    0.3138    0.5818    0.9815    0.3932    0.4659    0.6383    0.7253    1.0587    0.6165    0.4361    1.6024    0.4929    0.5458    0.5673    0.9172    0.5558    0.5263    1.3184    0.4170    0.5981    0.4770    0.5142    0.5015    0.7835    0.7067    0.4345    0.6003    0.4575    0.5574    0.6070    1.7005    0.5265    0.7657    0.4230    0.5869    0.4900    0.5498    0.5168    0.5417    0.5526    0.5139    0.6451    0.3278    1.1787    0.5846    0.6303    0.3547    0.6013    0.4637    0.5117    0.6049    0.4380    0.5211    0.5681    1.1710    0.5715    0.4262    0.5569    0.3344    0.6784    0.3154    0.7509    0.4599    0.6012    0.4519    0.5619    0.7110    0.8607    0.9891    0.5462    0.6161    0.8446    0.4826    0.7984    0.7907    0.4236    1.0220    0.3799    0.5467    0.5711    0.4840    0.9344    1.6594    0.5234    0.5825    0.7914    0.5493    0.3871    0.9102    1.0546    0.5218    1.0546    0.6380    0.8426    1.3018    0.4565    1.2258    0.4925    1.6594    0.5397    0.4632    0.4002    0.6555    0.9522    0.7250    0.4075    0.4324    0.4755
ind25         1.0460    1.5153    1.1755    0.9603    0.9811    1.0460    1.0702    1.8480    0.8803    0.9866    0.9930    0.9693    1.5301    0.9494    0.7254    1.1067    0.8945    1.2355    1.5977    0.9377    1.0291    1.0460    0.9189    0.7602    0.0000    0.8395    1.1805    1.4821    0.6667    0.8229    1.1281    1.2462    1.5809    1.1739    0.9882    0.9890    1.0503    0.8478    1.0402    1.4381    0.9906    1.1391    1.5534    0.9745    1.1217    1.0358    0.9991    1.0231    1.2015    1.0811    0.9194    1.0623    0.9797    0.9152    1.1832    1.0871    1.0252    1.2879    0.8329    1.1042    1.0116    1.1079    0.7521    1.0639    1.0748    0.9989    1.1322    0.9243    1.5460    1.1629    0.9886    0.9487    1.0579    0.9814    1.1078    1.1502    0.9676    1.0447    1.0875    1.6176    1.0892    0.9188    1.0494    0.9060    1.1776    0.8017    1.3456    0.9741    1.1065    0.7743    1.0611    1.2871    1.3090    1.3956    1.0847    1.1518    1.3937    0.9725    1.3242    1.2647    0.8546    1.5102    0.8698    1.0136    1.0969    0.8886    1.4985    1.0460    0.9544    1.0791    1.2310    0.9959    0.9473    1.3611    1.0708    1.0250    1.6701    1.1272    1.3183    1.7632    0.9464    1.8061    1.0183    1.0460    1.0289    0.9889    0.8900    1.0519    1.5319    1.2426    0.9191    0.9005    0.9653
ind26         1.7780    0.8539    0.4436    0.6154    0.4999    1.7780    0.4292    1.6232    0.2914    0.2541    0.3745    0.3977    1.0332    0.2472    0.4992    0.5631    0.3639    0.5397    0.9430    0.8343    0.7120    1.7780    0.3024    0.3138    0.8395    0.0000    0.5433    0.9077    0.3857    0.4204    0.4670    0.6471    0.9195    0.5261    0.3991    1.7209    0.3679    0.4674    0.4050    0.9546    0.4309    0.4567    1.4714    0.3382    0.4733    0.3157    0.3875    0.3402    0.6218    0.5801    0.2732    0.5100    0.2962    0.3961    0.5720    1.8190    0.4549    0.6021    0.4829    0.5865    0.3287    0.4244    0.4591    0.4514    0.3913    0.3992    0.6697    0.2777    0.9706    0.5627    0.5996    0.2514    0.4270    0.2537    0.3376    0.5015    0.4320    0.4407    0.5983    0.9282    0.4707    0.3229    0.4535    0.3183    0.5494    0.3256    0.6583    0.4055    0.5293    0.4982    0.3863    0.6374    0.7210    0.8016    0.3570    0.5578    0.8432    0.3234    0.5556    0.8025    0.2835    0.9527    0.2398    0.4771    0.4477    0.4252    1.0079    1.7780    0.3295    0.5132    0.6529    0.3531    0.2635    0.7716    1.1731    0.3983    0.9852    0.4418    0.7156    1.1593    0.2626    1.0742    0.3691    1.7780    0.3435    0.3589    0.2946    0.4951    0.9174    0.6898    0.3723    0.3089    0.3162
ind27         1.9754    1.1050    0.5978    0.5702    0.7488    1.9754    0.5355    1.8713    0.6454    0.4440    0.5600    0.5729    1.0997    0.5085    0.7123    0.6690    0.4932    0.7622    1.0884    1.2247    0.6973    1.9754    0.5836    0.5818    1.1805    0.5433    0.0000    1.1907    0.6900    0.5864    0.4341    0.8656    1.1430    0.5964    0.5055    1.9184    0.4737    0.5266    0.5831    1.0215    0.5368    0.5270    1.5977    0.4324    0.5091    0.4220    0.4587    0.4814    0.6945    0.6864    0.4506    0.5458    0.4380    0.5024    0.6772    2.0165    0.5961    0.5613    0.5056    0.6572    0.5044    0.5307    0.6709    0.4514    0.4976    0.4590    0.7652    0.5696    1.1244    0.7764    0.8008    0.6183    0.6533    0.5143    0.6349    0.6908    0.5975    0.5713    0.7589    1.2242    0.6221    0.5816    0.6074    0.6004    0.7979    0.5620    0.8721    0.5807    0.7414    0.6612    0.7185    0.8158    0.9116    1.0257    0.6533    0.7359    1.0221    0.5005    0.8177    0.7845    0.4962    0.8732    0.4874    0.7246    0.5871    0.5179    1.2175    1.9754    0.5771    0.6908    0.7222    0.6386    0.4395    0.8776    1.3706    0.5021    1.0555    0.5433    0.9300    1.3737    0.5447    1.2222    0.4402    1.9754    0.5590    0.5350    0.5422    0.5665    1.0579    0.7957    0.5483    0.5203    0.4572
ind28         2.2513    1.0788    1.0255    1.0462    1.0349    2.2513    0.9353    1.9040    0.9879    0.8419    0.9643    0.8640    1.4170    0.8668    1.0197    1.2124    0.9427    0.9890    1.5673    1.4962    1.2270    2.2513    1.0208    0.9815    1.4821    0.9077    1.1907    0.0000    1.1388    1.0697    0.9293    0.7743    1.3113    1.0293    0.8126    2.1943    0.9814    1.1157    0.8422    1.2685    1.0455    1.0347    1.9081    0.8803    1.0494    0.8535    0.8540    0.8780    1.1630    1.1233    0.8512    1.0167    0.8730    0.8786    1.0787    2.2924    0.8035    1.1437    1.0611    1.0586    0.9067    0.9298    1.0090    0.9581    0.8919    0.9406    1.1889    0.7913    1.5237    1.1186    1.0420    0.8424    0.9758    0.8435    0.8174    1.0198    0.9509    0.8884    1.1013    1.6342    0.9250    0.8057    0.9363    0.8560    1.0563    0.8651    1.2385    0.8420    1.1075    1.1108    0.8770    1.1094    1.1980    1.3392    0.9595    1.1013    1.4225    1.0443    1.2015    1.4543    0.9102    1.4901    0.9009    0.9925    0.9437    0.9605    1.5401    2.2513    1.0262    1.1995    1.2595    0.9099    0.9121    1.2442    1.6465    0.9345    1.5226    1.0104    1.0349    1.3651    0.9775    1.5118    0.9418    2.2513    0.9003    0.9126    0.8460    0.9852    1.4918    1.0473    0.8569    0.9172    0.9248
ind29         1.6781    1.0594    0.6809    0.6875    0.7320    1.6781    0.5835    1.6212    0.4611    0.5307    0.5797    0.5560    1.1360    0.5970    0.5374    0.7542    0.4753    0.7775    1.1457    0.8343    0.7854    1.6781    0.4822    0.3932    0.6667    0.3857    0.6900    1.1388    0.0000    0.5205    0.6335    0.8520    1.1250    0.6793    0.5941    1.6211    0.5211    0.5740    0.6716    1.1496    0.5848    0.5546    1.3450    0.4840    0.6271    0.5453    0.5433    0.5326    0.8125    0.6828    0.4656    0.6265    0.4892    0.5891    0.5511    1.6370    0.6473    0.7932    0.4205    0.6131    0.5211    0.6174    0.4961    0.5693    0.5843    0.5084    0.5426    0.5051    1.1732    0.6517    0.6249    0.5294    0.6689    0.5681    0.6519    0.6121    0.3547    0.5501    0.6083    1.1200    0.6759    0.5643    0.6562    0.4566    0.7806    0.4362    0.9263    0.5261    0.5808    0.4467    0.6253    0.7372    0.8779    0.9125    0.5773    0.6445    0.8863    0.4799    0.9049    0.6693    0.5134    0.9603    0.4697    0.6723    0.6410    0.4519    1.0036    1.6781    0.5594    0.5224    0.6030    0.6192    0.4568    0.8132    1.0733    0.5345    1.0856    0.6692    0.8170    1.4261    0.4926    1.2928    0.5990    1.6781    0.6096    0.5522    0.5246    0.7254    0.9819    0.9197    0.5536    0.5388    0.5461
ind30         1.6485    1.2397    0.5822    0.5203    0.6443    1.6485    0.5889    1.4260    0.3459    0.4627    0.4577    0.4808    1.1510    0.4904    0.2856    0.4615    0.4004    0.6695    1.1406    0.7427    0.6034    1.6485    0.4221    0.4659    0.8229    0.4204    0.5864    1.0697    0.5205    0.0000    0.5687    0.8429    1.1170    0.5346    0.5588    1.5915    0.4250    0.4830    0.5386    1.1143    0.4524    0.4783    1.3419    0.4513    0.5284    0.4754    0.4426    0.4999    0.7138    0.7397    0.4329    0.5651    0.4913    0.5558    0.5124    1.6895    0.6146    0.6941    0.3108    0.5269    0.4884    0.5841    0.3827    0.5065    0.5510    0.5123    0.5701    0.4366    1.0461    0.5618    0.6949    0.5316    0.6718    0.4623    0.6178    0.5804    0.4377    0.5561    0.7123    1.1724    0.6424    0.5315    0.5922    0.4603    0.7114    0.4219    0.8203    0.5652    0.6354    0.4507    0.6246    0.6147    0.8596    0.9317    0.5672    0.4853    0.9032    0.4166    0.7192    0.6622    0.5148    0.7942    0.4711    0.7084    0.5309    0.3940    1.0260    1.6485    0.5608    0.4766    0.5484    0.5401    0.4948    0.7577    1.0437    0.3890    0.9863    0.6054    0.7420    1.2059    0.4939    1.2425    0.4242    1.6485    0.5071    0.5483    0.4913    0.5453    0.9340    0.7030    0.3603    0.4621    0.4412
ind31         2.0319    0.7504    0.3953    0.4305    0.5976    2.0319    0.4143    1.6403    0.5057    0.3327    0.3388    0.3925    1.0228    0.4318    0.6479    0.6004    0.4753    0.6471    0.8226    1.0462    0.9326    2.0319    0.5884    0.6383    1.1281    0.4670    0.4341    0.9293    0.6335    0.5687    0.0000    0.7534    0.9853    0.4930    0.4407    1.9749    0.4049    0.5392    0.5472    0.9903    0.4680    0.4582    1.6888    0.4489    0.3940    0.3919    0.3940    0.4047    0.5445    0.6216    0.4205    0.3958    0.4079    0.4723    0.5271    2.0730    0.5253    0.4461    0.4836    0.5191    0.4743    0.5006    0.6757    0.3013    0.4268    0.4755    0.6679    0.4576    0.8179    0.6770    0.7829    0.4724    0.4953    0.3684    0.4021    0.4983    0.5406    0.4332    0.7343    0.9873    0.4354    0.4357    0.3761    0.4546    0.6868    0.4340    0.7610    0.4752    0.6728    0.6435    0.4931    0.6777    0.6745    0.7596    0.3934    0.5108    0.8781    0.3567    0.4978    0.6061    0.4316    0.6074    0.3762    0.5847    0.4413    0.4594    1.1867    2.0319    0.5066    0.5511    0.6111    0.4060    0.3691    0.6811    1.4271    0.4316    0.8710    0.3239    0.7094    1.1816    0.4742    0.8985    0.2945    2.0319    0.3264    0.4297    0.3616    0.3747    0.7921    0.5632    0.4026    0.4092    0.3115
ind32         1.6291    1.2055    0.8356    0.7754    0.8439    1.6291    0.6299    1.7368    0.7859    0.6162    0.6124    0.6054    0.8122    0.5638    0.8966    0.9497    0.7266    0.8969    1.3227    1.3635    1.1409    1.6291    0.8045    0.7253    1.2462    0.6471    0.8656    0.7743    0.8520    0.8429    0.7534    0.0000    1.3407    0.8370    0.5538    1.5721    0.8010    0.9354    0.7218    0.9354    0.8292    0.8543    1.2859    0.6641    0.8692    0.6372    0.6724    0.6617    1.0197    0.9071    0.6349    0.8710    0.6568    0.7212    0.8864    1.6702    0.6461    0.9990    0.8449    0.8662    0.6905    0.7136    0.8155    0.7765    0.6757    0.7243    0.9565    0.5616    1.3338    0.8926    0.9973    0.6508    0.6712    0.6110    0.6782    0.8178    0.7730    0.7451    0.8813    1.4018    0.6197    0.6077    0.7383    0.5969    0.9475    0.6833    1.1296    0.5725    0.9640    0.8960    0.7443    0.9540    1.0425    1.0124    0.6910    0.9034    1.1884    0.7574    1.0157    1.1900    0.6234    1.2274    0.6141    0.7057    0.7276    0.7098    0.8124    1.6291    0.7060    0.9007    0.9622    0.7281    0.6597    1.1175    1.0243    0.7183    1.2957    0.8310    1.0649    1.4895    0.6038    1.5432    0.7258    1.6291    0.8077    0.6258    0.5938    0.8502    1.2741    0.9099    0.6286    0.7010    0.7087
ind33         2.5782    0.8758    0.9475    1.0625    1.2424    2.5782    0.9689    1.9193    0.9178    0.8402    0.9628    0.9857    1.6904    1.0247    1.1738    1.1044    1.0357    1.2463    1.0635    1.4604    1.3708    2.5782    0.9601    1.0587    1.5809    0.9195    1.1430    1.3113    1.1250    1.1170    0.9853    1.3407    0.0000    0.9105    1.0360    2.5212    1.0044    1.1040    1.0246    1.6263    0.9807    0.9710    2.2005    1.0098    0.9423    0.9872    0.9527    1.0000    1.0908    1.1301    0.9447    0.9446    0.9666    1.0310    0.9948    2.6193    1.0745    1.0858    1.0483    0.9345    1.0351    1.0593    1.2016    0.8501    1.0262    0.9473    1.1756    0.9852    1.4394    1.1401    1.2698    0.9596    1.0171    0.9612    1.0818    0.8903    1.1377    0.9450    1.2947    1.4683    1.1059    0.8743    0.8534    1.0965    1.0905    1.0334    1.2501    0.9915    1.2006    1.1897    1.0943    1.0703    1.1922    1.4261    1.0171    1.0186    1.4000    1.0311    1.1087    1.2993    1.0472    1.3757    1.0384    1.2897    1.1521    1.0929    1.7615    2.5782    1.1281    1.1746    1.2266    1.0349    0.9561    1.2972    2.0221    0.9842    1.4040    1.0515    1.3424    1.5395    1.1099    1.5505    1.0053    2.5782    1.0019    1.1347    1.0586    1.0947    1.4727    0.9723    1.0323    1.0855    1.0223
ind34         1.9454    1.1280    0.4930    0.5471    0.7273    1.9454    0.5219    1.6483    0.5591    0.4276    0.4253    0.4447    1.1414    0.4866    0.5888    0.5304    0.4494    0.6301    0.9818    1.0158    0.8331    1.9454    0.5678    0.6165    1.1739    0.5261    0.5964    1.0293    0.6793    0.5346    0.4930    0.8370    0.9105    0.0000    0.3642    1.8884    0.2263    0.3607    0.3899    0.9546    0.2860    0.1928    1.5201    0.3062    0.3195    0.2808    0.2456    0.3029    0.4701    0.4985    0.3254    0.2497    0.3369    0.4014    0.2999    1.9864    0.3308    0.5358    0.3756    0.2276    0.3316    0.4297    0.4928    0.2283    0.3966    0.2804    0.5887    0.5204    0.8999    0.5572    0.7942    0.4599    0.5597    0.4621    0.5826    0.4372    0.5160    0.4438    0.7161    1.0822    0.6058    0.4118    0.3988    0.5115    0.6257    0.4129    0.7858    0.4633    0.6137    0.6161    0.5931    0.4480    0.7352    0.8393    0.4792    0.4411    0.7759    0.4804    0.6702    0.7952    0.4742    0.8717    0.5405    0.7027    0.5654    0.6176    1.1659    1.9454    0.6302    0.6627    0.6800    0.5746    0.4582    0.7213    1.3406    0.4862    0.7253    0.4775    0.7924    1.2707    0.5633    1.1447    0.4587    1.9454    0.5416    0.5532    0.4857    0.5850    0.9687    0.6528    0.4858    0.5390    0.4758
ind35         1.7450    0.9311    0.5600    0.4587    0.6361    1.7450    0.2849    1.8335    0.4791    0.2649    0.3028    0.2392    0.8693    0.2108    0.5331    0.5939    0.3242    0.5411    1.0180    1.1177    0.8485    1.7450    0.4049    0.4361    0.9882    0.3991    0.5055    0.8126    0.5941    0.5588    0.4407    0.5538    1.0360    0.3642    0.0000    1.6880    0.2817    0.4161    0.2435    0.5903    0.3924    0.3350    1.3198    0.1447    0.3865    0.0834    0.1901    0.1428    0.5370    0.3533    0.1998    0.3538    0.1396    0.2040    0.4851    1.7861    0.1679    0.4818    0.3604    0.4305    0.2060    0.1964    0.3672    0.2593    0.1992    0.2072    0.6967    0.3947    0.9322    0.6690    0.7049    0.3333    0.3192    0.2580    0.3852    0.4759    0.4667    0.4405    0.5532    1.1066    0.3663    0.2913    0.3871    0.3086    0.5473    0.3595    0.6951    0.2968    0.5644    0.5281    0.4703    0.6004    0.6952    0.8281    0.4670    0.5127    0.7994    0.4280    0.7450    0.8382    0.2595    0.9147    0.3257    0.4174    0.4032    0.4220    0.9405    1.7450    0.4692    0.6183    0.6843    0.4882    0.2614    0.8397    1.1402    0.3939    0.9485    0.5444    0.7480    1.1726    0.4368    1.2626    0.3665    1.7450    0.5211    0.3026    0.3055    0.4502    0.9509    0.5510    0.3163    0.3421    0.3494
ind36         0.0570    2.4282    2.0589    1.6621    1.6663    0.0570    1.7579    2.2006    1.7968    1.7850    1.7979    1.7343    1.0301    1.6492    1.5000    1.8629    1.5714    1.8721    2.5867    1.3958    1.7878    0.0570    1.7098    1.6024    0.9890    1.7209    1.9184    2.1943    1.6211    1.5915    1.9749    1.5721    2.5212    1.8884    1.6880    0.0000    1.8625    1.6600    1.7400    2.0048    1.8028    1.9513    0.5644    1.7145    2.0051    1.7715    1.8060    1.7587    2.0850    1.8570    1.7319    1.9458    1.7921    1.7277    2.0666    0.0981    1.7249    2.1350    1.6451    1.9876    1.6891    1.8845    1.4877    1.9474    1.8873    1.8114    1.9201    1.6612    2.4294    1.9509    1.7379    1.7962    1.7944    1.7919    1.7581    1.9977    1.6791    1.8693    1.7475    2.5477    1.8413    1.7663    1.8970    1.6460    2.0247    1.6851    2.1924    1.6982    1.8768    1.5379    1.8663    2.1342    2.1202    2.1490    1.8363    1.9623    2.2047    1.7847    2.1223    2.1115    1.5780    2.2497    1.6334    1.6575    1.7603    1.6301    1.0404    0.0570    1.6258    1.9259    1.8437    1.8307    1.6749    2.1733    0.5478    1.7108    2.3483    1.9218    2.0176    2.3792    1.6718    2.5631    1.8292    0.0570    1.8636    1.6579    1.6480    1.8209    2.2312    1.9060    1.6881    1.6349    1.8121
ind37         1.9195    1.0446    0.4536    0.5457    0.6093    1.9195    0.4393    1.6199    0.4495    0.3395    0.3838    0.3967    1.1510    0.4040    0.3971    0.4208    0.3612    0.5822    0.9889    0.9388    0.7497    1.9195    0.4450    0.4929    1.0503    0.3679    0.4737    0.9814    0.5211    0.4250    0.4049    0.8010    1.0044    0.2263    0.2817    1.8625    0.0000    0.2025    0.3942    0.8720    0.1820    0.0888    1.4943    0.1835    0.2801    0.1982    0.1977    0.2203    0.4306    0.4626    0.2027    0.2102    0.1787    0.2786    0.2389    1.9606    0.3350    0.4476    0.2529    0.2535    0.2089    0.3069    0.4103    0.1888    0.2738    0.2445    0.5959    0.4323    0.8605    0.4607    0.6706    0.3363    0.4416    0.3740    0.4590    0.4088    0.3933    0.4043    0.6327    1.0427    0.5176    0.3723    0.3593    0.3888    0.5862    0.2893    0.6977    0.3808    0.4910    0.4934    0.4695    0.4252    0.6957    0.6596    0.4042    0.3801    0.6989    0.2541    0.6419    0.6988    0.3562    0.8107    0.3823    0.5847    0.5174    0.4949    1.1186    1.9195    0.4720    0.5176    0.6526    0.4976    0.3000    0.7320    1.3147    0.3635    0.8768    0.4427    0.7556    1.1993    0.4051    1.1566    0.3706    1.9195    0.4180    0.3950    0.4022    0.4969    0.7770    0.6917    0.4442    0.3808    0.3876
ind38         1.7170    1.1790    0.5531    0.5584    0.7088    1.7170    0.4922    1.6564    0.5705    0.4739    0.5182    0.5311    1.2039    0.5384    0.5017    0.5884    0.4142    0.6817    1.1233    0.8885    0.7862    1.7170    0.5446    0.5458    0.8478    0.4674    0.5266    1.1157    0.5740    0.4830    0.5392    0.9354    1.1040    0.3607    0.4161    1.6600    0.2025    0.0000    0.4307    0.9008    0.2977    0.2913    1.4841    0.2713    0.3796    0.3326    0.3320    0.3547    0.4594    0.5970    0.3371    0.3446    0.3131    0.4130    0.4414    1.7581    0.4694    0.5472    0.2427    0.4560    0.3433    0.4413    0.4467    0.3232    0.4082    0.3323    0.6488    0.5318    0.9318    0.6632    0.7235    0.4707    0.5760    0.5084    0.5934    0.5432    0.4811    0.4921    0.6856    1.1423    0.6520    0.5067    0.4937    0.4883    0.6857    0.3771    0.7972    0.4686    0.5905    0.5463    0.6039    0.6277    0.7084    0.8621    0.5386    0.5477    0.7984    0.4218    0.7762    0.8198    0.4906    0.9783    0.4818    0.7191    0.6170    0.5478    1.2862    1.7170    0.5715    0.6852    0.7521    0.5971    0.3995    0.8315    1.3046    0.4630    0.9763    0.5771    0.8900    1.2707    0.5046    1.2561    0.4701    1.7170    0.5175    0.5294    0.5366    0.5096    0.9446    0.7912    0.5437    0.4803    0.4872
ind39         1.7970    1.0007    0.5251    0.6136    0.6178    1.7970    0.3644    1.6768    0.5545    0.3405    0.4926    0.4290    1.0780    0.2941    0.4887    0.6367    0.4016    0.5839    1.1709    1.0364    0.7325    1.7970    0.4477    0.5673    1.0402    0.4050    0.5831    0.8422    0.6716    0.5386    0.5472    0.7218    1.0246    0.3899    0.2435    1.7400    0.3942    0.4307    0.0000    0.7583    0.3832    0.3607    1.3717    0.2573    0.4641    0.1960    0.2678    0.2205    0.6126    0.4137    0.3123    0.4663    0.2521    0.2577    0.5628    1.8380    0.1129    0.5225    0.3748    0.4560    0.2837    0.3090    0.2881    0.3719    0.2710    0.2329    0.7798    0.3945    0.9794    0.7444    0.7454    0.4087    0.4372    0.3760    0.4955    0.5861    0.5421    0.5508    0.6307    1.1899    0.4804    0.4093    0.5399    0.3879    0.5878    0.4660    0.7705    0.4110    0.6049    0.6055    0.4461    0.5889    0.6950    0.8814    0.6198    0.6307    0.9174    0.5403    0.8206    0.9505    0.4258    0.9863    0.3816    0.5428    0.4052    0.4587    1.1143    1.7970    0.4531    0.6957    0.6864    0.5307    0.3390    0.7550    1.1922    0.3959    0.9333    0.5793    0.8234    1.2041    0.4389    1.2165    0.4034    1.7970    0.5212    0.4282    0.3962    0.5335    1.0225    0.5626    0.3722    0.3442    0.3863
ind40         2.0618    1.2134    1.0747    1.0490    1.1916    2.0618    0.8345    2.0487    1.0694    0.8552    0.8931    0.8295    1.3265    0.7663    1.0886    1.1494    0.8796    1.0966    1.6084    1.6732    1.4040    2.0618    0.9604    0.9172    1.4381    0.9546    1.0215    1.2685    1.1496    1.1143    0.9903    0.9354    1.6263    0.9546    0.5903    2.0048    0.8720    0.9008    0.7583    0.0000    0.9478    0.9253    1.7421    0.7351    0.9768    0.6738    0.7456    0.6983    1.0217    0.9437    0.7902    0.9441    0.7299    0.7944    1.0406    2.1029    0.6826    1.0721    0.9159    0.9860    0.7615    0.7868    0.9226    0.8497    0.7488    0.7975    1.1933    0.8351    1.5225    1.1656    1.2604    0.8888    0.8747    0.8135    0.9167    1.0662    0.9633    0.9720    1.0343    1.3385    0.8222    0.8468    0.9774    0.8234    1.1027    0.9091    1.2855    0.8116    1.1199    1.0835    0.9850    1.1558    1.2099    1.3189    0.9985    1.1030    1.3897    1.0183    1.3353    1.4285    0.8498    1.4643    0.8405    0.9322    0.9179    0.9367    1.3628    2.0618    1.0247    1.1737    1.1991    1.0378    0.8517    1.3545    1.5625    0.9086    1.4981    1.0940    1.0362    1.7281    0.9515    1.8529    0.9161    2.0618    1.0708    0.8522    0.8203    1.0406    1.5005    1.0658    0.8311    0.8569    0.8990
ind41         1.8598    1.1432    0.5177    0.5220    0.6363    1.8598    0.5024    1.7195    0.5118    0.4026    0.4469    0.4598    1.2141    0.3956    0.4967    0.4124    0.3528    0.5738    1.0879    0.9149    0.8127    1.8598    0.4733    0.5558    0.9906    0.4309    0.5368    1.0455    0.5848    0.4524    0.4680    0.8292    0.9807    0.2860    0.3924    1.8028    0.1820    0.2977    0.3832    0.9478    0.0000    0.1486    1.6055    0.2942    0.4266    0.3089    0.2735    0.2962    0.5771    0.4865    0.2292    0.3567    0.3249    0.3893    0.3506    1.9008    0.3240    0.5583    0.3287    0.2784    0.2847    0.4176    0.4861    0.2995    0.3845    0.2684    0.6600    0.4597    1.0070    0.5603    0.7343    0.3992    0.5053    0.4381    0.5935    0.5433    0.4574    0.5033    0.7323    1.1051    0.5458    0.4364    0.4583    0.4529    0.6503    0.3872    0.7601    0.4449    0.5551    0.5575    0.5690    0.4025    0.6730    0.8057    0.5387    0.4791    0.8334    0.3161    0.7397    0.7607    0.4181    0.8738    0.4093    0.6117    0.5457    0.5231    1.1457    1.8598    0.4990    0.5447    0.6808    0.5954    0.3986    0.6367    1.3418    0.3917    0.8890    0.5405    0.7827    1.2264    0.4322    1.1676    0.3970    1.8598    0.5158    0.4936    0.4293    0.4732    0.8756    0.5964    0.4358    0.4078    0.4141
ind42         2.0083    1.1334    0.5069    0.5991    0.6981    2.0083    0.4927    1.7087    0.5028    0.3928    0.4372    0.4501    1.2043    0.4574    0.4859    0.4742    0.4146    0.6355    1.0422    1.0276    0.8385    2.0083    0.4984    0.5263    1.1391    0.4567    0.5270    1.0347    0.5546    0.4783    0.4582    0.8543    0.9710    0.1928    0.3350    1.9513    0.0888    0.2913    0.3607    0.9253    0.1486    0.0000    1.5831    0.2369    0.3334    0.2516    0.2510    0.2737    0.4839    0.4291    0.2560    0.2635    0.2675    0.3320    0.2370    2.0494    0.3016    0.5010    0.3062    0.1647    0.2622    0.3603    0.4636    0.2422    0.3272    0.2111    0.5939    0.4856    0.9138    0.4942    0.7594    0.4251    0.5304    0.4273    0.5478    0.4976    0.3913    0.4576    0.7215    1.0961    0.5710    0.4257    0.4127    0.3868    0.6395    0.3781    0.7510    0.4341    0.4890    0.4914    0.5583    0.3364    0.7490    0.6931    0.4377    0.3781    0.7324    0.3429    0.7307    0.7323    0.4450    0.8087    0.4711    0.6735    0.5708    0.5482    1.1521    2.0083    0.5608    0.5511    0.6506    0.5864    0.3888    0.6432    1.4035    0.4168    0.7880    0.5315    0.8444    1.2881    0.4939    1.1032    0.4239    2.0083    0.5068    0.4838    0.4910    0.5502    0.8105    0.6582    0.4976    0.4696    0.4410
ind43         0.5074    2.1421    1.7383    1.4627    1.5090    0.5074    1.4373    1.8004    1.5472    1.4643    1.5117    1.4481    0.8361    1.4240    1.1793    1.6844    1.2873    1.5881    2.3006    1.1190    1.5383    0.5074    1.3891    1.3184    1.5534    1.4714    1.5977    1.9081    1.3450    1.3419    1.6888    1.2859    2.2005    1.5201    1.3198    0.5644    1.4943    1.4841    1.3717    1.7421    1.6055    1.5831    0.0000    1.3462    1.6369    1.4032    1.4378    1.3905    1.8223    1.6731    1.4479    1.6363    1.4239    1.4650    1.6162    0.4663    1.3567    1.7667    1.2769    1.6782    1.3208    1.5162    1.1783    1.5791    1.5190    1.4431    1.5173    1.4117    2.1545    1.6302    1.5094    1.5122    1.5325    1.4712    1.4375    1.5949    1.2763    1.5487    1.5302    2.2160    1.5206    1.5045    1.6351    1.3598    1.7628    1.4356    1.9083    1.3775    1.6149    1.4161    1.5456    1.8136    1.8631    1.8152    1.5502    1.6761    1.8840    1.5352    1.8728    1.7799    1.3873    1.9635    1.3838    1.4668    1.4741    1.3439    0.7087    0.5074    1.2622    1.5942    1.4754    1.5811    1.3888    1.9238    0.4826    1.4246    2.0621    1.6722    1.6859    2.1296    1.4222    2.3136    1.5796    0.5074    1.6141    1.3717    1.3985    1.6215    1.9450    1.6565    1.4386    1.4775    1.5626
ind44         1.7715    0.9795    0.5335    0.5152    0.6501    1.7715    0.2946    1.7354    0.4063    0.2384    0.3191    0.2957    0.9675    0.2671    0.4696    0.5330    0.2141    0.5204    1.0688    1.0542    0.7905    1.7715    0.3440    0.4170    0.9745    0.3382    0.4324    0.8803    0.4840    0.4513    0.4489    0.6641    1.0098    0.3062    0.1447    1.7145    0.1835    0.2713    0.2573    0.7351    0.2942    0.2369    1.3462    0.0000    0.3600    0.0972    0.1666    0.1193    0.5105    0.3616    0.1017    0.2901    0.1131    0.1776    0.3870    1.8126    0.1981    0.4554    0.2503    0.4015    0.1079    0.1700    0.3092    0.2329    0.1728    0.0969    0.6292    0.3312    0.9404    0.6055    0.5948    0.3071    0.4102    0.3088    0.3935    0.4496    0.3566    0.3677    0.5205    1.1227    0.4171    0.3076    0.4034    0.2877    0.5211    0.2494    0.6689    0.2695    0.5010    0.4180    0.4785    0.5369    0.7034    0.8072    0.4833    0.4918    0.7785    0.4018    0.7185    0.7998    0.3270    0.9229    0.3531    0.5196    0.4169    0.3836    1.0852    1.7715    0.4428    0.6265    0.6579    0.5043    0.2349    0.7760    1.1667    0.3330    0.9568    0.5581    0.7964    1.2401    0.3759    1.2361    0.3400    1.7715    0.4947    0.3299    0.3730    0.4664    0.9247    0.6611    0.3437    0.3157    0.3230
ind45         2.0622    0.9890    0.3225    0.5789    0.7147    2.0622    0.4260    1.5961    0.5873    0.3386    0.3760    0.3057    1.1085    0.4744    0.6077    0.5242    0.4338    0.6175    0.7782    1.0447    0.8556    2.0622    0.5494    0.5981    1.1217    0.4733    0.5091    1.0494    0.6271    0.5284    0.3940    0.8692    0.9423    0.3195    0.3865    2.0051    0.2801    0.3796    0.4641    0.9768    0.4266    0.3334    1.6369    0.3600    0.0000    0.3030    0.2685    0.3158    0.1854    0.4184    0.3426    0.1857    0.2823    0.3468    0.3170    2.1032    0.4771    0.2507    0.3945    0.3437    0.3854    0.3040    0.5519    0.1271    0.3420    0.3499    0.6198    0.5027    0.6863    0.6231    0.7420    0.4398    0.4987    0.4097    0.5302    0.3460    0.5353    0.3426    0.6914    0.8407    0.5533    0.3917    0.2611    0.5304    0.5241    0.4301    0.6498    0.5206    0.6326    0.6006    0.3895    0.5986    0.5281    0.9052    0.4613    0.4600    0.8414    0.4276    0.5468    0.7424    0.4620    0.7844    0.4532    0.6905    0.4403    0.4157    1.2576    2.0622    0.5429    0.6220    0.6394    0.4263    0.4054    0.7580    1.4574    0.4679    0.8981    0.4286    0.8613    1.3396    0.5105    0.9120    0.3714    2.0622    0.3467    0.4228    0.4734    0.3487    0.9038    0.6559    0.4795    0.4862    0.3885
ind46         1.8285    0.9182    0.4765    0.4883    0.5873    1.8285    0.2799    1.7501    0.4662    0.1814    0.2966    0.2330    0.9528    0.2058    0.5202    0.5104    0.3113    0.4935    1.0118    1.0689    0.8009    1.8285    0.3215    0.4770    1.0358    0.3157    0.4220    0.8535    0.5453    0.4754    0.3919    0.6372    0.9872    0.2808    0.0834    1.7715    0.1982    0.3326    0.1960    0.6738    0.3089    0.2516    1.4032    0.0972    0.3030    0.0000    0.1067    0.0594    0.4535    0.3045    0.1164    0.2704    0.0561    0.1206    0.4017    1.8696    0.1741    0.3983    0.3116    0.3818    0.1226    0.1489    0.2837    0.1759    0.1158    0.1237    0.6905    0.3818    0.8834    0.6202    0.6561    0.3204    0.3489    0.2518    0.3724    0.4630    0.4179    0.3917    0.5403    1.0657    0.3959    0.3210    0.4167    0.3383    0.4985    0.3107    0.6464    0.3265    0.5156    0.4793    0.4215    0.5516    0.6823    0.8219    0.4608    0.5065    0.8291    0.3792    0.6615    0.7894    0.2298    0.8659    0.2961    0.4583    0.3556    0.3732    1.0239    1.8285    0.3858    0.5695    0.6009    0.4473    0.2138    0.7563    1.2237    0.3463    0.8997    0.4610    0.6992    1.1429    0.3534    1.2150    0.3189    1.8285    0.4377    0.3088    0.2758    0.4452    0.9021    0.5998    0.3225    0.2946    0.2659
ind47         1.8631    0.9537    0.4071    0.4538    0.5891    1.8631    0.3499    1.6434    0.5383    0.2169    0.3687    0.2684    1.0595    0.2776    0.4502    0.4776    0.3112    0.5307    0.9773    0.9622    0.6942    1.8631    0.3933    0.5142    0.9991    0.3875    0.4587    0.8540    0.5433    0.4426    0.3940    0.6724    0.9527    0.2456    0.1901    1.8060    0.1977    0.3320    0.2678    0.7456    0.2735    0.2510    1.4378    0.1666    0.2685    0.1067    0.0000    0.0939    0.4190    0.4112    0.1492    0.1986    0.1262    0.1906    0.2950    1.9041    0.2086    0.3638    0.2762    0.2751    0.1571    0.2189    0.3183    0.1413    0.1858    0.1565    0.6205    0.3451    0.8489    0.5502    0.6195    0.3210    0.3141    0.2890    0.4444    0.4284    0.4525    0.4272    0.5775    1.0311    0.4331    0.3215    0.3822    0.3729    0.4991    0.3089    0.7184    0.3244    0.5502    0.5139    0.4221    0.4449    0.6128    0.8213    0.4628    0.4713    0.7939    0.4159    0.6636    0.7915    0.3365    0.8680    0.3679    0.5301    0.3928    0.4084    1.0957    1.8631    0.4576    0.5367    0.6027    0.4827    0.3205    0.7208    1.2583    0.3481    0.9364    0.4264    0.6664    1.1447    0.4252    1.1804    0.3210    1.8631    0.4031    0.4155    0.3130    0.4473    0.9042    0.5670    0.3597    0.3664    0.3380
ind48         1.8157    0.9310    0.4544    0.5477    0.6118    1.8157    0.2926    1.6907    0.5256    0.2408    0.3560    0.2458    1.0122    0.2303    0.5075    0.5349    0.2985    0.5180    1.0246    1.0562    0.7882    1.8157    0.3459    0.5015    1.0231    0.3402    0.4814    0.8780    0.5326    0.4999    0.4047    0.6617    1.0000    0.3029    0.1428    1.7587    0.2203    0.3547    0.2205    0.6983    0.2962    0.2737    1.3905    0.1193    0.3158    0.0594    0.0939    0.0000    0.4663    0.3639    0.1385    0.2459    0.1155    0.1800    0.3423    1.8568    0.1613    0.4111    0.2989    0.3690    0.1098    0.2082    0.2710    0.1886    0.1751    0.1459    0.6778    0.3690    0.8962    0.6074    0.6434    0.3449    0.3268    0.2763    0.4317    0.4757    0.4052    0.4045    0.5182    1.0785    0.4204    0.3455    0.4295    0.3255    0.4764    0.3328    0.6591    0.3137    0.5029    0.4666    0.4460    0.5388    0.6602    0.8440    0.5201    0.4820    0.8512    0.4386    0.6743    0.8022    0.2892    0.8787    0.3206    0.4828    0.3801    0.3977    1.0484    1.8157    0.4102    0.5940    0.6254    0.5066    0.2731    0.6969    1.2109    0.3708    0.9591    0.5203    0.7237    1.1674    0.3778    1.2277    0.3783    1.8157    0.4971    0.3682    0.3003    0.5046    0.9149    0.6243    0.3470    0.3190    0.3253
ind49         2.1420    1.1026    0.4140    0.7643    0.8061    2.1420    0.5544    1.6875    0.7358    0.4522    0.5265    0.4562    1.2939    0.5879    0.7931    0.7096    0.6192    0.8029    0.6983    1.1361    1.0040    2.1420    0.7348    0.7835    1.2015    0.6218    0.6945    1.1630    0.8125    0.7138    0.5445    1.0197    1.0908    0.4701    0.5370    2.0850    0.4306    0.4594    0.6126    1.0217    0.5771    0.4839    1.8223    0.5105    0.1854    0.4535    0.4190    0.4663    0.0000    0.5689    0.4931    0.2792    0.4329    0.4973    0.4106    2.1831    0.6276    0.3992    0.5799    0.4942    0.5359    0.4546    0.7373    0.2776    0.4925    0.5005    0.7682    0.6511    0.7429    0.6797    0.8905    0.5534    0.5552    0.5233    0.6438    0.4026    0.6489    0.3992    0.8768    0.7957    0.7039    0.5053    0.3746    0.7158    0.4792    0.5806    0.6049    0.6141    0.7811    0.7860    0.4460    0.6551    0.6195    1.0188    0.5748    0.5514    0.9329    0.6130    0.6604    0.9278    0.6125    0.9698    0.6386    0.8410    0.6257    0.6011    1.4430    2.1420    0.7283    0.8074    0.8248    0.5747    0.5908    0.9434    1.6428    0.6533    1.0835    0.5422    0.9749    1.4532    0.5595    0.8670    0.5568    2.1420    0.4951    0.5733    0.6239    0.4972    0.9527    0.8413    0.6649    0.6715    0.5739
ind50         1.9140    1.1101    0.7409    0.7582    0.7650    1.9140    0.5844    2.0144    0.6959    0.4458    0.4483    0.4249    1.0525    0.5104    0.7499    0.7748    0.5410    0.7981    1.0925    1.2986    1.1055    1.9140    0.4718    0.7067    1.0811    0.5801    0.6864    1.1233    0.6828    0.7397    0.6216    0.9071    1.1301    0.4985    0.3533    1.8570    0.4626    0.5970    0.4137    0.9437    0.4865    0.4291    1.6731    0.3616    0.4184    0.3045    0.4112    0.3639    0.5689    0.0000    0.3807    0.5347    0.3205    0.3850    0.6661    1.9551    0.3918    0.5137    0.5413    0.5246    0.3869    0.2282    0.5883    0.4403    0.2661    0.3013    0.9202    0.6115    1.0351    0.8499    0.7936    0.5501    0.6188    0.4815    0.6020    0.6216    0.6476    0.6214    0.7180    1.1450    0.6256    0.5507    0.5754    0.5680    0.6142    0.5404    0.6910    0.5964    0.7453    0.7090    0.5022    0.6945    0.8409    0.9376    0.6905    0.7362    1.0588    0.6089    0.8549    1.0191    0.5344    1.0956    0.5604    0.7282    0.5821    0.5249    1.2938    1.9140    0.6501    0.7992    0.8653    0.6406    0.4782    0.9338    1.3092    0.6107    1.0426    0.7655    0.8551    1.4475    0.6177    1.2435    0.5833    1.9140    0.6310    0.4952    0.5804    0.5606    1.0178    0.7465    0.5869    0.4668    0.5303
ind51         1.7889    0.9504    0.4685    0.4860    0.5850    1.7889    0.3120    1.6703    0.4237    0.1734    0.2907    0.2307    1.0216    0.2380    0.4771    0.4680    0.2315    0.4912    1.0038    0.9526    0.7247    1.7889    0.3156    0.4345    0.9194    0.2732    0.4506    0.8512    0.4656    0.4329    0.4205    0.6349    0.9447    0.3254    0.1998    1.7319    0.2027    0.3371    0.3123    0.7902    0.2292    0.2560    1.4479    0.1017    0.3426    0.1164    0.1492    0.1385    0.4931    0.3807    0.0000    0.2727    0.0957    0.1602    0.3695    1.8300    0.2532    0.4379    0.3161    0.3841    0.1270    0.1884    0.3284    0.2154    0.1553    0.1261    0.6474    0.2654    0.9230    0.5771    0.5764    0.2413    0.3810    0.2804    0.4010    0.4205    0.3748    0.3492    0.5746    1.0210    0.4245    0.2785    0.3742    0.2952    0.4560    0.1943    0.6039    0.2869    0.4725    0.4362    0.4135    0.4719    0.6742    0.8264    0.4549    0.4634    0.7860    0.3367    0.6535    0.7814    0.2620    0.8945    0.2880    0.4904    0.4244    0.3652    1.0561    1.7889    0.3777    0.5615    0.6295    0.4026    0.2424    0.7110    1.1841    0.3404    0.9284    0.4565    0.7314    1.1751    0.3109    1.1703    0.3109    1.7889    0.3930    0.3374    0.3080    0.4738    0.8963    0.6320    0.3145    0.2865    0.2579
ind52         2.0028    1.0344    0.3022    0.5811    0.6943    2.0028    0.3712    1.5385    0.5896    0.3404    0.4558    0.3855    1.2232    0.4173    0.5727    0.5609    0.4333    0.6542    0.8375    0.9526    0.8206    2.0028    0.5517    0.6003    1.0623    0.5100    0.5458    1.0167    0.6265    0.5651    0.3958    0.8710    0.9446    0.2497    0.3538    1.9458    0.2102    0.3446    0.4663    0.9441    0.3567    0.2635    1.6363    0.2901    0.1857    0.2704    0.1986    0.2459    0.2792    0.5347    0.2727    0.0000    0.2497    0.3142    0.1902    2.0438    0.4072    0.4020    0.3595    0.2150    0.3155    0.3424    0.4580    0.0945    0.3093    0.2801    0.6192    0.4676    0.6503    0.5307    0.7415    0.4072    0.3502    0.4115    0.5321    0.3274    0.4999    0.2874    0.6348    0.8914    0.5552    0.3002    0.2406    0.4954    0.4105    0.3602    0.6661    0.3937    0.5388    0.5412    0.4488    0.4717    0.4855    0.8697    0.4631    0.3680    0.7494    0.4643    0.6196    0.7447    0.4050    0.8211    0.4899    0.6335    0.5550    0.5304    1.2943    2.0028    0.5796    0.6587    0.6761    0.5340    0.4076    0.7575    1.4568    0.4701    0.9003    0.4304    0.8286    1.3069    0.5472    1.0407    0.4081    2.0028    0.4544    0.5026    0.4753    0.5345    0.9060    0.7292    0.4818    0.4884    0.4252
ind53         1.8492    0.9022    0.4558    0.5078    0.6080    1.8492    0.2994    1.6939    0.4822    0.1608    0.3126    0.2525    1.0089    0.2619    0.5007    0.5264    0.3272    0.5497    0.9912    1.0128    0.7850    1.8492    0.3374    0.4575    0.9797    0.2962    0.4380    0.8730    0.4892    0.4913    0.4079    0.6568    0.9666    0.3369    0.1396    1.7921    0.1787    0.3131    0.2521    0.7299    0.3249    0.2675    1.4239    0.1131    0.2823    0.0561    0.1262    0.1155    0.4329    0.3205    0.0957    0.2497    0.0000    0.0999    0.3810    1.8902    0.2302    0.3777    0.3276    0.3611    0.1385    0.1282    0.3399    0.1552    0.0951    0.1031    0.7065    0.3611    0.8628    0.6007    0.6000    0.2643    0.3329    0.2678    0.3528    0.4068    0.4339    0.3711    0.5610    1.0450    0.4119    0.3003    0.3961    0.3543    0.4778    0.2546    0.6623    0.3460    0.5316    0.4953    0.3654    0.5309    0.6616    0.8024    0.4413    0.5225    0.8095    0.3597    0.6420    0.7699    0.2505    0.8819    0.2766    0.4790    0.4117    0.3526    1.0446    1.8492    0.3663    0.5500    0.6169    0.3911    0.1943    0.7722    1.2444    0.3623    0.9157    0.4450    0.7199    1.1636    0.3338    1.1588    0.3349    1.8492    0.3816    0.2893    0.2965    0.4612    0.8826    0.6560    0.3385    0.2751    0.2819
ind54         1.7847    1.0022    0.5203    0.5723    0.6491    1.7847    0.3638    1.7350    0.5466    0.2252    0.3770    0.3170    1.0734    0.3264    0.5418    0.4853    0.3917    0.6141    1.0556    1.0539    0.8261    1.7847    0.4019    0.5574    0.9152    0.3961    0.5024    0.8786    0.5891    0.5558    0.4723    0.7212    1.0310    0.4014    0.2040    1.7277    0.2786    0.4130    0.2577    0.7944    0.3893    0.3320    1.4650    0.1776    0.3468    0.1206    0.1906    0.1800    0.4973    0.3850    0.1602    0.3142    0.0999    0.0000    0.4455    1.8258    0.2358    0.4421    0.3921    0.4256    0.2030    0.1927    0.3455    0.2197    0.1596    0.1675    0.7709    0.4256    0.9272    0.7006    0.6999    0.3642    0.4329    0.3322    0.4528    0.5068    0.4984    0.4355    0.6609    1.1095    0.4764    0.3648    0.4605    0.4187    0.5423    0.3545    0.7268    0.4105    0.5961    0.4542    0.4065    0.5954    0.7261    0.8435    0.5412    0.5869    0.9095    0.4597    0.7420    0.8699    0.3504    0.9463    0.3765    0.5789    0.4762    0.4170    1.1445    1.7847    0.4073    0.6499    0.6813    0.4911    0.2942    0.8367    1.2855    0.4267    0.9802    0.5449    0.8198    1.2635    0.4338    1.2588    0.3993    1.7847    0.4815    0.3892    0.3964    0.5257    0.9825    0.7204    0.4030    0.3750    0.3464
ind55         2.1236    1.1657    0.3987    0.6314    0.7563    2.1236    0.5026    1.5539    0.5717    0.4717    0.5061    0.4824    1.3545    0.5726    0.5666    0.5082    0.4952    0.7162    0.9223    0.9680    0.8826    2.1236    0.6136    0.6070    1.1832    0.5720    0.6772    1.0787    0.5511    0.5124    0.5271    0.8864    0.9948    0.2999    0.4851    2.0666    0.2389    0.4414    0.5628    1.0406    0.3506    0.2370    1.6162    0.3870    0.3170    0.4017    0.2950    0.3423    0.4106    0.6661    0.3695    0.1902    0.3810    0.4455    0.0000    2.0825    0.5036    0.5333    0.4215    0.2003    0.3775    0.4738    0.5788    0.2258    0.4407    0.4114    0.4972    0.5296    0.8405    0.4226    0.8035    0.4691    0.5055    0.5080    0.6634    0.2956    0.4244    0.3843    0.6735    0.9406    0.6516    0.4210    0.3963    0.5020    0.5313    0.4570    0.7630    0.4557    0.6043    0.6067    0.5453    0.3636    0.5587    0.7966    0.5046    0.2948    0.7443    0.4931    0.7043    0.6238    0.5951    0.7824    0.5864    0.7888    0.6514    0.6269    1.1386    2.1236    0.6760    0.5030    0.5885    0.6187    0.5389    0.7520    1.5188    0.5321    0.9297    0.5618    0.7963    1.3568    0.6092    1.1167    0.5394    2.1236    0.5857    0.6340    0.5717    0.6658    0.8794    0.8257    0.5316    0.5848    0.5565
ind56         0.0411    2.5263    2.1570    1.7602    1.7644    0.0411    1.8560    2.1846    1.8949    1.8831    1.8960    1.8324    1.1282    1.7473    1.5981    1.9610    1.6694    1.9702    2.6848    1.3798    1.8859    0.0411    1.8079    1.7005    1.0871    1.8190    2.0165    2.2924    1.6370    1.6895    2.0730    1.6702    2.6193    1.9864    1.7861    0.0981    1.9606    1.7581    1.8380    2.1029    1.9008    2.0494    0.4663    1.8126    2.1032    1.8696    1.9041    1.8568    2.1831    1.9551    1.8300    2.0438    1.8902    1.8258    2.0825    0.0000    1.8230    2.2330    1.7432    2.0857    1.7872    1.9826    1.5858    2.0454    1.9853    1.9095    1.9361    1.7593    2.5275    2.0490    1.8360    1.8943    1.8924    1.8899    1.8562    2.0137    1.6950    1.9674    1.7635    2.5637    1.9394    1.8644    1.9950    1.7441    2.1228    1.7832    2.2904    1.7963    1.9748    1.6360    1.9644    2.2323    2.1361    2.2471    1.9344    2.0604    2.3027    1.8828    2.2204    2.1275    1.6761    2.3478    1.7314    1.7556    1.8584    1.7282    1.0563    0.0411    1.6099    1.9418    1.8596    1.9287    1.7730    2.2714    0.6459    1.8089    2.4463    2.0199    2.0336    2.4773    1.7699    2.6612    1.9273    0.0411    1.9617    1.7560    1.7461    1.9190    2.3293    2.0041    1.7862    1.7330    1.9102
ind57         1.7820    1.0157    0.5750    0.6265    0.6677    1.7820    0.3773    1.7525    0.6044    0.3555    0.4707    0.4071    1.0372    0.3091    0.5275    0.6496    0.3773    0.5968    1.1859    1.1120    0.8082    1.7820    0.4607    0.5265    1.0252    0.4549    0.5961    0.8035    0.6473    0.6146    0.5253    0.6461    1.0745    0.3308    0.1679    1.7249    0.3350    0.4694    0.1129    0.6826    0.3240    0.3016    1.3567    0.1981    0.4771    0.1741    0.2086    0.1613    0.6276    0.3918    0.2532    0.4072    0.2302    0.2358    0.5036    1.8230    0.0000    0.5724    0.4136    0.3969    0.2245    0.2871    0.3269    0.3500    0.2491    0.1737    0.7925    0.4072    1.0575    0.7221    0.7581    0.4237    0.4522    0.3910    0.5105    0.6012    0.5199    0.5658    0.6436    1.2398    0.4585    0.4243    0.5549    0.3637    0.6377    0.4068    0.8204    0.3518    0.6176    0.5813    0.4612    0.5667    0.7449    0.8592    0.6348    0.6433    0.9300    0.5533    0.8356    0.9635    0.3501    0.9992    0.3408    0.4671    0.4182    0.4717    1.0735    1.7820    0.4661    0.7087    0.6994    0.5806    0.3520    0.7307    1.1772    0.4089    0.9463    0.5943    0.8384    1.2283    0.4518    1.2664    0.4164    1.7820    0.5711    0.3525    0.3206    0.5834    1.0355    0.5218    0.3314    0.3572    0.3993
ind58         2.1920    0.9698    0.5363    0.5965    0.8439    2.1920    0.5213    1.8098    0.7180    0.4315    0.5422    0.4355    1.2383    0.5672    0.7389    0.6904    0.6000    0.7837    0.6484    1.1753    0.9862    2.1920    0.6448    0.7657    1.2879    0.6021    0.5613    1.1437    0.7932    0.6941    0.4461    0.9990    1.0858    0.5358    0.4818    2.1350    0.4476    0.5472    0.5225    1.0721    0.5583    0.5010    1.7667    0.4554    0.2507    0.3983    0.3638    0.4111    0.3992    0.5137    0.4379    0.4020    0.3777    0.4421    0.5333    2.2330    0.5724    0.0000    0.5262    0.5599    0.4807    0.3994    0.6472    0.3075    0.4373    0.4453    0.8335    0.5969    0.7050    0.8368    0.8713    0.5705    0.5571    0.5384    0.6590    0.5253    0.7004    0.5564    0.8226    1.0544    0.7195    0.5710    0.4404    0.6616    0.6670    0.5977    0.7805    0.6882    0.7633    0.8026    0.4838    0.6929    0.6710    1.0344    0.6387    0.6029    0.9721    0.5938    0.5655    0.8087    0.6282    0.8852    0.6194    0.8566    0.6065    0.5819    1.3874    2.1920    0.7091    0.7882    0.8542    0.5914    0.5371    0.9242    1.5872    0.5996    1.1143    0.5284    0.9560    1.4343    0.6767    0.8166    0.5376    2.1920    0.5118    0.5890    0.6396    0.4780    1.0355    0.7876    0.6112    0.6179    0.5546
ind59         1.7022    1.1588    0.5331    0.4860    0.5999    1.7022    0.4713    1.5197    0.4522    0.4529    0.4626    0.4755    1.1483    0.4826    0.3303    0.5326    0.3236    0.6258    1.1035    0.8039    0.6495    1.7022    0.3851    0.4230    0.8329    0.4829    0.5056    1.0611    0.4205    0.3108    0.4836    0.8449    1.0483    0.3756    0.3604    1.6451    0.2529    0.2427    0.3748    0.9159    0.3287    0.3062    1.2769    0.2503    0.3945    0.3116    0.2762    0.2989    0.5799    0.5413    0.3161    0.3595    0.3276    0.3921    0.4215    1.7432    0.4136    0.5262    0.0000    0.4013    0.2874    0.4203    0.2387    0.3022    0.3872    0.3113    0.4957    0.4273    0.9121    0.5942    0.6187    0.4515    0.5210    0.4537    0.6091    0.5103    0.3240    0.4723    0.6664    1.1572    0.5615    0.4521    0.4739    0.3798    0.6311    0.3391    0.7774    0.4139    0.4872    0.3881    0.5847    0.5730    0.7405    0.8419    0.5543    0.4782    0.8141    0.4016    0.8266    0.7510    0.5051    0.9227    0.4614    0.6640    0.5611    0.3549    1.1327    1.7022    0.5511    0.5815    0.6476    0.6475    0.4140    0.7756    1.0973    0.4072    0.9565    0.6275    0.7863    1.2503    0.4842    1.3065    0.4491    1.7022    0.5679    0.5439    0.5162    0.5754    0.9244    0.7353    0.4392    0.4599    0.4662
ind60         2.0446    1.1577    0.4823    0.6112    0.7932    2.0446    0.5862    1.6720    0.5516    0.4518    0.4859    0.5088    1.2999    0.4939    0.5464    0.5227    0.4751    0.7307    0.9713    1.0049    0.8971    2.0446    0.6282    0.5869    1.1042    0.5865    0.6572    1.0586    0.6131    0.5269    0.5191    0.8662    0.9345    0.2276    0.4305    1.9876    0.2535    0.4560    0.4560    0.9860    0.2784    0.1647    1.6782    0.4015    0.3437    0.3818    0.2751    0.3690    0.4942    0.5246    0.3841    0.2150    0.3611    0.4256    0.2003    2.0857    0.3969    0.5599    0.4013    0.0000    0.3920    0.4538    0.5345    0.2525    0.4207    0.3046    0.5591    0.5095    0.8306    0.4595    0.7833    0.4490    0.4956    0.4533    0.6088    0.4611    0.4864    0.4678    0.7232    1.1064    0.5970    0.3420    0.3639    0.4819    0.5559    0.4369    0.8464    0.4926    0.5253    0.5277    0.5477    0.3137    0.6310    0.7764    0.4845    0.3783    0.7812    0.4729    0.7310    0.6980    0.5164    0.7744    0.5664    0.6753    0.6315    0.5723    1.1661    2.0446    0.6561    0.5305    0.6507    0.5988    0.5190    0.6919    1.4987    0.5466    0.7883    0.5418    0.8239    1.3368    0.6237    1.1136    0.5195    2.0446    0.5658    0.6140    0.5518    0.6458    0.9059    0.7189    0.5117    0.5649    0.5366
ind61         1.7461    1.0408    0.5240    0.5764    0.6406    1.7461    0.4024    1.6275    0.5141    0.2638    0.3445    0.3211    1.0754    0.2935    0.4960    0.5235    0.2871    0.5468    1.0942    0.9464    0.8169    1.7461    0.3345    0.4900    1.0116    0.3287    0.5044    0.9067    0.5211    0.4884    0.4743    0.6905    1.0351    0.3316    0.2060    1.6891    0.2089    0.3433    0.2837    0.7615    0.2847    0.2622    1.3208    0.1079    0.3854    0.1226    0.1571    0.1098    0.5359    0.3869    0.1270    0.3155    0.1385    0.2030    0.3775    1.7872    0.2245    0.4807    0.2874    0.3920    0.0000    0.2313    0.2997    0.2583    0.1982    0.1689    0.6663    0.3576    0.9658    0.5960    0.6319    0.3335    0.4366    0.2993    0.4547    0.5109    0.3937    0.4396    0.5935    1.1481    0.4434    0.3340    0.4647    0.3141    0.5116    0.3214    0.6943    0.3425    0.4915    0.4551    0.4690    0.5274    0.7298    0.8326    0.5087    0.5172    0.8397    0.4272    0.7439    0.8718    0.3524    0.9483    0.3436    0.5460    0.4433    0.4207    1.1116    1.7461    0.4333    0.6170    0.6484    0.5297    0.2962    0.7665    1.1413    0.3593    0.9821    0.5835    0.7869    1.2306    0.3664    1.2974    0.4013    1.7461    0.5201    0.3912    0.3635    0.5276    0.9500    0.6875    0.3701    0.3421    0.3483
ind62         1.9415    0.9946    0.5486    0.5647    0.7362    1.9415    0.3562    1.8221    0.5390    0.2535    0.4053    0.3452    1.0658    0.3188    0.5930    0.6192    0.3841    0.6065    1.0129    1.1410    0.8773    1.9415    0.3161    0.5498    1.1079    0.4244    0.5307    0.9298    0.6174    0.5841    0.5006    0.7136    1.0593    0.4297    0.1964    1.8845    0.3069    0.4413    0.3090    0.7868    0.4176    0.3603    1.5162    0.1700    0.3040    0.1489    0.2189    0.2082    0.4546    0.2282    0.1884    0.3424    0.1282    0.1927    0.4738    1.9826    0.2871    0.3994    0.4203    0.4538    0.2313    0.0000    0.4326    0.2480    0.0738    0.1958    0.7992    0.4180    0.9555    0.7289    0.7282    0.3566    0.4253    0.3605    0.4452    0.4281    0.5266    0.4638    0.6533    0.9527    0.4688    0.3572    0.3819    0.4111    0.4566    0.3828    0.5700    0.4029    0.6244    0.5880    0.4225    0.6237    0.6474    0.8166    0.5695    0.6152    0.9019    0.4879    0.6992    0.8981    0.3787    0.9746    0.4048    0.5713    0.4686    0.4453    1.1369    1.9415    0.4945    0.6782    0.7096    0.4483    0.2866    0.8650    1.3367    0.4191    1.0085    0.5732    0.7341    1.2918    0.4621    1.1801    0.3917    1.9415    0.4387    0.3816    0.4247    0.4470    0.8968    0.6418    0.3954    0.3674    0.3747
ind63         1.5448    1.1658    0.6905    0.5992    0.6182    1.5448    0.5287    1.5251    0.5822    0.4652    0.5459    0.4823    1.2017    0.3958    0.2953    0.6900    0.4535    0.6731    1.2956    0.8440    0.5760    1.5448    0.3974    0.5168    0.7521    0.4591    0.6709    1.0090    0.4961    0.3827    0.6757    0.8155    1.2016    0.4928    0.3672    1.4877    0.4103    0.4467    0.2881    0.9226    0.4861    0.4636    1.1783    0.3092    0.5519    0.2837    0.3183    0.2710    0.7373    0.5883    0.3284    0.4580    0.3399    0.3455    0.5788    1.5858    0.3269    0.6472    0.2387    0.5345    0.2997    0.4326    0.0000    0.4596    0.3995    0.3702    0.7344    0.4743    1.0453    0.7115    0.7125    0.4987    0.5028    0.5007    0.6200    0.6636    0.4927    0.6410    0.6610    1.3146    0.6448    0.4765    0.6072    0.3907    0.6192    0.4329    0.8608    0.5037    0.5504    0.4022    0.5754    0.7287    0.8374    0.9390    0.6739    0.6339    0.9131    0.5575    0.9092    0.8965    0.4186    1.0578    0.4739    0.6122    0.5696    0.4848    1.1034    1.5448    0.5048    0.6987    0.7092    0.6600    0.4265    0.8760    0.9988    0.4688    1.1486    0.7086    0.8633    1.2926    0.4968    1.4277    0.5678    1.5448    0.6505    0.5564    0.4886    0.6941    1.0804    0.8138    0.4879    0.5085    0.5148
ind64         2.0044    0.9399    0.3006    0.4866    0.6569    2.0044    0.3338    1.5742    0.5310    0.2459    0.3614    0.2910    1.1287    0.3817    0.5513    0.4664    0.3760    0.5597    0.8359    0.9883    0.7992    2.0044    0.4572    0.5417    1.0639    0.4514    0.4514    0.9581    0.5693    0.5065    0.3013    0.7765    0.8501    0.2283    0.2593    1.9474    0.1888    0.3232    0.3719    0.8497    0.2995    0.2422    1.5791    0.2329    0.1271    0.1759    0.1413    0.1886    0.2776    0.4403    0.2154    0.0945    0.1552    0.2197    0.2258    2.0454    0.3500    0.3075    0.3022    0.2525    0.2583    0.2480    0.4596    0.0000    0.2149    0.2228    0.5979    0.4463    0.7075    0.5663    0.6842    0.3486    0.3715    0.3529    0.4735    0.3258    0.4785    0.2858    0.6350    0.8898    0.4607    0.3004    0.2409    0.4740    0.4677    0.3388    0.6645    0.4294    0.5763    0.5787    0.4472    0.5073    0.5427    0.8125    0.4045    0.4036    0.7851    0.3698    0.5610    0.6502    0.3693    0.7266    0.3954    0.5978    0.4605    0.4359    1.1998    2.0044    0.4851    0.5642    0.5816    0.4754    0.3131    0.7003    1.3996    0.3756    0.8417    0.3718    0.7341    1.2124    0.4527    1.0391    0.3136    2.0044    0.3958    0.4082    0.3808    0.4400    0.8115    0.6347    0.3873    0.3939    0.3307
ind65         1.9443    0.9566    0.4748    0.5675    0.7031    1.9443    0.3183    1.7483    0.5418    0.2204    0.3722    0.3121    1.0686    0.3216    0.5958    0.5861    0.3869    0.6093    1.0508    1.1079    0.8801    1.9443    0.2830    0.5526    1.0748    0.3913    0.4976    0.8919    0.5843    0.5510    0.4268    0.6757    1.0262    0.3966    0.1992    1.8873    0.2738    0.4082    0.2710    0.7488    0.3845    0.3272    1.5190    0.1728    0.3420    0.1158    0.1858    0.1751    0.4925    0.2661    0.1553    0.3093    0.0951    0.1596    0.4407    1.9853    0.2491    0.4373    0.3872    0.4207    0.1982    0.0738    0.3995    0.2149    0.0000    0.1627    0.7661    0.3801    0.9224    0.6958    0.6951    0.3594    0.4280    0.3274    0.4480    0.5019    0.4935    0.4307    0.6561    0.9906    0.4308    0.3600    0.4557    0.3732    0.4234    0.3090    0.6079    0.3649    0.5913    0.5549    0.4198    0.5906    0.6805    0.7428    0.5364    0.5821    0.9047    0.4548    0.7371    0.8650    0.3456    0.9008    0.3310    0.5334    0.4307    0.3715    1.1397    1.9443    0.4614    0.6451    0.6358    0.4455    0.2894    0.7912    1.3395    0.3812    0.9346    0.4994    0.7010    1.2587    0.3882    1.2540    0.3538    1.9443    0.4360    0.3437    0.3509    0.5208    0.8230    0.6749    0.3574    0.3294    0.3008
ind66         1.8684    1.0053    0.5234    0.5754    0.7111    1.8684    0.3204    1.7597    0.5032    0.2284    0.3802    0.3201    1.0299    0.3295    0.5665    0.5940    0.3110    0.6173    1.0588    1.0786    0.8508    1.8684    0.4050    0.5139    0.9989    0.3992    0.4590    0.9406    0.5084    0.5123    0.4755    0.7243    0.9473    0.2804    0.2072    1.8114    0.2445    0.3323    0.2329    0.7975    0.2684    0.2111    1.4431    0.0969    0.3499    0.1237    0.1565    0.1459    0.5005    0.3013    0.1261    0.2801    0.1031    0.1675    0.4114    1.9095    0.1737    0.4453    0.3113    0.3046    0.1689    0.1958    0.3702    0.2228    0.1627    0.0000    0.6902    0.3915    0.9303    0.6665    0.6192    0.3674    0.4360    0.3354    0.4559    0.5099    0.4176    0.3920    0.6174    1.1126    0.4795    0.3679    0.4637    0.3846    0.5454    0.2738    0.7299    0.3297    0.5620    0.4790    0.4684    0.4745    0.7292    0.8682    0.5443    0.5528    0.8754    0.4628    0.7451    0.8264    0.3535    0.9495    0.3796    0.5820    0.4793    0.3736    1.1477    1.8684    0.4693    0.6531    0.6845    0.4942    0.2973    0.7158    1.2636    0.4299    0.8965    0.5481    0.8230    1.2667    0.4369    1.1751    0.4025    1.8684    0.4846    0.3924    0.3996    0.5288    0.9857    0.6367    0.4061    0.3781    0.3495
ind67         1.9771    1.3813    0.6366    0.6694    0.6813    1.9771    0.7228    1.6527    0.5516    0.6410    0.5949    0.6952    1.3065    0.6627    0.6707    0.7482    0.5859    0.8881    1.1523    1.0200    0.9529    1.9771    0.7330    0.6451    1.1322    0.6697    0.7652    1.1889    0.5426    0.5701    0.6679    0.9565    1.1756    0.5887    0.6967    1.9201    0.5959    0.6488    0.7798    1.1933    0.6600    0.5939    1.5173    0.6292    0.6198    0.6905    0.6205    0.6778    0.7682    0.9202    0.6474    0.6192    0.7065    0.7709    0.4972    1.9361    0.7925    0.8335    0.4957    0.5591    0.6663    0.7992    0.7344    0.5979    0.7661    0.6902    0.0000    0.6140    1.0448    0.4590    0.8068    0.5974    0.6948    0.4853    0.6245    0.5568    0.3683    0.4390    0.8451    0.9957    0.6851    0.5475    0.5694    0.5532    0.7283    0.6536    0.6910    0.6295    0.5752    0.5695    0.7713    0.6170    0.8337    0.8681    0.4604    0.3902    0.5798    0.6204    0.8428    0.7370    0.7647    0.9564    0.6803    0.9236    0.7454    0.6682    1.0661    1.9771    0.7700    0.5817    0.6338    0.6698    0.6673    0.8926    1.3723    0.7012    1.0234    0.6903    0.8801    1.4831    0.7438    1.3140    0.6334    1.9771    0.6794    0.8035    0.7005    0.6802    0.8928    0.9115    0.6114    0.7132    0.6504
ind68         1.7182    0.9147    0.4322    0.4899    0.6374    1.7182    0.3821    1.5964    0.3082    0.2835    0.4058    0.3923    0.9889    0.3119    0.4447    0.6290    0.3221    0.5698    1.0088    0.8846    0.6556    1.7182    0.4243    0.3278    0.9243    0.2777    0.5696    0.7913    0.5051    0.4366    0.4576    0.5616    0.9852    0.5204    0.3947    1.6612    0.4323    0.5318    0.3945    0.8351    0.4597    0.4856    1.4117    0.3312    0.5027    0.3818    0.3451    0.3690    0.6511    0.6115    0.2654    0.4676    0.3611    0.4256    0.5296    1.7593    0.4072    0.5969    0.4273    0.5095    0.3576    0.4180    0.4743    0.4463    0.3801    0.3915    0.6140    0.0000    0.9652    0.5785    0.5788    0.2473    0.4575    0.2850    0.4046    0.4613    0.4607    0.4353    0.5205    1.0631    0.4254    0.2472    0.3779    0.2720    0.5096    0.2794    0.6551    0.2865    0.5235    0.4771    0.3774    0.5603    0.6046    0.8612    0.4599    0.4676    0.8386    0.4609    0.6932    0.8709    0.4557    0.9433    0.3713    0.5380    0.4371    0.4138    0.9854    1.7182    0.5017    0.6161    0.7127    0.4133    0.3653    0.7942    1.1134    0.3878    0.9759    0.5020    0.7840    1.2970    0.3941    1.1393    0.3585    1.7182    0.4037    0.4545    0.3915    0.5253    0.9451    0.6447    0.3273    0.3339    0.3414
ind69         2.4864    1.3388    0.7973    1.0843    1.1668    2.4864    0.9377    1.6339    1.0092    0.8355    0.7999    0.8169    1.6080    0.9124    1.1253    1.1395    1.0144    1.1862    0.7575    1.3931    1.0691    2.4864    1.1647    1.1787    1.5460    0.9706    1.1244    1.5237    1.1732    1.0461    0.8179    1.3338    1.4394    0.8999    0.9322    2.4294    0.8605    0.9318    0.9794    1.5225    1.0070    0.9138    2.1545    0.9404    0.6863    0.8834    0.8489    0.8962    0.7429    1.0351    0.9230    0.6503    0.8628    0.9272    0.8405    2.5275    1.0575    0.7050    0.9121    0.8306    0.9658    0.9555    1.0453    0.7075    0.9224    0.9303    1.0448    0.9652    0.0000    0.9189    1.2857    0.8240    0.7670    0.7939    0.9145    0.8223    1.0441    0.7164    1.1786    1.1553    0.7852    0.7951    0.7355    1.0358    0.7960    0.9413    1.0516    0.9627    1.0395    1.0098    0.8657    0.8944    0.9024    1.2922    0.7703    0.7935    1.1314    0.9330    0.7664    1.2478    0.9491    1.2898    0.9933    1.1429    0.9804    0.9619    1.7630    2.4864    1.0830    1.1274    1.1794    1.0005    0.9455    1.2201    1.9404    1.0487    1.3255    0.8189    1.3356    1.7448    1.0913    1.1095    0.9115    2.4864    0.9209    0.9687    0.9786    0.9229    1.4092    1.2671    1.0196    1.0262    0.9286
ind70         2.0079    1.1614    0.5829    0.7172    0.7123    2.0079    0.7582    1.5388    0.5840    0.5706    0.6079    0.6674    1.3602    0.6349    0.5442    0.6834    0.5970    0.8914    1.1063    0.9841    0.8946    2.0079    0.6975    0.5846    1.1629    0.5627    0.7764    1.1186    0.6517    0.5618    0.6770    0.8926    1.1401    0.5572    0.6690    1.9509    0.4607    0.6632    0.7444    1.1656    0.5603    0.4942    1.6302    0.6055    0.6231    0.6202    0.5502    0.6074    0.6797    0.8499    0.5771    0.5307    0.6007    0.7006    0.4226    2.0490    0.7221    0.8368    0.5942    0.4595    0.5960    0.7289    0.7115    0.5663    0.6958    0.6665    0.4590    0.5785    0.9189    0.0000    0.7463    0.4555    0.5384    0.4576    0.4826    0.5248    0.5141    0.3971    0.9029    1.0294    0.6573    0.5197    0.5804    0.5649    0.5579    0.5583    0.7157    0.5914    0.6271    0.5807    0.6112    0.3824    0.7841    0.6661    0.3626    0.3517    0.6548    0.5248    0.6637    0.7047    0.6228    0.8183    0.6140    0.7817    0.6366    0.7280    1.1051    2.0079    0.7037    0.5781    0.6558    0.6461    0.6010    0.7446    1.4031    0.6658    0.8754    0.5499    0.8690    1.3819    0.6368    1.1514    0.5246    2.0079    0.6131    0.6616    0.5993    0.7281    0.9922    0.9593    0.6653    0.6830    0.5417
ind71         1.7949    1.2387    0.7589    0.7982    0.7482    1.7949    0.7330    1.7974    0.6890    0.5699    0.6485    0.6248    1.2394    0.6708    0.7192    0.8273    0.5096    0.3205    1.3638    1.1161    0.9649    1.7949    0.6567    0.6303    0.9886    0.5996    0.8008    1.0420    0.6249    0.6949    0.7829    0.9973    1.2698    0.7942    0.7049    1.7379    0.6706    0.7235    0.7454    1.2604    0.7343    0.7594    1.5094    0.5948    0.7420    0.6561    0.6195    0.6434    0.8905    0.7936    0.5764    0.7415    0.6000    0.6999    0.8035    1.8360    0.7581    0.8713    0.6187    0.7833    0.6319    0.7282    0.7125    0.6842    0.6951    0.6192    0.8068    0.5788    1.2857    0.7463    0.0000    0.5687    0.7427    0.6074    0.6912    0.7822    0.6115    0.6281    0.8933    1.4202    0.7521    0.6036    0.7342    0.6572    0.8198    0.5469    0.9656    0.6369    0.7554    0.7043    0.6614    0.8705    1.0380    1.1149    0.7452    0.8123    1.0767    0.6639    0.9787    1.0618    0.6587    1.1801    0.6150    0.4582    0.7098    0.6040    1.2428    1.7949    0.7047    0.8192    0.9495    0.6930    0.6021    0.9390    1.2823    0.6949    1.2830    0.7817    0.8090    1.4926    0.6378    1.2482    0.7097    1.7949    0.6834    0.6556    0.6353    0.7572    1.1448    0.9885    0.6710    0.5500    0.6568
ind72         1.8532    0.8578    0.4473    0.5486    0.5747    1.8532    0.4336    1.6614    0.3669    0.2594    0.3426    0.3655    1.1085    0.2877    0.4709    0.5662    0.2964    0.5070    0.9828    0.9090    0.6799    1.8532    0.4848    0.3547    0.9487    0.2514    0.6183    0.8424    0.5294    0.5316    0.4724    0.6508    0.9596    0.4599    0.3333    1.7962    0.3363    0.4707    0.4087    0.8888    0.3992    0.4251    1.5122    0.3071    0.4398    0.3204    0.3210    0.3449    0.5534    0.5501    0.2413    0.4072    0.2643    0.3642    0.4691    1.8943    0.4237    0.5705    0.4515    0.4490    0.3335    0.3566    0.4987    0.3486    0.3594    0.3674    0.5974    0.2473    0.8240    0.4555    0.5687    0.0000    0.2466    0.1829    0.2309    0.3281    0.4374    0.2969    0.5673    0.9567    0.4056    0.1868    0.3174    0.3591    0.4051    0.2225    0.5515    0.3040    0.4571    0.4577    0.3224    0.4582    0.6189    0.8416    0.3987    0.4846    0.6634    0.3982    0.5956    0.8082    0.3581    0.9929    0.3493    0.4811    0.4867    0.4634    1.0831    1.8532    0.4390    0.5534    0.7623    0.3913    0.3026    0.8811    1.2484    0.4374    1.0255    0.4452    0.6864    1.1994    0.3721    1.0766    0.4081    1.8532    0.3818    0.3977    0.3346    0.5341    0.9231    0.6943    0.3769    0.3480    0.3910
ind73         1.8514    0.9106    0.4492    0.5699    0.5836    1.8514    0.3159    1.6977    0.6134    0.3626    0.4741    0.3738    1.0944    0.2514    0.5745    0.7069    0.5071    0.6775    0.9421    1.0285    0.8163    1.8514    0.5879    0.6013    1.0579    0.4270    0.6533    0.9758    0.6689    0.6718    0.4953    0.6712    1.0171    0.5597    0.3192    1.7944    0.4416    0.5760    0.4372    0.8747    0.5053    0.5304    1.5325    0.4102    0.4987    0.3489    0.3141    0.3268    0.5552    0.6188    0.3810    0.3502    0.3329    0.4329    0.5055    1.8924    0.4522    0.5571    0.5210    0.4956    0.4366    0.4253    0.5028    0.3715    0.4280    0.4360    0.6948    0.4575    0.7670    0.5384    0.7427    0.2466    0.0000    0.2795    0.3700    0.3645    0.6127    0.4032    0.5953    0.9527    0.5026    0.2953    0.3093    0.4555    0.4163    0.4691    0.6945    0.3395    0.5736    0.5742    0.4045    0.5048    0.5255    0.8684    0.4597    0.4420    0.7037    0.5043    0.6911    0.8679    0.4007    1.0159    0.4909    0.5237    0.5861    0.5683    1.1057    1.8514    0.5806    0.6596    0.7973    0.5609    0.4076    0.9061    1.3054    0.5068    1.0964    0.5471    0.7525    1.2308    0.5482    1.1150    0.5143    1.8514    0.5238    0.5026    0.4707    0.5612    0.9805    0.7178    0.5531    0.4896    0.5672
ind74         1.8489    0.9324    0.3799    0.5435    0.6134    1.8489    0.3576    1.7001    0.4043    0.1556    0.2677    0.2909    0.9614    0.1773    0.5070    0.5705    0.3367    0.5472    0.9074    1.0188    0.8256    1.8489    0.4134    0.4637    0.9814    0.2537    0.5143    0.8435    0.5681    0.4623    0.3684    0.6110    0.9612    0.4621    0.2580    1.7919    0.3740    0.5084    0.3760    0.8135    0.4381    0.4273    1.4712    0.3088    0.4097    0.2518    0.2890    0.2763    0.5233    0.4815    0.2804    0.4115    0.2678    0.3322    0.5080    1.8899    0.3910    0.5384    0.4537    0.4533    0.2993    0.3605    0.5007    0.3529    0.3274    0.3354    0.4853    0.2850    0.7939    0.4576    0.6074    0.1829    0.2795    0.0000    0.1980    0.4383    0.3679    0.2640    0.6045    0.9207    0.2949    0.1816    0.3123    0.3171    0.4076    0.3696    0.5531    0.2989    0.4221    0.4255    0.3247    0.4607    0.6227    0.8011    0.3218    0.4079    0.7304    0.4369    0.5998    0.8469    0.3623    0.8889    0.3535    0.5212    0.4186    0.3960    1.0443    1.8489    0.4432    0.5577    0.6583    0.3896    0.3406    0.8137    1.2441    0.4382    0.9560    0.4860    0.7251    1.2381    0.4108    1.1533    0.3766    1.8489    0.4226    0.4011    0.3389    0.4235    0.9596    0.6547    0.3799    0.3865    0.3237
ind75         1.8151    0.8586    0.5354    0.6707    0.6104    1.8151    0.4849    1.7185    0.4890    0.2762    0.4308    0.4540    0.9430    0.3395    0.5549    0.7260    0.4562    0.6667    1.0705    1.0372    0.8736    1.8151    0.5688    0.5117    1.1078    0.3376    0.6349    0.8174    0.6519    0.6178    0.4021    0.6782    1.0818    0.5826    0.3852    1.7581    0.4590    0.5934    0.4955    0.9167    0.5935    0.5478    1.4375    0.3935    0.5302    0.3724    0.4444    0.4317    0.6438    0.6020    0.4010    0.5321    0.3528    0.4528    0.6634    1.8562    0.5105    0.6590    0.6091    0.6088    0.4547    0.4452    0.6200    0.4735    0.4480    0.4559    0.6245    0.4046    0.9145    0.4826    0.6912    0.2309    0.3700    0.1980    0.0000    0.4875    0.4645    0.3257    0.6886    1.0250    0.3982    0.3438    0.4395    0.4431    0.5630    0.4186    0.6736    0.4610    0.5775    0.5809    0.4086    0.6161    0.7423    0.8338    0.3545    0.5710    0.7861    0.4859    0.5620    0.8959    0.4113    0.9441    0.4374    0.5692    0.4727    0.4860    1.0760    1.8151    0.5271    0.6415    0.7483    0.3944    0.3537    0.9691    1.2103    0.5578    1.0765    0.5350    0.6567    1.1697    0.4947    1.0796    0.4613    1.8151    0.3848    0.3488    0.4227    0.4639    1.0086    0.6646    0.4994    0.4705    0.4442
ind76         2.0547    0.9898    0.4025    0.5745    0.6978    2.0547    0.4725    1.5574    0.4508    0.4019    0.4385    0.4614    1.2510    0.5018    0.5658    0.6636    0.5105    0.7210    0.7855    0.9369    0.8114    2.0547    0.6622    0.6049    1.1502    0.5015    0.6908    1.0198    0.6121    0.5804    0.4983    0.8178    0.8903    0.4372    0.4759    1.9977    0.4088    0.5432    0.5861    1.0662    0.5433    0.4976    1.5949    0.4496    0.3460    0.4630    0.4284    0.4757    0.4026    0.6216    0.4205    0.3274    0.4068    0.5068    0.2956    2.0137    0.6012    0.5253    0.5103    0.4611    0.5109    0.4281    0.6636    0.3258    0.5019    0.5099    0.5568    0.4613    0.8223    0.5248    0.7822    0.3281    0.3645    0.4383    0.4875    0.0000    0.4841    0.3651    0.6160    0.8385    0.5830    0.3155    0.2236    0.5726    0.5083    0.4378    0.6340    0.4244    0.6639    0.7131    0.4079    0.5400    0.4209    0.9036    0.4587    0.4363    0.7464    0.5435    0.5280    0.6809    0.5734    0.9236    0.5994    0.7313    0.6641    0.5921    1.1559    2.0547    0.6891    0.5562    0.6437    0.4890    0.4813    0.9319    1.4499    0.5448    1.0028    0.5418    0.6892    1.3329    0.6223    0.9985    0.5173    2.0547    0.4560    0.5763    0.5848    0.5356    0.9851    0.7673    0.4957    0.5620    0.5702
ind77         1.7361    1.1433    0.5522    0.6622    0.6549    1.7361    0.5276    1.6097    0.4856    0.4030    0.4449    0.4578    1.0694    0.4326    0.5336    0.6198    0.3408    0.6431    1.1222    0.9283    0.8159    1.7361    0.4494    0.4380    0.9676    0.4320    0.5975    0.9509    0.3547    0.4377    0.5406    0.7730    1.1377    0.5160    0.4667    1.6791    0.3933    0.4811    0.5421    0.9633    0.4574    0.3913    1.2763    0.3566    0.5353    0.4179    0.4525    0.4052    0.6489    0.6476    0.3748    0.4999    0.4339    0.4984    0.4244    1.6950    0.5199    0.7004    0.3240    0.4864    0.3937    0.5266    0.4927    0.4785    0.4935    0.4176    0.3683    0.4607    1.0441    0.5141    0.6115    0.4374    0.6127    0.3679    0.4645    0.4841    0.0000    0.3277    0.6420    1.0725    0.4896    0.4007    0.4926    0.3450    0.6519    0.3619    0.7610    0.3995    0.3735    0.4058    0.4914    0.5736    0.7492    0.7954    0.4244    0.5634    0.8496    0.4935    0.8108    0.7399    0.4921    0.9173    0.4833    0.6510    0.5411    0.3348    1.0081    1.7361    0.5730    0.5359    0.5601    0.5966    0.4703    0.8122    1.1313    0.4916    0.9498    0.6117    0.7168    1.3259    0.5061    1.2283    0.5410    1.7361    0.5870    0.4890    0.5032    0.5885    0.9536    0.8198    0.4537    0.4743    0.4880
ind78         1.9263    0.9993    0.3374    0.6185    0.6603    1.9263    0.3612    1.5764    0.4734    0.3055    0.4260    0.3557    1.0851    0.4413    0.6473    0.6358    0.3941    0.6590    0.8725    0.9903    0.8929    1.9263    0.5537    0.5211    1.0447    0.4407    0.5713    0.8884    0.5501    0.5561    0.4332    0.7451    0.9450    0.4438    0.4405    1.8693    0.4043    0.4921    0.5508    0.9720    0.5033    0.4576    1.5487    0.3677    0.3426    0.3917    0.4272    0.4045    0.3992    0.6214    0.3492    0.2874    0.3711    0.4355    0.3843    1.9674    0.5658    0.5564    0.4723    0.4678    0.4396    0.4638    0.6410    0.2858    0.4307    0.3920    0.4390    0.4353    0.7164    0.3971    0.6281    0.2969    0.4032    0.2640    0.3257    0.3651    0.3277    0.0000    0.6516    0.8270    0.4637    0.2895    0.2999    0.5000    0.3590    0.3555    0.5186    0.3518    0.4873    0.4828    0.4138    0.4686    0.6165    0.8617    0.3702    0.3649    0.7464    0.4672    0.6548    0.7699    0.4659    0.8585    0.4920    0.6597    0.5571    0.4512    1.2029    1.9263    0.5816    0.6961    0.7481    0.4991    0.4441    0.8668    1.3215    0.5422    0.9721    0.4656    0.8636    1.3765    0.5148    1.0758    0.4802    1.9263    0.4896    0.5047    0.4773    0.5696    0.9434    0.8357    0.5183    0.5249    0.4272
ind79         1.8045    1.1892    0.7824    0.7721    0.8712    1.8045    0.6086    1.9515    0.6675    0.6396    0.6511    0.5409    1.0925    0.5689    0.7322    0.8644    0.5480    0.8116    1.3183    1.2823    1.0131    1.8045    0.7100    0.5681    1.0875    0.5983    0.7589    1.1013    0.6083    0.7123    0.7343    0.8813    1.2947    0.7161    0.5532    1.7475    0.6327    0.6856    0.6307    1.0343    0.7323    0.7215    1.5302    0.5205    0.6914    0.5403    0.5775    0.5182    0.8768    0.7180    0.5746    0.6348    0.5610    0.6609    0.6735    1.7635    0.6436    0.8226    0.6664    0.7232    0.5935    0.6533    0.6610    0.6350    0.6561    0.6174    0.8451    0.5205    1.1786    0.9029    0.8933    0.5673    0.5953    0.6045    0.6886    0.6160    0.6420    0.6516    0.0000    1.2898    0.7486    0.5445    0.6285    0.5859    0.6764    0.5472    0.9180    0.5968    0.7748    0.6573    0.7387    0.8698    0.7766    1.2231    0.7439    0.7436    1.0759    0.6980    0.9672    0.9327    0.5937    1.1734    0.6491    0.7168    0.6736    0.6804    1.1499    1.8045    0.7388    0.7711    0.9072    0.7647    0.5658    1.0981    1.2586    0.6644    1.2525    0.8132    0.9357    1.2313    0.6719    1.4499    0.6718    1.8045    0.7551    0.6957    0.6291    0.7981    1.1396    0.9178    0.6405    0.6117    0.6547
ind80         2.6047    1.4805    0.8971    1.1762    1.2647    2.6047    0.9949    2.0640    1.0015    0.9701    1.0047    1.0217    1.7191    1.0267    1.3228    1.2027    1.1123    1.2494    1.1117    1.4484    1.4626    2.6047    1.0449    1.1710    1.6176    0.9282    1.2242    1.6342    1.1200    1.1724    0.9873    1.4018    1.4683    1.0822    1.1066    2.5477    1.0427    1.1423    1.1899    1.3385    1.1051    1.0961    2.2160    1.1227    0.8407    1.0657    1.0311    1.0785    0.7957    1.1450    1.0210    0.8914    1.0450    1.1095    0.9406    2.5637    1.2398    1.0544    1.1572    1.1064    1.1481    0.9527    1.3146    0.8898    0.9906    1.1126    0.9957    1.0631    1.1553    1.0294    1.4202    0.9567    0.9527    0.9207    1.0250    0.8385    1.0725    0.8270    1.2898    0.0000    1.1204    0.9807    0.8501    1.1277    0.7388    1.0740    0.8279    1.0895    1.2328    1.2032    1.0420    1.0637    0.9425    1.2937    0.8382    0.8854    1.2233    1.0309    0.9885    1.2635    1.1060    1.4243    1.0565    1.3345    1.1582    1.1743    1.6773    2.6047    1.1461    1.1432    1.1971    0.9500    1.0453    1.2833    1.9999    1.1485    1.4600    0.9170    1.2722    1.6064    1.0180    1.2383    0.9747    2.6047    0.9130    1.1814    1.0767    0.9871    1.2932    1.2166    1.0828    1.0894    0.9917
ind81         1.8983    1.0005    0.5198    0.6154    0.7581    1.8983    0.4252    1.8400    0.5490    0.3367    0.3755    0.4350    1.0109    0.3225    0.6511    0.6783    0.4086    0.6191    1.0880    1.1993    0.7030    1.8983    0.5575    0.5715    1.0892    0.4707    0.6221    0.9250    0.6759    0.6424    0.4354    0.6197    1.1059    0.6058    0.3663    1.8413    0.5176    0.6520    0.4804    0.8222    0.5458    0.5710    1.5206    0.4171    0.5533    0.3959    0.4331    0.4204    0.7039    0.6256    0.4245    0.5552    0.4119    0.4764    0.6516    1.9394    0.4585    0.7195    0.5615    0.5970    0.4434    0.4688    0.6448    0.4607    0.4308    0.4795    0.6851    0.4254    0.7852    0.6573    0.7521    0.4056    0.5026    0.2949    0.3982    0.5830    0.4896    0.4637    0.7486    1.1204    0.0000    0.3263    0.4570    0.4205    0.7025    0.4725    0.8117    0.3659    0.6807    0.6471    0.5010    0.7556    0.7631    0.8462    0.4800    0.7028    0.9531    0.5447    0.7804    0.9547    0.4701    0.9560    0.4206    0.5524    0.4498    0.4631    1.0937    1.8983    0.5510    0.6655    0.7254    0.5295    0.4125    0.8808    1.2935    0.4694    1.0589    0.6259    0.8698    1.3828    0.4779    1.2980    0.4078    1.8983    0.5625    0.4323    0.4059    0.5323    1.0267    0.6859    0.4110    0.4177    0.3907
ind82         1.8233    0.8927    0.3620    0.4693    0.6462    1.8233    0.3543    1.6476    0.3668    0.2227    0.3005    0.3234    1.0292    0.1863    0.5058    0.6034    0.3336    0.5441    0.8549    0.9805    0.7514    1.8233    0.4481    0.4262    0.9188    0.3229    0.5816    0.8057    0.5643    0.5315    0.4357    0.6077    0.8743    0.4118    0.2913    1.7663    0.3723    0.5067    0.4093    0.8468    0.4364    0.4257    1.5045    0.3076    0.3917    0.3210    0.3215    0.3455    0.5053    0.5507    0.2785    0.3002    0.3003    0.3648    0.4210    1.8644    0.4243    0.5710    0.4521    0.3420    0.3340    0.3572    0.4765    0.3004    0.3600    0.3679    0.5475    0.2472    0.7951    0.5197    0.6036    0.1868    0.2953    0.1816    0.3438    0.3155    0.4007    0.2895    0.5445    0.9807    0.3263    0.0000    0.1306    0.3159    0.3762    0.3313    0.6294    0.2247    0.4396    0.4774    0.3573    0.5367    0.5119    0.8339    0.3424    0.4720    0.7709    0.4697    0.6185    0.8311    0.3708    0.9076    0.4208    0.4938    0.4500    0.4267    1.1121    1.8233    0.5105    0.6250    0.6770    0.4203    0.3375    0.8810    1.2774    0.4007    0.9402    0.4681    0.7579    1.2709    0.4436    1.0994    0.4080    1.8233    0.4533    0.4325    0.4062    0.4549    0.9580    0.6517    0.3768    0.3834    0.3910
ind83         1.9540    0.9418    0.3372    0.4951    0.7068    1.9540    0.3647    1.6229    0.4625    0.3184    0.3963    0.3726    1.1250    0.3169    0.5664    0.6252    0.4643    0.6360    0.7243    1.0024    0.8121    1.9540    0.5787    0.5569    1.0494    0.4535    0.6074    0.9363    0.6562    0.5922    0.3761    0.7383    0.8534    0.3988    0.3871    1.8970    0.3593    0.4937    0.5399    0.9774    0.4583    0.4127    1.6351    0.4034    0.2611    0.4167    0.3822    0.4295    0.3746    0.5754    0.3742    0.2406    0.3961    0.4605    0.3963    1.9950    0.5549    0.4404    0.4739    0.3639    0.4647    0.3819    0.6072    0.2409    0.4557    0.4637    0.5694    0.3779    0.7355    0.5804    0.7342    0.3174    0.3093    0.3123    0.4395    0.2236    0.4926    0.2999    0.6285    0.8501    0.4570    0.1306    0.0000    0.4466    0.4602    0.4271    0.6075    0.3553    0.5315    0.6081    0.3781    0.5586    0.4162    0.8209    0.3294    0.4124    0.7579    0.4567    0.5266    0.7715    0.4665    0.8480    0.5514    0.6245    0.5807    0.5573    1.2427    1.9540    0.6411    0.6856    0.7376    0.4450    0.4333    0.8563    1.4080    0.4613    0.9272    0.4551    0.8186    1.3315    0.5743    0.9688    0.4338    1.9540    0.4080    0.5283    0.5368    0.4096    0.8984    0.6413    0.5074    0.5140    0.4867
ind84         1.7030    0.9898    0.5435    0.4304    0.5775    1.7030    0.3793    1.5802    0.4285    0.3947    0.3602    0.3775    1.0238    0.3459    0.3957    0.6568    0.3498    0.6441    1.0775    0.9051    0.7168    1.7030    0.3768    0.3344    0.9060    0.3183    0.6004    0.8560    0.4566    0.4603    0.4546    0.5969    1.0965    0.5115    0.3086    1.6460    0.3888    0.4883    0.3879    0.8234    0.4529    0.3868    1.3598    0.2877    0.5304    0.3383    0.3729    0.3255    0.7158    0.5680    0.2952    0.4954    0.3543    0.4187    0.5020    1.7441    0.3637    0.6616    0.3798    0.4819    0.3141    0.4111    0.3907    0.4740    0.3732    0.3846    0.5532    0.2720    1.0358    0.5649    0.6572    0.3591    0.4555    0.3171    0.4431    0.5726    0.3450    0.5000    0.5859    1.1277    0.4205    0.3159    0.4466    0.0000    0.5743    0.2539    0.7198    0.2837    0.4616    0.3742    0.4525    0.5697    0.7159    0.7265    0.3598    0.4068    0.6919    0.3772    0.7276    0.7665    0.4127    0.8384    0.2876    0.4950    0.3875    0.3531    0.9279    1.7030    0.4180    0.5117    0.5732    0.3952    0.2450    0.6913    1.0982    0.3443    0.8364    0.5265    0.8125    1.2502    0.3511    1.1550    0.3455    1.7030    0.4282    0.3749    0.3424    0.4700    0.8040    0.5892    0.3143    0.2863    0.3284
ind85         2.0817    1.1017    0.5212    0.7640    0.8054    2.0817    0.5557    1.6823    0.6655    0.4840    0.6036    0.4969    1.3342    0.5261    0.7216    0.7824    0.5485    0.8056    0.9552    1.1397    1.0036    2.0817    0.5140    0.6784    1.1776    0.5494    0.7979    1.0563    0.7806    0.7114    0.6868    0.9475    1.0905    0.6257    0.5473    2.0247    0.5862    0.6857    0.5878    1.1027    0.6503    0.6395    1.7628    0.5211    0.5241    0.4985    0.4991    0.4764    0.4792    0.6142    0.4560    0.4105    0.4778    0.5423    0.5313    2.1228    0.6377    0.6670    0.6311    0.5559    0.5116    0.4566    0.6192    0.4677    0.4234    0.5454    0.7283    0.5096    0.7960    0.5579    0.8198    0.4051    0.4163    0.4076    0.5630    0.5083    0.6519    0.3590    0.6764    0.7388    0.7025    0.3762    0.4602    0.5743    0.0000    0.5452    0.3357    0.5439    0.5779    0.5785    0.5617    0.5013    0.5555    1.0601    0.5683    0.4756    0.8154    0.6860    0.7916    1.0008    0.6219    1.0772    0.6371    0.7808    0.7022    0.6429    1.3704    2.0817    0.7268    0.8412    0.8932    0.6791    0.5897    0.9727    1.5357    0.6528    1.0784    0.6412    0.8950    1.5220    0.5235    1.0802    0.6602    2.0817    0.6695    0.7196    0.6573    0.7496    0.8772    0.9464    0.6289    0.6356    0.6072
ind86         1.7421    0.8923    0.5153    0.4865    0.5485    1.7421    0.4190    1.5573    0.3954    0.3332    0.3450    0.3212    1.1001    0.4323    0.4409    0.5913    0.2736    0.6146    1.0221    0.8455    0.6524    1.7421    0.4562    0.3154    0.8017    0.3256    0.5620    0.8651    0.4362    0.4219    0.4340    0.6833    1.0334    0.4129    0.3595    1.6851    0.2893    0.3771    0.4660    0.9091    0.3872    0.3781    1.4356    0.2494    0.4301    0.3107    0.3089    0.3328    0.5806    0.5404    0.1943    0.3602    0.2546    0.3545    0.4570    1.7832    0.4068    0.5977    0.3391    0.4369    0.3214    0.3828    0.4329    0.3388    0.3090    0.2738    0.6536    0.2794    0.9413    0.5583    0.5469    0.2225    0.4691    0.3696    0.4186    0.4378    0.3619    0.3555    0.5472    1.0740    0.4725    0.3313    0.4271    0.2539    0.5452    0.0000    0.6567    0.2870    0.5600    0.3888    0.3904    0.5610    0.7227    0.8029    0.4380    0.5181    0.7672    0.3540    0.6349    0.7174    0.3139    0.9080    0.2992    0.4670    0.4725    0.3129    1.1097    1.7421    0.4296    0.5441    0.7123    0.3433    0.2943    0.7938    1.1373    0.4232    0.9406    0.3972    0.7140    1.2270    0.3220    1.1517    0.3590    1.7421    0.3337    0.3486    0.2846    0.5627    0.8382    0.6801    0.3627    0.3338    0.3061
ind87         2.2494    1.2126    0.7156    0.8749    0.6829    2.2494    0.7029    1.8767    0.7031    0.6313    0.7151    0.6814    1.4448    0.6938    0.8671    0.8921    0.6583    0.9154    1.0437    1.2489    1.1127    2.2494    0.6595    0.7509    1.3456    0.6583    0.8721    1.2385    0.9263    0.8203    0.7610    1.1296    1.2501    0.7858    0.6951    2.1924    0.6977    0.7972    0.7705    1.2855    0.7601    0.7510    1.9083    0.6689    0.6498    0.6464    0.7184    0.6591    0.6049    0.6910    0.6039    0.6661    0.6623    0.7268    0.7630    2.2904    0.8204    0.7805    0.7774    0.8464    0.6943    0.5700    0.8608    0.6645    0.6079    0.7299    0.6910    0.6551    1.0516    0.7157    0.9656    0.5515    0.6945    0.5531    0.6736    0.6340    0.7610    0.5186    0.9180    0.8279    0.8117    0.6294    0.6075    0.7198    0.3357    0.6567    0.0000    0.6896    0.7458    0.7837    0.6728    0.7207    0.8113    1.1344    0.7276    0.6721    0.7318    0.6252    0.7085    0.9887    0.7184    1.1018    0.7096    0.9122    0.8113    0.7887    1.4793    2.2494    0.7993    0.8154    0.9527    0.6823    0.6639    0.9468    1.6446    0.6636    1.1030    0.7641    0.9675    1.5945    0.5960    1.0337    0.6978    2.2494    0.6727    0.7938    0.7298    0.7528    0.6580    0.9478    0.7014    0.7081    0.6448
ind88         1.7552    0.9290    0.4301    0.5094    0.6316    1.7552    0.1669    1.6785    0.4374    0.2912    0.3808    0.3636    0.9395    0.2875    0.5489    0.6350    0.3301    0.5843    0.9638    1.0034    0.7426    1.7552    0.4451    0.4599    0.9741    0.4055    0.5807    0.8420    0.5261    0.5652    0.4752    0.5725    0.9915    0.4633    0.2968    1.6982    0.3808    0.4686    0.4110    0.8116    0.4449    0.4341    1.3775    0.2695    0.5206    0.3265    0.3244    0.3137    0.6141    0.5964    0.2869    0.3937    0.3460    0.4105    0.4557    1.7963    0.3518    0.6882    0.4139    0.4926    0.3425    0.4029    0.5037    0.4294    0.3649    0.3297    0.6295    0.2865    0.9627    0.5914    0.6369    0.3040    0.3395    0.2989    0.4610    0.4244    0.3995    0.3518    0.5968    1.0895    0.3659    0.2247    0.3553    0.2837    0.5439    0.2870    0.6896    0.0000    0.5438    0.4495    0.3768    0.5597    0.6389    0.8385    0.5082    0.5436    0.7939    0.5154    0.7357    0.9134    0.3865    0.9958    0.3771    0.5175    0.4494    0.3850    1.0690    1.7552    0.5075    0.7052    0.7306    0.4481    0.3346    0.8487    1.1990    0.3570    0.9938    0.5044    0.8350    1.2647    0.4486    1.1596    0.4476    1.7552    0.4811    0.4375    0.3569    0.5721    0.9976    0.6511    0.4164    0.3884    0.4305
ind89         1.9338    1.2411    0.6495    0.7788    0.8060    1.9338    0.6370    1.7608    0.5950    0.5352    0.5771    0.5900    1.2722    0.5060    0.6502    0.7171    0.4847    0.7404    1.2199    1.0450    0.9325    1.9338    0.5660    0.6012    1.1065    0.5293    0.7414    1.1075    0.5808    0.6354    0.6728    0.9640    1.2006    0.6137    0.5644    1.8768    0.4910    0.5905    0.6049    1.1199    0.5551    0.4890    1.6149    0.5010    0.6326    0.5156    0.5502    0.5029    0.7811    0.7453    0.4725    0.5388    0.5316    0.5961    0.6043    1.9748    0.6176    0.7633    0.4872    0.5253    0.4915    0.6244    0.5504    0.5763    0.5913    0.5620    0.5752    0.5235    1.0395    0.6271    0.7554    0.4571    0.5736    0.4221    0.5775    0.6639    0.3735    0.4873    0.7748    1.2328    0.6807    0.4396    0.5315    0.4616    0.5779    0.5600    0.7458    0.5438    0.0000    0.4667    0.5891    0.5934    0.8353    0.6869    0.6154    0.5483    0.8345    0.5908    0.9430    0.9314    0.5654    1.0146    0.5806    0.7244    0.6384    0.5325    1.2464    1.9338    0.6703    0.7154    0.7395    0.6939    0.5332    0.9095    1.3878    0.5545    1.0126    0.7439    0.8966    1.4237    0.6034    1.3256    0.6383    1.9338    0.6843    0.6212    0.6354    0.6858    1.0164    0.8826    0.5165    0.5372    0.5854
ind90         1.5949    1.2444    0.6916    0.6416    0.7211    1.5949    0.5814    1.6984    0.5506    0.4899    0.5137    0.5266    1.1507    0.5094    0.5392    0.5727    0.4092    0.7502    1.2620    1.0170    0.7752    1.5949    0.4566    0.4519    0.7743    0.4982    0.6612    1.1108    0.4467    0.4507    0.6435    0.8960    1.1897    0.6161    0.5281    1.5379    0.4934    0.5463    0.6055    1.0835    0.5575    0.4914    1.4161    0.4180    0.6006    0.4793    0.5139    0.4666    0.7860    0.7090    0.4362    0.5412    0.4953    0.4542    0.6067    1.6360    0.5813    0.8026    0.3881    0.5277    0.4551    0.5880    0.4022    0.5787    0.5549    0.4790    0.5695    0.4771    1.0098    0.5807    0.7043    0.4577    0.5742    0.4255    0.5809    0.7131    0.4058    0.4828    0.6573    1.2032    0.6471    0.4774    0.6081    0.3742    0.5785    0.3888    0.7837    0.4495    0.4667    0.0000    0.7076    0.6327    0.8747    0.9940    0.6230    0.5033    0.8168    0.5614    0.8632    0.8816    0.4487    0.9702    0.4639    0.6563    0.6122    0.4547    1.1285    1.5949    0.5536    0.6960    0.7050    0.6141    0.4509    0.8232    1.2031    0.4571    1.0597    0.7028    0.9905    1.4203    0.5354    1.3265    0.5702    1.5949    0.6045    0.5950    0.5187    0.6966    1.0635    0.8909    0.5735    0.5455    0.5173
ind91         1.9233    0.8752    0.4110    0.7191    0.6301    1.9233    0.3968    1.5588    0.5740    0.3232    0.3946    0.3811    1.0883    0.4241    0.5463    0.6941    0.4990    0.6707    0.8382    0.8838    0.8283    1.9233    0.5412    0.5619    1.0611    0.3863    0.7185    0.8770    0.6253    0.6246    0.4931    0.7443    1.0943    0.5931    0.4703    1.8663    0.4695    0.6039    0.4461    0.9850    0.5690    0.5583    1.5456    0.4785    0.3895    0.4215    0.4221    0.4460    0.4460    0.5022    0.4135    0.4488    0.3654    0.4065    0.5453    1.9644    0.4612    0.4838    0.5847    0.5477    0.4690    0.4225    0.5754    0.4472    0.4198    0.4684    0.7713    0.3774    0.8657    0.6112    0.6614    0.3224    0.4045    0.3247    0.4086    0.4079    0.4914    0.4138    0.7387    1.0420    0.5010    0.3573    0.3781    0.4525    0.5617    0.3904    0.6728    0.3768    0.5891    0.7076    0.0000    0.5760    0.5483    0.8379    0.4583    0.6024    0.8534    0.5307    0.6614    0.9063    0.4949    0.9718    0.4454    0.6131    0.4622    0.4029    1.2195    1.9233    0.5170    0.6903    0.7799    0.4164    0.4387    0.9384    1.3185    0.5253    1.0043    0.5025    0.7813    1.2943    0.5027    0.9626    0.5401    1.9233    0.4068    0.3731    0.4308    0.4793    0.9364    0.7134    0.4670    0.4381    0.4871
ind92         2.1912    1.2014    0.5957    0.7354    0.8234    2.1912    0.6515    1.6729    0.6388    0.5371    0.6101    0.5966    1.4221    0.6380    0.6342    0.6469    0.5992    0.8548    1.0846    1.0351    0.9843    2.1912    0.7160    0.7110    1.2871    0.6374    0.8158    1.1094    0.7372    0.6147    0.6777    0.9540    1.0703    0.4480    0.6004    2.1342    0.4252    0.6277    0.5889    1.1558    0.4025    0.3364    1.8136    0.5369    0.5986    0.5516    0.4449    0.5388    0.6551    0.6945    0.4719    0.4717    0.5309    0.5954    0.3636    2.2323    0.5667    0.6929    0.5730    0.3137    0.5274    0.6237    0.7287    0.5073    0.5906    0.4745    0.6170    0.5603    0.8944    0.3824    0.8705    0.4582    0.5048    0.4607    0.6161    0.5400    0.5736    0.4686    0.8698    1.0637    0.7556    0.5367    0.5586    0.5697    0.5013    0.5610    0.7207    0.5597    0.5934    0.6327    0.5760    0.0000    0.6888    0.7597    0.5060    0.3428    0.5039    0.5971    0.8233    0.9052    0.7338    0.8301    0.7250    0.8927    0.7901    0.7309    1.2884    2.1912    0.8147    0.5376    0.8579    0.7205    0.6776    0.7725    1.5864    0.6708    0.7660    0.6342    0.9455    1.4585    0.7478    1.1489    0.6781    2.1912    0.6875    0.7726    0.7104    0.7675    0.8785    0.8775    0.6703    0.7235    0.6952
ind93         2.1772    1.1623    0.5089    0.7895    0.9537    2.1772    0.5775    1.7511    0.8013    0.6212    0.7752    0.7152    1.4354    0.6274    0.8339    0.8919    0.7309    0.9026    1.0490    1.1624    1.1159    2.1772    0.8462    0.8607    1.3090    0.7210    0.9116    1.1980    0.8779    0.8596    0.6745    1.0425    1.1922    0.7352    0.6952    2.1202    0.6957    0.7084    0.6950    1.2099    0.6730    0.7490    1.8631    0.7034    0.5281    0.6823    0.6128    0.6602    0.6195    0.8409    0.6742    0.4855    0.6616    0.7261    0.5587    2.1361    0.7449    0.6710    0.7405    0.6310    0.7298    0.6474    0.8374    0.5427    0.6805    0.7292    0.8337    0.6046    0.9024    0.7841    1.0380    0.6189    0.5255    0.6227    0.7423    0.4209    0.7492    0.6165    0.7766    0.9425    0.7631    0.5119    0.4162    0.7159    0.5555    0.7227    0.8113    0.6389    0.8353    0.8747    0.5483    0.6888    0.0000    1.1963    0.6312    0.6630    0.9670    0.7954    0.7877    0.9936    0.8057    1.1115    0.7801    0.8880    0.8093    0.7860    1.4362    2.1772    0.9105    0.8728    0.8841    0.7511    0.7375    1.0070    1.7181    0.7245    1.1127    0.6755    1.0407    1.3685    0.8374    0.8708    0.6973    2.1772    0.6715    0.8267    0.8003    0.6696    1.1964    0.9125    0.7361    0.7427    0.7503
ind94         2.2060    1.4015    0.9172    0.9331    0.9602    2.2060    0.8959    1.9134    0.8318    0.8079    0.7274    0.8742    1.4858    0.8299    0.8898    0.9634    0.9158    1.1248    1.3693    1.2728    1.2057    2.2060    0.9175    0.9891    1.3956    0.8016    1.0257    1.3392    0.9125    0.9317    0.7596    1.0124    1.4261    0.8393    0.8281    2.1490    0.6596    0.8621    0.8814    1.3189    0.8057    0.6931    1.8152    0.8072    0.9052    0.8219    0.8213    0.8440    1.0188    0.9376    0.8264    0.8697    0.8024    0.8435    0.7966    2.2471    0.8592    1.0344    0.8419    0.7764    0.8326    0.8166    0.9390    0.8125    0.7428    0.8682    0.8681    0.8612    1.2922    0.6661    1.1149    0.8416    0.8684    0.8011    0.8338    0.9036    0.7954    0.8617    1.2231    1.2937    0.8462    0.8339    0.8209    0.7265    1.0601    0.8029    1.1344    0.8385    0.6869    0.9940    0.8379    0.7597    1.1963    0.0000    0.6059    0.7484    0.9140    0.6601    0.9883    0.9233    0.8376    0.8446    0.7822    0.9907    0.8395    0.9370    1.3213    2.2060    0.8538    0.6701    0.8727    0.8073    0.7751    0.9521    1.6012    0.8748    0.9810    0.8416    1.0392    1.5909    0.8458    1.4943    0.6926    2.2060    0.8169    0.8357    0.8022    0.8942    0.8559    1.1196    0.8682    0.8513    0.7097
ind95         1.8933    0.9573    0.4664    0.5728    0.6467    1.8933    0.5279    1.5273    0.5036    0.3646    0.3670    0.4309    1.0771    0.4212    0.5748    0.6712    0.5461    0.7178    0.9244    0.9726    0.8589    1.8933    0.6228    0.5462    1.0847    0.3570    0.6533    0.9595    0.5773    0.5672    0.3934    0.6910    1.0171    0.4792    0.4670    1.8363    0.4042    0.5386    0.6198    0.9985    0.5387    0.4377    1.5502    0.4833    0.4613    0.4608    0.4628    0.5201    0.5748    0.6905    0.4549    0.4631    0.4413    0.5412    0.5046    1.9344    0.6348    0.6387    0.5543    0.4845    0.5087    0.5695    0.6739    0.4045    0.5364    0.5443    0.4604    0.4599    0.7703    0.3626    0.7452    0.3987    0.4597    0.3218    0.3545    0.4587    0.4244    0.3702    0.7439    0.8382    0.4800    0.3424    0.3294    0.3598    0.5683    0.4380    0.7276    0.5082    0.6154    0.6230    0.4583    0.5060    0.6312    0.6059    0.0000    0.3725    0.6286    0.3558    0.4654    0.6964    0.4652    0.8100    0.4506    0.6590    0.5872    0.6054    1.0272    1.8933    0.5403    0.5294    0.6530    0.4518    0.4027    0.7403    1.2885    0.5431    0.7990    0.3128    0.7929    1.2651    0.5141    0.9248    0.4404    1.8933    0.4148    0.5040    0.4359    0.4872    0.8233    0.7534    0.5485    0.5196    0.4574
ind96         2.0193    1.1898    0.4920    0.5245    0.7438    2.0193    0.5190    1.5222    0.4338    0.5287    0.4472    0.4645    1.2651    0.5852    0.5393    0.6018    0.5541    0.8098    0.9038    0.9016    0.8916    2.0193    0.6211    0.6161    1.1518    0.5578    0.7359    1.1013    0.6445    0.4853    0.5108    0.9034    1.0186    0.4411    0.5127    1.9623    0.3801    0.5477    0.6307    1.1030    0.4791    0.3781    1.6761    0.4918    0.4600    0.5065    0.4713    0.4820    0.5514    0.7362    0.4634    0.3680    0.5225    0.5869    0.2948    2.0604    0.6433    0.6029    0.4782    0.3783    0.5172    0.6152    0.6339    0.4036    0.5821    0.5528    0.3902    0.4676    0.7935    0.3517    0.8123    0.4846    0.4420    0.4079    0.5710    0.4363    0.5634    0.3649    0.7436    0.8854    0.7028    0.4720    0.4124    0.4068    0.4756    0.5181    0.6721    0.5436    0.5483    0.5033    0.6024    0.3428    0.6630    0.7484    0.3725    0.0000    0.5702    0.4419    0.6858    0.6548    0.6542    0.7313    0.6047    0.8480    0.6698    0.6879    1.0757    2.0193    0.6944    0.5689    0.6890    0.5594    0.5224    0.7704    1.4145    0.5912    0.8785    0.5799    0.9008    1.3731    0.6683    1.0999    0.5229    2.0193    0.5689    0.6930    0.6250    0.5698    0.8283    0.8015    0.5500    0.6032    0.5400
ind97         2.2617    1.3717    0.8734    0.8591    0.7978    2.2617    0.8522    1.5140    0.8365    0.8512    0.7679    0.8682    1.5863    0.8719    0.8153    0.6888    0.8045    1.0601    1.3198    1.1435    1.0976    2.2617    0.9934    0.8446    1.3937    0.8432    1.0221    1.4225    0.8863    0.9032    0.8781    1.1884    1.4000    0.7759    0.7994    2.2047    0.6989    0.7984    0.9174    1.3897    0.8334    0.7324    1.8840    0.7785    0.8414    0.8291    0.7939    0.8512    0.9329    1.0588    0.7860    0.7494    0.8095    0.9095    0.7443    2.3027    0.9300    0.9721    0.8141    0.7812    0.8397    0.9019    0.9131    0.7851    0.9047    0.8754    0.5798    0.8386    1.1314    0.6548    1.0767    0.6634    0.7037    0.7304    0.7861    0.7464    0.8496    0.7464    1.0759    1.2233    0.9531    0.7709    0.7579    0.6919    0.8154    0.7672    0.7318    0.7939    0.8345    0.8168    0.8534    0.5039    0.9670    0.9140    0.6286    0.5702    0.0000    0.7591    0.9522    1.0102    0.9033    1.0067    0.8538    1.0613    0.9546    1.0086    1.4432    2.2617    0.9435    0.7345    1.0013    0.8085    0.7357    1.0027    1.6569    0.8190    1.0183    0.7996    1.1499    1.6222    0.9174    1.3304    0.8077    2.2617    0.8180    0.9063    0.8741    0.8546    0.8454    1.0863    0.8348    0.8525    0.8607
ind98         1.8417    1.0355    0.5163    0.4972    0.4942    1.8417    0.5006    1.6086    0.4001    0.4012    0.3729    0.4265    1.1087    0.4291    0.4608    0.4483    0.3913    0.6096    1.0518    0.8906    0.7769    1.8417    0.5064    0.4826    0.9725    0.3234    0.5005    1.0443    0.4799    0.4166    0.3567    0.7574    1.0311    0.4804    0.4280    1.7847    0.2541    0.4218    0.5403    1.0183    0.3161    0.3429    1.5352    0.4018    0.4276    0.3792    0.4159    0.4386    0.6130    0.6089    0.3367    0.4643    0.3597    0.4597    0.4931    1.8828    0.5533    0.5938    0.4016    0.4729    0.4272    0.4879    0.5575    0.3698    0.4548    0.4628    0.6204    0.4609    0.9330    0.5248    0.6639    0.3982    0.5043    0.4369    0.4859    0.5435    0.4935    0.4672    0.6980    1.0309    0.5447    0.4697    0.4567    0.3772    0.6860    0.3540    0.6252    0.5154    0.5908    0.5614    0.5307    0.5971    0.7954    0.6601    0.3558    0.4419    0.7591    0.0000    0.4931    0.4791    0.3107    0.6293    0.2612    0.5045    0.4691    0.4526    0.9628    1.8417    0.3509    0.2635    0.5059    0.4124    0.2500    0.5858    1.2369    0.2920    0.7657    0.3924    0.7099    1.1475    0.3247    0.9730    0.2856    1.8417    0.3328    0.3861    0.3160    0.4486    0.5940    0.6411    0.3937    0.3302    0.3026
ind99         2.1794    1.0229    0.6229    0.8023    0.7568    2.1794    0.7147    1.6717    0.6539    0.5167    0.5965    0.6968    1.2785    0.6279    0.8447    0.7769    0.7430    0.9188    0.8455    1.1616    0.9725    2.1794    0.8093    0.7984    1.3242    0.5556    0.8177    1.2015    0.9049    0.7192    0.4978    1.0157    1.1087    0.6702    0.7450    2.1223    0.6419    0.7762    0.8206    1.3353    0.7397    0.7307    1.8728    0.7185    0.5468    0.6615    0.6636    0.6743    0.6604    0.8549    0.6535    0.6196    0.6420    0.7420    0.7043    2.2204    0.8356    0.5655    0.8266    0.7310    0.7439    0.6992    0.9092    0.5610    0.7371    0.7451    0.8428    0.6932    0.7664    0.6637    0.9787    0.5956    0.6911    0.5998    0.5620    0.5280    0.8108    0.6548    0.9672    0.9885    0.7804    0.6185    0.5266    0.7276    0.7916    0.6349    0.7085    0.7357    0.9430    0.8632    0.6614    0.8233    0.7877    0.9883    0.4654    0.6858    0.9522    0.4931    0.0000    0.7613    0.5443    0.9116    0.5297    0.8215    0.7517    0.8044    1.2875    2.1794    0.6194    0.6022    0.7278    0.3690    0.5185    0.7706    1.6232    0.5950    0.9472    0.4307    0.8219    1.2108    0.6763    0.6001    0.5681    2.1794    0.3361    0.6684    0.5150    0.5363    1.0059    0.7659    0.6297    0.6474    0.5852
ind100        2.1686    1.2505    0.6360    0.7466    0.9733    2.1686    0.8176    1.8056    0.6683    0.8113    0.7708    0.8245    1.5067    0.8738    0.7652    0.8462    0.7892    1.0542    1.1715    1.1484    1.0813    2.1686    0.9510    0.7907    1.2647    0.8025    0.7845    1.4543    0.6693    0.6622    0.6061    1.1900    1.2993    0.7952    0.8382    2.1115    0.6988    0.8198    0.9505    1.4285    0.7607    0.7323    1.7799    0.7998    0.7424    0.7894    0.7915    0.8022    0.9278    1.0191    0.7814    0.7447    0.7699    0.8699    0.6238    2.1275    0.9635    0.8087    0.7510    0.6980    0.8718    0.8981    0.8965    0.6502    0.8650    0.8264    0.7370    0.8709    1.2478    0.7047    1.0618    0.8082    0.8679    0.8469    0.8959    0.6809    0.7399    0.7699    0.9327    1.2635    0.9547    0.8311    0.7715    0.7665    1.0008    0.7174    0.9887    0.9134    0.9314    0.8816    0.9063    0.9052    0.9936    0.9233    0.6964    0.6548    1.0102    0.4791    0.7613    0.0000    0.7553    0.5571    0.7058    0.9491    0.7651    0.8020    1.1748    2.1686    0.7955    0.4408    0.4981    0.7758    0.6602    0.5159    1.5638    0.6796    0.7163    0.6397    0.9081    1.5111    0.8038    1.1184    0.5816    2.1686    0.7429    0.8308    0.7261    0.8586    0.7070    1.0167    0.6740    0.7404    0.5987
ind101        1.6350    0.9208    0.5507    0.5625    0.5188    1.6350    0.3762    1.7181    0.5037    0.2433    0.3735    0.3463    0.9264    0.2209    0.5936    0.5366    0.3860    0.5683    1.0860    1.0348    0.7182    1.6350    0.4178    0.4236    0.8546    0.2835    0.4962    0.9102    0.5134    0.5148    0.4316    0.6234    1.0472    0.4742    0.2595    1.5780    0.3562    0.4906    0.4258    0.8498    0.4181    0.4450    1.3873    0.3270    0.4620    0.2298    0.3365    0.2892    0.6125    0.5344    0.2620    0.4050    0.2505    0.3504    0.5951    1.6761    0.3501    0.6282    0.5051    0.5164    0.3524    0.3787    0.4186    0.3693    0.3456    0.3535    0.7647    0.4557    0.9491    0.6228    0.6587    0.3581    0.4007    0.3623    0.4113    0.5734    0.4921    0.4659    0.5937    1.1060    0.4701    0.3708    0.4665    0.4127    0.6219    0.3139    0.7184    0.3865    0.5654    0.4487    0.4949    0.7338    0.8057    0.8376    0.4652    0.6542    0.9033    0.3107    0.5443    0.7553    0.0000    0.9056    0.1251    0.2771    0.3953    0.4129    0.8893    1.6350    0.2686    0.5009    0.6406    0.3301    0.1677    0.7593    1.1377    0.3718    0.9739    0.3437    0.6651    1.0064    0.2848    1.0978    0.3219    1.6350    0.3205    0.2231    0.1049    0.4849    0.9047    0.5835    0.3063    0.2966    0.2690
ind102        2.3067    1.3578    0.8324    0.8230    1.1235    2.3067    0.9000    1.8198    0.8767    0.8533    0.7709    0.8246    1.5534    0.9524    0.9619    0.8829    0.8725    1.0909    1.2479    1.2744    1.3146    2.3067    0.9856    1.0220    1.5102    0.9527    0.8732    1.4901    0.9603    0.7942    0.6074    1.2274    1.3757    0.8717    0.9147    2.2497    0.8107    0.9783    0.9863    1.4643    0.8738    0.8087    1.9635    0.9229    0.7844    0.8659    0.8680    0.8787    0.9698    1.0956    0.8945    0.8211    0.8819    0.9463    0.7824    2.3478    0.9992    0.8852    0.9227    0.7744    0.9483    0.9746    1.0578    0.7266    0.9008    0.9495    0.9564    0.9433    1.2898    0.8183    1.1801    0.9929    1.0159    0.8889    0.9441    0.9236    0.9173    0.8585    1.1734    1.4243    0.9560    0.9076    0.8480    0.8384    1.0772    0.9080    1.1018    0.9958    1.0146    0.9702    0.9718    0.8301    1.1115    0.8446    0.8100    0.7313    1.0067    0.6293    0.9116    0.5571    0.9056    0.0000    0.8153    1.0587    0.6590    0.7912    1.4558    2.3067    0.9457    0.5703    0.5228    0.8853    0.8082    0.7489    1.7019    0.6735    0.4541    0.7492    1.1162    1.5885    0.9133    1.2267    0.6195    2.3067    0.8524    0.7963    0.8356    0.8587    0.8160    0.9818    0.7532    0.8064    0.6366
ind103        1.6904    0.9463    0.4663    0.5531    0.5153    1.6904    0.3669    1.5930    0.4542    0.2694    0.3589    0.4125    0.9578    0.3111    0.5499    0.4929    0.3424    0.5648    1.1120    0.9504    0.7147    1.6904    0.3741    0.3799    0.8698    0.2398    0.4874    0.9009    0.4697    0.4711    0.3762    0.6141    1.0384    0.5405    0.3257    1.6334    0.3823    0.4818    0.3816    0.8405    0.4093    0.4711    1.3838    0.3531    0.4532    0.2961    0.3679    0.3206    0.6386    0.5604    0.2880    0.4899    0.2766    0.3765    0.5864    1.7314    0.3408    0.6194    0.4614    0.5664    0.3436    0.4048    0.4739    0.3954    0.3310    0.3796    0.6803    0.3713    0.9933    0.6140    0.6150    0.3493    0.4909    0.3535    0.4374    0.5994    0.4833    0.4920    0.6491    1.0565    0.4206    0.4208    0.5514    0.2876    0.6371    0.2992    0.7096    0.3771    0.5806    0.4639    0.4454    0.7250    0.7801    0.7822    0.4506    0.6047    0.8538    0.2612    0.5297    0.7058    0.1251    0.8153    0.0000    0.3266    0.3103    0.3285    0.8451    1.6904    0.1842    0.4166    0.5155    0.2399    0.1182    0.6342    1.1342    0.2874    0.8837    0.3286    0.6965    0.9971    0.2004    1.0483    0.2317    1.6904    0.2303    0.2085    0.0548    0.4354    0.8144    0.4986    0.1812    0.1715    0.1788
ind104        1.7146    1.0380    0.7036    0.7204    0.6777    1.7146    0.5767    1.8710    0.6616    0.5204    0.5673    0.5401    1.0408    0.3786    0.7167    0.7788    0.5091    0.3666    1.2798    1.1938    0.9246    1.7146    0.6601    0.5467    1.0136    0.4771    0.7246    0.9925    0.6723    0.7084    0.5847    0.7057    1.2897    0.7027    0.4174    1.6575    0.5847    0.7191    0.5428    0.9322    0.6117    0.6735    1.4668    0.5196    0.6905    0.4583    0.5301    0.4828    0.8410    0.7282    0.4904    0.6335    0.4790    0.5789    0.7888    1.7556    0.4671    0.8566    0.6640    0.6753    0.5460    0.5713    0.6122    0.5978    0.5334    0.5820    0.9236    0.5380    1.1429    0.7817    0.4582    0.4811    0.5237    0.5212    0.5692    0.7313    0.6510    0.6597    0.7168    1.3345    0.5524    0.4938    0.6245    0.4950    0.7808    0.4670    0.9122    0.5175    0.7244    0.6563    0.6131    0.8927    0.8880    0.9907    0.6590    0.8480    1.0613    0.5045    0.8215    0.9491    0.2771    1.0587    0.3266    0.0000    0.5123    0.5311    0.9688    1.7146    0.5108    0.6599    0.7934    0.5665    0.4089    0.9122    1.2608    0.5374    1.1270    0.5802    0.8241    1.2487    0.4377    1.3390    0.4738    1.7146    0.5569    0.3750    0.3064    0.6775    1.0577    0.7006    0.4233    0.4136    0.4568
ind105        1.8173    0.9289    0.5314    0.5422    0.6830    1.8173    0.4391    1.6224    0.5200    0.3831    0.3041    0.3175    0.9639    0.3713    0.6507    0.6014    0.3663    0.5486    1.0991    1.0164    0.8606    1.8173    0.4806    0.5711    1.0969    0.4477    0.5871    0.9437    0.6410    0.5309    0.4413    0.7276    1.1521    0.5654    0.4032    1.7603    0.5174    0.6170    0.4052    0.9179    0.5457    0.5708    1.4741    0.4169    0.4403    0.3556    0.3928    0.3801    0.6257    0.5821    0.4244    0.5550    0.4117    0.4762    0.6514    1.8584    0.4182    0.6065    0.5611    0.6315    0.4433    0.4686    0.5696    0.4605    0.4307    0.4793    0.7454    0.4371    0.9804    0.6366    0.7098    0.4867    0.5861    0.4186    0.4727    0.6641    0.5411    0.5571    0.6736    1.1582    0.4498    0.4500    0.5807    0.3875    0.7022    0.4725    0.8113    0.4494    0.6384    0.6122    0.4622    0.7901    0.8093    0.8395    0.5872    0.6698    0.9546    0.4691    0.7517    0.7651    0.3953    0.6590    0.3103    0.5123    0.0000    0.2429    1.0794    1.8173    0.4407    0.5899    0.3938    0.4618    0.3022    0.6565    1.2125    0.3579    0.8274    0.5104    0.7223    1.1599    0.4083    1.1145    0.1835    1.8173    0.4522    0.2123    0.2904    0.3447    0.9092    0.4707    0.2589    0.2655    0.1664
ind106        1.6871    0.9457    0.5068    0.5459    0.6122    1.6871    0.4094    1.5361    0.4788    0.3586    0.3222    0.2985    0.9362    0.4249    0.5616    0.6134    0.3330    0.6367    1.0399    0.8955    0.8097    1.6871    0.4043    0.4840    0.8886    0.4252    0.5179    0.9605    0.4519    0.3940    0.4594    0.7098    1.0929    0.6176    0.4220    1.6301    0.4949    0.5478    0.4587    0.9367    0.5231    0.5482    1.3439    0.3836    0.4157    0.3732    0.4084    0.3977    0.6011    0.5249    0.3652    0.5304    0.3526    0.4170    0.6269    1.7282    0.4717    0.5819    0.3549    0.5723    0.4207    0.4453    0.4848    0.4359    0.3715    0.3736    0.6682    0.4138    0.9619    0.7280    0.6040    0.4634    0.5683    0.3960    0.4860    0.5921    0.3348    0.4512    0.6804    1.1743    0.4631    0.4267    0.5573    0.3531    0.6429    0.3129    0.7887    0.3850    0.5325    0.4547    0.4029    0.7309    0.7860    0.9370    0.6054    0.6879    1.0086    0.4526    0.8044    0.8020    0.4129    0.7912    0.3285    0.5311    0.2429    0.0000    1.0903    1.6871    0.4589    0.5593    0.4773    0.4780    0.3563    0.7887    1.0823    0.3713    0.9249    0.5667    0.6912    1.2182    0.3858    1.1665    0.3862    1.6871    0.4684    0.2257    0.3833    0.4334    0.9273    0.5995    0.2989    0.3196    0.3333
ind107        1.0974    1.6807    1.3114    1.0023    1.1580    1.0974    1.0570    2.2931    0.9749    1.0374    1.0394    1.0631    0.4632    0.9605    1.0809    1.1826    0.9840    1.2010    1.7926    1.5751    1.3446    1.0974    1.0924    0.9344    1.4985    1.0079    1.2175    1.5401    1.0036    1.0260    1.1867    0.8124    1.7615    1.1659    0.9405    1.0404    1.1186    1.2862    1.1143    1.3628    1.1457    1.1521    0.7087    1.0852    1.2576    1.0239    1.0957    1.0484    1.4430    1.2938    1.0561    1.2943    1.0446    1.1445    1.1386    1.0563    1.0735    1.3874    1.1327    1.1661    1.1116    1.1369    1.1034    1.1998    1.1397    1.1477    1.0661    0.9854    1.7630    1.1051    1.2428    1.0831    1.1057    1.0443    1.0760    1.1559    1.0081    1.2029    1.1499    1.6773    1.0937    1.1121    1.2427    0.9279    1.3704    1.1097    1.4793    1.0690    1.2464    1.1285    1.2195    1.2884    1.4362    1.3213    1.0272    1.0757    1.4432    0.9628    1.2875    1.1748    0.8893    1.4558    0.8451    0.9688    1.0794    1.0903    0.0000    1.0974    0.8964    0.8855    1.0357    0.9958    0.8867    1.3774    0.8446    1.0966    1.5000    1.1335    1.2487    1.7147    0.9587    1.7615    1.0409    1.0974    1.0754    1.0177    0.8598    1.1613    1.3959    1.2251    0.8952    0.9807    1.0239
ind108        0.0000    2.4852    2.1160    1.7191    1.7233    0.0000    1.8149    2.1436    1.8538    1.8420    1.8549    1.7913    1.0871    1.7062    1.5570    1.9199    1.6284    1.9292    2.6438    1.3388    1.8448    0.0000    1.7668    1.6594    1.0460    1.7780    1.9754    2.2513    1.6781    1.6485    2.0319    1.6291    2.5782    1.9454    1.7450    0.0570    1.9195    1.7170    1.7970    2.0618    1.8598    2.0083    0.5074    1.7715    2.0622    1.8285    1.8631    1.8157    2.1420    1.9140    1.7889    2.0028    1.8492    1.7847    2.1236    0.0411    1.7820    2.1920    1.7022    2.0446    1.7461    1.9415    1.5448    2.0044    1.9443    1.8684    1.9771    1.7182    2.4864    2.0079    1.7949    1.8532    1.8514    1.8489    1.8151    2.0547    1.7361    1.9263    1.8045    2.6047    1.8983    1.8233    1.9540    1.7030    2.0817    1.7421    2.2494    1.7552    1.9338    1.5949    1.9233    2.1912    2.1772    2.2060    1.8933    2.0193    2.2617    1.8417    2.1794    2.1686    1.6350    2.3067    1.6904    1.7146    1.8173    1.6871    1.0974    0.0000    1.5688    1.9829    1.9007    1.8877    1.7320    2.2303    0.6048    1.7678    2.4053    1.9788    2.0746    2.4362    1.7288    2.6202    1.8862    0.0000    1.9207    1.7149    1.7050    1.8779    2.2882    1.9630    1.7451    1.6919    1.8691
ind109        1.5688    1.0767    0.5967    0.6428    0.5461    1.5688    0.4973    1.5506    0.5439    0.3591    0.4486    0.5022    1.0091    0.4008    0.5808    0.5826    0.4320    0.6545    1.2017    0.8673    0.7455    1.5688    0.4638    0.5234    0.9544    0.3295    0.5771    1.0262    0.5594    0.5608    0.5066    0.7060    1.1281    0.6302    0.4692    1.6258    0.4720    0.5715    0.4531    1.0247    0.4990    0.5608    1.2622    0.4428    0.5429    0.3858    0.4576    0.4102    0.7283    0.6501    0.3777    0.5796    0.3663    0.4073    0.6760    1.6099    0.4661    0.7091    0.5511    0.6561    0.4333    0.4945    0.5048    0.4851    0.4614    0.4693    0.7700    0.5017    1.0830    0.7037    0.7047    0.4390    0.5806    0.4432    0.5271    0.6891    0.5730    0.5816    0.7388    1.1461    0.5510    0.5105    0.6411    0.4180    0.7268    0.4296    0.7993    0.5075    0.6703    0.5536    0.5170    0.8147    0.9105    0.8538    0.5403    0.6944    0.9435    0.3509    0.6194    0.7955    0.2686    0.9457    0.1842    0.5108    0.4407    0.4589    0.8964    1.5688    0.0000    0.5062    0.6459    0.3703    0.2079    0.7646    1.1267    0.4178    1.0141    0.4590    0.7862    1.1405    0.3308    1.1380    0.3621    1.5688    0.3607    0.3927    0.2390    0.5251    0.9448    0.6828    0.3653    0.3019    0.3092
ind110        1.9829    1.1912    0.6758    0.6407    0.6840    1.9829    0.7296    1.7073    0.4950    0.5569    0.5164    0.6167    1.2989    0.5845    0.5673    0.5957    0.5465    0.8036    1.1996    0.9893    0.8835    1.9829    0.6962    0.5825    1.0791    0.5132    0.6908    1.1995    0.5224    0.4766    0.5511    0.9007    1.1746    0.6627    0.6183    1.9259    0.5176    0.6852    0.6957    1.1737    0.5447    0.5511    1.5942    0.6265    0.6220    0.5695    0.5367    0.5940    0.8074    0.7992    0.5615    0.6587    0.5500    0.6499    0.5030    1.9418    0.7087    0.7882    0.5815    0.5305    0.6170    0.6782    0.6987    0.5642    0.6451    0.6531    0.5817    0.6161    1.1274    0.5781    0.8192    0.5534    0.6596    0.5577    0.6415    0.5562    0.5359    0.6961    0.7711    1.1432    0.6655    0.6250    0.6856    0.5117    0.8412    0.5441    0.8154    0.7052    0.7154    0.6960    0.6903    0.5376    0.8728    0.6701    0.5294    0.5689    0.7345    0.2635    0.6022    0.4408    0.5009    0.5703    0.4166    0.6599    0.5899    0.5593    0.8855    1.9829    0.5062    0.0000    0.4285    0.5214    0.4402    0.6780    1.3781    0.4818    0.7413    0.5868    0.6533    1.2563    0.5146    1.1121    0.4412    1.9829    0.4885    0.5764    0.4368    0.6042    0.6160    0.7619    0.4192    0.4856    0.4583
ind111        1.9007    1.3227    0.6524    0.7413    0.8583    1.9007    0.7203    1.5912    0.7004    0.6229    0.5752    0.6754    1.2309    0.6525    0.7507    0.7245    0.5497    0.8643    1.2516    1.0339    1.0007    1.9007    0.6857    0.7914    1.2310    0.6529    0.7222    1.2595    0.6030    0.5484    0.6111    0.9622    1.2266    0.6800    0.6843    1.8437    0.6526    0.7521    0.6864    1.1991    0.6808    0.6506    1.4754    0.6579    0.6394    0.6009    0.6027    0.6254    0.8248    0.8653    0.6295    0.6761    0.6169    0.6813    0.5885    1.8596    0.6994    0.8542    0.6476    0.6507    0.6484    0.7096    0.7092    0.5816    0.6358    0.6845    0.6338    0.7127    1.1794    0.6558    0.9495    0.7623    0.7973    0.6583    0.7483    0.6437    0.5601    0.7481    0.9072    1.1971    0.7254    0.6770    0.7376    0.5732    0.8932    0.7123    0.9527    0.7306    0.7395    0.7050    0.7799    0.8579    0.8841    0.8727    0.6530    0.6890    1.0013    0.5059    0.7278    0.4981    0.6406    0.5228    0.5155    0.7934    0.3938    0.4773    1.0357    1.9007    0.6459    0.4285    0.0000    0.6549    0.5432    0.5343    1.2959    0.3736    0.7136    0.6716    0.7548    1.2886    0.6135    1.1957    0.3891    1.9007    0.6220    0.5313    0.5703    0.6283    0.9252    0.7165    0.4392    0.5065    0.4062
ind112        1.8877    0.9025    0.5083    0.5439    0.5776    1.8877    0.4389    1.5885    0.4514    0.3124    0.3863    0.4499    1.0334    0.4177    0.6656    0.5978    0.4938    0.7163    0.9590    0.9459    0.7567    1.8877    0.5602    0.5493    0.9959    0.3531    0.6386    0.9099    0.6192    0.5401    0.4060    0.7281    1.0349    0.5746    0.4882    1.8307    0.4976    0.5971    0.5307    1.0378    0.5954    0.5864    1.5811    0.5043    0.4263    0.4473    0.4827    0.5066    0.5747    0.6406    0.4026    0.5340    0.3911    0.4911    0.6187    1.9287    0.5806    0.5914    0.6475    0.5988    0.5297    0.4483    0.6600    0.4754    0.4455    0.4942    0.6698    0.4133    1.0005    0.6461    0.6930    0.3913    0.5609    0.3896    0.3944    0.4890    0.5966    0.4991    0.7647    0.9500    0.5295    0.4203    0.4450    0.3952    0.6791    0.3433    0.6823    0.4481    0.6939    0.6141    0.4164    0.7205    0.7511    0.8073    0.4518    0.5594    0.8085    0.4124    0.3690    0.7758    0.3301    0.8853    0.2399    0.5665    0.4618    0.4780    0.9958    1.8877    0.3703    0.5214    0.6549    0.0000    0.2694    0.7737    1.3315    0.4735    0.9524    0.3357    0.6777    1.0666    0.3865    0.8976    0.3483    1.8877    0.0796    0.4135    0.2601    0.3146    0.9310    0.5035    0.3398    0.3576    0.2954
ind113        1.7320    0.8688    0.4941    0.4350    0.5390    1.7320    0.2894    1.6208    0.3727    0.2216    0.3111    0.3647    0.9278    0.2989    0.4667    0.5166    0.3302    0.5526    1.0298    0.9397    0.6680    1.7320    0.3267    0.3871    0.9473    0.2635    0.4395    0.9121    0.4568    0.4948    0.3691    0.6597    0.9561    0.4582    0.2614    1.6749    0.3000    0.3995    0.3390    0.8517    0.3986    0.3888    1.3888    0.2349    0.4054    0.2138    0.3205    0.2731    0.5908    0.4782    0.2424    0.4076    0.1943    0.2942    0.5389    1.7730    0.3520    0.5371    0.4140    0.5190    0.2962    0.2866    0.4265    0.3131    0.2894    0.2973    0.6673    0.3653    0.9455    0.6010    0.6021    0.3026    0.4076    0.3406    0.3537    0.4813    0.4703    0.4441    0.5658    1.0453    0.4125    0.3375    0.4333    0.2450    0.5897    0.2943    0.6639    0.3346    0.5332    0.4509    0.4387    0.6776    0.7375    0.7751    0.4027    0.5224    0.7357    0.2500    0.5185    0.6602    0.1677    0.8082    0.1182    0.4089    0.3022    0.3563    0.8867    1.7320    0.2079    0.4402    0.5432    0.2694    0.0000    0.6986    1.1758    0.2448    0.8421    0.3581    0.6857    1.0401    0.2648    1.0012    0.2253    1.7320    0.2598    0.2193    0.1730    0.3517    0.7729    0.5464    0.2290    0.1655    0.2083
ind114        2.2303    1.3535    0.5761    0.8967    0.9771    2.2303    0.7903    1.7506    0.8678    0.7782    0.7725    0.8261    1.5204    0.7713    0.9175    0.8464    0.7653    0.8157    1.3703    1.2326    1.1309    2.2303    0.8830    0.9102    1.3611    0.7716    0.8776    1.2442    0.8132    0.7577    0.6811    1.1175    1.2972    0.7213    0.8397    2.1733    0.7320    0.8315    0.7550    1.3545    0.6367    0.6432    1.9238    0.7760    0.7580    0.7563    0.7208    0.6969    0.9434    0.9338    0.7110    0.7575    0.7722    0.8367    0.7520    2.2714    0.7307    0.9242    0.7756    0.6919    0.7665    0.8650    0.8760    0.7003    0.7912    0.7158    0.8926    0.7942    1.2201    0.7446    0.9390    0.8811    0.9061    0.8137    0.9691    0.9319    0.8122    0.8668    1.0981    1.2833    0.8808    0.8810    0.8563    0.6913    0.9727    0.7938    0.9468    0.8487    0.9095    0.8232    0.9384    0.7725    1.0070    0.9521    0.7403    0.7704    1.0027    0.5858    0.7706    0.5159    0.7593    0.7489    0.6342    0.9122    0.6565    0.7887    1.3774    2.2303    0.7646    0.6780    0.5343    0.7737    0.6986    0.0000    1.6255    0.5709    0.5609    0.7223    0.9411    1.5147    0.7322    0.9843    0.5079    2.2303    0.7407    0.7940    0.6890    0.8256    0.8421    0.8558    0.6485    0.6671    0.5249
ind115        0.6048    1.8804    1.5112    1.3067    1.1185    0.6048    1.2588    1.7668    1.2490    1.2858    1.2501    1.1865    0.8343    1.1602    0.9522    1.4693    1.0236    1.4165    2.0390    1.0489    1.2887    0.6048    1.2106    1.0546    1.0708    1.1731    1.3706    1.6465    1.0733    1.0437    1.4271    1.0243    2.0221    1.3406    1.1402    0.5478    1.3147    1.3046    1.1922    1.5625    1.3418    1.4035    0.4826    1.1667    1.4574    1.2237    1.2583    1.2109    1.6428    1.3092    1.1841    1.4568    1.2444    1.2855    1.5188    0.6459    1.1772    1.5872    1.0973    1.4987    1.1413    1.3367    0.9988    1.3996    1.3395    1.2636    1.3723    1.1134    1.9404    1.4031    1.2823    1.2484    1.3054    1.2441    1.2103    1.4499    1.1313    1.3215    1.2586    1.9999    1.2935    1.2774    1.4080    1.0982    1.5357    1.1373    1.6446    1.1990    1.3878    1.2031    1.3185    1.5864    1.7181    1.6012    1.2885    1.4145    1.6569    1.2369    1.6232    1.5638    1.1377    1.7019    1.1342    1.2608    1.2125    1.0823    0.8446    0.6048    1.1267    1.3781    1.2959    1.3315    1.1758    1.6255    0.0000    1.2117    1.8005    1.4226    1.4698    1.8800    1.1240    2.0640    1.2814    0.6048    1.3645    1.1101    1.1489    1.3599    1.7890    1.3582    1.1403    1.0871    1.2643
ind116        1.7678    1.0322    0.4810    0.5037    0.6037    1.7678    0.3812    1.5866    0.5114    0.3541    0.4079    0.4208    1.0185    0.3965    0.4744    0.4678    0.3514    0.5739    1.0923    0.9462    0.6758    1.7678    0.3480    0.5218    1.0250    0.3983    0.5021    0.9345    0.5345    0.3890    0.4316    0.7183    0.9842    0.4862    0.3939    1.7108    0.3635    0.4630    0.3959    0.9086    0.3917    0.4168    1.4246    0.3330    0.4679    0.3463    0.3481    0.3708    0.6533    0.6107    0.3404    0.4701    0.3623    0.4267    0.5321    1.8089    0.4089    0.5996    0.4072    0.5466    0.3593    0.4191    0.4688    0.3756    0.3812    0.4299    0.7012    0.3878    1.0487    0.6658    0.6949    0.4374    0.5068    0.4382    0.5578    0.5448    0.4916    0.5422    0.6644    1.1485    0.4694    0.4007    0.4613    0.3443    0.6528    0.4232    0.6636    0.3570    0.5545    0.4571    0.5253    0.6708    0.7245    0.8748    0.5431    0.5912    0.8190    0.2920    0.5950    0.6796    0.3718    0.6735    0.2874    0.5374    0.3579    0.3713    1.0966    1.7678    0.4178    0.4818    0.3736    0.4735    0.2448    0.5709    1.2117    0.0000    0.7643    0.4922    0.7430    1.1381    0.3589    1.0357    0.2879    1.7678    0.3939    0.3407    0.3422    0.4130    0.7322    0.5322    0.2847    0.2567    0.3408
ind117        2.4053    1.5089    0.7509    1.0055    1.1918    2.4053    0.9804    1.9779    0.9773    0.9562    0.8738    0.9741    1.5296    1.0207    1.1195    1.0539    0.9754    1.1938    1.4412    1.4294    1.4042    2.4053    1.0194    1.0546    1.6701    0.9852    1.0555    1.5226    1.0856    0.9863    0.8710    1.2957    1.4040    0.7253    0.9485    2.3483    0.8768    0.9763    0.9333    1.4981    0.8890    0.7880    2.0621    0.9568    0.8981    0.8997    0.9364    0.9591    1.0835    1.0426    0.9284    0.9003    0.9157    0.9802    0.9297    2.4463    0.9463    1.1143    0.9565    0.7883    0.9821    1.0085    1.1486    0.8417    0.9346    0.8965    1.0234    0.9759    1.3255    0.8754    1.2830    1.0255    1.0964    0.9560    1.0765    1.0028    0.9498    0.9721    1.2525    1.4600    1.0589    0.9402    0.9272    0.8364    1.0784    0.9406    1.1030    0.9938    1.0126    1.0597    1.0043    0.7660    1.1127    0.9810    0.7990    0.8785    1.0183    0.7657    0.9472    0.7163    0.9739    0.4541    0.8837    1.1270    0.8274    0.9249    1.5000    2.4053    1.0141    0.7413    0.7136    0.9524    0.8421    0.5609    1.8005    0.7643    0.0000    0.8523    1.2501    1.6878    0.9817    1.2896    0.7224    2.4053    0.9194    0.9301    0.9385    0.9616    0.8041    1.0288    0.8216    0.8402    0.7395
ind118        1.9788    0.8110    0.4397    0.4976    0.6430    1.9788    0.4912    1.4884    0.5867    0.3663    0.5293    0.5062    1.2113    0.4739    0.6843    0.6244    0.5826    0.7261    0.9016    0.9725    0.7353    1.9788    0.6489    0.6380    1.1272    0.4418    0.5433    1.0104    0.6692    0.6054    0.3239    0.8310    1.0515    0.4775    0.5444    1.9218    0.4427    0.5771    0.5793    1.0940    0.5405    0.5315    1.6722    0.5581    0.4286    0.4610    0.4264    0.5203    0.5422    0.7655    0.4565    0.4304    0.4450    0.5449    0.5618    2.0199    0.5943    0.5284    0.6275    0.5418    0.5835    0.5732    0.7086    0.3718    0.4994    0.5481    0.6903    0.5020    0.8189    0.5499    0.7817    0.4452    0.5471    0.4860    0.5350    0.5418    0.6117    0.4656    0.8132    0.9170    0.6259    0.4681    0.4551    0.5265    0.6412    0.3972    0.7641    0.5044    0.7439    0.7028    0.5025    0.6342    0.6755    0.8416    0.3128    0.5799    0.7996    0.3924    0.4307    0.6397    0.3437    0.7492    0.3286    0.5802    0.5104    0.5667    1.1335    1.9788    0.4590    0.5868    0.6716    0.3357    0.3581    0.7223    1.4226    0.4922    0.8523    0.0000    0.7547    1.1437    0.4752    0.7947    0.3670    1.9788    0.2562    0.4673    0.2738    0.5338    0.9110    0.6824    0.4752    0.4463    0.3841
ind119        2.0746    0.9298    0.8781    0.8460    0.7594    2.0746    0.8943    1.8430    0.7717    0.7243    0.7196    0.7390    1.3693    0.7118    0.8402    0.8611    0.7438    0.7902    1.3326    1.0906    1.0112    2.0746    0.7450    0.8426    1.3183    0.7156    0.9300    1.0349    0.8170    0.7420    0.7094    1.0649    1.3424    0.7924    0.7480    2.0176    0.7556    0.8900    0.8234    1.0362    0.7827    0.8444    1.6859    0.7964    0.8613    0.6992    0.6664    0.7237    0.9749    0.8551    0.7314    0.8286    0.7199    0.8198    0.7963    2.0336    0.8384    0.9560    0.7863    0.8239    0.7869    0.7341    0.8633    0.7341    0.7010    0.8230    0.8801    0.7840    1.3356    0.8690    0.8090    0.6864    0.7525    0.7251    0.6567    0.6892    0.7168    0.8636    0.9357    1.2722    0.8698    0.7579    0.8186    0.8125    0.8950    0.7140    0.9675    0.8350    0.8966    0.9905    0.7813    0.9455    1.0407    1.0392    0.7929    0.9008    1.1499    0.7099    0.8219    0.9081    0.6651    1.1162    0.6965    0.8241    0.7223    0.6912    1.2487    2.0746    0.7862    0.6533    0.7548    0.6777    0.6857    0.9411    1.4698    0.7430    1.2501    0.7547    0.0000    1.1957    0.7538    1.2095    0.7212    2.0746    0.6447    0.6734    0.6417    0.7185    1.0788    0.7731    0.6228    0.6892    0.7383
ind120        2.4362    1.7101    1.3564    1.3183    1.2377    2.4362    1.2893    2.2662    1.2926    1.1540    1.1919    1.2519    1.7452    1.1555    1.3388    1.2907    1.2568    1.4391    1.5782    1.5484    1.4265    2.4362    1.2541    1.3018    1.7632    1.1593    1.3737    1.3651    1.4261    1.2059    1.1816    1.4895    1.5395    1.2707    1.1726    2.3792    1.1993    1.2707    1.2041    1.7281    1.2264    1.2881    2.1296    1.2401    1.3396    1.1429    1.1447    1.1674    1.4532    1.4475    1.1751    1.3069    1.1636    1.2635    1.3568    2.4773    1.2283    1.4343    1.2503    1.3368    1.2306    1.2918    1.2926    1.2124    1.2587    1.2667    1.4831    1.2970    1.7448    1.3819    1.4926    1.1994    1.2308    1.2381    1.1697    1.3329    1.3259    1.3765    1.2313    1.6064    1.3828    1.2709    1.3315    1.2502    1.5220    1.2270    1.5945    1.2647    1.4237    1.4203    1.2943    1.4585    1.3685    1.5909    1.2651    1.3731    1.6222    1.1475    1.2108    1.5111    1.0064    1.5885    0.9971    1.2487    1.1599    1.2182    1.7147    2.4362    1.1405    1.2563    1.2886    1.0666    1.0401    1.5147    1.8800    1.1381    1.6878    1.1437    1.1957    0.0000    1.1975    1.5017    1.1588    2.4362    1.0336    1.0633    0.9769    1.1561    1.6651    1.1569    1.0553    1.0922    1.1758
ind121        1.7288    1.0036    0.5236    0.6167    0.4513    1.7288    0.4728    1.6566    0.5177    0.3753    0.4224    0.4353    1.0307    0.3684    0.5728    0.5644    0.3652    0.5876    1.0329    1.0140    0.7862    1.7288    0.4456    0.4565    0.9464    0.2626    0.5447    0.9775    0.4926    0.4939    0.4742    0.6038    1.1099    0.5633    0.4368    1.6718    0.4051    0.5046    0.4389    0.9515    0.4322    0.4939    1.4222    0.3759    0.5105    0.3534    0.4252    0.3778    0.5595    0.6177    0.3109    0.5472    0.3338    0.4338    0.6092    1.7699    0.4518    0.6767    0.4842    0.6237    0.3664    0.4621    0.4968    0.4527    0.3882    0.4369    0.7438    0.3941    1.0913    0.6368    0.6378    0.3721    0.5482    0.4108    0.4947    0.6223    0.5061    0.5148    0.6719    1.0180    0.4779    0.4436    0.5743    0.3511    0.5235    0.3220    0.5960    0.4486    0.6034    0.5354    0.5027    0.7478    0.8374    0.8458    0.5141    0.6683    0.9174    0.3247    0.6763    0.8038    0.2848    0.9133    0.2004    0.4377    0.4083    0.3858    0.9587    1.7288    0.3308    0.5146    0.6135    0.3865    0.2648    0.7322    1.1240    0.3589    0.9817    0.4752    0.7538    1.1975    0.0000    1.0585    0.3297    1.7288    0.3769    0.3195    0.2552    0.5334    0.7416    0.6504    0.3329    0.2695    0.2768
ind122        2.6202    1.3118    1.0091    1.1809    1.2183    2.6202    1.0650    2.0626    1.1832    1.0335    1.0767    1.0937    1.6413    1.1455    1.3274    1.2614    1.1838    1.1503    0.9848    1.5525    1.4186    2.6202    1.2860    1.2258    1.8061    1.0742    1.2222    1.5118    1.2928    1.2425    0.8985    1.5432    1.5505    1.1447    1.2626    2.5631    1.1566    1.2561    1.2165    1.8529    1.1676    1.1032    2.3136    1.2361    0.9120    1.2150    1.1804    1.2277    0.8670    1.2435    1.1703    1.0407    1.1588    1.2588    1.1167    2.6612    1.2664    0.8166    1.3065    1.1136    1.2974    1.1801    1.4277    1.0391    1.2540    1.1751    1.3140    1.1393    1.1095    1.1514    1.2482    1.0766    1.1150    1.1533    1.0796    0.9985    1.2283    1.0758    1.4499    1.2383    1.2980    1.0994    0.9688    1.1550    1.0802    1.1517    1.0337    1.1596    1.3256    1.3265    0.9626    1.1489    0.8708    1.4943    0.9248    1.0999    1.3304    0.9730    0.6001    1.1184    1.0978    1.2267    1.0483    1.3390    1.1145    1.1665    1.7615    2.6202    1.1380    1.1121    1.1957    0.8976    1.0012    0.9843    2.0640    1.0357    1.2896    0.7947    1.2095    1.5017    1.0585    0.0000    1.0508    2.6202    0.8180    1.0661    1.0685    0.8991    1.2521    1.1198    1.1171    1.0882    1.1038
ind123        1.8862    0.9702    0.4194    0.4355    0.5746    1.8862    0.4024    1.6177    0.4065    0.3063    0.3471    0.4007    1.0471    0.3329    0.5387    0.4946    0.3296    0.5520    1.0303    0.9751    0.7521    1.8862    0.4805    0.4925    1.0183    0.3691    0.4402    0.9418    0.5990    0.4242    0.2945    0.7258    1.0053    0.4587    0.3665    1.8292    0.3706    0.4701    0.4034    0.9161    0.3970    0.4239    1.5796    0.3400    0.3714    0.3189    0.3210    0.3783    0.5568    0.5833    0.3109    0.4081    0.3349    0.3993    0.5394    1.9273    0.4164    0.5376    0.4491    0.5195    0.4013    0.3917    0.5678    0.3136    0.3538    0.4025    0.6334    0.3585    0.9115    0.5246    0.7097    0.4081    0.5143    0.3766    0.4613    0.5173    0.5410    0.4802    0.6718    0.9747    0.4078    0.4080    0.4338    0.3455    0.6602    0.3590    0.6978    0.4476    0.6383    0.5702    0.5401    0.6781    0.6973    0.6926    0.4404    0.5229    0.8077    0.2856    0.5681    0.5816    0.3219    0.6195    0.2317    0.4738    0.1835    0.3862    1.0409    1.8862    0.3621    0.4412    0.3891    0.3483    0.2253    0.5079    1.2814    0.2879    0.7224    0.3670    0.7212    1.1588    0.3297    1.0508    0.0000    1.8862    0.2687    0.3208    0.2519    0.3177    0.8042    0.4696    0.2222    0.2288    0.0529
ind124        0.0000    2.4852    2.1160    1.7191    1.7233    0.0000    1.8149    2.1436    1.8538    1.8420    1.8549    1.7913    1.0871    1.7062    1.5570    1.9199    1.6284    1.9292    2.6438    1.3388    1.8448    0.0000    1.7668    1.6594    1.0460    1.7780    1.9754    2.2513    1.6781    1.6485    2.0319    1.6291    2.5782    1.9454    1.7450    0.0570    1.9195    1.7170    1.7970    2.0618    1.8598    2.0083    0.5074    1.7715    2.0622    1.8285    1.8631    1.8157    2.1420    1.9140    1.7889    2.0028    1.8492    1.7847    2.1236    0.0411    1.7820    2.1920    1.7022    2.0446    1.7461    1.9415    1.5448    2.0044    1.9443    1.8684    1.9771    1.7182    2.4864    2.0079    1.7949    1.8532    1.8514    1.8489    1.8151    2.0547    1.7361    1.9263    1.8045    2.6047    1.8983    1.8233    1.9540    1.7030    2.0817    1.7421    2.2494    1.7552    1.9338    1.5949    1.9233    2.1912    2.1772    2.2060    1.8933    2.0193    2.2617    1.8417    2.1794    2.1686    1.6350    2.3067    1.6904    1.7146    1.8173    1.6871    1.0974    0.0000    1.5688    1.9829    1.9007    1.8877    1.7320    2.2303    0.6048    1.7678    2.4053    1.9788    2.0746    2.4362    1.7288    2.6202    1.8862    0.0000    1.9207    1.7149    1.7050    1.8779    2.2882    1.9630    1.7451    1.6919    1.8691
ind125        1.9207    0.8929    0.4287    0.5535    0.4981    1.9207    0.4718    1.5555    0.4884    0.3029    0.4659    0.4829    1.0664    0.4507    0.5860    0.5648    0.4843    0.7067    0.9686    0.9129    0.6771    1.9207    0.5506    0.5397    1.0289    0.3435    0.5590    0.9003    0.6096    0.5071    0.3264    0.8077    1.0019    0.5416    0.5211    1.8636    0.4180    0.5175    0.5212    1.0708    0.5158    0.5068    1.6141    0.4947    0.3467    0.4377    0.4031    0.4971    0.4951    0.6310    0.3930    0.4544    0.3816    0.4815    0.5857    1.9617    0.5711    0.5118    0.5679    0.5658    0.5201    0.4387    0.6505    0.3958    0.4360    0.4846    0.6794    0.4037    0.9209    0.6131    0.6834    0.3818    0.5238    0.4226    0.3848    0.4560    0.5870    0.4896    0.7551    0.9130    0.5625    0.4533    0.4080    0.4282    0.6695    0.3337    0.6727    0.4811    0.6843    0.6045    0.4068    0.6875    0.6715    0.8169    0.4148    0.5689    0.8180    0.3328    0.3361    0.7429    0.3205    0.8524    0.2303    0.5569    0.4522    0.4684    1.0754    1.9207    0.3607    0.4885    0.6220    0.0796    0.2598    0.7407    1.3645    0.3939    0.9194    0.2562    0.6447    1.0336    0.3769    0.8180    0.2687    1.9207    0.0000    0.4039    0.2505    0.2776    0.8515    0.4664    0.3768    0.3480    0.2858
ind126        1.7149    0.8452    0.5488    0.6056    0.6344    1.7149    0.4272    1.6089    0.5433    0.3308    0.2924    0.3054    0.8983    0.3594    0.5966    0.6188    0.3837    0.6061    1.0468    1.0029    0.8466    1.7149    0.4634    0.4632    0.9889    0.3589    0.5350    0.9126    0.5522    0.5483    0.4297    0.6258    1.1347    0.5532    0.3026    1.6579    0.3950    0.5294    0.4282    0.8522    0.4936    0.4838    1.3717    0.3299    0.4228    0.3088    0.4155    0.3682    0.5733    0.4952    0.3374    0.5026    0.2893    0.3892    0.6340    1.7560    0.3525    0.5890    0.5439    0.6140    0.3912    0.3816    0.5564    0.4082    0.3437    0.3924    0.8035    0.4545    0.9687    0.6616    0.6556    0.3977    0.5026    0.4011    0.3488    0.5763    0.4890    0.5047    0.6957    1.1814    0.4323    0.4325    0.5283    0.3749    0.7196    0.3486    0.7938    0.4375    0.6212    0.5950    0.3731    0.7726    0.8267    0.8357    0.5040    0.6930    0.9063    0.3861    0.6684    0.8308    0.2231    0.7963    0.2085    0.3750    0.2123    0.2257    1.0177    1.7149    0.3927    0.5764    0.5313    0.4135    0.2193    0.7940    1.1101    0.3407    0.9301    0.4673    0.6734    1.0633    0.3195    1.0661    0.3208    1.7149    0.4039    0.0000    0.2284    0.3679    0.8608    0.5152    0.2632    0.2535    0.3037
ind127        1.7050    0.8915    0.4865    0.5332    0.5299    1.7050    0.3815    1.6133    0.4744    0.2547    0.3442    0.3577    0.9724    0.2909    0.5702    0.5131    0.3626    0.5449    1.0974    0.9707    0.6947    1.7050    0.4290    0.4002    0.8900    0.2946    0.5422    0.8460    0.5246    0.4913    0.3616    0.5938    1.0586    0.4857    0.3055    1.6480    0.4022    0.5366    0.3962    0.8203    0.4293    0.4910    1.3985    0.3730    0.4734    0.2758    0.3130    0.3003    0.6239    0.5804    0.3080    0.4753    0.2965    0.3964    0.5717    1.7461    0.3206    0.6396    0.5162    0.5518    0.3635    0.4247    0.4886    0.3808    0.3509    0.3996    0.7005    0.3915    0.9786    0.5993    0.6353    0.3346    0.4707    0.3389    0.4227    0.5848    0.5032    0.4773    0.6291    1.0767    0.4059    0.4062    0.5368    0.3424    0.6573    0.2846    0.7298    0.3569    0.6354    0.5187    0.4308    0.7104    0.8003    0.8022    0.4359    0.6250    0.8741    0.3160    0.5150    0.7261    0.1049    0.8356    0.0548    0.3064    0.2904    0.3833    0.8598    1.7050    0.2390    0.4368    0.5703    0.2601    0.1730    0.6890    1.1489    0.3422    0.9385    0.2738    0.6417    0.9769    0.2552    1.0685    0.2519    1.7050    0.2505    0.2284    0.0000    0.4556    0.8347    0.4787    0.2014    0.2263    0.1990
ind128        1.8779    0.9355    0.5495    0.4324    0.6138    1.8779    0.5269    1.7059    0.5326    0.3957    0.3110    0.3646    0.9242    0.4164    0.6651    0.6157    0.4506    0.6731    0.9281    0.9724    0.8782    1.8779    0.5649    0.6555    1.0519    0.4951    0.5665    0.9852    0.7254    0.5453    0.3747    0.8502    1.0947    0.5850    0.4502    1.8209    0.4969    0.5096    0.5335    1.0406    0.4732    0.5502    1.6215    0.4664    0.3487    0.4452    0.4473    0.5046    0.4972    0.5606    0.4738    0.5345    0.4612    0.5257    0.6658    1.9190    0.5834    0.4780    0.5754    0.6458    0.5276    0.4470    0.6941    0.4400    0.5208    0.5288    0.6802    0.5253    0.9229    0.7281    0.7572    0.5341    0.5612    0.4235    0.4639    0.5356    0.5885    0.5696    0.7981    0.9871    0.5323    0.4549    0.4096    0.4700    0.7496    0.5627    0.7528    0.5721    0.6858    0.6966    0.4793    0.7675    0.6696    0.8942    0.4872    0.5698    0.8546    0.4486    0.5363    0.8586    0.4849    0.8587    0.4354    0.6775    0.3447    0.4334    1.1613    1.8779    0.5251    0.6042    0.6283    0.3146    0.3517    0.8256    1.3599    0.4130    0.9616    0.5338    0.7185    1.1561    0.5334    0.8991    0.3177    1.8779    0.2776    0.3679    0.4556    0.0000    0.9294    0.4310    0.3839    0.3906    0.3707
ind129        2.2882    1.4365    0.7566    0.9854    0.8931    2.2882    0.9362    2.0021    0.9250    0.9239    0.8537    0.8608    1.5186    1.0231    0.9490    0.9657    0.9087    1.1271    1.3570    1.3736    1.3018    2.2882    0.8733    0.9522    1.5319    0.9174    1.0579    1.4918    0.9819    0.9340    0.7921    1.2741    1.4727    0.9687    0.9509    2.2312    0.7770    0.9446    1.0225    1.5005    0.8756    0.8105    1.9450    0.9247    0.9038    0.9021    0.9042    0.9149    0.9527    1.0178    0.8963    0.9060    0.8826    0.9825    0.8794    2.3293    1.0355    1.0355    0.9244    0.9059    0.9500    0.8968    1.0804    0.8115    0.8230    0.9857    0.8928    0.9451    1.4092    0.9922    1.1448    0.9231    0.9805    0.9596    1.0086    0.9851    0.9536    0.9434    1.1396    1.2932    1.0267    0.9580    0.8984    0.8040    0.8772    0.8382    0.6580    0.9976    1.0164    1.0635    0.9364    0.8785    1.1964    0.8559    0.8233    0.8283    0.8454    0.5940    1.0059    0.7070    0.9047    0.8160    0.8144    1.0577    0.9092    0.9273    1.3959    2.2882    0.9448    0.6160    0.9252    0.9310    0.7729    0.8421    1.7890    0.7322    0.8041    0.9110    1.0788    1.6651    0.7416    1.2521    0.8042    2.2882    0.8515    0.8608    0.8347    0.9294    0.0000    1.0834    0.8360    0.8071    0.8213
ind130        1.9630    1.1643    0.7401    0.6738    0.7683    1.9630    0.6408    1.5638    0.7276    0.6618    0.6182    0.6317    1.1375    0.5708    0.8250    0.7734    0.6084    0.7906    1.2378    1.1540    0.9982    1.9630    0.7248    0.7250    1.2426    0.6898    0.7957    1.0473    0.9197    0.7030    0.5632    0.9099    0.9723    0.6528    0.5510    1.9060    0.6917    0.7912    0.5626    1.0658    0.5964    0.6582    1.6565    0.6611    0.6559    0.5998    0.5670    0.6243    0.8413    0.7465    0.6320    0.7292    0.6560    0.7204    0.8257    2.0041    0.5218    0.7876    0.7353    0.7189    0.6875    0.6418    0.8138    0.6347    0.6749    0.6367    0.9115    0.6447    1.2671    0.9593    0.9885    0.6943    0.7178    0.6547    0.6646    0.7673    0.8198    0.8357    0.9178    1.2166    0.6859    0.6517    0.6413    0.5892    0.9464    0.6801    0.9478    0.6511    0.8826    0.8909    0.7134    0.8775    0.9125    1.1196    0.7534    0.8015    1.0863    0.6411    0.7659    1.0167    0.5835    0.9818    0.4986    0.7006    0.4707    0.5995    1.2251    1.9630    0.6828    0.7619    0.7165    0.5035    0.5464    0.8558    1.3582    0.5322    1.0288    0.6824    0.7731    1.1569    0.6504    1.1198    0.4696    1.9630    0.4664    0.5152    0.4787    0.4310    1.0834    0.0000    0.4127    0.4731    0.5225
ind131        1.7451    0.9739    0.4926    0.4625    0.6478    1.7451    0.4061    1.5538    0.3149    0.3444    0.2967    0.3969    0.9896    0.3361    0.5289    0.4794    0.2909    0.5134    1.0573    0.8767    0.7423    1.7451    0.4073    0.4075    0.9191    0.3723    0.5483    0.8569    0.5536    0.3603    0.4026    0.6286    1.0323    0.4858    0.3163    1.6881    0.4442    0.5437    0.3722    0.8311    0.4358    0.4976    1.4386    0.3437    0.4795    0.3225    0.3597    0.3470    0.6649    0.5869    0.3145    0.4818    0.3385    0.4030    0.5316    1.7862    0.3314    0.6112    0.4392    0.5117    0.3701    0.3954    0.4879    0.3873    0.3574    0.4061    0.6114    0.3273    1.0196    0.6653    0.6710    0.3769    0.5531    0.3799    0.4994    0.4957    0.4537    0.5183    0.6405    1.0828    0.4110    0.3768    0.5074    0.3143    0.6289    0.3627    0.7014    0.4164    0.5165    0.5735    0.4670    0.6703    0.7361    0.8682    0.5485    0.5500    0.8348    0.3937    0.6297    0.6740    0.3063    0.7532    0.1812    0.4233    0.2589    0.2989    0.8952    1.7451    0.3653    0.4192    0.4392    0.3398    0.2290    0.6485    1.1403    0.2847    0.8216    0.4752    0.6228    1.0553    0.3329    1.1171    0.2222    1.7451    0.3768    0.2632    0.2014    0.3839    0.8360    0.4127    0.0000    0.1556    0.2051
ind132        1.6919    0.9450    0.4992    0.5157    0.4922    1.6919    0.3781    1.6202    0.4168    0.3510    0.3499    0.4036    1.0154    0.3081    0.5487    0.5326    0.2975    0.5200    1.1105    0.9431    0.7621    1.6919    0.3794    0.4324    0.9005    0.3089    0.5203    0.9172    0.5388    0.4621    0.4092    0.7010    1.0855    0.5390    0.3421    1.6349    0.3808    0.4803    0.3442    0.8569    0.4078    0.4696    1.4775    0.3157    0.4862    0.2946    0.3664    0.3190    0.6715    0.4668    0.2865    0.4884    0.2751    0.3750    0.5848    1.7330    0.3572    0.6179    0.4599    0.5649    0.3421    0.3674    0.5085    0.3939    0.3294    0.3781    0.7132    0.3339    1.0262    0.6830    0.5500    0.3480    0.4896    0.3865    0.4705    0.5620    0.4743    0.5249    0.6117    1.0894    0.4177    0.3834    0.5140    0.2863    0.6356    0.3338    0.7081    0.3884    0.5372    0.5455    0.4381    0.7235    0.7427    0.8513    0.5196    0.6032    0.8525    0.3302    0.6474    0.7404    0.2966    0.8064    0.1715    0.4136    0.2655    0.3196    0.9807    1.6919    0.3019    0.4856    0.5065    0.3576    0.1655    0.6671    1.0871    0.2567    0.8402    0.4463    0.6892    1.0922    0.2695    1.0882    0.2288    1.6919    0.3480    0.2535    0.2263    0.3906    0.8071    0.4731    0.1556    0.0000    0.2117
ind133        1.8691    0.9532    0.4364    0.4884    0.5916    1.8691    0.3854    1.6348    0.3895    0.2533    0.2942    0.3478    1.0301    0.3158    0.5917    0.5117    0.3125    0.5350    1.0473    0.9922    0.8051    1.8691    0.4275    0.4755    0.9653    0.3162    0.4572    0.9248    0.5461    0.4412    0.3115    0.7087    1.0223    0.4758    0.3494    1.8121    0.3876    0.4872    0.3863    0.8990    0.4141    0.4410    1.5626    0.3230    0.3885    0.2659    0.3380    0.3253    0.5739    0.5303    0.2579    0.4252    0.2819    0.3464    0.5565    1.9102    0.3993    0.5546    0.4662    0.5366    0.3483    0.3747    0.5148    0.3307    0.3008    0.3495    0.6504    0.3414    0.9286    0.5417    0.6568    0.3910    0.5672    0.3237    0.4442    0.5702    0.4880    0.4272    0.6547    0.9917    0.3907    0.3910    0.4867    0.3284    0.6072    0.3061    0.6448    0.4305    0.5854    0.5173    0.4871    0.6952    0.7503    0.7097    0.4574    0.5400    0.8607    0.3026    0.5852    0.5987    0.2690    0.6366    0.1788    0.4568    0.1664    0.3333    1.0239    1.8691    0.3092    0.4583    0.4062    0.2954    0.2083    0.5249    1.2643    0.3408    0.7395    0.3841    0.7383    1.1758    0.2768    1.1038    0.0529    1.8691    0.2858    0.3037    0.1990    0.3707    0.8213    0.5225    0.2051    0.2117    0.0000

Table 6. Relatedness between an individual and all other individuals grouped by population
pop_a	a	pop_b	b	rab	1-rab
Bly	1	Bly	2	-1.485241	2.485241
Bly	1	Bly	3	-1.115958	2.115958
Bly	1	Bly	4	-0.719109	1.719109
Bly	1	Bly	5	-0.723335	1.723335
Bly	1	Bly	6	1.000000	0.000000
Bly	1	Bly	7	-0.814945	1.814945
Bly	1	Bly	8	-1.143569	2.143569
Bly	1	Bly	9	-0.853803	1.853803
Bly	1	Bly	10	-0.841992	1.841992
Bly	1	Bly	11	-0.854938	1.854938
Bly	1	Bly	12	-0.791329	1.791329
Bly	1	Bly	13	-0.087113	1.087113
Bly	1	Bly	14	-0.706218	1.706218
Bly	1	Bly	15	-0.557026	1.557026
Bly	1	Bly	16	-0.919924	1.919924
Bly	1	Bly	17	-0.628368	1.628368
Bly	1	Bly	18	-0.929160	1.929160
Bly	1	Bly	19	-1.643760	2.643760
Bly	1	Bly	20	-0.338778	1.338778
Bly	1	Bly	21	-0.844810	1.844810
Bly	1	Bly	22	1.000000	0.000000
Bly	1	Bly	23	-0.766796	1.766796
Bly	1	Bly	24	-0.659405	1.659405
Bly	1	Bly	25	-0.046010	1.046010
Bly	1	Bly	26	-0.777953	1.777953
Bly	1	Bly	27	-0.975408	1.975408
Bly	1	Bly	28	-1.251310	2.251310
Bly	1	Bly	29	-0.678088	1.678088
Bly	1	Bly	30	-0.648477	1.648477
Bly	1	Bly	31	-1.031949	2.031949
Bly	1	Bly	32	-0.629097	1.629097
Bly	1	Bly	33	-1.578224	2.578224
Bly	1	Bre	34	-0.945387	1.945387
Bly	1	Bre	35	-0.745050	1.745050
Bly	1	Bre	36	0.942983	0.057017
Bly	1	Bre	37	-0.919536	1.919536
Bly	1	Bre	38	-0.717048	1.717048
Bly	1	Bre	39	-0.796977	1.796977
Bly	1	Bre	40	-1.061798	2.061798
Bly	1	Bre	41	-0.859783	1.859783
Bly	1	Bre	42	-1.008343	2.008343
Bly	1	Bre	43	0.492599	0.507401
Bly	1	Bre	44	-0.771489	1.771489
Bly	1	Bre	45	-1.062166	2.062166
Bly	1	Bre	46	-0.828497	1.828497
Bly	1	Bre	47	-0.863056	1.863056
Bly	1	Bre	48	-0.815740	1.815740
Bly	1	Bre	49	-1.141999	2.141999
Bly	1	Bre	50	-0.914006	1.914006
Bly	1	Bre	51	-0.788936	1.788936
Bly	1	Bre	52	-1.002786	2.002786
Bly	1	Bre	53	-0.849162	1.849162
Bly	1	Bre	54	-0.784704	1.784704
Bly	1	Bre	55	-1.123605	2.123605
Bly	1	Bre	56	0.958937	0.041063
Bly	1	Bre	57	-0.781960	1.781960
Bly	1	Bre	58	-1.191968	2.191968
Bly	1	Bre	59	-0.702151	1.702151
Bly	1	Bre	60	-1.044623	2.044623
Bly	1	Bre	61	-0.746112	1.746112
Bly	1	Bre	62	-0.941496	1.941496
Bly	1	Bre	63	-0.544755	1.544755
Bly	1	Bre	64	-1.004383	2.004383
Bly	1	Bre	65	-0.944274	1.944274
Bly	1	Bre	66	-0.868387	1.868387
Bly	1	Ivo	67	-0.977143	1.977143
Bly	1	Ivo	68	-0.718221	1.718221
Bly	1	Ivo	69	-1.486415	2.486415
Bly	1	Ivo	70	-1.007928	2.007928
Bly	1	Ivo	71	-0.794950	1.794950
Bly	1	Ivo	72	-0.853227	1.853227
Bly	1	Ivo	73	-0.851371	1.851371
Bly	1	Ivo	74	-0.848876	1.848876
Bly	1	Ivo	75	-0.815137	1.815137
Bly	1	Ivo	76	-1.054731	2.054731
Bly	1	Ivo	77	-0.736104	1.736104
Bly	1	Ivo	78	-0.926344	1.926344
Bly	1	Ivo	79	-0.804541	1.804541
Bly	1	Ivo	80	-1.604732	2.604732
Bly	1	Ivo	81	-0.898305	1.898305
Bly	1	Ivo	82	-0.823345	1.823345
Bly	1	Ivo	83	-0.953979	1.953979
Bly	1	Ivo	84	-0.703003	1.703003
Bly	1	Ivo	85	-1.081689	2.081689
Bly	1	Ivo	86	-0.742148	1.742148
Bly	1	Ivo	87	-1.249383	2.249383
Bly	1	Ivo	88	-0.755201	1.755201
Bly	1	Ivo	89	-0.933785	1.933785
Bly	1	Ivo	90	-0.594913	1.594913
Bly	1	Ivo	91	-0.923293	1.923293
Bly	1	Ivo	92	-1.191236	2.191236
Bly	1	Ivo	93	-1.177212	2.177212
Bly	1	Ivo	94	-1.205999	2.205999
Bly	1	Ivo	95	-0.893341	1.893341
Bly	1	Ivo	96	-1.019301	2.019301
Bly	1	Ivo	97	-1.261667	2.261667
Bly	1	Pip	98	-0.841709	1.841709
Bly	1	Pip	99	-1.179365	2.179365
Bly	1	Pip	100	-1.168567	2.168567
Bly	1	Pip	101	-0.635045	1.635045
Bly	1	Pip	102	-1.306700	2.306700
Bly	1	Pip	103	-0.690386	1.690386
Bly	1	Pip	104	-0.714567	1.714567
Bly	1	Pip	105	-0.817321	1.817321
Bly	1	Pip	106	-0.687139	1.687139
Bly	1	Pip	107	-0.097413	1.097413
Bly	1	Pip	108	1.000000	0.000000
Bly	1	Pip	109	-0.568792	1.568792
Bly	1	Pip	110	-0.982903	1.982903
Bly	1	Pip	111	-0.900667	1.900667
Bly	1	Pip	112	-0.887677	1.887677
Bly	1	Pip	113	-0.731962	1.731962
Bly	1	Pip	114	-1.230339	2.230339
Bly	1	Pip	115	0.395194	0.604806
Bly	1	Pip	116	-0.767810	1.767810
Bly	1	Pip	117	-1.405277	2.405277
Bly	1	Pip	118	-0.978794	1.978794
Bly	1	Pip	119	-1.074631	2.074631
Bly	1	Pip	120	-1.436205	2.436205
Bly	1	Pip	121	-0.728807	1.728807
Bly	1	Pip	122	-1.620156	2.620156
Bly	1	Pip	123	-0.886207	1.886207
Bly	1	Pip	124	1.000000	0.000000
Bly	1	Pip	125	-0.920659	1.920659
Bly	1	Pip	126	-0.714931	1.714931
Bly	1	Pip	127	-0.705038	1.705038
Bly	1	Pip	128	-0.877890	1.877890
Bly	1	Pip	129	-1.288215	2.288215
Bly	1	Pip	130	-0.963041	1.963041
Bly	1	Pip	131	-0.745119	1.745119
Bly	1	Pip	132	-0.691900	1.691900
Bly	1	Pip	133	-0.869146	1.869146
Bly	2	Bly	1	-1.485241	2.485241
Bly	2	Bly	3	-0.031451	1.031451
Bly	2	Bly	4	0.004962	0.995038
Bly	2	Bly	5	-0.119865	1.119865
Bly	2	Bly	6	-1.485241	2.485241
Bly	2	Bly	7	0.093195	0.906805
Bly	2	Bly	8	-1.167523	2.167523
Bly	2	Bly	9	0.065513	0.934487
Bly	2	Bly	10	0.139940	0.860060
Bly	2	Bly	11	0.097499	0.902501
Bly	2	Bly	12	0.161379	0.838621
Bly	2	Bly	13	-0.469715	1.469715
Bly	2	Bly	14	0.080218	0.919782
Bly	2	Bly	15	-0.176858	1.176858
Bly	2	Bly	16	-0.310109	1.310109
Bly	2	Bly	17	-0.040368	1.040368
Bly	2	Bly	18	-0.210714	1.210714
Bly	2	Bly	19	-0.240733	1.240733
Bly	2	Bly	20	-0.511467	1.511467
Bly	2	Bly	21	-0.347824	1.347824
Bly	2	Bly	22	-1.485241	2.485241
Bly	2	Bly	23	-0.049291	1.049291
Bly	2	Bly	24	0.008295	0.991705
Bly	2	Bly	25	-0.515284	1.515284
Bly	2	Bly	26	0.146101	0.853899
Bly	2	Bly	27	-0.104990	1.104990
Bly	2	Bly	28	-0.078824	1.078824
Bly	2	Bly	29	-0.059400	1.059400
Bly	2	Bly	30	-0.239660	1.239660
Bly	2	Bly	31	0.249605	0.750395
Bly	2	Bly	32	-0.205517	1.205517
Bly	2	Bly	33	0.124186	0.875814
Bly	2	Bre	34	-0.128025	1.128025
Bly	2	Bre	35	0.068897	0.931103
Bly	2	Bre	36	-1.428224	2.428224
Bly	2	Bre	37	-0.044595	1.044595
Bly	2	Bre	38	-0.178990	1.178990
Bly	2	Bre	39	-0.000671	1.000671
Bly	2	Bre	40	-0.213431	1.213431
Bly	2	Bre	41	-0.143171	1.143171
Bly	2	Bre	42	-0.133402	1.133402
Bly	2	Bre	43	-1.142051	2.142051
Bly	2	Bre	44	0.020486	0.979514
Bly	2	Bre	45	0.010965	0.989035
Bly	2	Bre	46	0.081786	0.918214
Bly	2	Bre	47	0.046343	0.953657
Bly	2	Bre	48	0.069029	0.930971
Bly	2	Bre	49	-0.102622	1.102622
Bly	2	Bre	50	-0.110091	1.110091
Bly	2	Bre	51	0.049642	0.950358
Bly	2	Bre	52	-0.034381	1.034381
Bly	2	Bre	53	0.097754	0.902246
Bly	2	Bre	54	-0.002180	1.002180
Bly	2	Bre	55	-0.165705	1.165705
Bly	2	Bre	56	-1.526304	2.526304
Bly	2	Bre	57	-0.015688	1.015688
Bly	2	Bre	58	0.030225	0.969775
Bly	2	Bre	59	-0.158805	1.158805
Bly	2	Bre	60	-0.157698	1.157698
Bly	2	Bre	61	-0.040771	1.040771
Bly	2	Bre	62	0.005421	0.994579
Bly	2	Bre	63	-0.165844	1.165844
Bly	2	Bre	64	0.060100	0.939900
Bly	2	Bre	65	0.043356	0.956644
Bly	2	Bre	66	-0.005314	1.005314
Bly	2	Ivo	67	-0.381338	1.381338
Bly	2	Ivo	68	0.085340	0.914660
Bly	2	Ivo	69	-0.338751	1.338751
Bly	2	Ivo	70	-0.161438	1.161438
Bly	2	Ivo	71	-0.238726	1.238726
Bly	2	Ivo	72	0.142207	0.857793
Bly	2	Ivo	73	0.089398	0.910602
Bly	2	Ivo	74	0.067630	0.932370
Bly	2	Ivo	75	0.141359	0.858641
Bly	2	Ivo	76	0.010166	0.989834
Bly	2	Ivo	77	-0.143346	1.143346
Bly	2	Ivo	78	0.000698	0.999302
Bly	2	Ivo	79	-0.189207	1.189207
Bly	2	Ivo	80	-0.480550	1.480550
Bly	2	Ivo	81	-0.000485	1.000485
Bly	2	Ivo	82	0.107320	0.892680
Bly	2	Ivo	83	0.058166	0.941834
Bly	2	Ivo	84	0.010198	0.989802
Bly	2	Ivo	85	-0.101707	1.101707
Bly	2	Ivo	86	0.107733	0.892267
Bly	2	Ivo	87	-0.212592	1.212592
Bly	2	Ivo	88	0.070994	0.929006
Bly	2	Ivo	89	-0.241066	1.241066
Bly	2	Ivo	90	-0.244401	1.244401
Bly	2	Ivo	91	0.124836	0.875164
Bly	2	Ivo	92	-0.201385	1.201385
Bly	2	Ivo	93	-0.162267	1.162267
Bly	2	Ivo	94	-0.401518	1.401518
Bly	2	Ivo	95	0.042732	0.957268
Bly	2	Ivo	96	-0.189825	1.189825
Bly	2	Ivo	97	-0.371657	1.371657
Bly	2	Pip	98	-0.035502	1.035502
Bly	2	Pip	99	-0.022927	1.022927
Bly	2	Pip	100	-0.250450	1.250450
Bly	2	Pip	101	0.079246	0.920754
Bly	2	Pip	102	-0.357790	1.357790
Bly	2	Pip	103	0.053701	0.946299
Bly	2	Pip	104	-0.037968	1.037968
Bly	2	Pip	105	0.071068	0.928932
Bly	2	Pip	106	0.054258	0.945742
Bly	2	Pip	107	-0.680685	1.680685
Bly	2	Pip	108	-1.485241	2.485241
Bly	2	Pip	109	-0.076698	1.076698
Bly	2	Pip	110	-0.191158	1.191158
Bly	2	Pip	111	-0.322702	1.322702
Bly	2	Pip	112	0.097470	0.902530
Bly	2	Pip	113	0.131157	0.868843
Bly	2	Pip	114	-0.353484	1.353484
Bly	2	Pip	115	-0.880435	1.880435
Bly	2	Pip	116	-0.032231	1.032231
Bly	2	Pip	117	-0.508892	1.508892
Bly	2	Pip	118	0.189002	0.810998
Bly	2	Pip	119	0.070150	0.929850
Bly	2	Pip	120	-0.710116	1.710116
Bly	2	Pip	121	-0.003581	1.003581
Bly	2	Pip	122	-0.311845	1.311845
Bly	2	Pip	123	0.029778	0.970222
Bly	2	Pip	124	-1.485241	2.485241
Bly	2	Pip	125	0.107053	0.892947
Bly	2	Pip	126	0.154840	0.845160
Bly	2	Pip	127	0.108526	0.891474
Bly	2	Pip	128	0.064458	0.935542
Bly	2	Pip	129	-0.436458	1.436458
Bly	2	Pip	130	-0.164331	1.164331
Bly	2	Pip	131	0.026125	0.973875
Bly	2	Pip	132	0.054984	0.945016
Bly	2	Pip	133	0.046840	0.953160
Bly	3	Bly	1	-1.115958	2.115958
Bly	3	Bly	2	-0.031451	1.031451
Bly	3	Bly	4	0.332460	0.667540
Bly	3	Bly	5	0.325487	0.674513
Bly	3	Bly	6	-1.115958	2.115958
Bly	3	Bly	7	0.629646	0.370354
Bly	3	Bly	8	-0.515215	1.515215
Bly	3	Bly	9	0.407538	0.592462
Bly	3	Bly	10	0.656281	0.343719
Bly	3	Bly	11	0.466679	0.533321
Bly	3	Bly	12	0.490386	0.509614
Bly	3	Bly	13	-0.228529	1.228529
Bly	3	Bly	14	0.555383	0.444617
Bly	3	Bly	15	0.338512	0.661488
Bly	3	Bly	16	0.384736	0.615264
Bly	3	Bly	17	0.475169	0.524831
Bly	3	Bly	18	0.338074	0.661926
Bly	3	Bly	19	0.124675	0.875325
Bly	3	Bly	20	-0.004518	1.004518
Bly	3	Bly	21	0.127556	0.872444
Bly	3	Bly	22	-1.115958	2.115958
Bly	3	Bly	23	0.396782	0.603218
Bly	3	Bly	24	0.348105	0.651895
Bly	3	Bly	25	-0.175505	1.175505
Bly	3	Bly	26	0.556438	0.443562
Bly	3	Bly	27	0.402196	0.597804
Bly	3	Bly	28	-0.025527	1.025527
Bly	3	Bly	29	0.319126	0.680874
Bly	3	Bly	30	0.417824	0.582176
Bly	3	Bly	31	0.604671	0.395329
Bly	3	Bly	32	0.164365	0.835635
Bly	3	Bly	33	0.052526	0.947474
Bly	3	Bre	34	0.506959	0.493041
Bly	3	Bre	35	0.440043	0.559957
Bly	3	Bre	36	-1.058941	2.058941
Bly	3	Bre	37	0.546436	0.453564
Bly	3	Bre	38	0.446918	0.553082
Bly	3	Bre	39	0.474907	0.525093
Bly	3	Bre	40	-0.074702	1.074702
Bly	3	Bre	41	0.482333	0.517667
Bly	3	Bre	42	0.493104	0.506896
Bly	3	Bre	43	-0.738273	1.738273
Bly	3	Bre	44	0.466482	0.533518
Bly	3	Bre	45	0.677473	0.322527
Bly	3	Bre	46	0.523490	0.476510
Bly	3	Bre	47	0.592927	0.407073
Bly	3	Bre	48	0.545610	0.454390
Bly	3	Bre	49	0.586012	0.413988
Bly	3	Bre	50	0.259119	0.740881
Bly	3	Bre	51	0.531519	0.468481
Bly	3	Bre	52	0.697779	0.302221
Bly	3	Bre	53	0.544155	0.455845
Bly	3	Bre	54	0.479697	0.520303
Bly	3	Bre	55	0.601332	0.398668
Bly	3	Bre	56	-1.157021	2.157021
Bly	3	Bre	57	0.425012	0.574988
Bly	3	Bre	58	0.463704	0.536296
Bly	3	Bre	59	0.466898	0.533102
Bly	3	Bre	60	0.517659	0.482341
Bly	3	Bre	61	0.475983	0.524017
Bly	3	Bre	62	0.451417	0.548583
Bly	3	Bre	63	0.309503	0.690497
Bly	3	Bre	64	0.699376	0.300624
Bly	3	Bre	65	0.525233	0.474767
Bly	3	Bre	66	0.476562	0.523438
Bly	3	Ivo	67	0.363359	0.636641
Bly	3	Ivo	68	0.567799	0.432201
Bly	3	Ivo	69	0.202722	0.797278
Bly	3	Ivo	70	0.417063	0.582937
Bly	3	Ivo	71	0.241105	0.758895
Bly	3	Ivo	72	0.552697	0.447303
Bly	3	Ivo	73	0.550842	0.449158
Bly	3	Ivo	74	0.620051	0.379949
Bly	3	Ivo	75	0.464617	0.535383
Bly	3	Ivo	76	0.597547	0.402453
Bly	3	Ivo	77	0.447822	0.552178
Bly	3	Ivo	78	0.662642	0.337358
Bly	3	Ivo	79	0.217604	0.782396
Bly	3	Ivo	80	0.102910	0.897090
Bly	3	Ivo	81	0.480175	0.519825
Bly	3	Ivo	82	0.638047	0.361953
Bly	3	Ivo	83	0.662765	0.337235
Bly	3	Ivo	84	0.456546	0.543454
Bly	3	Ivo	85	0.478791	0.521209
Bly	3	Ivo	86	0.484731	0.515269
Bly	3	Ivo	87	0.284379	0.715621
Bly	3	Ivo	88	0.569902	0.430098
Bly	3	Ivo	89	0.350515	0.649485
Bly	3	Ivo	90	0.308403	0.691597
Bly	3	Ivo	91	0.588967	0.411033
Bly	3	Ivo	92	0.404336	0.595664
Bly	3	Ivo	93	0.491100	0.508900
Bly	3	Ivo	94	0.082814	0.917186
Bly	3	Ivo	95	0.533604	0.466396
Bly	3	Ivo	96	0.508041	0.491959
Bly	3	Ivo	97	0.126596	0.873404
Bly	3	Pip	98	0.483707	0.516293
Bly	3	Pip	99	0.377058	0.622942
Bly	3	Pip	100	0.363982	0.636018
Bly	3	Pip	101	0.449333	0.550667
Bly	3	Pip	102	0.167621	0.832379
Bly	3	Pip	103	0.533714	0.466286
Bly	3	Pip	104	0.296438	0.703562
Bly	3	Pip	105	0.468625	0.531375
Bly	3	Pip	106	0.493192	0.506808
Bly	3	Pip	107	-0.311401	1.311401
Bly	3	Pip	108	-1.115958	2.115958
Bly	3	Pip	109	0.403316	0.596684
Bly	3	Pip	110	0.324181	0.675819
Bly	3	Pip	111	0.347551	0.652449
Bly	3	Pip	112	0.491670	0.508330
Bly	3	Pip	113	0.505949	0.494051
Bly	3	Pip	114	0.423949	0.576051
Bly	3	Pip	115	-0.511151	1.511151
Bly	3	Pip	116	0.519028	0.480972
Bly	3	Pip	117	0.249053	0.750947
Bly	3	Pip	118	0.560344	0.439656
Bly	3	Pip	119	0.121863	0.878137
Bly	3	Pip	120	-0.356432	1.356432
Bly	3	Pip	121	0.476433	0.523567
Bly	3	Pip	122	-0.009137	1.009137
Bly	3	Pip	123	0.580624	0.419376
Bly	3	Pip	124	-1.115958	2.115958
Bly	3	Pip	125	0.571255	0.428745
Bly	3	Pip	126	0.451229	0.548771
Bly	3	Pip	127	0.513490	0.486510
Bly	3	Pip	128	0.450496	0.549504
Bly	3	Pip	129	0.243359	0.756641
Bly	3	Pip	130	0.259938	0.740062
Bly	3	Pip	131	0.507381	0.492619
Bly	3	Pip	132	0.500765	0.499235
Bly	3	Pip	133	0.563563	0.436437
Bly	4	Bly	1	-0.719109	1.719109
Bly	4	Bly	2	0.004962	0.995038
Bly	4	Bly	3	0.332460	0.667540
Bly	4	Bly	5	0.307795	0.692205
Bly	4	Bly	6	-0.719109	1.719109
Bly	4	Bly	7	0.466595	0.533405
Bly	4	Bly	8	-0.681245	1.681245
Bly	4	Bly	9	0.512750	0.487250
Bly	4	Bly	10	0.486287	0.513713
Bly	4	Bly	11	0.567129	0.432871
Bly	4	Bly	12	0.543693	0.456307
Bly	4	Bly	13	-0.068249	1.068249
Bly	4	Bly	14	0.469132	0.530868
Bly	4	Bly	15	0.424336	0.575664
Bly	4	Bly	16	0.305714	0.694286
Bly	4	Bly	17	0.458849	0.541151
Bly	4	Bly	18	0.241900	0.758100
Bly	4	Bly	19	0.034636	0.965364
Bly	4	Bly	20	0.121377	0.878623
Bly	4	Bly	21	0.216444	0.783556
Bly	4	Bly	22	-0.719109	1.719109
Bly	4	Bly	23	0.447929	0.552071
Bly	4	Bly	24	0.433929	0.566071
Bly	4	Bly	25	0.039733	0.960267
Bly	4	Bly	26	0.384645	0.615355
Bly	4	Bly	27	0.429766	0.570234
Bly	4	Bly	28	-0.046236	1.046236
Bly	4	Bly	29	0.312462	0.687538
Bly	4	Bly	30	0.479723	0.520277
Bly	4	Bly	31	0.569460	0.430540
Bly	4	Bly	32	0.224564	0.775436
Bly	4	Bly	33	-0.062512	1.062512
Bly	4	Bre	34	0.452921	0.547079
Bly	4	Bre	35	0.541339	0.458661
Bly	4	Bre	36	-0.662092	1.662092
Bly	4	Bre	37	0.454272	0.545728
Bly	4	Bre	38	0.441573	0.558427
Bly	4	Bre	39	0.386442	0.613558
Bly	4	Bre	40	-0.048997	1.048997
Bly	4	Bre	41	0.477990	0.522010
Bly	4	Bre	42	0.400941	0.599059
Bly	4	Bre	43	-0.462737	1.462737
Bly	4	Bre	44	0.484826	0.515174
Bly	4	Bre	45	0.421128	0.578872
Bly	4	Bre	46	0.511662	0.488338
Bly	4	Bre	47	0.546222	0.453778
Bly	4	Bre	48	0.452302	0.547698
Bly	4	Bre	49	0.235738	0.764262
Bly	4	Bre	50	0.241795	0.758205
Bly	4	Bre	51	0.513983	0.486017
Bly	4	Bre	52	0.418895	0.581105
Bly	4	Bre	53	0.492155	0.507845
Bly	4	Bre	54	0.427696	0.572304
Bly	4	Bre	55	0.368638	0.631362
Bly	4	Bre	56	-0.760173	1.760173
Bly	4	Bre	57	0.373474	0.626526
Bly	4	Bre	58	0.403462	0.596538
Bly	4	Bre	59	0.513976	0.486024
Bly	4	Bre	60	0.388784	0.611216
Bly	4	Bre	61	0.423569	0.576431
Bly	4	Bre	62	0.435297	0.564703
Bly	4	Bre	63	0.400822	0.599178
Bly	4	Bre	64	0.513376	0.486624
Bly	4	Bre	65	0.432519	0.567481
Bly	4	Bre	66	0.424562	0.575438
Bly	4	Ivo	67	0.330628	0.669372
Bly	4	Ivo	68	0.510104	0.489896
Bly	4	Ivo	69	-0.084270	1.084270
Bly	4	Ivo	70	0.282795	0.717205
Bly	4	Ivo	71	0.201768	0.798232
Bly	4	Ivo	72	0.451432	0.548568
Bly	4	Ivo	73	0.430124	0.569876
Bly	4	Ivo	74	0.456543	0.543457
Bly	4	Ivo	75	0.329301	0.670699
Bly	4	Ivo	76	0.425505	0.574495
Bly	4	Ivo	77	0.337839	0.662161
Bly	4	Ivo	78	0.381509	0.618491
Bly	4	Ivo	79	0.227931	0.772069
Bly	4	Ivo	80	-0.176193	1.176193
Bly	4	Ivo	81	0.384641	0.615359
Bly	4	Ivo	82	0.530697	0.469303
Bly	4	Ivo	83	0.504943	0.495057
Bly	4	Ivo	84	0.569641	0.430359
Bly	4	Ivo	85	0.235992	0.764008
Bly	4	Ivo	86	0.513543	0.486457
Bly	4	Ivo	87	0.125106	0.874894
Bly	4	Ivo	88	0.490583	0.509417
Bly	4	Ivo	89	0.221225	0.778775
Bly	4	Ivo	90	0.358377	0.641623
Bly	4	Ivo	91	0.280893	0.719107
Bly	4	Ivo	92	0.264645	0.735355
Bly	4	Ivo	93	0.210472	0.789528
Bly	4	Ivo	94	0.066878	0.933122
Bly	4	Ivo	95	0.427249	0.572751
Bly	4	Ivo	96	0.475538	0.524462
Bly	4	Ivo	97	0.140943	0.859057
Bly	4	Pip	98	0.502845	0.497155
Bly	4	Pip	99	0.197743	0.802257
Bly	4	Pip	100	0.253432	0.746568
Bly	4	Pip	101	0.437536	0.562464
Bly	4	Pip	102	0.176966	0.823034
Bly	4	Pip	103	0.446867	0.553133
Bly	4	Pip	104	0.279607	0.720393
Bly	4	Pip	105	0.457831	0.542169
Bly	4	Pip	106	0.454079	0.545921
Bly	4	Pip	107	-0.002289	1.002289
Bly	4	Pip	108	-0.719109	1.719109
Bly	4	Pip	109	0.357183	0.642817
Bly	4	Pip	110	0.359328	0.640672
Bly	4	Pip	111	0.258657	0.741343
Bly	4	Pip	112	0.456062	0.543938
Bly	4	Pip	113	0.565037	0.434963
Bly	4	Pip	114	0.103283	0.896717
Bly	4	Pip	115	-0.306678	1.306678
Bly	4	Pip	116	0.496276	0.503724
Bly	4	Pip	117	-0.005522	1.005522
Bly	4	Pip	118	0.502378	0.497622
Bly	4	Pip	119	0.154007	0.845993
Bly	4	Pip	120	-0.318252	1.318252
Bly	4	Pip	121	0.383336	0.616664
Bly	4	Pip	122	-0.180891	1.180891
Bly	4	Pip	123	0.564534	0.435466
Bly	4	Pip	124	-0.719109	1.719109
Bly	4	Pip	125	0.446479	0.553521
Bly	4	Pip	126	0.394426	0.605574
Bly	4	Pip	127	0.466815	0.533185
Bly	4	Pip	128	0.567577	0.432423
Bly	4	Pip	129	0.014572	0.985428
Bly	4	Pip	130	0.326173	0.673827
Bly	4	Pip	131	0.537481	0.462519
Bly	4	Pip	132	0.484262	0.515738
Bly	4	Pip	133	0.511593	0.488407
Bly	5	Bly	1	-0.723335	1.723335
Bly	5	Bly	2	-0.119865	1.119865
Bly	5	Bly	3	0.325487	0.674513
Bly	5	Bly	4	0.307795	0.692205
Bly	5	Bly	6	-0.723335	1.723335
Bly	5	Bly	7	0.309510	0.690490
Bly	5	Bly	8	-0.694901	1.694901
Bly	5	Bly	9	0.279713	0.720287
Bly	5	Bly	10	0.387434	0.612566
Bly	5	Bly	11	0.338101	0.661899
Bly	5	Bly	12	0.365348	0.634652
Bly	5	Bly	13	-0.143162	1.143162
Bly	5	Bly	14	0.434576	0.565424
Bly	5	Bly	15	0.370356	0.629644
Bly	5	Bly	16	0.231476	0.768524
Bly	5	Bly	17	0.395333	0.604667
Bly	5	Bly	18	0.178384	0.821616
Bly	5	Bly	19	-0.244880	1.244880
Bly	5	Bly	20	0.023073	0.976927
Bly	5	Bly	21	0.199390	0.800610
Bly	5	Bly	22	-0.723335	1.723335
Bly	5	Bly	23	0.334008	0.665992
Bly	5	Bly	24	0.357746	0.642254
Bly	5	Bly	25	0.018893	0.981107
Bly	5	Bly	26	0.500123	0.499877
Bly	5	Bly	27	0.251187	0.748813
Bly	5	Bly	28	-0.034903	1.034903
Bly	5	Bly	29	0.267958	0.732042
Bly	5	Bly	30	0.355696	0.644304
Bly	5	Bly	31	0.402384	0.597616
Bly	5	Bly	32	0.156143	0.843857
Bly	5	Bly	33	-0.242433	1.242433
Bly	5	Bre	34	0.272708	0.727292
Bly	5	Bre	35	0.363883	0.636117
Bly	5	Bre	36	-0.666318	1.666318
Bly	5	Bre	37	0.390739	0.609261
Bly	5	Bre	38	0.291221	0.708779
Bly	5	Bre	39	0.382192	0.617808
Bly	5	Bre	40	-0.191576	1.191576
Bly	5	Bre	41	0.363674	0.636326
Bly	5	Bre	42	0.301931	0.698069
Bly	5	Bre	43	-0.508957	1.508957
Bly	5	Bre	44	0.349937	0.650063
Bly	5	Bre	45	0.285349	0.714651
Bly	5	Bre	46	0.412653	0.587347
Bly	5	Bre	47	0.410856	0.589144
Bly	5	Bre	48	0.388170	0.611830
Bly	5	Bre	49	0.193889	0.806111
Bly	5	Bre	50	0.234965	0.765035
Bly	5	Bre	51	0.414973	0.585027
Bly	5	Bre	52	0.305656	0.694344
Bly	5	Bre	53	0.391988	0.608012
Bly	5	Bre	54	0.350889	0.649111
Bly	5	Bre	55	0.243673	0.756327
Bly	5	Bre	56	-0.764398	1.764398
Bly	5	Bre	57	0.332298	0.667702
Bly	5	Bre	58	0.156111	0.843889
Bly	5	Bre	59	0.400054	0.599946
Bly	5	Bre	60	0.206815	0.793185
Bly	5	Bre	61	0.359437	0.640563
Bly	5	Bre	62	0.263774	0.736226
Bly	5	Bre	63	0.381848	0.618152
Bly	5	Bre	64	0.343133	0.656867
Bly	5	Bre	65	0.296876	0.703124
Bly	5	Bre	66	0.288919	0.711081
Bly	5	Ivo	67	0.318685	0.681315
Bly	5	Ivo	68	0.362627	0.637373
Bly	5	Ivo	69	-0.166833	1.166833
Bly	5	Ivo	70	0.287650	0.712350
Bly	5	Ivo	71	0.251768	0.748232
Bly	5	Ivo	72	0.425331	0.574669
Bly	5	Ivo	73	0.416429	0.583571
Bly	5	Ivo	74	0.386634	0.613366
Bly	5	Ivo	75	0.389605	0.610395
Bly	5	Ivo	76	0.302184	0.697816
Bly	5	Ivo	77	0.345097	0.654903
Bly	5	Ivo	78	0.339659	0.660341
Bly	5	Ivo	79	0.128794	0.871206
Bly	5	Ivo	80	-0.264689	1.264689
Bly	5	Ivo	81	0.241925	0.758075
Bly	5	Ivo	82	0.353811	0.646189
Bly	5	Ivo	83	0.293180	0.706820
Bly	5	Ivo	84	0.422460	0.577540
Bly	5	Ivo	85	0.194555	0.805445
Bly	5	Ivo	86	0.451520	0.548480
Bly	5	Ivo	87	0.317132	0.682868
Bly	5	Ivo	88	0.368375	0.631625
Bly	5	Ivo	89	0.194019	0.805981
Bly	5	Ivo	90	0.278919	0.721081
Bly	5	Ivo	91	0.369879	0.630121
Bly	5	Ivo	92	0.176606	0.823394
Bly	5	Ivo	93	0.046337	0.953663
Bly	5	Ivo	94	0.039799	0.960201
Bly	5	Ivo	95	0.353336	0.646664
Bly	5	Ivo	96	0.256186	0.743814
Bly	5	Ivo	97	0.202159	0.797841
Bly	5	Pip	98	0.505807	0.494193
Bly	5	Pip	99	0.243244	0.756756
Bly	5	Pip	100	0.026692	0.973308
Bly	5	Pip	101	0.481211	0.518789
Bly	5	Pip	102	-0.123531	1.123531
Bly	5	Pip	103	0.484705	0.515295
Bly	5	Pip	104	0.322279	0.677721
Bly	5	Pip	105	0.316968	0.683032
Bly	5	Pip	106	0.387777	0.612223
Bly	5	Pip	107	-0.158029	1.158029
Bly	5	Pip	108	-0.723335	1.723335
Bly	5	Pip	109	0.453857	0.546143
Bly	5	Pip	110	0.315963	0.684037
Bly	5	Pip	111	0.141672	0.858328
Bly	5	Pip	112	0.422364	0.577636
Bly	5	Pip	113	0.461020	0.538980
Bly	5	Pip	114	0.022931	0.977069
Bly	5	Pip	115	-0.118529	1.118529
Bly	5	Pip	116	0.396263	0.603737
Bly	5	Pip	117	-0.191848	1.191848
Bly	5	Pip	118	0.356997	0.643003
Bly	5	Pip	119	0.240635	0.759365
Bly	5	Pip	120	-0.237736	1.237736
Bly	5	Pip	121	0.548706	0.451294
Bly	5	Pip	122	-0.218331	1.218331
Bly	5	Pip	123	0.425428	0.574572
Bly	5	Pip	124	-0.723335	1.723335
Bly	5	Pip	125	0.501950	0.498050
Bly	5	Pip	126	0.365587	0.634413
Bly	5	Pip	127	0.470053	0.529947
Bly	5	Pip	128	0.386197	0.613803
Bly	5	Pip	129	0.106908	0.893092
Bly	5	Pip	130	0.231732	0.768268
Bly	5	Pip	131	0.352184	0.647816
Bly	5	Pip	132	0.507824	0.492176
Bly	5	Pip	133	0.408366	0.591634
Bly	6	Bly	1	1.000000	0.000000
Bly	6	Bly	2	-1.485241	2.485241
Bly	6	Bly	3	-1.115958	2.115958
Bly	6	Bly	4	-0.719109	1.719109
Bly	6	Bly	5	-0.723335	1.723335
Bly	6	Bly	7	-0.814945	1.814945
Bly	6	Bly	8	-1.143569	2.143569
Bly	6	Bly	9	-0.853803	1.853803
Bly	6	Bly	10	-0.841992	1.841992
Bly	6	Bly	11	-0.854938	1.854938
Bly	6	Bly	12	-0.791329	1.791329
Bly	6	Bly	13	-0.087113	1.087113
Bly	6	Bly	14	-0.706218	1.706218
Bly	6	Bly	15	-0.557026	1.557026
Bly	6	Bly	16	-0.919924	1.919924
Bly	6	Bly	17	-0.628368	1.628368
Bly	6	Bly	18	-0.929160	1.929160
Bly	6	Bly	19	-1.643760	2.643760
Bly	6	Bly	20	-0.338778	1.338778
Bly	6	Bly	21	-0.844810	1.844810
Bly	6	Bly	22	1.000000	0.000000
Bly	6	Bly	23	-0.766796	1.766796
Bly	6	Bly	24	-0.659405	1.659405
Bly	6	Bly	25	-0.046010	1.046010
Bly	6	Bly	26	-0.777953	1.777953
Bly	6	Bly	27	-0.975408	1.975408
Bly	6	Bly	28	-1.251310	2.251310
Bly	6	Bly	29	-0.678088	1.678088
Bly	6	Bly	30	-0.648477	1.648477
Bly	6	Bly	31	-1.031949	2.031949
Bly	6	Bly	32	-0.629097	1.629097
Bly	6	Bly	33	-1.578224	2.578224
Bly	6	Bre	34	-0.945387	1.945387
Bly	6	Bre	35	-0.745050	1.745050
Bly	6	Bre	36	0.942983	0.057017
Bly	6	Bre	37	-0.919536	1.919536
Bly	6	Bre	38	-0.717048	1.717048
Bly	6	Bre	39	-0.796977	1.796977
Bly	6	Bre	40	-1.061798	2.061798
Bly	6	Bre	41	-0.859783	1.859783
Bly	6	Bre	42	-1.008343	2.008343
Bly	6	Bre	43	0.492599	0.507401
Bly	6	Bre	44	-0.771489	1.771489
Bly	6	Bre	45	-1.062166	2.062166
Bly	6	Bre	46	-0.828497	1.828497
Bly	6	Bre	47	-0.863056	1.863056
Bly	6	Bre	48	-0.815740	1.815740
Bly	6	Bre	49	-1.141999	2.141999
Bly	6	Bre	50	-0.914006	1.914006
Bly	6	Bre	51	-0.788936	1.788936
Bly	6	Bre	52	-1.002786	2.002786
Bly	6	Bre	53	-0.849162	1.849162
Bly	6	Bre	54	-0.784704	1.784704
Bly	6	Bre	55	-1.123605	2.123605
Bly	6	Bre	56	0.958937	0.041063
Bly	6	Bre	57	-0.781960	1.781960
Bly	6	Bre	58	-1.191968	2.191968
Bly	6	Bre	59	-0.702151	1.702151
Bly	6	Bre	60	-1.044623	2.044623
Bly	6	Bre	61	-0.746112	1.746112
Bly	6	Bre	62	-0.941496	1.941496
Bly	6	Bre	63	-0.544755	1.544755
Bly	6	Bre	64	-1.004383	2.004383
Bly	6	Bre	65	-0.944274	1.944274
Bly	6	Bre	66	-0.868387	1.868387
Bly	6	Ivo	67	-0.977143	1.977143
Bly	6	Ivo	68	-0.718221	1.718221
Bly	6	Ivo	69	-1.486415	2.486415
Bly	6	Ivo	70	-1.007928	2.007928
Bly	6	Ivo	71	-0.794950	1.794950
Bly	6	Ivo	72	-0.853227	1.853227
Bly	6	Ivo	73	-0.851371	1.851371
Bly	6	Ivo	74	-0.848876	1.848876
Bly	6	Ivo	75	-0.815137	1.815137
Bly	6	Ivo	76	-1.054731	2.054731
Bly	6	Ivo	77	-0.736104	1.736104
Bly	6	Ivo	78	-0.926344	1.926344
Bly	6	Ivo	79	-0.804541	1.804541
Bly	6	Ivo	80	-1.604732	2.604732
Bly	6	Ivo	81	-0.898305	1.898305
Bly	6	Ivo	82	-0.823345	1.823345
Bly	6	Ivo	83	-0.953979	1.953979
Bly	6	Ivo	84	-0.703003	1.703003
Bly	6	Ivo	85	-1.081689	2.081689
Bly	6	Ivo	86	-0.742148	1.742148
Bly	6	Ivo	87	-1.249383	2.249383
Bly	6	Ivo	88	-0.755201	1.755201
Bly	6	Ivo	89	-0.933785	1.933785
Bly	6	Ivo	90	-0.594913	1.594913
Bly	6	Ivo	91	-0.923293	1.923293
Bly	6	Ivo	92	-1.191236	2.191236
Bly	6	Ivo	93	-1.177212	2.177212
Bly	6	Ivo	94	-1.205999	2.205999
Bly	6	Ivo	95	-0.893341	1.893341
Bly	6	Ivo	96	-1.019301	2.019301
Bly	6	Ivo	97	-1.261667	2.261667
Bly	6	Pip	98	-0.841709	1.841709
Bly	6	Pip	99	-1.179365	2.179365
Bly	6	Pip	100	-1.168567	2.168567
Bly	6	Pip	101	-0.635045	1.635045
Bly	6	Pip	102	-1.306700	2.306700
Bly	6	Pip	103	-0.690386	1.690386
Bly	6	Pip	104	-0.714567	1.714567
Bly	6	Pip	105	-0.817321	1.817321
Bly	6	Pip	106	-0.687139	1.687139
Bly	6	Pip	107	-0.097413	1.097413
Bly	6	Pip	108	1.000000	0.000000
Bly	6	Pip	109	-0.568792	1.568792
Bly	6	Pip	110	-0.982903	1.982903
Bly	6	Pip	111	-0.900667	1.900667
Bly	6	Pip	112	-0.887677	1.887677
Bly	6	Pip	113	-0.731962	1.731962
Bly	6	Pip	114	-1.230339	2.230339
Bly	6	Pip	115	0.395194	0.604806
Bly	6	Pip	116	-0.767810	1.767810
Bly	6	Pip	117	-1.405277	2.405277
Bly	6	Pip	118	-0.978794	1.978794
Bly	6	Pip	119	-1.074631	2.074631
Bly	6	Pip	120	-1.436205	2.436205
Bly	6	Pip	121	-0.728807	1.728807
Bly	6	Pip	122	-1.620156	2.620156
Bly	6	Pip	123	-0.886207	1.886207
Bly	6	Pip	124	1.000000	0.000000
Bly	6	Pip	125	-0.920659	1.920659
Bly	6	Pip	126	-0.714931	1.714931
Bly	6	Pip	127	-0.705038	1.705038
Bly	6	Pip	128	-0.877890	1.877890
Bly	6	Pip	129	-1.288215	2.288215
Bly	6	Pip	130	-0.963041	1.963041
Bly	6	Pip	131	-0.745119	1.745119
Bly	6	Pip	132	-0.691900	1.691900
Bly	6	Pip	133	-0.869146	1.869146
Bly	7	Bly	1	-0.814945	1.814945
Bly	7	Bly	2	0.093195	0.906805
Bly	7	Bly	3	0.629646	0.370354
Bly	7	Bly	4	0.466595	0.533405
Bly	7	Bly	5	0.309510	0.690490
Bly	7	Bly	6	-0.814945	1.814945
Bly	7	Bly	8	-0.690497	1.690497
Bly	7	Bly	9	0.502734	0.497266
Bly	7	Bly	10	0.755422	0.244578
Bly	7	Bly	11	0.560299	0.439701
Bly	7	Bly	12	0.660542	0.339458
Bly	7	Bly	13	0.107361	0.892639
Bly	7	Bly	14	0.724217	0.275783
Bly	7	Bly	15	0.355513	0.644487
Bly	7	Bly	16	0.379561	0.620439
Bly	7	Bly	17	0.573830	0.426170
Bly	7	Bly	18	0.430306	0.569694
Bly	7	Bly	19	0.061301	0.938699
Bly	7	Bly	20	-0.096686	1.096686
Bly	7	Bly	21	0.160092	0.839908
Bly	7	Bly	22	-0.814945	1.814945
Bly	7	Bly	23	0.567037	0.432963
Bly	7	Bly	24	0.445350	0.554650
Bly	7	Bly	25	-0.070158	1.070158
Bly	7	Bly	26	0.570772	0.429228
Bly	7	Bly	27	0.464452	0.535548
Bly	7	Bly	28	0.064724	0.935276
Bly	7	Bly	29	0.416507	0.583493
Bly	7	Bly	30	0.411083	0.588917
Bly	7	Bly	31	0.585724	0.414276
Bly	7	Bly	32	0.370125	0.629875
Bly	7	Bly	33	0.031116	0.968884
Bly	7	Bre	34	0.478118	0.521882
Bly	7	Bre	35	0.715144	0.284856
Bly	7	Bre	36	-0.757928	1.757928
Bly	7	Bre	37	0.560672	0.439328
Bly	7	Bre	38	0.507758	0.492242
Bly	7	Bre	39	0.635639	0.364361
Bly	7	Bre	40	0.165522	0.834478
Bly	7	Bre	41	0.497572	0.502428
Bly	7	Bre	42	0.507341	0.492659
Bly	7	Bre	43	-0.437260	1.437260
Bly	7	Bre	44	0.705447	0.294553
Bly	7	Bre	45	0.573995	0.426005
Bly	7	Bre	46	0.720145	0.279855
Bly	7	Bre	47	0.650101	0.349899
Bly	7	Bre	48	0.707387	0.292613
Bly	7	Bre	49	0.445608	0.554392
Bly	7	Bre	50	0.415601	0.584399
Bly	7	Bre	51	0.688001	0.311999
Bly	7	Bre	52	0.628765	0.371235
Bly	7	Bre	53	0.700637	0.299363
Bly	7	Bre	54	0.636178	0.363822
Bly	7	Bre	55	0.497441	0.502559
Bly	7	Bre	56	-0.856008	1.856008
Bly	7	Bre	57	0.622670	0.377330
Bly	7	Bre	58	0.478656	0.521344
Bly	7	Bre	59	0.528741	0.471259
Bly	7	Bre	60	0.413768	0.586232
Bly	7	Bre	61	0.597587	0.402413
Bly	7	Bre	62	0.643779	0.356221
Bly	7	Bre	63	0.471280	0.528720
Bly	7	Bre	64	0.666242	0.333758
Bly	7	Bre	65	0.681715	0.318285
Bly	7	Bre	66	0.679647	0.320353
Bly	7	Ivo	67	0.277247	0.722753
Bly	7	Ivo	68	0.617877	0.382123
Bly	7	Ivo	69	0.062318	0.937682
Bly	7	Ivo	70	0.241782	0.758218
Bly	7	Ivo	71	0.266960	0.733040
Bly	7	Ivo	72	0.566413	0.433587
Bly	7	Ivo	73	0.684137	0.315863
Bly	7	Ivo	74	0.642351	0.357649
Bly	7	Ivo	75	0.515109	0.484891
Bly	7	Ivo	76	0.527487	0.472513
Bly	7	Ivo	77	0.472397	0.527603
Bly	7	Ivo	78	0.638844	0.361156
Bly	7	Ivo	79	0.391383	0.608617
Bly	7	Ivo	80	0.005072	0.994928
Bly	7	Ivo	81	0.574800	0.425200
Bly	7	Ivo	82	0.645679	0.354321
Bly	7	Ivo	83	0.635272	0.364728
Bly	7	Ivo	84	0.620717	0.379283
Bly	7	Ivo	85	0.444339	0.555661
Bly	7	Ivo	86	0.580973	0.419027
Bly	7	Ivo	87	0.297091	0.702909
Bly	7	Ivo	88	0.833136	0.166864
Bly	7	Ivo	89	0.362951	0.637049
Bly	7	Ivo	90	0.418554	0.581446
Bly	7	Ivo	91	0.603164	0.396836
Bly	7	Ivo	92	0.348530	0.651470
Bly	7	Ivo	93	0.422526	0.577474
Bly	7	Ivo	94	0.104107	0.895893
Bly	7	Ivo	95	0.472128	0.527872
Bly	7	Ivo	96	0.481029	0.518971
Bly	7	Ivo	97	0.147752	0.852248
Bly	7	Pip	98	0.499360	0.500640
Bly	7	Pip	99	0.285304	0.714696
Bly	7	Pip	100	0.182379	0.817621
Bly	7	Pip	101	0.623811	0.376189
Bly	7	Pip	102	0.100024	0.899976
Bly	7	Pip	103	0.633143	0.366857
Bly	7	Pip	104	0.423270	0.576730
Bly	7	Pip	105	0.560856	0.439144
Bly	7	Pip	106	0.590573	0.409427
Bly	7	Pip	107	-0.056992	1.056992
Bly	7	Pip	108	-0.814945	1.814945
Bly	7	Pip	109	0.502744	0.497256
Bly	7	Pip	110	0.270357	0.729643
Bly	7	Pip	111	0.279677	0.720323
Bly	7	Pip	112	0.561134	0.438866
Bly	7	Pip	113	0.710599	0.289401
Bly	7	Pip	114	0.209652	0.790348
Bly	7	Pip	115	-0.258789	1.258789
Bly	7	Pip	116	0.618798	0.381202
Bly	7	Pip	117	0.019567	0.980433
Bly	7	Pip	118	0.508763	0.491237
Bly	7	Pip	119	0.105749	0.894251
Bly	7	Pip	120	-0.289295	1.289295
Bly	7	Pip	121	0.527211	0.472789
Bly	7	Pip	122	-0.065011	1.065011
Bly	7	Pip	123	0.597557	0.402443
Bly	7	Pip	124	-0.814945	1.814945
Bly	7	Pip	125	0.528151	0.471849
Bly	7	Pip	126	0.572765	0.427235
Bly	7	Pip	127	0.618490	0.381510
Bly	7	Pip	128	0.473068	0.526932
Bly	7	Pip	129	0.063803	0.936197
Bly	7	Pip	130	0.359196	0.640804
Bly	7	Pip	131	0.593903	0.406097
Bly	7	Pip	132	0.621888	0.378112
Bly	7	Pip	133	0.614618	0.385382
Bly	8	Bly	1	-1.143569	2.143569
Bly	8	Bly	2	-1.167523	2.167523
Bly	8	Bly	3	-0.515215	1.515215
Bly	8	Bly	4	-0.681245	1.681245
Bly	8	Bly	5	-0.694901	1.694901
Bly	8	Bly	6	-1.143569	2.143569
Bly	8	Bly	7	-0.690497	1.690497
Bly	8	Bly	9	-0.657891	1.657891
Bly	8	Bly	10	-0.663863	1.663863
Bly	8	Bly	11	-0.655282	1.655282
Bly	8	Bly	12	-0.672288	1.672288
Bly	8	Bly	13	-1.472270	2.472270
Bly	8	Bly	14	-0.764760	1.764760
Bly	8	Bly	15	-0.368480	1.368480
Bly	8	Bly	16	-0.498535	1.498535
Bly	8	Bly	17	-0.684758	1.684758
Bly	8	Bly	18	-0.905697	1.905697
Bly	8	Bly	19	-0.847077	1.847077
Bly	8	Bly	20	0.055187	0.944813
Bly	8	Bly	21	-0.637121	1.637121
Bly	8	Bly	22	-1.143569	2.143569
Bly	8	Bly	23	-0.696826	1.696826
Bly	8	Bly	24	-0.715824	1.715824
Bly	8	Bly	25	-0.848003	1.848003
Bly	8	Bly	26	-0.623160	1.623160
Bly	8	Bly	27	-0.871344	1.871344
Bly	8	Bly	28	-0.903978	1.903978
Bly	8	Bly	29	-0.621185	1.621185
Bly	8	Bly	30	-0.426006	1.426006
Bly	8	Bly	31	-0.640264	1.640264
Bly	8	Bly	32	-0.736811	1.736811
Bly	8	Bly	33	-0.919256	1.919256
Bly	8	Bre	34	-0.648273	1.648273
Bly	8	Bre	35	-0.833497	1.833497
Bly	8	Bre	36	-1.200587	2.200587
Bly	8	Bre	37	-0.619924	1.619924
Bly	8	Bre	38	-0.656414	1.656414
Bly	8	Bre	39	-0.676771	1.676771
Bly	8	Bre	40	-1.048704	2.048704
Bly	8	Bre	41	-0.719503	1.719503
Bly	8	Bre	42	-0.708731	1.708731
Bly	8	Bre	43	-0.800379	1.800379
Bly	8	Bre	44	-0.735353	1.735353
Bly	8	Bre	45	-0.596067	1.596067
Bly	8	Bre	46	-0.750050	1.750050
Bly	8	Bre	47	-0.643373	1.643373
Bly	8	Bre	48	-0.690690	1.690690
Bly	8	Bre	49	-0.687528	1.687528
Bly	8	Bre	50	-1.014421	2.014421
Bly	8	Bre	51	-0.670316	1.670316
Bly	8	Bre	52	-0.538520	1.538520
Bly	8	Bre	53	-0.693909	1.693909
Bly	8	Bre	54	-0.735008	1.735008
Bly	8	Bre	55	-0.553900	1.553900
Bly	8	Bre	56	-1.184633	2.184633
Bly	8	Bre	57	-0.752451	1.752451
Bly	8	Bre	58	-0.809836	1.809836
Bly	8	Bre	59	-0.519700	1.519700
Bly	8	Bre	60	-0.672037	1.672037
Bly	8	Bre	61	-0.627493	1.627493
Bly	8	Bre	62	-0.822123	1.822123
Bly	8	Bre	63	-0.525144	1.525144
Bly	8	Bre	64	-0.574165	1.574165
Bly	8	Bre	65	-0.748307	1.748307
Bly	8	Bre	66	-0.759737	1.759737
Bly	8	Ivo	67	-0.652720	1.652720
Bly	8	Ivo	68	-0.596355	1.596355
Bly	8	Ivo	69	-0.633901	1.633901
Bly	8	Ivo	70	-0.538803	1.538803
Bly	8	Ivo	71	-0.797446	1.797446
Bly	8	Ivo	72	-0.661395	1.661395
Bly	8	Ivo	73	-0.697715	1.697715
Bly	8	Ivo	74	-0.700092	1.700092
Bly	8	Ivo	75	-0.718504	1.718504
Bly	8	Ivo	76	-0.557404	1.557404
Bly	8	Ivo	77	-0.609685	1.609685
Bly	8	Ivo	78	-0.576434	1.576434
Bly	8	Ivo	79	-0.951503	1.951503
Bly	8	Ivo	80	-1.064035	2.064035
Bly	8	Ivo	81	-0.839968	1.839968
Bly	8	Ivo	82	-0.647632	1.647632
Bly	8	Ivo	83	-0.622914	1.622914
Bly	8	Ivo	84	-0.580198	1.580198
Bly	8	Ivo	85	-0.682295	1.682295
Bly	8	Ivo	86	-0.557251	1.557251
Bly	8	Ivo	87	-0.876707	1.876707
Bly	8	Ivo	88	-0.678536	1.678536
Bly	8	Ivo	89	-0.760763	1.760763
Bly	8	Ivo	90	-0.698373	1.698373
Bly	8	Ivo	91	-0.558846	1.558846
Bly	8	Ivo	92	-0.672907	1.672907
Bly	8	Ivo	93	-0.751053	1.751053
Bly	8	Ivo	94	-0.913390	1.913390
Bly	8	Ivo	95	-0.527290	1.527290
Bly	8	Ivo	96	-0.522194	1.522194
Bly	8	Ivo	97	-0.514047	1.514047
Bly	8	Pip	98	-0.608574	1.608574
Bly	8	Pip	99	-0.671697	1.671697
Bly	8	Pip	100	-0.805578	1.805578
Bly	8	Pip	101	-0.718126	1.718126
Bly	8	Pip	102	-0.819761	1.819761
Bly	8	Pip	103	-0.593031	1.593031
Bly	8	Pip	104	-0.871021	1.871021
Bly	8	Pip	105	-0.622364	1.622364
Bly	8	Pip	106	-0.536090	1.536090
Bly	8	Pip	107	-1.293104	2.293104
Bly	8	Pip	108	-1.143569	2.143569
Bly	8	Pip	109	-0.550559	1.550559
Bly	8	Pip	110	-0.707311	1.707311
Bly	8	Pip	111	-0.591182	1.591182
Bly	8	Pip	112	-0.588473	1.588473
Bly	8	Pip	113	-0.620796	1.620796
Bly	8	Pip	114	-0.750618	1.750618
Bly	8	Pip	115	-0.766832	1.766832
Bly	8	Pip	116	-0.586642	1.586642
Bly	8	Pip	117	-0.977851	1.977851
Bly	8	Pip	118	-0.488411	1.488411
Bly	8	Pip	119	-0.843000	1.843000
Bly	8	Pip	120	-1.266204	2.266204
Bly	8	Pip	121	-0.656562	1.656562
Bly	8	Pip	122	-1.062587	2.062587
Bly	8	Pip	123	-0.617708	1.617708
Bly	8	Pip	124	-1.143569	2.143569
Bly	8	Pip	125	-0.555490	1.555490
Bly	8	Pip	126	-0.608887	1.608887
Bly	8	Pip	127	-0.613255	1.613255
Bly	8	Pip	128	-0.705929	1.705929
Bly	8	Pip	129	-1.002087	2.002087
Bly	8	Pip	130	-0.563757	1.563757
Bly	8	Pip	131	-0.553791	1.553791
Bly	8	Pip	132	-0.620184	1.620184
Bly	8	Pip	133	-0.634769	1.634769
Bly	9	Bly	1	-0.853803	1.853803
Bly	9	Bly	2	0.065513	0.934487
Bly	9	Bly	3	0.407538	0.592462
Bly	9	Bly	4	0.512750	0.487250
Bly	9	Bly	5	0.279713	0.720287
Bly	9	Bly	6	-0.853803	1.853803
Bly	9	Bly	7	0.502734	0.497266
Bly	9	Bly	8	-0.657891	1.657891
Bly	9	Bly	10	0.595488	0.404512
Bly	9	Bly	11	0.633471	0.366529
Bly	9	Bly	12	0.486626	0.513374
Bly	9	Bly	13	-0.101034	1.101034
Bly	9	Bly	14	0.568860	0.431140
Bly	9	Bly	15	0.515490	0.484510
Bly	9	Bly	16	0.402742	0.597258
Bly	9	Bly	17	0.604390	0.395610
Bly	9	Bly	18	0.347269	0.652731
Bly	9	Bly	19	0.058671	0.941329
Bly	9	Bly	20	0.200104	0.799896
Bly	9	Bly	21	0.236258	0.763742
Bly	9	Bly	22	-0.853803	1.853803
Bly	9	Bly	23	0.562020	0.437980
Bly	9	Bly	24	0.667137	0.332863
Bly	9	Bly	25	0.119693	0.880307
Bly	9	Bly	26	0.708550	0.291450
Bly	9	Bly	27	0.354637	0.645363
Bly	9	Bly	28	0.012069	0.987931
Bly	9	Bly	29	0.538944	0.461056
Bly	9	Bly	30	0.654113	0.345887
Bly	9	Bly	31	0.494331	0.505669
Bly	9	Bly	32	0.214100	0.785900
Bly	9	Bly	33	0.082242	0.917758
Bly	9	Bre	34	0.440931	0.559069
Bly	9	Bre	35	0.520905	0.479095
Bly	9	Bre	36	-0.796786	1.796786
Bly	9	Bre	37	0.550548	0.449452
Bly	9	Bre	38	0.429540	0.570460
Bly	9	Bre	39	0.445501	0.554499
Bly	9	Bre	40	-0.069431	1.069431
Bly	9	Bre	41	0.488200	0.511800
Bly	9	Bre	42	0.497216	0.502784
Bly	9	Bre	43	-0.547246	1.547246
Bly	9	Bre	44	0.593734	0.406266
Bly	9	Bre	45	0.412678	0.587322
Bly	9	Bre	46	0.533795	0.466205
Bly	9	Bre	47	0.461718	0.538282
Bly	9	Bre	48	0.474434	0.525566
Bly	9	Bre	49	0.264213	0.735787
Bly	9	Bre	50	0.304100	0.695900
Bly	9	Bre	51	0.576288	0.423712
Bly	9	Bre	52	0.410444	0.589556
Bly	9	Bre	53	0.517827	0.482173
Bly	9	Bre	54	0.453368	0.546632
Bly	9	Bre	55	0.428280	0.571720
Bly	9	Bre	56	-0.894866	1.894866
Bly	9	Bre	57	0.395607	0.604393
Bly	9	Bre	58	0.282023	0.717977
Bly	9	Bre	59	0.547759	0.452241
Bly	9	Bre	60	0.448426	0.551574
Bly	9	Bre	61	0.485874	0.514126
Bly	9	Bre	62	0.460969	0.539031
Bly	9	Bre	63	0.417833	0.582167
Bly	9	Bre	64	0.469045	0.530955
Bly	9	Bre	65	0.458190	0.541810
Bly	9	Bre	66	0.496836	0.503164
Bly	9	Ivo	67	0.448423	0.551577
Bly	9	Ivo	68	0.691818	0.308182
Bly	9	Ivo	69	-0.009191	1.009191
Bly	9	Ivo	70	0.415996	0.584004
Bly	9	Ivo	71	0.310968	0.689032
Bly	9	Ivo	72	0.633146	0.366854
Bly	9	Ivo	73	0.386584	0.613416
Bly	9	Ivo	74	0.595692	0.404308
Bly	9	Ivo	75	0.511015	0.488985
Bly	9	Ivo	76	0.549233	0.450767
Bly	9	Ivo	77	0.514432	0.485568
Bly	9	Ivo	78	0.526590	0.473410
Bly	9	Ivo	79	0.332547	0.667453
Bly	9	Ivo	80	-0.001490	1.001490
Bly	9	Ivo	81	0.450983	0.549017
Bly	9	Ivo	82	0.633212	0.366788
Bly	9	Ivo	83	0.537456	0.462544
Bly	9	Ivo	84	0.571490	0.428510
Bly	9	Ivo	85	0.334470	0.665530
Bly	9	Ivo	86	0.604560	0.395440
Bly	9	Ivo	87	0.296851	0.703149
Bly	9	Ivo	88	0.562603	0.437397
Bly	9	Ivo	89	0.404986	0.595014
Bly	9	Ivo	90	0.449394	0.550606
Bly	9	Ivo	91	0.425974	0.574026
Bly	9	Ivo	92	0.361213	0.638787
Bly	9	Ivo	93	0.198732	0.801268
Bly	9	Ivo	94	0.168236	0.831764
Bly	9	Ivo	95	0.496395	0.503605
Bly	9	Ivo	96	0.566173	0.433827
Bly	9	Ivo	97	0.163486	0.836514
Bly	9	Pip	98	0.599873	0.400127
Bly	9	Pip	99	0.346088	0.653912
Bly	9	Pip	100	0.331679	0.668321
Bly	9	Pip	101	0.496301	0.503699
Bly	9	Pip	102	0.123326	0.876674
Bly	9	Pip	103	0.545805	0.454195
Bly	9	Pip	104	0.338372	0.661628
Bly	9	Pip	105	0.479963	0.520037
Bly	9	Pip	106	0.521232	0.478768
Bly	9	Pip	107	0.025096	0.974904
Bly	9	Pip	108	-0.853803	1.853803
Bly	9	Pip	109	0.456121	0.543879
Bly	9	Pip	110	0.505006	0.494994
Bly	9	Pip	111	0.299609	0.700391
Bly	9	Pip	112	0.548607	0.451393
Bly	9	Pip	113	0.627342	0.372658
Bly	9	Pip	114	0.132218	0.867782
Bly	9	Pip	115	-0.248997	1.248997
Bly	9	Pip	116	0.488578	0.511422
Bly	9	Pip	117	0.022660	0.977340
Bly	9	Pip	118	0.413280	0.586720
Bly	9	Pip	119	0.228345	0.771655
Bly	9	Pip	120	-0.292563	1.292563
Bly	9	Pip	121	0.482274	0.517726
Bly	9	Pip	122	-0.183214	1.183214
Bly	9	Pip	123	0.593470	0.406530
Bly	9	Pip	124	-0.853803	1.853803
Bly	9	Pip	125	0.511587	0.488413
Bly	9	Pip	126	0.456731	0.543269
Bly	9	Pip	127	0.525581	0.474419
Bly	9	Pip	128	0.467422	0.532578
Bly	9	Pip	129	0.074967	0.925033
Bly	9	Pip	130	0.272370	0.727630
Bly	9	Pip	131	0.685069	0.314931
Bly	9	Pip	132	0.583200	0.416800
Bly	9	Pip	133	0.610531	0.389469
Bly	10	Bly	1	-0.841992	1.841992
Bly	10	Bly	2	0.139940	0.860060
Bly	10	Bly	3	0.656281	0.343719
Bly	10	Bly	4	0.486287	0.513713
Bly	10	Bly	5	0.387434	0.612566
Bly	10	Bly	6	-0.841992	1.841992
Bly	10	Bly	7	0.755422	0.244578
Bly	10	Bly	8	-0.663863	1.663863
Bly	10	Bly	9	0.595488	0.404512
Bly	10	Bly	11	0.725386	0.274614
Bly	10	Bly	12	0.738853	0.261147
Bly	10	Bly	13	0.080313	0.919687
Bly	10	Bly	14	0.815575	0.184425
Bly	10	Bly	15	0.457944	0.542056
Bly	10	Bly	16	0.513589	0.486411
Bly	10	Bly	17	0.664122	0.335878
Bly	10	Bly	18	0.488281	0.511719
Bly	10	Bly	19	0.086496	0.913504
Bly	10	Bly	20	-0.017199	1.017199
Bly	10	Bly	21	0.259276	0.740724
Bly	10	Bly	22	-0.841992	1.841992
Bly	10	Bly	23	0.670748	0.329252
Bly	10	Bly	24	0.501178	0.498822
Bly	10	Bly	25	0.013448	0.986552
Bly	10	Bly	26	0.745873	0.254127
Bly	10	Bly	27	0.556024	0.443976
Bly	10	Bly	28	0.158071	0.841929
Bly	10	Bly	29	0.469332	0.530668
Bly	10	Bly	30	0.537256	0.462744
Bly	10	Bly	31	0.667313	0.332687
Bly	10	Bly	32	0.383844	0.616156
Bly	10	Bly	33	0.159750	0.840250
Bly	10	Bre	34	0.572387	0.427613
Bly	10	Bre	35	0.735113	0.264887
Bly	10	Bre	36	-0.784975	1.784975
Bly	10	Bre	37	0.660514	0.339486
Bly	10	Bre	38	0.526119	0.473881
Bly	10	Bre	39	0.659508	0.340492
Bly	10	Bre	40	0.144777	0.855223
Bly	10	Bre	41	0.597414	0.402586
Bly	10	Bre	42	0.607182	0.392818
Bly	10	Bre	43	-0.464308	1.464308
Bly	10	Bre	44	0.761552	0.238448
Bly	10	Bre	45	0.661420	0.338580
Bly	10	Bre	46	0.818560	0.181440
Bly	10	Bre	47	0.783116	0.216884
Bly	10	Bre	48	0.759199	0.240801
Bly	10	Bre	49	0.547833	0.452167
Bly	10	Bre	50	0.554188	0.445812
Bly	10	Bre	51	0.826589	0.173411
Bly	10	Bre	52	0.659600	0.340400
Bly	10	Bre	53	0.839225	0.160775
Bly	10	Bre	54	0.774766	0.225234
Bly	10	Bre	55	0.528276	0.471724
Bly	10	Bre	56	-0.883056	1.883056
Bly	10	Bre	57	0.644491	0.355509
Bly	10	Bre	58	0.568544	0.431456
Bly	10	Bre	59	0.547102	0.452898
Bly	10	Bre	60	0.548210	0.451790
Bly	10	Bre	61	0.736175	0.263825
Bly	10	Bre	62	0.746487	0.253513
Bly	10	Bre	63	0.534818	0.465182
Bly	10	Bre	64	0.754081	0.245919
Bly	10	Bre	65	0.779589	0.220411
Bly	10	Bre	66	0.771632	0.228368
Bly	10	Ivo	67	0.359033	0.640967
Bly	10	Ivo	68	0.716520	0.283480
Bly	10	Ivo	69	0.164543	0.835457
Bly	10	Ivo	70	0.429357	0.570643
Bly	10	Ivo	71	0.430058	0.569942
Bly	10	Ivo	72	0.740647	0.259353
Bly	10	Ivo	73	0.637425	0.362575
Bly	10	Ivo	74	0.844363	0.155637
Bly	10	Ivo	75	0.723807	0.276193
Bly	10	Ivo	76	0.598115	0.401885
Bly	10	Ivo	77	0.597025	0.402975
Bly	10	Ivo	78	0.694466	0.305534
Bly	10	Ivo	79	0.360436	0.639564
Bly	10	Ivo	80	0.029854	0.970146
Bly	10	Ivo	81	0.663292	0.336708
Bly	10	Ivo	82	0.777347	0.222653
Bly	10	Ivo	83	0.681590	0.318410
Bly	10	Ivo	84	0.605267	0.394733
Bly	10	Ivo	85	0.515970	0.484030
Bly	10	Ivo	86	0.666845	0.333155
Bly	10	Ivo	87	0.368722	0.631278
Bly	10	Ivo	88	0.708784	0.291216
Bly	10	Ivo	89	0.464841	0.535159
Bly	10	Ivo	90	0.510126	0.489874
Bly	10	Ivo	91	0.676814	0.323186
Bly	10	Ivo	92	0.462894	0.537106
Bly	10	Ivo	93	0.378815	0.621185
Bly	10	Ivo	94	0.192058	0.807942
Bly	10	Ivo	95	0.635394	0.364606
Bly	10	Ivo	96	0.471347	0.528653
Bly	10	Ivo	97	0.148793	0.851207
Bly	10	Pip	98	0.598788	0.401212
Bly	10	Pip	99	0.483280	0.516720
Bly	10	Pip	100	0.188738	0.811262
Bly	10	Pip	101	0.756690	0.243310
Bly	10	Pip	102	0.146736	0.853264
Bly	10	Pip	103	0.730604	0.269396
Bly	10	Pip	104	0.479554	0.520446
Bly	10	Pip	105	0.616865	0.383135
Bly	10	Pip	106	0.641431	0.358569
Bly	10	Pip	107	-0.037436	1.037436
Bly	10	Pip	108	-0.841992	1.841992
Bly	10	Pip	109	0.640919	0.359081
Bly	10	Pip	110	0.443132	0.556868
Bly	10	Pip	111	0.377138	0.622862
Bly	10	Pip	112	0.687555	0.312445
Bly	10	Pip	113	0.778429	0.221571
Bly	10	Pip	114	0.221764	0.778236
Bly	10	Pip	115	-0.285836	1.285836
Bly	10	Pip	116	0.645915	0.354085
Bly	10	Pip	117	0.043818	0.956182
Bly	10	Pip	118	0.633708	0.366292
Bly	10	Pip	119	0.275691	0.724309
Bly	10	Pip	120	-0.153954	1.153954
Bly	10	Pip	121	0.624672	0.375328
Bly	10	Pip	122	-0.033543	1.033543
Bly	10	Pip	123	0.693738	0.306262
Bly	10	Pip	124	-0.841992	1.841992
Bly	10	Pip	125	0.697138	0.302862
Bly	10	Pip	126	0.669223	0.330777
Bly	10	Pip	127	0.745256	0.254744
Bly	10	Pip	128	0.604323	0.395677
Bly	10	Pip	129	0.076051	0.923949
Bly	10	Pip	130	0.338174	0.661826
Bly	10	Pip	131	0.655620	0.344380
Bly	10	Pip	132	0.649004	0.350996
Bly	10	Pip	133	0.746680	0.253320
Bly	11	Bly	1	-0.854938	1.854938
Bly	11	Bly	2	0.097499	0.902501
Bly	11	Bly	3	0.466679	0.533321
Bly	11	Bly	4	0.567129	0.432871
Bly	11	Bly	5	0.338101	0.661899
Bly	11	Bly	6	-0.854938	1.854938
Bly	11	Bly	7	0.560299	0.439701
Bly	11	Bly	8	-0.655282	1.655282
Bly	11	Bly	9	0.633471	0.366529
Bly	11	Bly	10	0.725386	0.274614
Bly	11	Bly	12	0.853155	0.146845
Bly	11	Bly	13	0.110893	0.889107
Bly	11	Bly	14	0.668811	0.331189
Bly	11	Bly	15	0.374680	0.625320
Bly	11	Bly	16	0.509113	0.490887
Bly	11	Bly	17	0.696370	0.303630
Bly	11	Bly	18	0.485851	0.514149
Bly	11	Bly	19	0.133224	0.866776
Bly	11	Bly	20	0.026059	0.973941
Bly	11	Bly	21	0.089982	0.910018
Bly	11	Bly	22	-0.854938	1.854938
Bly	11	Bly	23	0.546065	0.453935
Bly	11	Bly	24	0.454276	0.545724
Bly	11	Bly	25	0.006973	0.993027
Bly	11	Bly	26	0.625500	0.374500
Bly	11	Bly	27	0.439981	0.560019
Bly	11	Bly	28	0.035743	0.964257
Bly	11	Bly	29	0.420292	0.579708
Bly	11	Bly	30	0.542320	0.457680
Bly	11	Bly	31	0.661155	0.338845
Bly	11	Bly	32	0.387610	0.612390
Bly	11	Bly	33	0.037243	0.962757
Bly	11	Bre	34	0.574652	0.425348
Bly	11	Bre	35	0.697192	0.302808
Bly	11	Bre	36	-0.797921	1.797921
Bly	11	Bre	37	0.616176	0.383824
Bly	11	Bre	38	0.481781	0.518219
Bly	11	Bre	39	0.507418	0.492582
Bly	11	Bre	40	0.106856	0.893144
Bly	11	Bre	41	0.553076	0.446924
Bly	11	Bre	42	0.562844	0.437156
Bly	11	Bre	43	-0.511748	1.511748
Bly	11	Bre	44	0.680852	0.319148
Bly	11	Bre	45	0.623975	0.376025
Bly	11	Bre	46	0.703396	0.296604
Bly	11	Bre	47	0.631319	0.368681
Bly	11	Bre	48	0.644036	0.355964
Bly	11	Bre	49	0.473462	0.526538
Bly	11	Bre	50	0.551692	0.448308
Bly	11	Bre	51	0.709256	0.290744
Bly	11	Bre	52	0.544165	0.455835
Bly	11	Bre	53	0.687428	0.312572
Bly	11	Bre	54	0.622969	0.377031
Bly	11	Bre	55	0.493908	0.506092
Bly	11	Bre	56	-0.896001	1.896001
Bly	11	Bre	57	0.529327	0.470673
Bly	11	Bre	58	0.457811	0.542189
Bly	11	Bre	59	0.537442	0.462558
Bly	11	Bre	60	0.514054	0.485946
Bly	11	Bre	61	0.655475	0.344525
Bly	11	Bre	62	0.594689	0.405311
Bly	11	Bre	63	0.454118	0.545882
Bly	11	Bre	64	0.638646	0.361354
Bly	11	Bre	65	0.627792	0.372208
Bly	11	Bre	66	0.619835	0.380165
Bly	11	Ivo	67	0.405088	0.594912
Bly	11	Ivo	68	0.594192	0.405808
Bly	11	Ivo	69	0.200057	0.799943
Bly	11	Ivo	70	0.392132	0.607868
Bly	11	Ivo	71	0.351505	0.648495
Bly	11	Ivo	72	0.657427	0.342573
Bly	11	Ivo	73	0.525944	0.474056
Bly	11	Ivo	74	0.732275	0.267725
Bly	11	Ivo	75	0.569153	0.430847
Bly	11	Ivo	76	0.561498	0.438502
Bly	11	Ivo	77	0.555105	0.444895
Bly	11	Ivo	78	0.574005	0.425995
Bly	11	Ivo	79	0.348907	0.651093
Bly	11	Ivo	80	-0.004733	1.004733
Bly	11	Ivo	81	0.624492	0.375508
Bly	11	Ivo	82	0.699452	0.300548
Bly	11	Ivo	83	0.603695	0.396305
Bly	11	Ivo	84	0.639778	0.360222
Bly	11	Ivo	85	0.396388	0.603612
Bly	11	Ivo	86	0.655045	0.344955
Bly	11	Ivo	87	0.284894	0.715106
Bly	11	Ivo	88	0.619165	0.380835
Bly	11	Ivo	89	0.422921	0.577079
Bly	11	Ivo	90	0.486310	0.513690
Bly	11	Ivo	91	0.605425	0.394575
Bly	11	Ivo	92	0.389915	0.610085
Bly	11	Ivo	93	0.224769	0.775231
Bly	11	Ivo	94	0.272607	0.727393
Bly	11	Ivo	95	0.632978	0.367022
Bly	11	Ivo	96	0.552775	0.447225
Bly	11	Ivo	97	0.232089	0.767911
Bly	11	Pip	98	0.627095	0.372905
Bly	11	Pip	99	0.403472	0.596528
Bly	11	Pip	100	0.229184	0.770816
Bly	11	Pip	101	0.626492	0.373508
Bly	11	Pip	102	0.229089	0.770911
Bly	11	Pip	103	0.641119	0.358881
Bly	11	Pip	104	0.432683	0.567317
Bly	11	Pip	105	0.695928	0.304072
Bly	11	Pip	106	0.677824	0.322176
Bly	11	Pip	107	-0.039437	1.039437
Bly	11	Pip	108	-0.854938	1.854938
Bly	11	Pip	109	0.551435	0.448565
Bly	11	Pip	110	0.483577	0.516423
Bly	11	Pip	111	0.424814	0.575186
Bly	11	Pip	112	0.613681	0.386319
Bly	11	Pip	113	0.688945	0.311055
Bly	11	Pip	114	0.227532	0.772468
Bly	11	Pip	115	-0.250132	1.250132
Bly	11	Pip	116	0.592088	0.407912
Bly	11	Pip	117	0.126171	0.873829
Bly	11	Pip	118	0.470664	0.529336
Bly	11	Pip	119	0.280404	0.719596
Bly	11	Pip	120	-0.191854	1.191854
Bly	11	Pip	121	0.577588	0.422412
Bly	11	Pip	122	-0.076689	1.076689
Bly	11	Pip	123	0.652903	0.347097
Bly	11	Pip	124	-0.854938	1.854938
Bly	11	Pip	125	0.534095	0.465905
Bly	11	Pip	126	0.707572	0.292428
Bly	11	Pip	127	0.655772	0.344228
Bly	11	Pip	128	0.689026	0.310974
Bly	11	Pip	129	0.146265	0.853735
Bly	11	Pip	130	0.381813	0.618187
Bly	11	Pip	131	0.703296	0.296704
Bly	11	Pip	132	0.650078	0.349922
Bly	11	Pip	133	0.705845	0.294155
Bly	12	Bly	1	-0.791329	1.791329
Bly	12	Bly	2	0.161379	0.838621
Bly	12	Bly	3	0.490386	0.509614
Bly	12	Bly	4	0.543693	0.456307
Bly	12	Bly	5	0.365348	0.634652
Bly	12	Bly	6	-0.791329	1.791329
Bly	12	Bly	7	0.660542	0.339458
Bly	12	Bly	8	-0.672288	1.672288
Bly	12	Bly	9	0.486626	0.513374
Bly	12	Bly	10	0.738853	0.261147
Bly	12	Bly	11	0.853155	0.146845
Bly	12	Bly	13	0.127900	0.872100
Bly	12	Bly	14	0.685817	0.314183
Bly	12	Bly	15	0.398117	0.601883
Bly	12	Bly	16	0.449584	0.550416
Bly	12	Bly	17	0.683444	0.316556
Bly	12	Bly	18	0.466495	0.533505
Bly	12	Bly	19	0.110328	0.889672
Bly	12	Bly	20	-0.037550	1.037550
Bly	12	Bly	21	0.153862	0.846138
Bly	12	Bly	22	-0.791329	1.791329
Bly	12	Bly	23	0.569501	0.430499
Bly	12	Bly	24	0.441350	0.558650
Bly	12	Bly	25	0.030681	0.969319
Bly	12	Bly	26	0.602334	0.397666
Bly	12	Bly	27	0.427056	0.572944
Bly	12	Bly	28	0.135985	0.864015
Bly	12	Bly	29	0.443999	0.556001
Bly	12	Bly	30	0.519154	0.480846
Bly	12	Bly	31	0.607516	0.392484
Bly	12	Bly	32	0.394647	0.605353
Bly	12	Bly	33	0.014347	0.985653
Bly	12	Bre	34	0.555296	0.444704
Bly	12	Bre	35	0.760801	0.239199
Bly	12	Bre	36	-0.734312	1.734312
Bly	12	Bre	37	0.603250	0.396750
Bly	12	Bre	38	0.468855	0.531145
Bly	12	Bre	39	0.571028	0.428972
Bly	12	Bre	40	0.170465	0.829535
Bly	12	Bre	41	0.540150	0.459850
Bly	12	Bre	42	0.549919	0.450081
Bly	12	Bre	43	-0.448138	1.448138
Bly	12	Bre	44	0.704289	0.295711
Bly	12	Bre	45	0.694286	0.305714
Bly	12	Bre	46	0.767005	0.232995
Bly	12	Bre	47	0.731562	0.268438
Bly	12	Bre	48	0.754248	0.245752
Bly	12	Bre	49	0.543773	0.456227
Bly	12	Bre	50	0.575128	0.424872
Bly	12	Bre	51	0.769325	0.230675
Bly	12	Bre	52	0.614476	0.385524
Bly	12	Bre	53	0.747498	0.252502
Bly	12	Bre	54	0.683039	0.316961
Bly	12	Bre	55	0.517616	0.482384
Bly	12	Bre	56	-0.832392	1.832392
Bly	12	Bre	57	0.592937	0.407063
Bly	12	Bre	58	0.564484	0.435516
Bly	12	Bre	59	0.524516	0.475484
Bly	12	Bre	60	0.491159	0.508841
Bly	12	Bre	61	0.678912	0.321088
Bly	12	Bre	62	0.654759	0.345241
Bly	12	Bre	63	0.517727	0.482273
Bly	12	Bre	64	0.708956	0.291044
Bly	12	Bre	65	0.687861	0.312139
Bly	12	Bre	66	0.679905	0.320095
Bly	12	Ivo	67	0.304845	0.695155
Bly	12	Ivo	68	0.607658	0.392342
Bly	12	Ivo	69	0.183051	0.816949
Bly	12	Ivo	70	0.332603	0.667397
Bly	12	Ivo	71	0.375213	0.624787
Bly	12	Ivo	72	0.634532	0.365468
Bly	12	Ivo	73	0.626187	0.373813
Bly	12	Ivo	74	0.709109	0.290891
Bly	12	Ivo	75	0.545986	0.454014
Bly	12	Ivo	76	0.538602	0.461398
Bly	12	Ivo	77	0.542179	0.457821
Bly	12	Ivo	78	0.644315	0.355685
Bly	12	Ivo	79	0.459119	0.540881
Bly	12	Ivo	80	-0.021739	1.021739
Bly	12	Ivo	81	0.564964	0.435036
Bly	12	Ivo	82	0.676556	0.323444
Bly	12	Ivo	83	0.627403	0.372597
Bly	12	Ivo	84	0.622500	0.377500
Bly	12	Ivo	85	0.503060	0.496940
Bly	12	Ivo	86	0.678753	0.321247
Bly	12	Ivo	87	0.318572	0.681428
Bly	12	Ivo	88	0.636443	0.363557
Bly	12	Ivo	89	0.409995	0.590005
Bly	12	Ivo	90	0.473384	0.526616
Bly	12	Ivo	91	0.618892	0.381108
Bly	12	Ivo	92	0.403382	0.596618
Bly	12	Ivo	93	0.284839	0.715161
Bly	12	Ivo	94	0.125762	0.874238
Bly	12	Ivo	95	0.569098	0.430902
Bly	12	Ivo	96	0.535497	0.464503
Bly	12	Ivo	97	0.131846	0.868154
Bly	12	Pip	98	0.573455	0.426545
Bly	12	Pip	99	0.303230	0.696770
Bly	12	Pip	100	0.175544	0.824456
Bly	12	Pip	101	0.653739	0.346261
Bly	12	Pip	102	0.175449	0.824551
Bly	12	Pip	103	0.587480	0.412520
Bly	12	Pip	104	0.459930	0.540070
Bly	12	Pip	105	0.682461	0.317539
Bly	12	Pip	106	0.701532	0.298468
Bly	12	Pip	107	-0.063144	1.063144
Bly	12	Pip	108	-0.791329	1.791329
Bly	12	Pip	109	0.497795	0.502205
Bly	12	Pip	110	0.383335	0.616665
Bly	12	Pip	111	0.324572	0.675428
Bly	12	Pip	112	0.550071	0.449929
Bly	12	Pip	113	0.635305	0.364695
Bly	12	Pip	114	0.173893	0.826107
Bly	12	Pip	115	-0.186523	1.186523
Bly	12	Pip	116	0.579163	0.420837
Bly	12	Pip	117	0.025928	0.974072
Bly	12	Pip	118	0.493831	0.506169
Bly	12	Pip	119	0.261048	0.738952
Bly	12	Pip	120	-0.251924	1.251924
Bly	12	Pip	121	0.564662	0.435338
Bly	12	Pip	122	-0.093696	1.093696
Bly	12	Pip	123	0.599264	0.400736
Bly	12	Pip	124	-0.791329	1.791329
Bly	12	Pip	125	0.517089	0.482911
Bly	12	Pip	126	0.694646	0.305354
Bly	12	Pip	127	0.642305	0.357695
Bly	12	Pip	128	0.635387	0.364613
Bly	12	Pip	129	0.139229	0.860771
Bly	12	Pip	130	0.368347	0.631653
Bly	12	Pip	131	0.603054	0.396946
Bly	12	Pip	132	0.596438	0.403562
Bly	12	Pip	133	0.652206	0.347794
Bly	13	Bly	1	-0.087113	1.087113
Bly	13	Bly	2	-0.469715	1.469715
Bly	13	Bly	3	-0.228529	1.228529
Bly	13	Bly	4	-0.068249	1.068249
Bly	13	Bly	5	-0.143162	1.143162
Bly	13	Bly	6	-0.087113	1.087113
Bly	13	Bly	7	0.107361	0.892639
Bly	13	Bly	8	-1.472270	2.472270
Bly	13	Bly	9	-0.101034	1.101034
Bly	13	Bly	10	0.080313	0.919687
Bly	13	Bly	11	0.110893	0.889107
Bly	13	Bly	12	0.127900	0.872100
Bly	13	Bly	14	0.085742	0.914258
Bly	13	Bly	15	-0.282749	1.282749
Bly	13	Bly	16	-0.255753	1.255753
Bly	13	Bly	17	0.104120	0.895880
Bly	13	Bly	18	-0.112829	1.112829
Bly	13	Bly	19	-0.643464	1.643464
Bly	13	Bly	20	-0.790929	1.790929
Bly	13	Bly	21	-0.514986	1.514986
Bly	13	Bly	22	-0.087113	1.087113
Bly	13	Bly	23	-0.063994	1.063994
Bly	13	Bly	24	-0.064824	1.064824
Bly	13	Bly	25	-0.530145	1.530145
Bly	13	Bly	26	-0.033209	1.033209
Bly	13	Bly	27	-0.099705	1.099705
Bly	13	Bly	28	-0.416966	1.416966
Bly	13	Bly	29	-0.135997	1.135997
Bly	13	Bly	30	-0.150990	1.150990
Bly	13	Bly	31	-0.022826	1.022826
Bly	13	Bly	32	0.187756	0.812244
Bly	13	Bly	33	-0.690382	1.690382
Bly	13	Bre	34	-0.141389	1.141389
Bly	13	Bre	35	0.130653	0.869347
Bly	13	Bre	36	-0.030096	1.030096
Bly	13	Bre	37	-0.151013	1.151013
Bly	13	Bre	38	-0.203928	1.203928
Bly	13	Bre	39	-0.078014	1.078014
Bly	13	Bre	40	-0.326530	1.326530
Bly	13	Bre	41	-0.214113	1.214113
Bly	13	Bre	42	-0.204345	1.204345
Bly	13	Bre	43	0.163898	0.836102
Bly	13	Bre	44	0.032509	0.967491
Bly	13	Bre	45	-0.108473	1.108473
Bly	13	Bre	46	0.047206	0.952794
Bly	13	Bre	47	-0.059472	1.059472
Bly	13	Bre	48	-0.012155	1.012155
Bly	13	Bre	49	-0.293863	1.293863
Bly	13	Bre	50	-0.052492	1.052492
Bly	13	Bre	51	-0.021571	1.021571
Bly	13	Bre	52	-0.223160	1.223160
Bly	13	Bre	53	-0.008935	1.008935
Bly	13	Bre	54	-0.073394	1.073394
Bly	13	Bre	55	-0.354484	1.354484
Bly	13	Bre	56	-0.128177	1.128177
Bly	13	Bre	57	-0.037211	1.037211
Bly	13	Bre	58	-0.238275	1.238275
Bly	13	Bre	59	-0.148268	1.148268
Bly	13	Bre	60	-0.299874	1.299874
Bly	13	Bre	61	-0.075352	1.075352
Bly	13	Bre	62	-0.065793	1.065793
Bly	13	Bre	63	-0.201659	1.201659
Bly	13	Bre	64	-0.128680	1.128680
Bly	13	Bre	65	-0.068571	1.068571
Bly	13	Bre	66	-0.029925	1.029925
Bly	13	Ivo	67	-0.306462	1.306462
Bly	13	Ivo	68	0.011080	0.988920
Bly	13	Ivo	69	-0.607982	1.607982
Bly	13	Ivo	70	-0.360184	1.360184
Bly	13	Ivo	71	-0.239385	1.239385
Bly	13	Ivo	72	-0.108482	1.108482
Bly	13	Ivo	73	-0.094365	1.094365
Bly	13	Ivo	74	0.038553	0.961447
Bly	13	Ivo	75	0.056964	0.943036
Bly	13	Ivo	76	-0.251015	1.251015
Bly	13	Ivo	77	-0.069404	1.069404
Bly	13	Ivo	78	-0.085105	1.085105
Bly	13	Ivo	79	-0.092490	1.092490
Bly	13	Ivo	80	-0.719060	1.719060
Bly	13	Ivo	81	-0.010876	1.010876
Bly	13	Ivo	82	-0.029217	1.029217
Bly	13	Ivo	83	-0.124973	1.124973
Bly	13	Ivo	84	-0.023765	1.023765
Bly	13	Ivo	85	-0.334163	1.334163
Bly	13	Ivo	86	-0.100142	1.100142
Bly	13	Ivo	87	-0.444777	1.444777
Bly	13	Ivo	88	0.060523	0.939477
Bly	13	Ivo	89	-0.272150	1.272150
Bly	13	Ivo	90	-0.150750	1.150750
Bly	13	Ivo	91	-0.088298	1.088298
Bly	13	Ivo	92	-0.422116	1.422116
Bly	13	Ivo	93	-0.435437	1.435437
Bly	13	Ivo	94	-0.485822	1.485822
Bly	13	Ivo	95	-0.077086	1.077086
Bly	13	Ivo	96	-0.265092	1.265092
Bly	13	Ivo	97	-0.586260	1.586260
Bly	13	Pip	98	-0.108690	1.108690
Bly	13	Pip	99	-0.278462	1.278462
Bly	13	Pip	100	-0.506738	1.506738
Bly	13	Pip	101	0.073602	0.926398
Bly	13	Pip	102	-0.553436	1.553436
Bly	13	Pip	103	0.042220	0.957780
Bly	13	Pip	104	-0.040797	1.040797
Bly	13	Pip	105	0.036060	0.963940
Bly	13	Pip	106	0.063820	0.936180
Bly	13	Pip	107	0.536753	0.463247
Bly	13	Pip	108	-0.087113	1.087113
Bly	13	Pip	109	-0.009057	1.009057
Bly	13	Pip	110	-0.298947	1.298947
Bly	13	Pip	111	-0.230930	1.230930
Bly	13	Pip	112	-0.033376	1.033376
Bly	13	Pip	113	0.072154	0.927846
Bly	13	Pip	114	-0.520392	1.520392
Bly	13	Pip	115	0.165749	0.834251
Bly	13	Pip	116	-0.018452	1.018452
Bly	13	Pip	117	-0.529574	1.529574
Bly	13	Pip	118	-0.211312	1.211312
Bly	13	Pip	119	-0.369293	1.369293
Bly	13	Pip	120	-0.745243	1.745243
Bly	13	Pip	121	-0.030665	1.030665
Bly	13	Pip	122	-0.641263	1.641263
Bly	13	Pip	123	-0.047138	1.047138
Bly	13	Pip	124	-0.087113	1.087113
Bly	13	Pip	125	-0.066359	1.066359
Bly	13	Pip	126	0.101740	0.898260
Bly	13	Pip	127	0.027567	0.972433
Bly	13	Pip	128	0.075803	0.924197
Bly	13	Pip	129	-0.518563	1.518563
Bly	13	Pip	130	-0.137466	1.137466
Bly	13	Pip	131	0.010423	0.989577
Bly	13	Pip	132	-0.015363	1.015363
Bly	13	Pip	133	-0.030076	1.030076
Bly	14	Bly	1	-0.706218	1.706218
Bly	14	Bly	2	0.080218	0.919782
Bly	14	Bly	3	0.555383	0.444617
Bly	14	Bly	4	0.469132	0.530868
Bly	14	Bly	5	0.434576	0.565424
Bly	14	Bly	6	-0.706218	1.706218
Bly	14	Bly	7	0.724217	0.275783
Bly	14	Bly	8	-0.764760	1.764760
Bly	14	Bly	9	0.568860	0.431140
Bly	14	Bly	10	0.815575	0.184425
Bly	14	Bly	11	0.668811	0.331189
Bly	14	Bly	12	0.685817	0.314183
Bly	14	Bly	13	0.085742	0.914258
Bly	14	Bly	15	0.429560	0.570440
Bly	14	Bly	16	0.437309	0.562691
Bly	14	Bly	17	0.672372	0.327628
Bly	14	Bly	18	0.536703	0.463297
Bly	14	Bly	19	-0.006713	1.006713
Bly	14	Bly	20	-0.081463	1.081463
Bly	14	Bly	21	0.222415	0.777585
Bly	14	Bly	22	-0.706218	1.706218
Bly	14	Bly	23	0.592434	0.407566
Bly	14	Bly	24	0.509427	0.490573
Bly	14	Bly	25	0.050586	0.949414
Bly	14	Bly	26	0.752842	0.247158
Bly	14	Bly	27	0.491483	0.508517
Bly	14	Bly	28	0.133227	0.866773
Bly	14	Bly	29	0.403035	0.596965
Bly	14	Bly	30	0.509625	0.490375
Bly	14	Bly	31	0.568171	0.431829
Bly	14	Bly	32	0.436166	0.563834
Bly	14	Bly	33	-0.024674	1.024674
Bly	14	Bre	34	0.513418	0.486582
Bly	14	Bre	35	0.789191	0.210809
Bly	14	Bre	36	-0.649201	1.649201
Bly	14	Bre	37	0.595973	0.404027
Bly	14	Bre	38	0.461578	0.538422
Bly	14	Bre	39	0.705898	0.294102
Bly	14	Bre	40	0.233732	0.766268
Bly	14	Bre	41	0.604383	0.395617
Bly	14	Bre	42	0.542641	0.457359
Bly	14	Bre	43	-0.424002	1.424002
Bly	14	Bre	44	0.732892	0.267108
Bly	14	Bre	45	0.525646	0.474354
Bly	14	Bre	46	0.794192	0.205808
Bly	14	Bre	47	0.722391	0.277609
Bly	14	Bre	48	0.769708	0.230292
Bly	14	Bre	49	0.412059	0.587941
Bly	14	Bre	50	0.489648	0.510352
Bly	14	Bre	51	0.762048	0.237952
Bly	14	Bre	52	0.582661	0.417339
Bly	14	Bre	53	0.738051	0.261949
Bly	14	Bre	54	0.673592	0.326408
Bly	14	Bre	55	0.427379	0.572621
Bly	14	Bre	56	-0.747281	1.747281
Bly	14	Bre	57	0.690881	0.309119
Bly	14	Bre	58	0.432769	0.567231
Bly	14	Bre	59	0.517438	0.482562
Bly	14	Bre	60	0.506148	0.493852
Bly	14	Bre	61	0.706511	0.293489
Bly	14	Bre	62	0.681193	0.318807
Bly	14	Bre	63	0.604163	0.395837
Bly	14	Bre	64	0.618306	0.381694
Bly	14	Bre	65	0.678415	0.321585
Bly	14	Bre	66	0.670458	0.329542
Bly	14	Ivo	67	0.337334	0.662666
Bly	14	Ivo	68	0.688136	0.311864
Bly	14	Ivo	69	0.087605	0.912395
Bly	14	Ivo	70	0.365092	0.634908
Bly	14	Ivo	71	0.329160	0.670840
Bly	14	Ivo	72	0.712263	0.287737
Bly	14	Ivo	73	0.748582	0.251418
Bly	14	Ivo	74	0.822665	0.177335
Bly	14	Ivo	75	0.660546	0.339454
Bly	14	Ivo	76	0.498220	0.501780
Bly	14	Ivo	77	0.567361	0.432639
Bly	14	Ivo	78	0.558691	0.441309
Bly	14	Ivo	79	0.431061	0.568939
Bly	14	Ivo	80	-0.026722	1.026722
Bly	14	Ivo	81	0.677474	0.322526
Bly	14	Ivo	82	0.813731	0.186269
Bly	14	Ivo	83	0.683098	0.316902
Bly	14	Ivo	84	0.654050	0.345950
Bly	14	Ivo	85	0.473908	0.526092
Bly	14	Ivo	86	0.567703	0.432297
Bly	14	Ivo	87	0.306214	0.693786
Bly	14	Ivo	88	0.712456	0.287544
Bly	14	Ivo	89	0.494013	0.505987
Bly	14	Ivo	90	0.490648	0.509352
Bly	14	Ivo	91	0.575917	0.424083
Bly	14	Ivo	92	0.361997	0.638003
Bly	14	Ivo	93	0.372634	0.627366
Bly	14	Ivo	94	0.170083	0.829917
Bly	14	Ivo	95	0.578819	0.421181
Bly	14	Ivo	96	0.414771	0.585229
Bly	14	Ivo	97	0.128098	0.871902
Bly	14	Pip	98	0.570881	0.429119
Bly	14	Pip	99	0.372122	0.627878
Bly	14	Pip	100	0.126230	0.873770
Bly	14	Pip	101	0.779142	0.220858
Bly	14	Pip	102	0.047594	0.952406
Bly	14	Pip	103	0.688924	0.311076
Bly	14	Pip	104	0.621413	0.378587
Bly	14	Pip	105	0.628654	0.371346
Bly	14	Pip	106	0.575134	0.424866
Bly	14	Pip	107	0.039503	0.960497
Bly	14	Pip	108	-0.706218	1.706218
Bly	14	Pip	109	0.599239	0.400761
Bly	14	Pip	110	0.415501	0.584499
Bly	14	Pip	111	0.347474	0.652526
Bly	14	Pip	112	0.582330	0.417670
Bly	14	Pip	113	0.701119	0.298881
Bly	14	Pip	114	0.228733	0.771267
Bly	14	Pip	115	-0.160247	1.160247
Bly	14	Pip	116	0.603482	0.396518
Bly	14	Pip	117	-0.020723	1.020723
Bly	14	Pip	118	0.526089	0.473911
Bly	14	Pip	119	0.288233	0.711767
Bly	14	Pip	120	-0.155462	1.155462
Bly	14	Pip	121	0.631642	0.368358
Bly	14	Pip	122	-0.145454	1.145454
Bly	14	Pip	123	0.667110	0.332890
Bly	14	Pip	124	-0.706218	1.706218
Bly	14	Pip	125	0.549347	0.450653
Bly	14	Pip	126	0.640563	0.359437
Bly	14	Pip	127	0.709148	0.290852
Bly	14	Pip	128	0.583628	0.416372
Bly	14	Pip	129	-0.023090	1.023090
Bly	14	Pip	130	0.429162	0.570838
Bly	14	Pip	131	0.663870	0.336130
Bly	14	Pip	132	0.691855	0.308145
Bly	14	Pip	133	0.684171	0.315829
Bly	15	Bly	1	-0.557026	1.557026
Bly	15	Bly	2	-0.176858	1.176858
Bly	15	Bly	3	0.338512	0.661488
Bly	15	Bly	4	0.424336	0.575664
Bly	15	Bly	5	0.370356	0.629644
Bly	15	Bly	6	-0.557026	1.557026
Bly	15	Bly	7	0.355513	0.644487
Bly	15	Bly	8	-0.368480	1.368480
Bly	15	Bly	9	0.515490	0.484510
Bly	15	Bly	10	0.457944	0.542056
Bly	15	Bly	11	0.374680	0.625320
Bly	15	Bly	12	0.398117	0.601883
Bly	15	Bly	13	-0.282749	1.282749
Bly	15	Bly	14	0.429560	0.570440
Bly	15	Bly	16	0.334009	0.665991
Bly	15	Bly	17	0.502895	0.497105
Bly	15	Bly	18	0.208533	0.791467
Bly	15	Bly	19	-0.231886	1.231886
Bly	15	Bly	20	0.347325	0.652675
Bly	15	Bly	21	0.484174	0.515826
Bly	15	Bly	22	-0.557026	1.557026
Bly	15	Bly	23	0.491097	0.508903
Bly	15	Bly	24	0.548201	0.451799
Bly	15	Bly	25	0.274550	0.725450
Bly	15	Bly	26	0.500786	0.499214
Bly	15	Bly	27	0.287660	0.712340
Bly	15	Bly	28	-0.019653	1.019653
Bly	15	Bly	29	0.462621	0.537379
Bly	15	Bly	30	0.714447	0.285553
Bly	15	Bly	31	0.352146	0.647854
Bly	15	Bly	32	0.103374	0.896626
Bly	15	Bly	33	-0.173821	1.173821
Bly	15	Bre	34	0.411195	0.588805
Bly	15	Bre	35	0.466890	0.533110
Bly	15	Bre	36	-0.500009	1.500009
Bly	15	Bre	37	0.602890	0.397110
Bly	15	Bre	38	0.498307	0.501693
Bly	15	Bre	39	0.511300	0.488700
Bly	15	Bre	40	-0.088569	1.088569
Bly	15	Bre	41	0.503311	0.496689
Bly	15	Bre	42	0.514083	0.485917
Bly	15	Bre	43	-0.179341	1.179341
Bly	15	Bre	44	0.530358	0.469642
Bly	15	Bre	45	0.392304	0.607696
Bly	15	Bre	46	0.479780	0.520220
Bly	15	Bre	47	0.549824	0.450176
Bly	15	Bre	48	0.492538	0.507462
Bly	15	Bre	49	0.206914	0.793086
Bly	15	Bre	50	0.250086	0.749914
Bly	15	Bre	51	0.522880	0.477120
Bly	15	Bre	52	0.427312	0.572688
Bly	15	Bre	53	0.499287	0.500713
Bly	15	Bre	54	0.458189	0.541811
Bly	15	Bre	55	0.433421	0.566579
Bly	15	Bre	56	-0.598090	1.598090
Bly	15	Bre	57	0.472546	0.527454
Bly	15	Bre	58	0.261085	0.738915
Bly	15	Bre	59	0.669699	0.330301
Bly	15	Bre	60	0.453567	0.546433
Bly	15	Bre	61	0.503977	0.496023
Bly	15	Bre	62	0.406954	0.593046
Bly	15	Bre	63	0.704686	0.295314
Bly	15	Bre	64	0.448671	0.551329
Bly	15	Bre	65	0.404176	0.595824
Bly	15	Bre	66	0.433460	0.566540
Bly	15	Ivo	67	0.329322	0.670678
Bly	15	Ivo	68	0.555265	0.444735
Bly	15	Ivo	69	-0.125275	1.125275
Bly	15	Ivo	70	0.455798	0.544202
Bly	15	Ivo	71	0.280767	0.719233
Bly	15	Ivo	72	0.529071	0.470929
Bly	15	Ivo	73	0.425507	0.574493
Bly	15	Ivo	74	0.493025	0.506975
Bly	15	Ivo	75	0.445059	0.554941
Bly	15	Ivo	76	0.434203	0.565797
Bly	15	Ivo	77	0.466416	0.533584
Bly	15	Ivo	78	0.352684	0.647316
Bly	15	Ivo	79	0.267788	0.732212
Bly	15	Ivo	80	-0.322792	1.322792
Bly	15	Ivo	81	0.348880	0.651120
Bly	15	Ivo	82	0.494184	0.505816
Bly	15	Ivo	83	0.433553	0.566447
Bly	15	Ivo	84	0.604267	0.395733
Bly	15	Ivo	85	0.278406	0.721594
Bly	15	Ivo	86	0.559052	0.440948
Bly	15	Ivo	87	0.132915	0.867085
Bly	15	Ivo	88	0.451138	0.548862
Bly	15	Ivo	89	0.349802	0.650198
Bly	15	Ivo	90	0.460813	0.539187
Bly	15	Ivo	91	0.453730	0.546270
Bly	15	Ivo	92	0.365790	0.634210
Bly	15	Ivo	93	0.166068	0.833932
Bly	15	Ivo	94	0.110186	0.889814
Bly	15	Ivo	95	0.425233	0.574767
Bly	15	Ivo	96	0.460665	0.539335
Bly	15	Ivo	97	0.184701	0.815299
Bly	15	Pip	98	0.539245	0.460755
Bly	15	Pip	99	0.155327	0.844673
Bly	15	Pip	100	0.234849	0.765151
Bly	15	Pip	101	0.406384	0.593616
Bly	15	Pip	102	0.038145	0.961855
Bly	15	Pip	103	0.450051	0.549949
Bly	15	Pip	104	0.283332	0.716668
Bly	15	Pip	105	0.349256	0.650744
Bly	15	Pip	106	0.438406	0.561594
Bly	15	Pip	107	-0.080899	1.080899
Bly	15	Pip	108	-0.557026	1.557026
Bly	15	Pip	109	0.419202	0.580798
Bly	15	Pip	110	0.432651	0.567349
Bly	15	Pip	111	0.249305	0.750695
Bly	15	Pip	112	0.334447	0.665553
Bly	15	Pip	113	0.533344	0.466656
Bly	15	Pip	114	0.082522	0.917478
Bly	15	Pip	115	0.047780	0.952220
Bly	15	Pip	116	0.525591	0.474409
Bly	15	Pip	117	-0.119525	1.119525
Bly	15	Pip	118	0.315725	0.684275
Bly	15	Pip	119	0.159779	0.840221
Bly	15	Pip	120	-0.338816	1.338816
Bly	15	Pip	121	0.427234	0.572766
Bly	15	Pip	122	-0.327371	1.327371
Bly	15	Pip	123	0.461255	0.538745
Bly	15	Pip	124	-0.557026	1.557026
Bly	15	Pip	125	0.414033	0.585967
Bly	15	Pip	126	0.403446	0.596554
Bly	15	Pip	127	0.429827	0.570173
Bly	15	Pip	128	0.334914	0.665086
Bly	15	Pip	129	0.050972	0.949028
Bly	15	Pip	130	0.175032	0.824968
Bly	15	Pip	131	0.471125	0.528875
Bly	15	Pip	132	0.451335	0.548665
Bly	15	Pip	133	0.408313	0.591687
Bly	16	Bly	1	-0.919924	1.919924
Bly	16	Bly	2	-0.310109	1.310109
Bly	16	Bly	3	0.384736	0.615264
Bly	16	Bly	4	0.305714	0.694286
Bly	16	Bly	5	0.231476	0.768524
Bly	16	Bly	6	-0.919924	1.919924
Bly	16	Bly	7	0.379561	0.620439
Bly	16	Bly	8	-0.498535	1.498535
Bly	16	Bly	9	0.402742	0.597258
Bly	16	Bly	10	0.513589	0.486411
Bly	16	Bly	11	0.509113	0.490887
Bly	16	Bly	12	0.449584	0.550416
Bly	16	Bly	13	-0.255753	1.255753
Bly	16	Bly	14	0.437309	0.562691
Bly	16	Bly	15	0.334009	0.665991
Bly	16	Bly	17	0.554236	0.445764
Bly	16	Bly	18	0.370539	0.629461
Bly	16	Bly	19	-0.208200	1.208200
Bly	16	Bly	20	-0.082533	1.082533
Bly	16	Bly	21	0.066684	0.933316
Bly	16	Bly	22	-0.919924	1.919924
Bly	16	Bly	23	0.450625	0.549375
Bly	16	Bly	24	0.312143	0.687857
Bly	16	Bly	25	-0.106663	1.106663
Bly	16	Bly	26	0.436947	0.563053
Bly	16	Bly	27	0.331017	0.668983
Bly	16	Bly	28	-0.212395	1.212395
Bly	16	Bly	29	0.245778	0.754222
Bly	16	Bly	30	0.538465	0.461535
Bly	16	Bly	31	0.399573	0.600427
Bly	16	Bly	32	0.050303	0.949697
Bly	16	Bly	33	-0.104351	1.104351
Bly	16	Bre	34	0.469558	0.530442
Bly	16	Bre	35	0.406105	0.593895
Bly	16	Bre	36	-0.862907	1.862907
Bly	16	Bre	37	0.579174	0.420826
Bly	16	Bre	38	0.411564	0.588436
Bly	16	Bre	39	0.363329	0.636671
Bly	16	Bre	40	-0.149354	1.149354
Bly	16	Bre	41	0.587585	0.412415
Bly	16	Bre	42	0.525843	0.474157
Bly	16	Bre	43	-0.684430	1.684430
Bly	16	Bre	44	0.467009	0.532991
Bly	16	Bre	45	0.475768	0.524232
Bly	16	Bre	46	0.489552	0.510448
Bly	16	Bre	47	0.522355	0.477645
Bly	16	Bre	48	0.465069	0.534931
Bly	16	Bre	49	0.290378	0.709622
Bly	16	Bre	50	0.225181	0.774819
Bly	16	Bre	51	0.532045	0.467955
Bly	16	Bre	52	0.439071	0.560929
Bly	16	Bre	53	0.473584	0.526416
Bly	16	Bre	54	0.514683	0.485317
Bly	16	Bre	55	0.491784	0.508216
Bly	16	Bre	56	-0.960988	1.960988
Bly	16	Bre	57	0.350361	0.649639
Bly	16	Bre	58	0.309604	0.690396
Bly	16	Bre	59	0.467425	0.532575
Bly	16	Bre	60	0.477253	0.522747
Bly	16	Bre	61	0.476509	0.523491
Bly	16	Bre	62	0.380846	0.619154
Bly	16	Bre	63	0.310029	0.689971
Bly	16	Bre	64	0.533552	0.466448
Bly	16	Bre	65	0.413948	0.586052
Bly	16	Bre	66	0.405991	0.594009
Bly	16	Ivo	67	0.251791	0.748209
Bly	16	Ivo	68	0.370961	0.629039
Bly	16	Ivo	69	-0.139515	1.139515
Bly	16	Ivo	70	0.316584	0.683416
Bly	16	Ivo	71	0.172738	0.827262
Bly	16	Ivo	72	0.433814	0.566186
Bly	16	Ivo	73	0.293135	0.706865
Bly	16	Ivo	74	0.429463	0.570537
Bly	16	Ivo	75	0.274029	0.725971
Bly	16	Ivo	76	0.336377	0.663623
Bly	16	Ivo	77	0.380208	0.619792
Bly	16	Ivo	78	0.364231	0.635769
Bly	16	Ivo	79	0.135647	0.864353
Bly	16	Ivo	80	-0.202694	1.202694
Bly	16	Ivo	81	0.321680	0.678320
Bly	16	Ivo	82	0.396639	0.603361
Bly	16	Ivo	83	0.374755	0.625245
Bly	16	Ivo	84	0.343237	0.656763
Bly	16	Ivo	85	0.217621	0.782379
Bly	16	Ivo	86	0.408663	0.591337
Bly	16	Ivo	87	0.107884	0.892116
Bly	16	Ivo	88	0.365003	0.634997
Bly	16	Ivo	89	0.282901	0.717099
Bly	16	Ivo	90	0.427256	0.572744
Bly	16	Ivo	91	0.305935	0.694065
Bly	16	Ivo	92	0.353114	0.646886
Bly	16	Ivo	93	0.108149	0.891851
Bly	16	Ivo	94	0.036552	0.963448
Bly	16	Ivo	95	0.328830	0.671170
Bly	16	Ivo	96	0.398199	0.601801
Bly	16	Ivo	97	0.311210	0.688790
Bly	16	Pip	98	0.551718	0.448282
Bly	16	Pip	99	0.223103	0.776897
Bly	16	Pip	100	0.153807	0.846193
Bly	16	Pip	101	0.463437	0.536563
Bly	16	Pip	102	0.117079	0.882921
Bly	16	Pip	103	0.507105	0.492895
Bly	16	Pip	104	0.221179	0.778821
Bly	16	Pip	105	0.398640	0.601360
Bly	16	Pip	106	0.386574	0.613426
Bly	16	Pip	107	-0.182601	1.182601
Bly	16	Pip	108	-0.919924	1.919924
Bly	16	Pip	109	0.417420	0.582580
Bly	16	Pip	110	0.404331	0.595669
Bly	16	Pip	111	0.275519	0.724481
Bly	16	Pip	112	0.402223	0.597777
Bly	16	Pip	113	0.483420	0.516580
Bly	16	Pip	114	0.153617	0.846383
Bly	16	Pip	115	-0.469325	1.469325
Bly	16	Pip	116	0.532157	0.467843
Bly	16	Pip	117	-0.053931	1.053931
Bly	16	Pip	118	0.375645	0.624355
Bly	16	Pip	119	0.138903	0.861097
Bly	16	Pip	120	-0.290743	1.290743
Bly	16	Pip	121	0.435638	0.564362
Bly	16	Pip	122	-0.261424	1.261424
Bly	16	Pip	123	0.505365	0.494635
Bly	16	Pip	124	-0.919924	1.919924
Bly	16	Pip	125	0.435206	0.564794
Bly	16	Pip	126	0.381244	0.618756
Bly	16	Pip	127	0.486880	0.513120
Bly	16	Pip	128	0.384299	0.615701
Bly	16	Pip	129	0.034256	0.965744
Bly	16	Pip	130	0.226586	0.773414
Bly	16	Pip	131	0.520632	0.479368
Bly	16	Pip	132	0.467413	0.532587
Bly	16	Pip	133	0.488304	0.511696
Bly	17	Bly	1	-0.628368	1.628368
Bly	17	Bly	2	-0.040368	1.040368
Bly	17	Bly	3	0.475169	0.524831
Bly	17	Bly	4	0.458849	0.541151
Bly	17	Bly	5	0.395333	0.604667
Bly	17	Bly	6	-0.628368	1.628368
Bly	17	Bly	7	0.573830	0.426170
Bly	17	Bly	8	-0.684758	1.684758
Bly	17	Bly	9	0.604390	0.395610
Bly	17	Bly	10	0.664122	0.335878
Bly	17	Bly	11	0.696370	0.303630
Bly	17	Bly	12	0.683444	0.316556
Bly	17	Bly	13	0.104120	0.895880
Bly	17	Bly	14	0.672372	0.327628
Bly	17	Bly	15	0.502895	0.497105
Bly	17	Bly	16	0.554236	0.445764
Bly	17	Bly	18	0.566855	0.433145
Bly	17	Bly	19	-0.129693	1.129693
Bly	17	Bly	20	0.033216	0.966784
Bly	17	Bly	21	0.220336	0.779664
Bly	17	Bly	22	-0.628368	1.628368
Bly	17	Bly	23	0.601158	0.398842
Bly	17	Bly	24	0.628486	0.371514
Bly	17	Bly	25	0.105484	0.894516
Bly	17	Bly	26	0.636130	0.363870
Bly	17	Bly	27	0.506801	0.493199
Bly	17	Bly	28	0.057345	0.942655
Bly	17	Bly	29	0.524735	0.475265
Bly	17	Bly	30	0.599553	0.400447
Bly	17	Bly	31	0.524683	0.475317
Bly	17	Bly	32	0.273441	0.726559
Bly	17	Bly	33	-0.035747	1.035747
Bly	17	Bre	34	0.550629	0.449371
Bly	17	Bre	35	0.675846	0.324154
Bly	17	Bre	36	-0.571351	1.571351
Bly	17	Bre	37	0.638756	0.361244
Bly	17	Bre	38	0.585841	0.414159
Bly	17	Bre	39	0.598392	0.401608
Bly	17	Bre	40	0.120387	0.879613
Bly	17	Bre	41	0.647167	0.352833
Bly	17	Bre	42	0.585424	0.414576
Bly	17	Bre	43	-0.287316	1.287316
Bly	17	Bre	44	0.785916	0.214084
Bly	17	Bre	45	0.566202	0.433798
Bly	17	Bre	46	0.688735	0.311265
Bly	17	Bre	47	0.688777	0.311223
Bly	17	Bre	48	0.701493	0.298507
Bly	17	Bre	49	0.380812	0.619188
Bly	17	Bre	50	0.459041	0.540959
Bly	17	Bre	51	0.768469	0.231531
Bly	17	Bre	52	0.566746	0.433254
Bly	17	Bre	53	0.672767	0.327233
Bly	17	Bre	54	0.608308	0.391692
Bly	17	Bre	55	0.504763	0.495237
Bly	17	Bre	56	-0.669431	1.669431
Bly	17	Bre	57	0.622665	0.377335
Bly	17	Bre	58	0.400038	0.599962
Bly	17	Bre	59	0.676379	0.323621
Bly	17	Bre	60	0.524909	0.475091
Bly	17	Bre	61	0.712933	0.287067
Bly	17	Bre	62	0.615909	0.384091
Bly	17	Bre	63	0.546453	0.453547
Bly	17	Bre	64	0.623985	0.376015
Bly	17	Bre	65	0.613131	0.386869
Bly	17	Bre	66	0.689018	0.310982
Bly	17	Ivo	67	0.414142	0.585858
Bly	17	Ivo	68	0.677943	0.322057
Bly	17	Ivo	69	-0.014404	1.014404
Bly	17	Ivo	70	0.402986	0.597014
Bly	17	Ivo	71	0.490442	0.509558
Bly	17	Ivo	72	0.703554	0.296446
Bly	17	Ivo	73	0.492872	0.507128
Bly	17	Ivo	74	0.663323	0.336677
Bly	17	Ivo	75	0.543770	0.456230
Bly	17	Ivo	76	0.489511	0.510489
Bly	17	Ivo	77	0.659165	0.340835
Bly	17	Ivo	78	0.605947	0.394053
Bly	17	Ivo	79	0.451990	0.548010
Bly	17	Ivo	80	-0.112260	1.112260
Bly	17	Ivo	81	0.591420	0.408580
Bly	17	Ivo	82	0.666380	0.333620
Bly	17	Ivo	83	0.535746	0.464254
Bly	17	Ivo	84	0.650219	0.349781
Bly	17	Ivo	85	0.451481	0.548519
Bly	17	Ivo	86	0.726367	0.273633
Bly	17	Ivo	87	0.341744	0.658256
Bly	17	Ivo	88	0.669937	0.330063
Bly	17	Ivo	89	0.515255	0.484745
Bly	17	Ivo	90	0.590753	0.409247
Bly	17	Ivo	91	0.501049	0.498951
Bly	17	Ivo	92	0.400770	0.599230
Bly	17	Ivo	93	0.269140	0.730860
Bly	17	Ivo	94	0.084208	0.915792
Bly	17	Ivo	95	0.453941	0.546059
Bly	17	Ivo	96	0.445855	0.554145
Bly	17	Ivo	97	0.195544	0.804456
Bly	17	Pip	98	0.608736	0.391264
Bly	17	Pip	99	0.257031	0.742969
Bly	17	Pip	100	0.210825	0.789175
Bly	17	Pip	101	0.613971	0.386029
Bly	17	Pip	102	0.127494	0.872506
Bly	17	Pip	103	0.657638	0.342362
Bly	17	Pip	104	0.490919	0.509081
Bly	17	Pip	105	0.633704	0.366296
Bly	17	Pip	106	0.667036	0.332964
Bly	17	Pip	107	0.015973	0.984027
Bly	17	Pip	108	-0.628368	1.628368
Bly	17	Pip	109	0.567953	0.432047
Bly	17	Pip	110	0.453493	0.546507
Bly	17	Pip	111	0.450276	0.549724
Bly	17	Pip	112	0.506153	0.493847
Bly	17	Pip	113	0.669834	0.330166
Bly	17	Pip	114	0.234689	0.765311
Bly	17	Pip	115	-0.023562	1.023562
Bly	17	Pip	116	0.648568	0.351432
Bly	17	Pip	117	0.024576	0.975424
Bly	17	Pip	118	0.417429	0.582571
Bly	17	Pip	119	0.256157	0.743843
Bly	17	Pip	120	-0.256815	1.256815
Bly	17	Pip	121	0.634821	0.365179
Bly	17	Pip	122	-0.183760	1.183760
Bly	17	Pip	123	0.670425	0.329575
Bly	17	Pip	124	-0.628368	1.628368
Bly	17	Pip	125	0.515736	0.484264
Bly	17	Pip	126	0.616308	0.383692
Bly	17	Pip	127	0.637414	0.362586
Bly	17	Pip	128	0.549359	0.450641
Bly	17	Pip	129	0.091273	0.908727
Bly	17	Pip	130	0.391647	0.608353
Bly	17	Pip	131	0.709093	0.290907
Bly	17	Pip	132	0.702477	0.297523
Bly	17	Pip	133	0.687487	0.312513
Bly	18	Bly	1	-0.929160	1.929160
Bly	18	Bly	2	-0.210714	1.210714
Bly	18	Bly	3	0.338074	0.661926
Bly	18	Bly	4	0.241900	0.758100
Bly	18	Bly	5	0.178384	0.821616
Bly	18	Bly	6	-0.929160	1.929160
Bly	18	Bly	7	0.430306	0.569694
Bly	18	Bly	8	-0.905697	1.905697
Bly	18	Bly	9	0.347269	0.652731
Bly	18	Bly	10	0.488281	0.511719
Bly	18	Bly	11	0.485851	0.514149
Bly	18	Bly	12	0.466495	0.533505
Bly	18	Bly	13	-0.112829	1.112829
Bly	18	Bly	14	0.536703	0.463297
Bly	18	Bly	15	0.208533	0.791467
Bly	18	Bly	16	0.370539	0.629461
Bly	18	Bly	17	0.566855	0.433145
Bly	18	Bly	19	-0.301465	1.301465
Bly	18	Bly	20	-0.222400	1.222400
Bly	18	Bly	21	0.000823	0.999177
Bly	18	Bly	22	-0.929160	1.929160
Bly	18	Bly	23	0.378714	0.621286
Bly	18	Bly	24	0.324762	0.675238
Bly	18	Bly	25	-0.235481	1.235481
Bly	18	Bly	26	0.460288	0.539712
Bly	18	Bly	27	0.237753	0.762247
Bly	18	Bly	28	0.010989	0.989011
Bly	18	Bly	29	0.222516	0.777484
Bly	18	Bly	30	0.330505	0.669495
Bly	18	Bly	31	0.352912	0.647088
Bly	18	Bly	32	0.103095	0.896905
Bly	18	Bly	33	-0.246265	1.246265
Bly	18	Bre	34	0.369863	0.630137
Bly	18	Bre	35	0.458897	0.541103
Bly	18	Bre	36	-0.872143	1.872143
Bly	18	Bre	37	0.417817	0.582183
Bly	18	Bre	38	0.318300	0.681700
Bly	18	Bre	39	0.416121	0.583879
Bly	18	Bre	40	-0.096562	1.096562
Bly	18	Bre	41	0.426228	0.573772
Bly	18	Bre	42	0.364486	0.635514
Bly	18	Bre	43	-0.588109	1.588109
Bly	18	Bre	44	0.479628	0.520372
Bly	18	Bre	45	0.382504	0.617496
Bly	18	Bre	46	0.506464	0.493536
Bly	18	Bre	47	0.469264	0.530736
Bly	18	Bre	48	0.481980	0.518020
Bly	18	Bre	49	0.197114	0.802886
Bly	18	Bre	50	0.201920	0.798080
Bly	18	Bre	51	0.508784	0.491216
Bly	18	Bre	52	0.345807	0.654193
Bly	18	Bre	53	0.450323	0.549677
Bly	18	Bre	54	0.385864	0.614136
Bly	18	Bre	55	0.283824	0.716176
Bly	18	Bre	56	-0.970224	1.970224
Bly	18	Bre	57	0.403153	0.596847
Bly	18	Bre	58	0.216340	0.783660
Bly	18	Bre	59	0.374160	0.625840
Bly	18	Bre	60	0.269293	0.730707
Bly	18	Bre	61	0.453247	0.546753
Bly	18	Bre	62	0.393465	0.606535
Bly	18	Bre	63	0.326940	0.673060
Bly	18	Bre	64	0.440288	0.559712
Bly	18	Bre	65	0.390687	0.609313
Bly	18	Bre	66	0.382730	0.617270
Bly	18	Ivo	67	0.111924	0.888076
Bly	18	Ivo	68	0.430183	0.569817
Bly	18	Ivo	69	-0.186176	1.186176
Bly	18	Ivo	70	0.108624	0.891376
Bly	18	Ivo	71	0.679544	0.320456
Bly	18	Ivo	72	0.493036	0.506964
Bly	18	Ivo	73	0.322527	0.677473
Bly	18	Ivo	74	0.452804	0.547196
Bly	18	Ivo	75	0.333251	0.666749
Bly	18	Ivo	76	0.278993	0.721007
Bly	18	Ivo	77	0.356947	0.643053
Bly	18	Ivo	78	0.340969	0.659031
Bly	18	Ivo	79	0.188438	0.811562
Bly	18	Ivo	80	-0.249355	1.249355
Bly	18	Ivo	81	0.380902	0.619098
Bly	18	Ivo	82	0.455861	0.544139
Bly	18	Ivo	83	0.363974	0.636026
Bly	18	Ivo	84	0.355856	0.644144
Bly	18	Ivo	85	0.194360	0.805640
Bly	18	Ivo	86	0.385402	0.614598
Bly	18	Ivo	87	0.084623	0.915377
Bly	18	Ivo	88	0.415747	0.584253
Bly	18	Ivo	89	0.259640	0.740360
Bly	18	Ivo	90	0.249788	0.750212
Bly	18	Ivo	91	0.329277	0.670723
Bly	18	Ivo	92	0.145154	0.854846
Bly	18	Ivo	93	0.097369	0.902631
Bly	18	Ivo	94	-0.124805	1.124805
Bly	18	Ivo	95	0.282169	0.717831
Bly	18	Ivo	96	0.190240	0.809760
Bly	18	Ivo	97	-0.060072	1.060072
Bly	18	Pip	98	0.390362	0.609638
Bly	18	Pip	99	0.081189	0.918811
Bly	18	Pip	100	-0.054152	1.054152
Bly	18	Pip	101	0.431699	0.568301
Bly	18	Pip	102	-0.090881	1.090881
Bly	18	Pip	103	0.435194	0.564806
Bly	18	Pip	104	0.633444	0.366556
Bly	18	Pip	105	0.451432	0.548568
Bly	18	Pip	106	0.363312	0.636688
Bly	18	Pip	107	-0.200976	1.200976
Bly	18	Pip	108	-0.929160	1.929160
Bly	18	Pip	109	0.345509	0.654491
Bly	18	Pip	110	0.196372	0.803628
Bly	18	Pip	111	0.135652	0.864348
Bly	18	Pip	112	0.283709	0.716291
Bly	18	Pip	113	0.447389	0.552611
Bly	18	Pip	114	0.184343	0.815657
Bly	18	Pip	115	-0.416533	1.416533
Bly	18	Pip	116	0.426124	0.573876
Bly	18	Pip	117	-0.193799	1.193799
Bly	18	Pip	118	0.273904	0.726096
Bly	18	Pip	119	0.209801	0.790199
Bly	18	Pip	120	-0.439087	1.439087
Bly	18	Pip	121	0.412376	0.587624
Bly	18	Pip	122	-0.150262	1.150262
Bly	18	Pip	123	0.447981	0.552019
Bly	18	Pip	124	-0.929160	1.929160
Bly	18	Pip	125	0.293292	0.706708
Bly	18	Pip	126	0.393863	0.606137
Bly	18	Pip	127	0.455142	0.544858
Bly	18	Pip	128	0.326915	0.673085
Bly	18	Pip	129	-0.127101	1.127101
Bly	18	Pip	130	0.209375	0.790625
Bly	18	Pip	131	0.486648	0.513352
Bly	18	Pip	132	0.480032	0.519968
Bly	18	Pip	133	0.465042	0.534958
Bly	19	Bly	1	-1.643760	2.643760
Bly	19	Bly	2	-0.240733	1.240733
Bly	19	Bly	3	0.124675	0.875325
Bly	19	Bly	4	0.034636	0.965364
Bly	19	Bly	5	-0.244880	1.244880
Bly	19	Bly	6	-1.643760	2.643760
Bly	19	Bly	7	0.061301	0.938699
Bly	19	Bly	8	-0.847077	1.847077
Bly	19	Bly	9	0.058671	0.941329
Bly	19	Bly	10	0.086496	0.913504
Bly	19	Bly	11	0.133224	0.866776
Bly	19	Bly	12	0.110328	0.889672
Bly	19	Bly	13	-0.643464	1.643464
Bly	19	Bly	14	-0.006713	1.006713
Bly	19	Bly	15	-0.231886	1.231886
Bly	19	Bly	16	-0.208200	1.208200
Bly	19	Bly	17	-0.129693	1.129693
Bly	19	Bly	18	-0.301465	1.301465
Bly	19	Bly	20	-0.388262	1.388262
Bly	19	Bly	21	-0.443025	1.443025
Bly	19	Bly	22	-1.643760	2.643760
Bly	19	Bly	23	-0.102735	1.102735
Bly	19	Bly	24	-0.116736	1.116736
Bly	19	Bly	25	-0.597750	1.597750
Bly	19	Bly	26	0.056950	0.943050
Bly	19	Bly	27	-0.088431	1.088431
Bly	19	Bly	28	-0.567267	1.567267
Bly	19	Bly	29	-0.145685	1.145685
Bly	19	Bly	30	-0.140618	1.140618
Bly	19	Bly	31	0.177378	0.822622
Bly	19	Bly	32	-0.322671	1.322671
Bly	19	Bly	33	-0.063541	1.063541
Bly	19	Bre	34	0.018241	0.981759
Bly	19	Bre	35	-0.018035	1.018035
Bly	19	Bre	36	-1.586743	2.586743
Bly	19	Bre	37	0.011115	0.988885
Bly	19	Bre	38	-0.123279	1.123279
Bly	19	Bre	39	-0.170882	1.170882
Bly	19	Bre	40	-0.608371	1.608371
Bly	19	Bre	41	-0.087865	1.087865
Bly	19	Bre	42	-0.042216	1.042216
Bly	19	Bre	43	-1.300569	2.300569
Bly	19	Bre	44	-0.068838	1.068838
Bly	19	Bre	45	0.221838	0.778162
Bly	19	Bre	46	-0.011831	1.011831
Bly	19	Bre	47	0.022729	0.977271
Bly	19	Bre	48	-0.024588	1.024588
Bly	19	Bre	49	0.301671	0.698329
Bly	19	Bre	50	-0.092497	1.092497
Bly	19	Bre	51	-0.003802	1.003802
Bly	19	Bre	52	0.162459	0.837541
Bly	19	Bre	53	0.008835	0.991165
Bly	19	Bre	54	-0.055624	1.055624
Bly	19	Bre	55	0.077737	0.922263
Bly	19	Bre	56	-1.684823	2.684823
Bly	19	Bre	57	-0.185899	1.185899
Bly	19	Bre	58	0.351640	0.648360
Bly	19	Bre	59	-0.103500	1.103500
Bly	19	Bre	60	0.028741	0.971259
Bly	19	Bre	61	-0.094215	1.094215
Bly	19	Bre	62	-0.012866	1.012866
Bly	19	Bre	63	-0.295572	1.295572
Bly	19	Bre	64	0.164055	0.835945
Bly	19	Bre	65	-0.050802	1.050802
Bly	19	Bre	66	-0.058758	1.058758
Bly	19	Ivo	67	-0.152334	1.152334
Bly	19	Ivo	68	-0.008818	1.008818
Bly	19	Ivo	69	0.242466	0.757534
Bly	19	Ivo	70	-0.106319	1.106319
Bly	19	Ivo	71	-0.363757	1.363757
Bly	19	Ivo	72	0.017176	0.982824
Bly	19	Ivo	73	0.057886	0.942114
Bly	19	Ivo	74	0.092632	0.907368
Bly	19	Ivo	75	-0.070490	1.070490
Bly	19	Ivo	76	0.214544	0.785456
Bly	19	Ivo	77	-0.122163	1.122163
Bly	19	Ivo	78	0.127534	0.872466
Bly	19	Ivo	79	-0.318300	1.318300
Bly	19	Ivo	80	-0.111681	1.111681
Bly	19	Ivo	81	-0.087957	1.087957
Bly	19	Ivo	82	0.145092	0.854908
Bly	19	Ivo	83	0.275725	0.724275
Bly	19	Ivo	84	-0.077505	1.077505
Bly	19	Ivo	85	0.044809	0.955191
Bly	19	Ivo	86	-0.022132	1.022132
Bly	19	Ivo	87	-0.043688	1.043688
Bly	19	Ivo	88	0.036233	0.963767
Bly	19	Ivo	89	-0.219883	1.219883
Bly	19	Ivo	90	-0.261964	1.261964
Bly	19	Ivo	91	0.161760	0.838240
Bly	19	Ivo	92	-0.084582	1.084582
Bly	19	Ivo	93	-0.048974	1.048974
Bly	19	Ivo	94	-0.369345	1.369345
Bly	19	Ivo	95	0.075557	0.924443
Bly	19	Ivo	96	0.096183	0.903817
Bly	19	Ivo	97	-0.319756	1.319756
Bly	19	Pip	98	-0.051783	1.051783
Bly	19	Pip	99	0.154481	0.845519
Bly	19	Pip	100	-0.171479	1.171479
Bly	19	Pip	101	-0.085957	1.085957
Bly	19	Pip	102	-0.247946	1.247946
Bly	19	Pip	103	-0.112044	1.112044
Bly	19	Pip	104	-0.279767	1.279767
Bly	19	Pip	105	-0.099143	1.099143
Bly	19	Pip	106	-0.039900	1.039900
Bly	19	Pip	107	-0.792600	1.792600
Bly	19	Pip	108	-1.643760	2.643760
Bly	19	Pip	109	-0.201729	1.201729
Bly	19	Pip	110	-0.199583	1.199583
Bly	19	Pip	111	-0.251605	1.251605
Bly	19	Pip	112	0.040995	0.959005
Bly	19	Pip	113	-0.029755	1.029755
Bly	19	Pip	114	-0.370279	1.370279
Bly	19	Pip	115	-1.038953	2.038953
Bly	19	Pip	116	-0.092266	1.092266
Bly	19	Pip	117	-0.441157	1.441157
Bly	19	Pip	118	0.098374	0.901626
Bly	19	Pip	119	-0.332560	1.332560
Bly	19	Pip	120	-0.578238	1.578238
Bly	19	Pip	121	-0.032910	1.032910
Bly	19	Pip	122	0.015246	0.984754
Bly	19	Pip	123	-0.030257	1.030257
Bly	19	Pip	124	-1.643760	2.643760
Bly	19	Pip	125	0.031412	0.968588
Bly	19	Pip	126	-0.046785	1.046785
Bly	19	Pip	127	-0.097392	1.097392
Bly	19	Pip	128	0.071921	0.928079
Bly	19	Pip	129	-0.357038	1.357038
Bly	19	Pip	130	-0.237753	1.237753
Bly	19	Pip	131	-0.057311	1.057311
Bly	19	Pip	132	-0.110530	1.110530
Bly	19	Pip	133	-0.047318	1.047318
Bly	20	Bly	1	-0.338778	1.338778
Bly	20	Bly	2	-0.511467	1.511467
Bly	20	Bly	3	-0.004518	1.004518
Bly	20	Bly	4	0.121377	0.878623
Bly	20	Bly	5	0.023073	0.976927
Bly	20	Bly	6	-0.338778	1.338778
Bly	20	Bly	7	-0.096686	1.096686
Bly	20	Bly	8	0.055187	0.944813
Bly	20	Bly	9	0.200104	0.799896
Bly	20	Bly	10	-0.017199	1.017199
Bly	20	Bly	11	0.026059	0.973941
Bly	20	Bly	12	-0.037550	1.037550
Bly	20	Bly	13	-0.790929	1.790929
Bly	20	Bly	14	-0.081463	1.081463
Bly	20	Bly	15	0.347325	0.652675
Bly	20	Bly	16	-0.082533	1.082533
Bly	20	Bly	17	0.033216	0.966784
Bly	20	Bly	18	-0.222400	1.222400
Bly	20	Bly	19	-0.388262	1.388262
Bly	20	Bly	21	0.080640	0.919360
Bly	20	Bly	22	-0.338778	1.338778
Bly	20	Bly	23	0.089859	0.910141
Bly	20	Bly	24	0.142171	0.857829
Bly	20	Bly	25	0.062346	0.937654
Bly	20	Bly	26	0.165695	0.834305
Bly	20	Bly	27	-0.224680	1.224680
Bly	20	Bly	28	-0.496182	1.496182
Bly	20	Bly	29	0.165713	0.834287
Bly	20	Bly	30	0.257291	0.742709
Bly	20	Bly	31	-0.046240	1.046240
Bly	20	Bly	32	-0.363478	1.363478
Bly	20	Bly	33	-0.460441	1.460441
Bly	20	Bre	34	-0.015795	1.015795
Bly	20	Bre	35	-0.117692	1.117692
Bly	20	Bre	36	-0.395795	1.395795
Bly	20	Bre	37	0.061204	0.938796
Bly	20	Bre	38	0.111531	0.888469
Bly	20	Bre	39	-0.036357	1.036357
Bly	20	Bre	40	-0.673151	1.673151
Bly	20	Bre	41	0.085076	0.914924
Bly	20	Bre	42	-0.027603	1.027603
Bly	20	Bre	43	-0.119038	1.119038
Bly	20	Bre	44	-0.054225	1.054225
Bly	20	Bre	45	-0.044656	1.044656
Bly	20	Bre	46	-0.068922	1.068922
Bly	20	Bre	47	0.037755	0.962245
Bly	20	Bre	48	-0.056165	1.056165
Bly	20	Bre	49	-0.136117	1.136117
Bly	20	Bre	50	-0.298616	1.298616
Bly	20	Bre	51	0.047445	0.952555
Bly	20	Bre	52	0.047355	0.952645
Bly	20	Bre	53	-0.012781	1.012781
Bly	20	Bre	54	-0.053880	1.053880
Bly	20	Bre	55	0.031975	0.968025
Bly	20	Bre	56	-0.379841	1.379841
Bly	20	Bre	57	-0.112037	1.112037
Bly	20	Bre	58	-0.175311	1.175311
Bly	20	Bre	59	0.196105	0.803895
Bly	20	Bre	60	-0.004882	1.004882
Bly	20	Bre	61	0.053635	0.946365
Bly	20	Bre	62	-0.140995	1.140995
Bly	20	Bre	63	0.155984	0.844016
Bly	20	Bre	64	0.011711	0.988289
Bly	20	Bre	65	-0.107893	1.107893
Bly	20	Bre	66	-0.078609	1.078609
Bly	20	Ivo	67	-0.020029	1.020029
Bly	20	Ivo	68	0.115369	0.884631
Bly	20	Ivo	69	-0.393097	1.393097
Bly	20	Ivo	70	0.015898	0.984102
Bly	20	Ivo	71	-0.116106	1.116106
Bly	20	Ivo	72	0.091043	0.908957
Bly	20	Ivo	73	-0.028513	1.028513
Bly	20	Ivo	74	-0.018751	1.018751
Bly	20	Ivo	75	-0.037163	1.037163
Bly	20	Ivo	76	0.063148	0.936852
Bly	20	Ivo	77	0.071656	0.928344
Bly	20	Ivo	78	0.009654	0.990346
Bly	20	Ivo	79	-0.282301	1.282301
Bly	20	Ivo	80	-0.448423	1.448423
Bly	20	Ivo	81	-0.199341	1.199341
Bly	20	Ivo	82	0.019523	0.980477
Bly	20	Ivo	83	-0.002362	1.002362
Bly	20	Ivo	84	0.094893	0.905107
Bly	20	Ivo	85	-0.139733	1.139733
Bly	20	Ivo	86	0.154473	0.845527
Bly	20	Ivo	87	-0.248862	1.248862
Bly	20	Ivo	88	-0.003445	1.003445
Bly	20	Ivo	89	-0.044958	1.044958
Bly	20	Ivo	90	-0.017032	1.017032
Bly	20	Ivo	91	0.116245	0.883755
Bly	20	Ivo	92	-0.035092	1.035092
Bly	20	Ivo	93	-0.162387	1.162387
Bly	20	Ivo	94	-0.272763	1.272763
Bly	20	Ivo	95	0.027411	0.972589
Bly	20	Ivo	96	0.098358	0.901642
Bly	20	Ivo	97	-0.143527	1.143527
Bly	20	Pip	98	0.109400	0.890600
Bly	20	Pip	99	-0.161642	1.161642
Bly	20	Pip	100	-0.148393	1.148393
Bly	20	Pip	101	-0.034829	1.034829
Bly	20	Pip	102	-0.274387	1.274387
Bly	20	Pip	103	0.049553	0.950447
Bly	20	Pip	104	-0.193761	1.193761
Bly	20	Pip	105	-0.016414	1.016414
Bly	20	Pip	106	0.104537	0.895463
Bly	20	Pip	107	-0.575130	1.575130
Bly	20	Pip	108	-0.338778	1.338778
Bly	20	Pip	109	0.132738	0.867262
Bly	20	Pip	110	0.010663	0.989337
Bly	20	Pip	111	-0.033881	1.033881
Bly	20	Pip	112	0.054111	0.945889
Bly	20	Pip	113	0.060332	0.939668
Bly	20	Pip	114	-0.232627	1.232627
Bly	20	Pip	115	-0.048858	1.048858
Bly	20	Pip	116	0.053772	0.946228
Bly	20	Pip	117	-0.429399	1.429399
Bly	20	Pip	118	0.027533	0.972467
Bly	20	Pip	119	-0.090562	1.090562
Bly	20	Pip	120	-0.548443	1.548443
Bly	20	Pip	121	-0.013979	1.013979
Bly	20	Pip	122	-0.552533	1.552533
Bly	20	Pip	123	0.024875	0.975125
Bly	20	Pip	124	-0.338778	1.338778
Bly	20	Pip	125	0.087093	0.912907
Bly	20	Pip	126	-0.002937	1.002937
Bly	20	Pip	127	0.029328	0.970672
Bly	20	Pip	128	0.027553	0.972447
Bly	20	Pip	129	-0.373598	1.373598
Bly	20	Pip	130	-0.154004	1.154004
Bly	20	Pip	131	0.123256	0.876744
Bly	20	Pip	132	0.056863	0.943137
Bly	20	Pip	133	0.007814	0.992186
Bly	21	Bly	1	-0.844810	1.844810
Bly	21	Bly	2	-0.347824	1.347824
Bly	21	Bly	3	0.127556	0.872444
Bly	21	Bly	4	0.216444	0.783556
Bly	21	Bly	5	0.199390	0.800610
Bly	21	Bly	6	-0.844810	1.844810
Bly	21	Bly	7	0.160092	0.839908
Bly	21	Bly	8	-0.637121	1.637121
Bly	21	Bly	9	0.236258	0.763742
Bly	21	Bly	10	0.259276	0.740724
Bly	21	Bly	11	0.089982	0.910018
Bly	21	Bly	12	0.153862	0.846138
Bly	21	Bly	13	-0.514986	1.514986
Bly	21	Bly	14	0.222415	0.777585
Bly	21	Bly	15	0.484174	0.515826
Bly	21	Bly	16	0.066684	0.933316
Bly	21	Bly	17	0.220336	0.779664
Bly	21	Bly	18	0.000823	0.999177
Bly	21	Bly	19	-0.443025	1.443025
Bly	21	Bly	20	0.080640	0.919360
Bly	21	Bly	22	-0.844810	1.844810
Bly	21	Bly	23	0.218869	0.781131
Bly	21	Bly	24	0.265642	0.734358
Bly	21	Bly	25	-0.029060	1.029060
Bly	21	Bly	26	0.287962	0.712038
Bly	21	Bly	27	0.302682	0.697318
Bly	21	Bly	28	-0.226981	1.226981
Bly	21	Bly	29	0.214556	0.785444
Bly	21	Bly	30	0.396605	0.603395
Bly	21	Bly	31	0.067447	0.932553
Bly	21	Bly	32	-0.140880	1.140880
Bly	21	Bly	33	-0.370804	1.370804
Bly	21	Bre	34	0.166852	0.833148
Bly	21	Bre	35	0.151508	0.848492
Bly	21	Bre	36	-0.787793	1.787793
Bly	21	Bre	37	0.250282	0.749718
Bly	21	Bre	38	0.213791	0.786209
Bly	21	Bre	39	0.267521	0.732479
Bly	21	Bre	40	-0.403951	1.403951
Bly	21	Bre	41	0.187336	0.812664
Bly	21	Bre	42	0.161475	0.838525
Bly	21	Bre	43	-0.538253	1.538253
Bly	21	Bre	44	0.209480	0.790520
Bly	21	Bre	45	0.144421	0.855579
Bly	21	Bre	46	0.199075	0.800925
Bly	21	Bre	47	0.305752	0.694248
Bly	21	Bre	48	0.211833	0.788167
Bly	21	Bre	49	-0.004043	1.004043
Bly	21	Bre	50	-0.105469	1.105469
Bly	21	Bre	51	0.275270	0.724730
Bly	21	Bre	52	0.179429	0.820571
Bly	21	Bre	53	0.215043	0.784957
Bly	21	Bre	54	0.173945	0.826055
Bly	21	Bre	55	0.117446	0.882554
Bly	21	Bre	56	-0.885873	1.885873
Bly	21	Bre	57	0.191841	0.808159
Bly	21	Bre	58	0.013767	0.986233
Bly	21	Bre	59	0.350506	0.649494
Bly	21	Bre	60	0.102916	0.897084
Bly	21	Bre	61	0.183100	0.816900
Bly	21	Bre	62	0.122710	0.877290
Bly	21	Bre	63	0.423981	0.576019
Bly	21	Bre	64	0.200788	0.799212
Bly	21	Bre	65	0.119931	0.880069
Bly	21	Bre	66	0.149215	0.850785
Bly	21	Ivo	67	0.047055	0.952945
Bly	21	Ivo	68	0.344397	0.655603
Bly	21	Ivo	69	-0.069120	1.069120
Bly	21	Ivo	70	0.105439	0.894561
Bly	21	Ivo	71	0.035134	0.964866
Bly	21	Ivo	72	0.320071	0.679929
Bly	21	Ivo	73	0.183684	0.816316
Bly	21	Ivo	74	0.174396	0.825604
Bly	21	Ivo	75	0.126430	0.873570
Bly	21	Ivo	76	0.188570	0.811430
Bly	21	Ivo	77	0.184149	0.815851
Bly	21	Ivo	78	0.107051	0.892949
Bly	21	Ivo	79	-0.013100	1.013100
Bly	21	Ivo	80	-0.462620	1.462620
Bly	21	Ivo	81	0.296982	0.703018
Bly	21	Ivo	82	0.248551	0.751449
Bly	21	Ivo	83	0.187920	0.812080
Bly	21	Ivo	84	0.283207	0.716793
Bly	21	Ivo	85	-0.003589	1.003589
Bly	21	Ivo	86	0.347620	0.652380
Bly	21	Ivo	87	-0.112718	1.112718
Bly	21	Ivo	88	0.257402	0.742598
Bly	21	Ivo	89	0.067535	0.932465
Bly	21	Ivo	90	0.224765	0.775235
Bly	21	Ivo	91	0.171735	0.828265
Bly	21	Ivo	92	0.015702	0.984298
Bly	21	Ivo	93	-0.115927	1.115927
Bly	21	Ivo	94	-0.205679	1.205679
Bly	21	Ivo	95	0.141098	0.858902
Bly	21	Ivo	96	0.108438	0.891562
Bly	21	Ivo	97	-0.097566	1.097566
Bly	21	Pip	98	0.223087	0.776913
Bly	21	Pip	99	0.027515	0.972485
Bly	21	Pip	100	-0.081309	1.081309
Bly	21	Pip	101	0.281818	0.718182
Bly	21	Pip	102	-0.314646	1.314646
Bly	21	Pip	103	0.285313	0.714687
Bly	21	Pip	104	0.075440	0.924560
Bly	21	Pip	105	0.139407	0.860593
Bly	21	Pip	106	0.190341	0.809659
Bly	21	Pip	107	-0.344596	1.344596
Bly	21	Pip	108	-0.844810	1.844810
Bly	21	Pip	109	0.254464	0.745536
Bly	21	Pip	110	0.116494	0.883506
Bly	21	Pip	111	-0.000717	1.000717
Bly	21	Pip	112	0.243268	0.756732
Bly	21	Pip	113	0.331973	0.668027
Bly	21	Pip	114	-0.130866	1.130866
Bly	21	Pip	115	-0.288654	1.288654
Bly	21	Pip	116	0.324219	0.675781
Bly	21	Pip	117	-0.404223	1.404223
Bly	21	Pip	118	0.264719	0.735281
Bly	21	Pip	119	-0.011187	1.011187
Bly	21	Pip	120	-0.426455	1.426455
Bly	21	Pip	121	0.213846	0.786154
Bly	21	Pip	122	-0.418550	1.418550
Bly	21	Pip	123	0.247867	0.752133
Bly	21	Pip	124	-0.844810	1.844810
Bly	21	Pip	125	0.322854	0.677146
Bly	21	Pip	126	0.153425	0.846575
Bly	21	Pip	127	0.305261	0.694739
Bly	21	Pip	128	0.121819	0.878181
Bly	21	Pip	129	-0.301819	1.301819
Bly	21	Pip	130	0.001817	0.998183
Bly	21	Pip	131	0.257737	0.742263
Bly	21	Pip	132	0.237947	0.762053
Bly	21	Pip	133	0.194925	0.805075
Bly	22	Bly	1	1.000000	0.000000
Bly	22	Bly	2	-1.485241	2.485241
Bly	22	Bly	3	-1.115958	2.115958
Bly	22	Bly	4	-0.719109	1.719109
Bly	22	Bly	5	-0.723335	1.723335
Bly	22	Bly	6	1.000000	0.000000
Bly	22	Bly	7	-0.814945	1.814945
Bly	22	Bly	8	-1.143569	2.143569
Bly	22	Bly	9	-0.853803	1.853803
Bly	22	Bly	10	-0.841992	1.841992
Bly	22	Bly	11	-0.854938	1.854938
Bly	22	Bly	12	-0.791329	1.791329
Bly	22	Bly	13	-0.087113	1.087113
Bly	22	Bly	14	-0.706218	1.706218
Bly	22	Bly	15	-0.557026	1.557026
Bly	22	Bly	16	-0.919924	1.919924
Bly	22	Bly	17	-0.628368	1.628368
Bly	22	Bly	18	-0.929160	1.929160
Bly	22	Bly	19	-1.643760	2.643760
Bly	22	Bly	20	-0.338778	1.338778
Bly	22	Bly	21	-0.844810	1.844810
Bly	22	Bly	23	-0.766796	1.766796
Bly	22	Bly	24	-0.659405	1.659405
Bly	22	Bly	25	-0.046010	1.046010
Bly	22	Bly	26	-0.777953	1.777953
Bly	22	Bly	27	-0.975408	1.975408
Bly	22	Bly	28	-1.251310	2.251310
Bly	22	Bly	29	-0.678088	1.678088
Bly	22	Bly	30	-0.648477	1.648477
Bly	22	Bly	31	-1.031949	2.031949
Bly	22	Bly	32	-0.629097	1.629097
Bly	22	Bly	33	-1.578224	2.578224
Bly	22	Bre	34	-0.945387	1.945387
Bly	22	Bre	35	-0.745050	1.745050
Bly	22	Bre	36	0.942983	0.057017
Bly	22	Bre	37	-0.919536	1.919536
Bly	22	Bre	38	-0.717048	1.717048
Bly	22	Bre	39	-0.796977	1.796977
Bly	22	Bre	40	-1.061798	2.061798
Bly	22	Bre	41	-0.859783	1.859783
Bly	22	Bre	42	-1.008343	2.008343
Bly	22	Bre	43	0.492599	0.507401
Bly	22	Bre	44	-0.771489	1.771489
Bly	22	Bre	45	-1.062166	2.062166
Bly	22	Bre	46	-0.828497	1.828497
Bly	22	Bre	47	-0.863056	1.863056
Bly	22	Bre	48	-0.815740	1.815740
Bly	22	Bre	49	-1.141999	2.141999
Bly	22	Bre	50	-0.914006	1.914006
Bly	22	Bre	51	-0.788936	1.788936
Bly	22	Bre	52	-1.002786	2.002786
Bly	22	Bre	53	-0.849162	1.849162
Bly	22	Bre	54	-0.784704	1.784704
Bly	22	Bre	55	-1.123605	2.123605
Bly	22	Bre	56	0.958937	0.041063
Bly	22	Bre	57	-0.781960	1.781960
Bly	22	Bre	58	-1.191968	2.191968
Bly	22	Bre	59	-0.702151	1.702151
Bly	22	Bre	60	-1.044623	2.044623
Bly	22	Bre	61	-0.746112	1.746112
Bly	22	Bre	62	-0.941496	1.941496
Bly	22	Bre	63	-0.544755	1.544755
Bly	22	Bre	64	-1.004383	2.004383
Bly	22	Bre	65	-0.944274	1.944274
Bly	22	Bre	66	-0.868387	1.868387
Bly	22	Ivo	67	-0.977143	1.977143
Bly	22	Ivo	68	-0.718221	1.718221
Bly	22	Ivo	69	-1.486415	2.486415
Bly	22	Ivo	70	-1.007928	2.007928
Bly	22	Ivo	71	-0.794950	1.794950
Bly	22	Ivo	72	-0.853227	1.853227
Bly	22	Ivo	73	-0.851371	1.851371
Bly	22	Ivo	74	-0.848876	1.848876
Bly	22	Ivo	75	-0.815137	1.815137
Bly	22	Ivo	76	-1.054731	2.054731
Bly	22	Ivo	77	-0.736104	1.736104
Bly	22	Ivo	78	-0.926344	1.926344
Bly	22	Ivo	79	-0.804541	1.804541
Bly	22	Ivo	80	-1.604732	2.604732
Bly	22	Ivo	81	-0.898305	1.898305
Bly	22	Ivo	82	-0.823345	1.823345
Bly	22	Ivo	83	-0.953979	1.953979
Bly	22	Ivo	84	-0.703003	1.703003
Bly	22	Ivo	85	-1.081689	2.081689
Bly	22	Ivo	86	-0.742148	1.742148
Bly	22	Ivo	87	-1.249383	2.249383
Bly	22	Ivo	88	-0.755201	1.755201
Bly	22	Ivo	89	-0.933785	1.933785
Bly	22	Ivo	90	-0.594913	1.594913
Bly	22	Ivo	91	-0.923293	1.923293
Bly	22	Ivo	92	-1.191236	2.191236
Bly	22	Ivo	93	-1.177212	2.177212
Bly	22	Ivo	94	-1.205999	2.205999
Bly	22	Ivo	95	-0.893341	1.893341
Bly	22	Ivo	96	-1.019301	2.019301
Bly	22	Ivo	97	-1.261667	2.261667
Bly	22	Pip	98	-0.841709	1.841709
Bly	22	Pip	99	-1.179365	2.179365
Bly	22	Pip	100	-1.168567	2.168567
Bly	22	Pip	101	-0.635045	1.635045
Bly	22	Pip	102	-1.306700	2.306700
Bly	22	Pip	103	-0.690386	1.690386
Bly	22	Pip	104	-0.714567	1.714567
Bly	22	Pip	105	-0.817321	1.817321
Bly	22	Pip	106	-0.687139	1.687139
Bly	22	Pip	107	-0.097413	1.097413
Bly	22	Pip	108	1.000000	0.000000
Bly	22	Pip	109	-0.568792	1.568792
Bly	22	Pip	110	-0.982903	1.982903
Bly	22	Pip	111	-0.900667	1.900667
Bly	22	Pip	112	-0.887677	1.887677
Bly	22	Pip	113	-0.731962	1.731962
Bly	22	Pip	114	-1.230339	2.230339
Bly	22	Pip	115	0.395194	0.604806
Bly	22	Pip	116	-0.767810	1.767810
Bly	22	Pip	117	-1.405277	2.405277
Bly	22	Pip	118	-0.978794	1.978794
Bly	22	Pip	119	-1.074631	2.074631
Bly	22	Pip	120	-1.436205	2.436205
Bly	22	Pip	121	-0.728807	1.728807
Bly	22	Pip	122	-1.620156	2.620156
Bly	22	Pip	123	-0.886207	1.886207
Bly	22	Pip	124	1.000000	0.000000
Bly	22	Pip	125	-0.920659	1.920659
Bly	22	Pip	126	-0.714931	1.714931
Bly	22	Pip	127	-0.705038	1.705038
Bly	22	Pip	128	-0.877890	1.877890
Bly	22	Pip	129	-1.288215	2.288215
Bly	22	Pip	130	-0.963041	1.963041
Bly	22	Pip	131	-0.745119	1.745119
Bly	22	Pip	132	-0.691900	1.691900
Bly	22	Pip	133	-0.869146	1.869146
Bly	23	Bly	1	-0.766796	1.766796
Bly	23	Bly	2	-0.049291	1.049291
Bly	23	Bly	3	0.396782	0.603218
Bly	23	Bly	4	0.447929	0.552071
Bly	23	Bly	5	0.334008	0.665992
Bly	23	Bly	6	-0.766796	1.766796
Bly	23	Bly	7	0.567037	0.432963
Bly	23	Bly	8	-0.696826	1.696826
Bly	23	Bly	9	0.562020	0.437980
Bly	23	Bly	10	0.670748	0.329252
Bly	23	Bly	11	0.546065	0.453935
Bly	23	Bly	12	0.569501	0.430499
Bly	23	Bly	13	-0.063994	1.063994
Bly	23	Bly	14	0.592434	0.407566
Bly	23	Bly	15	0.491097	0.508903
Bly	23	Bly	16	0.450625	0.549375
Bly	23	Bly	17	0.601158	0.398842
Bly	23	Bly	18	0.378714	0.621286
Bly	23	Bly	19	-0.102735	1.102735
Bly	23	Bly	20	0.089859	0.910141
Bly	23	Bly	21	0.218869	0.781131
Bly	23	Bly	22	-0.766796	1.766796
Bly	23	Bly	24	0.639887	0.360113
Bly	23	Bly	25	0.081061	0.918939
Bly	23	Bly	26	0.697630	0.302370
Bly	23	Bly	27	0.416411	0.583589
Bly	23	Bly	28	-0.020773	1.020773
Bly	23	Bly	29	0.517774	0.482226
Bly	23	Bly	30	0.577852	0.422148
Bly	23	Bly	31	0.411620	0.588380
Bly	23	Bly	32	0.195459	0.804541
Bly	23	Bly	33	0.039860	0.960140
Bly	23	Bre	34	0.432224	0.567776
Bly	23	Bre	35	0.595087	0.404913
Bly	23	Bre	36	-0.709778	1.709778
Bly	23	Bre	37	0.554952	0.445048
Bly	23	Bre	38	0.455434	0.544566
Bly	23	Bre	39	0.552311	0.447689
Bly	23	Bre	40	0.039628	0.960372
Bly	23	Bre	41	0.526729	0.473271
Bly	23	Bre	42	0.501620	0.498380
Bly	23	Bre	43	-0.389111	1.389111
Bly	23	Bre	44	0.655990	0.344010
Bly	23	Bre	45	0.450574	0.549426
Bly	23	Bre	46	0.678534	0.321466
Bly	23	Bre	47	0.606734	0.393266
Bly	23	Bre	48	0.654051	0.345949
Bly	23	Bre	49	0.265184	0.734816
Bly	23	Bre	50	0.528197	0.471803
Bly	23	Bre	51	0.684394	0.315606
Bly	23	Bre	52	0.448341	0.551659
Bly	23	Bre	53	0.662566	0.337434
Bly	23	Bre	54	0.598107	0.401893
Bly	23	Bre	55	0.386358	0.613642
Bly	23	Bre	56	-0.807859	1.807859
Bly	23	Bre	57	0.539343	0.460657
Bly	23	Bre	58	0.355236	0.644764
Bly	23	Bre	59	0.614855	0.385145
Bly	23	Bre	60	0.371827	0.628173
Bly	23	Bre	61	0.665491	0.334509
Bly	23	Bre	62	0.683862	0.316138
Bly	23	Bre	63	0.602571	0.397429
Bly	23	Bre	64	0.542821	0.457179
Bly	23	Bre	65	0.716964	0.283036
Bly	23	Bre	66	0.594973	0.405027
Bly	23	Ivo	67	0.267024	0.732976
Bly	23	Ivo	68	0.575739	0.424261
Bly	23	Ivo	69	-0.164709	1.164709
Bly	23	Ivo	70	0.302471	0.697529
Bly	23	Ivo	71	0.343324	0.656676
Bly	23	Ivo	72	0.515200	0.484800
Bly	23	Ivo	73	0.412114	0.587886
Bly	23	Ivo	74	0.586621	0.413379
Bly	23	Ivo	75	0.431187	0.568813
Bly	23	Ivo	76	0.337790	0.662210
Bly	23	Ivo	77	0.550629	0.449371
Bly	23	Ivo	78	0.446280	0.553720
Bly	23	Ivo	79	0.290028	0.709972
Bly	23	Ivo	80	-0.044930	1.044930
Bly	23	Ivo	81	0.442476	0.557524
Bly	23	Ivo	82	0.551899	0.448101
Bly	23	Ivo	83	0.421266	0.578734
Bly	23	Ivo	84	0.623231	0.376769
Bly	23	Ivo	85	0.486037	0.513963
Bly	23	Ivo	86	0.543820	0.456180
Bly	23	Ivo	87	0.340545	0.659455
Bly	23	Ivo	88	0.554863	0.445137
Bly	23	Ivo	89	0.434015	0.565985
Bly	23	Ivo	90	0.543415	0.456585
Bly	23	Ivo	91	0.458811	0.541189
Bly	23	Ivo	92	0.284050	0.715950
Bly	23	Ivo	93	0.153781	0.846219
Bly	23	Ivo	94	0.082538	0.917462
Bly	23	Ivo	95	0.377239	0.622761
Bly	23	Ivo	96	0.378925	0.621075
Bly	23	Ivo	97	0.006582	0.993418
Bly	23	Pip	98	0.493640	0.506360
Bly	23	Pip	99	0.190661	0.809339
Bly	23	Pip	100	0.048989	0.951011
Bly	23	Pip	101	0.582201	0.417799
Bly	23	Pip	102	0.014430	0.985570
Bly	23	Pip	103	0.625868	0.374132
Bly	23	Pip	104	0.339942	0.660058
Bly	23	Pip	105	0.519436	0.480564
Bly	23	Pip	106	0.595741	0.404259
Bly	23	Pip	107	-0.092382	1.092382
Bly	23	Pip	108	-0.766796	1.766796
Bly	23	Pip	109	0.536184	0.463816
Bly	23	Pip	110	0.303796	0.696204
Bly	23	Pip	111	0.314310	0.685690
Bly	23	Pip	112	0.439783	0.560217
Bly	23	Pip	113	0.673281	0.326719
Bly	23	Pip	114	0.117028	0.882972
Bly	23	Pip	115	-0.210639	1.210639
Bly	23	Pip	116	0.652015	0.347985
Bly	23	Pip	117	-0.019423	1.019423
Bly	23	Pip	118	0.351058	0.648942
Bly	23	Pip	119	0.254958	0.745042
Bly	23	Pip	120	-0.254121	1.254121
Bly	23	Pip	121	0.554401	0.445599
Bly	23	Pip	122	-0.286011	1.286011
Bly	23	Pip	123	0.519525	0.480475
Bly	23	Pip	124	-0.766796	1.766796
Bly	23	Pip	125	0.449366	0.550634
Bly	23	Pip	126	0.536641	0.463359
Bly	23	Pip	127	0.571043	0.428957
Bly	23	Pip	128	0.435092	0.564908
Bly	23	Pip	129	0.126708	0.873292
Bly	23	Pip	130	0.275210	0.724790
Bly	23	Pip	131	0.592656	0.407344
Bly	23	Pip	132	0.620641	0.379359
Bly	23	Pip	133	0.572466	0.427534
Bly	24	Bly	1	-0.659405	1.659405
Bly	24	Bly	2	0.008295	0.991705
Bly	24	Bly	3	0.348105	0.651895
Bly	24	Bly	4	0.433929	0.566071
Bly	24	Bly	5	0.357746	0.642254
Bly	24	Bly	6	-0.659405	1.659405
Bly	24	Bly	7	0.445350	0.554650
Bly	24	Bly	8	-0.715824	1.715824
Bly	24	Bly	9	0.667137	0.332863
Bly	24	Bly	10	0.501178	0.498822
Bly	24	Bly	11	0.454276	0.545724
Bly	24	Bly	12	0.441350	0.558650
Bly	24	Bly	13	-0.064824	1.064824
Bly	24	Bly	14	0.509427	0.490573
Bly	24	Bly	15	0.548201	0.451799
Bly	24	Bly	16	0.312143	0.687857
Bly	24	Bly	17	0.628486	0.371514
Bly	24	Bly	18	0.324762	0.675238
Bly	24	Bly	19	-0.116736	1.116736
Bly	24	Bly	20	0.142171	0.857829
Bly	24	Bly	21	0.265642	0.734358
Bly	24	Bly	22	-0.659405	1.659405
Bly	24	Bly	23	0.639887	0.360113
Bly	24	Bly	25	0.239774	0.760226
Bly	24	Bly	26	0.686210	0.313790
Bly	24	Bly	27	0.418173	0.581827
Bly	24	Bly	28	0.018516	0.981484
Bly	24	Bly	29	0.606803	0.393197
Bly	24	Bly	30	0.534141	0.465859
Bly	24	Bly	31	0.361738	0.638262
Bly	24	Bly	32	0.274696	0.725304
Bly	24	Bly	33	-0.058671	1.058671
Bly	24	Bre	34	0.383547	0.616453
Bly	24	Bre	35	0.563895	0.436105
Bly	24	Bre	36	-0.602388	1.602388
Bly	24	Bre	37	0.507149	0.492851
Bly	24	Bre	38	0.454235	0.545765
Bly	24	Bre	39	0.432671	0.567329
Bly	24	Bre	40	0.082753	0.917247
Bly	24	Bre	41	0.444204	0.555796
Bly	24	Bre	42	0.473663	0.526337
Bly	24	Bre	43	-0.318353	1.318353
Bly	24	Bre	44	0.582953	0.417047
Bly	24	Bre	45	0.401896	0.598104
Bly	24	Bre	46	0.523013	0.476987
Bly	24	Bre	47	0.485814	0.514186
Bly	24	Bre	48	0.498530	0.501470
Bly	24	Bre	49	0.216506	0.783494
Bly	24	Bre	50	0.293319	0.706681
Bly	24	Bre	51	0.565506	0.434494
Bly	24	Bre	52	0.399663	0.600337
Bly	24	Bre	53	0.542521	0.457479
Bly	24	Bre	54	0.442587	0.557413
Bly	24	Bre	55	0.393001	0.606999
Bly	24	Bre	56	-0.700468	1.700468
Bly	24	Bre	57	0.473474	0.526526
Bly	24	Bre	58	0.234316	0.765684
Bly	24	Bre	59	0.576976	0.423024
Bly	24	Bre	60	0.413148	0.586852
Bly	24	Bre	61	0.509970	0.490030
Bly	24	Bre	62	0.450187	0.549813
Bly	24	Bre	63	0.483162	0.516838
Bly	24	Bre	64	0.458263	0.541737
Bly	24	Bre	65	0.447409	0.552591
Bly	24	Bre	66	0.486055	0.513945
Bly	24	Ivo	67	0.354947	0.645053
Bly	24	Ivo	68	0.672208	0.327792
Bly	24	Ivo	69	-0.178710	1.178710
Bly	24	Ivo	70	0.415378	0.584622
Bly	24	Ivo	71	0.369725	0.630275
Bly	24	Ivo	72	0.645300	0.354700
Bly	24	Ivo	73	0.398738	0.601262
Bly	24	Ivo	74	0.536259	0.463741
Bly	24	Ivo	75	0.488292	0.511708
Bly	24	Ivo	76	0.395146	0.604854
Bly	24	Ivo	77	0.562044	0.437956
Bly	24	Ivo	78	0.478883	0.521117
Bly	24	Ivo	79	0.431942	0.568058
Bly	24	Ivo	80	-0.171008	1.171008
Bly	24	Ivo	81	0.428475	0.571525
Bly	24	Ivo	82	0.573779	0.426221
Bly	24	Ivo	83	0.443146	0.556854
Bly	24	Ivo	84	0.665581	0.334419
Bly	24	Ivo	85	0.321640	0.678360
Bly	24	Ivo	86	0.684643	0.315357
Bly	24	Ivo	87	0.249144	0.750856
Bly	24	Ivo	88	0.540096	0.459904
Bly	24	Ivo	89	0.398827	0.601173
Bly	24	Ivo	90	0.548088	0.451912
Bly	24	Ivo	91	0.438128	0.561872
Bly	24	Ivo	92	0.289008	0.710992
Bly	24	Ivo	93	0.139299	0.860701
Bly	24	Ivo	94	0.010930	0.989070
Bly	24	Ivo	95	0.453784	0.546216
Bly	24	Ivo	96	0.383883	0.616117
Bly	24	Ivo	97	0.155370	0.844630
Bly	24	Pip	98	0.517378	0.482622
Bly	24	Pip	99	0.201553	0.798447
Bly	24	Pip	100	0.209252	0.790748
Bly	24	Pip	101	0.576384	0.423616
Bly	24	Pip	102	-0.022038	1.022038
Bly	24	Pip	103	0.620051	0.379949
Bly	24	Pip	104	0.453332	0.546668
Bly	24	Pip	105	0.428851	0.571149
Bly	24	Pip	106	0.515955	0.484045
Bly	24	Pip	107	0.065635	0.934365
Bly	24	Pip	108	-0.659405	1.659405
Bly	24	Pip	109	0.476595	0.523405
Bly	24	Pip	110	0.417456	0.582544
Bly	24	Pip	111	0.208565	0.791435
Bly	24	Pip	112	0.450676	0.549324
Bly	24	Pip	113	0.612940	0.387060
Bly	24	Pip	114	0.089824	0.910176
Bly	24	Pip	115	-0.054599	1.054599
Bly	24	Pip	116	0.478179	0.521821
Bly	24	Pip	117	-0.054611	1.054611
Bly	24	Pip	118	0.361951	0.638049
Bly	24	Pip	119	0.157355	0.842645
Bly	24	Pip	120	-0.301846	1.301846
Bly	24	Pip	121	0.543463	0.456537
Bly	24	Pip	122	-0.225824	1.225824
Bly	24	Pip	123	0.507481	0.492519
Bly	24	Pip	124	-0.659405	1.659405
Bly	24	Pip	125	0.460259	0.539741
Bly	24	Pip	126	0.536813	0.463187
Bly	24	Pip	127	0.599827	0.400173
Bly	24	Pip	128	0.344507	0.655493
Bly	24	Pip	129	0.047793	0.952207
Bly	24	Pip	130	0.275029	0.724971
Bly	24	Pip	131	0.592475	0.407525
Bly	24	Pip	132	0.567564	0.432436
Bly	24	Pip	133	0.524542	0.475458
Bly	25	Bly	1	-0.046010	1.046010
Bly	25	Bly	2	-0.515284	1.515284
Bly	25	Bly	3	-0.175505	1.175505
Bly	25	Bly	4	0.039733	0.960267
Bly	25	Bly	5	0.018893	0.981107
Bly	25	Bly	6	-0.046010	1.046010
Bly	25	Bly	7	-0.070158	1.070158
Bly	25	Bly	8	-0.848003	1.848003
Bly	25	Bly	9	0.119693	0.880307
Bly	25	Bly	10	0.013448	0.986552
Bly	25	Bly	11	0.006973	0.993027
Bly	25	Bly	12	0.030681	0.969319
Bly	25	Bly	13	-0.530145	1.530145
Bly	25	Bly	14	0.050586	0.949414
Bly	25	Bly	15	0.274550	0.725450
Bly	25	Bly	16	-0.106663	1.106663
Bly	25	Bly	17	0.105484	0.894516
Bly	25	Bly	18	-0.235481	1.235481
Bly	25	Bly	19	-0.597750	1.597750
Bly	25	Bly	20	0.062346	0.937654
Bly	25	Bly	21	-0.029060	1.029060
Bly	25	Bly	22	-0.046010	1.046010
Bly	25	Bly	23	0.081061	0.918939
Bly	25	Bly	24	0.239774	0.760226
Bly	25	Bly	26	0.160461	0.839539
Bly	25	Bly	27	-0.180507	1.180507
Bly	25	Bly	28	-0.482108	1.482108
Bly	25	Bly	29	0.333321	0.666679
Bly	25	Bly	30	0.177073	0.822927
Bly	25	Bly	31	-0.128130	1.128130
Bly	25	Bly	32	-0.246171	1.246171
Bly	25	Bly	33	-0.580864	1.580864
Bly	25	Bre	34	-0.173919	1.173919
Bly	25	Bre	35	0.011753	0.988247
Bly	25	Bre	36	0.011007	0.988993
Bly	25	Bre	37	-0.050317	1.050317
Bly	25	Bre	38	0.152170	0.847830
Bly	25	Bre	39	-0.040174	1.040174
Bly	25	Bre	40	-0.438148	1.438148
Bly	25	Bre	41	0.009436	0.990564
Bly	25	Bre	42	-0.139124	1.139124
Bly	25	Bre	43	-0.553411	1.553411
Bly	25	Bre	44	0.025487	0.974513
Bly	25	Bre	45	-0.121714	1.121714
Bly	25	Bre	46	-0.035813	1.035813
Bly	25	Bre	47	0.000861	0.999139
Bly	25	Bre	48	-0.023056	1.023056
Bly	25	Bre	49	-0.201546	1.201546
Bly	25	Bre	50	-0.081149	1.081149
Bly	25	Bre	51	0.080554	0.919446
Bly	25	Bre	52	-0.062334	1.062334
Bly	25	Bre	53	0.020328	0.979672
Bly	25	Bre	54	0.084786	0.915214
Bly	25	Bre	55	-0.183153	1.183153
Bly	25	Bre	56	-0.087073	1.087073
Bly	25	Bre	57	-0.025157	1.025157
Bly	25	Bre	58	-0.287878	1.287878
Bly	25	Bre	59	0.167068	0.832932
Bly	25	Bre	60	-0.104170	1.104170
Bly	25	Bre	61	-0.011616	1.011616
Bly	25	Bre	62	-0.107887	1.107887
Bly	25	Bre	63	0.247928	0.752072
Bly	25	Bre	64	-0.063930	1.063930
Bly	25	Bre	65	-0.074784	1.074784
Bly	25	Bre	66	0.001103	0.998897
Bly	25	Ivo	67	-0.132160	1.132160
Bly	25	Ivo	68	0.075672	0.924328
Bly	25	Ivo	69	-0.545962	1.545962
Bly	25	Ivo	70	-0.162945	1.162945
Bly	25	Ivo	71	0.011416	0.988584
Bly	25	Ivo	72	0.051345	0.948655
Bly	25	Ivo	73	-0.057935	1.057935
Bly	25	Ivo	74	0.018581	0.981419
Bly	25	Ivo	75	-0.107831	1.107831
Bly	25	Ivo	76	-0.150159	1.150159
Bly	25	Ivo	77	0.032371	0.967629
Bly	25	Ivo	78	-0.044727	1.044727
Bly	25	Ivo	79	-0.087454	1.087454
Bly	25	Ivo	80	-0.617558	1.617558
Bly	25	Ivo	81	-0.089202	1.089202
Bly	25	Ivo	82	0.081227	0.918773
Bly	25	Ivo	83	-0.049407	1.049407
Bly	25	Ivo	84	0.093973	0.906027
Bly	25	Ivo	85	-0.177598	1.177598
Bly	25	Ivo	86	0.198304	0.801696
Bly	25	Ivo	87	-0.345563	1.345563
Bly	25	Ivo	88	0.025948	0.974052
Bly	25	Ivo	89	-0.106474	1.106474
Bly	25	Ivo	90	0.225656	0.774344
Bly	25	Ivo	91	-0.061111	1.061111
Bly	25	Ivo	92	-0.287146	1.287146
Bly	25	Ivo	93	-0.309002	1.309002
Bly	25	Ivo	94	-0.395617	1.395617
Bly	25	Ivo	95	-0.084720	1.084720
Bly	25	Ivo	96	-0.151844	1.151844
Bly	25	Ivo	97	-0.393728	1.393728
Bly	25	Pip	98	0.027510	0.972490
Bly	25	Pip	99	-0.324195	1.324195
Bly	25	Pip	100	-0.264747	1.264747
Bly	25	Pip	101	0.145351	0.854649
Bly	25	Pip	102	-0.510223	1.510223
Bly	25	Pip	103	0.130183	0.869817
Bly	25	Pip	104	-0.013581	1.013581
Bly	25	Pip	105	-0.096898	1.096898
Bly	25	Pip	106	0.111370	0.888630
Bly	25	Pip	107	-0.498537	1.498537
Bly	25	Pip	108	-0.046010	1.046010
Bly	25	Pip	109	0.045563	0.954437
Bly	25	Pip	110	-0.079083	1.079083
Bly	25	Pip	111	-0.230971	1.230971
Bly	25	Pip	112	0.004126	0.995874
Bly	25	Pip	113	0.052727	0.947273
Bly	25	Pip	114	-0.361121	1.361121
Bly	25	Pip	115	-0.070804	1.070804
Bly	25	Pip	116	-0.025030	1.025030
Bly	25	Pip	117	-0.670145	1.670145
Bly	25	Pip	118	-0.127164	1.127164
Bly	25	Pip	119	-0.318327	1.318327
Bly	25	Pip	120	-0.763151	1.763151
Bly	25	Pip	121	0.053594	0.946406
Bly	25	Pip	122	-0.806141	1.806141
Bly	25	Pip	123	-0.018268	1.018268
Bly	25	Pip	124	-0.046010	1.046010
Bly	25	Pip	125	-0.028857	1.028857
Bly	25	Pip	126	0.011064	0.988936
Bly	25	Pip	127	0.109958	0.890042
Bly	25	Pip	128	-0.051859	1.051859
Bly	25	Pip	129	-0.531861	1.531861
Bly	25	Pip	130	-0.242618	1.242618
Bly	25	Pip	131	0.080912	0.919088
Bly	25	Pip	132	0.099530	0.900470
Bly	25	Pip	133	0.034673	0.965327
Bly	26	Bly	1	-0.777953	1.777953
Bly	26	Bly	2	0.146101	0.853899
Bly	26	Bly	3	0.556438	0.443562
Bly	26	Bly	4	0.384645	0.615355
Bly	26	Bly	5	0.500123	0.499877
Bly	26	Bly	6	-0.777953	1.777953
Bly	26	Bly	7	0.570772	0.429228
Bly	26	Bly	8	-0.623160	1.623160
Bly	26	Bly	9	0.708550	0.291450
Bly	26	Bly	10	0.745873	0.254127
Bly	26	Bly	11	0.625500	0.374500
Bly	26	Bly	12	0.602334	0.397666
Bly	26	Bly	13	-0.033209	1.033209
Bly	26	Bly	14	0.752842	0.247158
Bly	26	Bly	15	0.500786	0.499214
Bly	26	Bly	16	0.436947	0.563053
Bly	26	Bly	17	0.636130	0.363870
Bly	26	Bly	18	0.460288	0.539712
Bly	26	Bly	19	0.056950	0.943050
Bly	26	Bly	20	0.165695	0.834305
Bly	26	Bly	21	0.287962	0.712038
Bly	26	Bly	22	-0.777953	1.777953
Bly	26	Bly	23	0.697630	0.302370
Bly	26	Bly	24	0.686210	0.313790
Bly	26	Bly	25	0.160461	0.839539
Bly	26	Bly	27	0.456658	0.543342
Bly	26	Bly	28	0.092310	0.907690
Bly	26	Bly	29	0.614312	0.385688
Bly	26	Bly	30	0.579638	0.420362
Bly	26	Bly	31	0.532963	0.467037
Bly	26	Bly	32	0.352914	0.647086
Bly	26	Bly	33	0.080522	0.919478
Bly	26	Bre	34	0.473887	0.526113
Bly	26	Bre	35	0.600869	0.399131
Bly	26	Bre	36	-0.720936	1.720936
Bly	26	Bre	37	0.632090	0.367910
Bly	26	Bre	38	0.532573	0.467427
Bly	26	Bre	39	0.595019	0.404981
Bly	26	Bre	40	0.045410	0.954590
Bly	26	Bre	41	0.569145	0.430855
Bly	26	Bre	42	0.543283	0.456717
Bly	26	Bre	43	-0.471396	1.471396
Bly	26	Bre	44	0.661773	0.338227
Bly	26	Bre	45	0.526701	0.473299
Bly	26	Bre	46	0.684316	0.315684
Bly	26	Bre	47	0.612516	0.387484
Bly	26	Bre	48	0.659833	0.340167
Bly	26	Bre	49	0.378237	0.621763
Bly	26	Bre	50	0.419945	0.580055
Bly	26	Bre	51	0.726809	0.273191
Bly	26	Bre	52	0.490004	0.509996
Bly	26	Bre	53	0.703824	0.296176
Bly	26	Bre	54	0.603890	0.396110
Bly	26	Bre	55	0.428021	0.571979
Bly	26	Bre	56	-0.819016	1.819016
Bly	26	Bre	57	0.545125	0.454875
Bly	26	Bre	58	0.397944	0.602056
Bly	26	Bre	59	0.517077	0.482923
Bly	26	Bre	60	0.413490	0.586510
Bly	26	Bre	61	0.671273	0.328727
Bly	26	Bre	62	0.575610	0.424390
Bly	26	Bre	63	0.540904	0.459096
Bly	26	Bre	64	0.548604	0.451396
Bly	26	Bre	65	0.608712	0.391288
Bly	26	Bre	66	0.600755	0.399245
Bly	26	Ivo	67	0.330288	0.669712
Bly	26	Ivo	68	0.722269	0.277731
Bly	26	Ivo	69	0.029441	0.970559
Bly	26	Ivo	70	0.437321	0.562679
Bly	26	Ivo	71	0.400386	0.599614
Bly	26	Ivo	72	0.748611	0.251389
Bly	26	Ivo	73	0.573012	0.426988
Bly	26	Ivo	74	0.746277	0.253723
Bly	26	Ivo	75	0.662430	0.337570
Bly	26	Ivo	76	0.498457	0.501543
Bly	26	Ivo	77	0.568003	0.431997
Bly	26	Ivo	78	0.559333	0.440667
Bly	26	Ivo	79	0.401660	0.598340
Bly	26	Ivo	80	0.071819	0.928181
Bly	26	Ivo	81	0.529325	0.470675
Bly	26	Ivo	82	0.677091	0.322909
Bly	26	Ivo	83	0.546457	0.453543
Bly	26	Ivo	84	0.681729	0.318271
Bly	26	Ivo	85	0.450591	0.549409
Bly	26	Ivo	86	0.674426	0.325574
Bly	26	Ivo	87	0.341733	0.658267
Bly	26	Ivo	88	0.594479	0.405521
Bly	26	Ivo	89	0.470696	0.529304
Bly	26	Ivo	90	0.501826	0.498174
Bly	26	Ivo	91	0.613682	0.386318
Bly	26	Ivo	92	0.362639	0.637361
Bly	26	Ivo	93	0.278973	0.721027
Bly	26	Ivo	94	0.198360	0.801640
Bly	26	Ivo	95	0.642976	0.357024
Bly	26	Ivo	96	0.442219	0.557781
Bly	26	Ivo	97	0.156757	0.843243
Bly	26	Pip	98	0.676601	0.323399
Bly	26	Pip	99	0.444381	0.555619
Bly	26	Pip	100	0.197486	0.802514
Bly	26	Pip	101	0.716512	0.283488
Bly	26	Pip	102	0.047263	0.952737
Bly	26	Pip	103	0.760179	0.239821
Bly	26	Pip	104	0.522903	0.477097
Bly	26	Pip	105	0.552269	0.447731
Bly	26	Pip	106	0.574803	0.425197
Bly	26	Pip	107	-0.007860	1.007860
Bly	26	Pip	108	-0.777953	1.777953
Bly	26	Pip	109	0.670495	0.329505
Bly	26	Pip	110	0.486757	0.513243
Bly	26	Pip	111	0.347143	0.652857
Bly	26	Pip	112	0.646900	0.353100
Bly	26	Pip	113	0.736494	0.263506
Bly	26	Pip	114	0.228402	0.771598
Bly	26	Pip	115	-0.173147	1.173147
Bly	26	Pip	116	0.601734	0.398266
Bly	26	Pip	117	0.014826	0.985174
Bly	26	Pip	118	0.558176	0.441824
Bly	26	Pip	119	0.284439	0.715561
Bly	26	Pip	120	-0.159256	1.159256
Bly	26	Pip	121	0.737362	0.262638
Bly	26	Pip	122	-0.074198	1.074198
Bly	26	Pip	123	0.630899	0.369101
Bly	26	Pip	124	-0.777953	1.777953
Bly	26	Pip	125	0.656483	0.343517
Bly	26	Pip	126	0.641061	0.358939
Bly	26	Pip	127	0.705354	0.294646
Bly	26	Pip	128	0.504851	0.495149
Bly	26	Pip	129	0.082629	0.917371
Bly	26	Pip	130	0.310212	0.689788
Bly	26	Pip	131	0.627658	0.372342
Bly	26	Pip	132	0.691118	0.308882
Bly	26	Pip	133	0.683840	0.316160
Bly	27	Bly	1	-0.975408	1.975408
Bly	27	Bly	2	-0.104990	1.104990
Bly	27	Bly	3	0.402196	0.597804
Bly	27	Bly	4	0.429766	0.570234
Bly	27	Bly	5	0.251187	0.748813
Bly	27	Bly	6	-0.975408	1.975408
Bly	27	Bly	7	0.464452	0.535548
Bly	27	Bly	8	-0.871344	1.871344
Bly	27	Bly	9	0.354637	0.645363
Bly	27	Bly	10	0.556024	0.443976
Bly	27	Bly	11	0.439981	0.560019
Bly	27	Bly	12	0.427056	0.572944
Bly	27	Bly	13	-0.099705	1.099705
Bly	27	Bly	14	0.491483	0.508517
Bly	27	Bly	15	0.287660	0.712340
Bly	27	Bly	16	0.331017	0.668983
Bly	27	Bly	17	0.506801	0.493199
Bly	27	Bly	18	0.237753	0.762247
Bly	27	Bly	19	-0.088431	1.088431
Bly	27	Bly	20	-0.224680	1.224680
Bly	27	Bly	21	0.302682	0.697318
Bly	27	Bly	22	-0.975408	1.975408
Bly	27	Bly	23	0.416411	0.583589
Bly	27	Bly	24	0.418173	0.581827
Bly	27	Bly	25	-0.180507	1.180507
Bly	27	Bly	26	0.456658	0.543342
Bly	27	Bly	28	-0.190652	1.190652
Bly	27	Bly	29	0.309978	0.690022
Bly	27	Bly	30	0.413575	0.586425
Bly	27	Bly	31	0.565945	0.434055
Bly	27	Bly	32	0.134362	0.865638
Bly	27	Bly	33	-0.142984	1.142984
Bly	27	Bre	34	0.403587	0.596413
Bly	27	Bre	35	0.494549	0.505451
Bly	27	Bre	36	-0.918391	1.918391
Bly	27	Bre	37	0.526315	0.473685
Bly	27	Bre	38	0.473400	0.526600
Bly	27	Bre	39	0.416896	0.583104
Bly	27	Bre	40	-0.021469	1.021469
Bly	27	Bre	41	0.463215	0.536785
Bly	27	Bre	42	0.472983	0.527017
Bly	27	Bre	43	-0.597723	1.597723
Bly	27	Bre	44	0.567591	0.432409
Bly	27	Bre	45	0.490865	0.509135
Bly	27	Bre	46	0.577996	0.422004
Bly	27	Bre	47	0.541322	0.458678
Bly	27	Bre	48	0.518636	0.481364
Bly	27	Bre	49	0.305475	0.694525
Bly	27	Bre	50	0.313625	0.686375
Bly	27	Bre	51	0.549392	0.450608
Bly	27	Bre	52	0.454168	0.545832
Bly	27	Bre	53	0.562028	0.437972
Bly	27	Bre	54	0.497570	0.502430
Bly	27	Bre	55	0.322844	0.677156
Bly	27	Bre	56	-1.016471	2.016471
Bly	27	Bre	57	0.403928	0.596072
Bly	27	Bre	58	0.438735	0.561265
Bly	27	Bre	59	0.494384	0.505616
Bly	27	Bre	60	0.342777	0.657223
Bly	27	Bre	61	0.495612	0.504388
Bly	27	Bre	62	0.469290	0.530710
Bly	27	Bre	63	0.329132	0.670868
Bly	27	Bre	64	0.548648	0.451352
Bly	27	Bre	65	0.502392	0.497608
Bly	27	Bre	66	0.541038	0.458962
Bly	27	Ivo	67	0.234788	0.765212
Bly	27	Ivo	68	0.430389	0.569611
Bly	27	Ivo	69	-0.124418	1.124418
Bly	27	Ivo	70	0.223631	0.776369
Bly	27	Ivo	71	0.199177	0.800823
Bly	27	Ivo	72	0.381683	0.618317
Bly	27	Ivo	73	0.346702	0.653298
Bly	27	Ivo	74	0.485670	0.514330
Bly	27	Ivo	75	0.365114	0.634886
Bly	27	Ivo	76	0.309153	0.690847
Bly	27	Ivo	77	0.402501	0.597499
Bly	27	Ivo	78	0.428707	0.571293
Bly	27	Ivo	79	0.241069	0.758931
Bly	27	Ivo	80	-0.224230	1.224230
Bly	27	Ivo	81	0.377887	0.622113
Bly	27	Ivo	82	0.418382	0.581618
Bly	27	Ivo	83	0.392629	0.607371
Bly	27	Ivo	84	0.399581	0.600419
Bly	27	Ivo	85	0.202123	0.797877
Bly	27	Ivo	86	0.438012	0.561988
Bly	27	Ivo	87	0.127871	0.872129
Bly	27	Ivo	88	0.419299	0.580701
Bly	27	Ivo	89	0.258591	0.741409
Bly	27	Ivo	90	0.338755	0.661245
Bly	27	Ivo	91	0.281488	0.718512
Bly	27	Ivo	92	0.184174	0.815826
Bly	27	Ivo	93	0.088369	0.911631
Bly	27	Ivo	94	-0.025669	1.025669
Bly	27	Ivo	95	0.346704	0.653296
Bly	27	Ivo	96	0.264137	0.735863
Bly	27	Ivo	97	-0.022055	1.022055
Bly	27	Pip	98	0.499467	0.500533
Bly	27	Pip	99	0.182302	0.817698
Bly	27	Pip	100	0.215453	0.784547
Bly	27	Pip	101	0.503839	0.496161
Bly	27	Pip	102	0.126848	0.873152
Bly	27	Pip	103	0.512630	0.487370
Bly	27	Pip	104	0.275353	0.724647
Bly	27	Pip	105	0.412940	0.587060
Bly	27	Pip	106	0.482077	0.517923
Bly	27	Pip	107	-0.217455	1.217455
Bly	27	Pip	108	-0.975408	1.975408
Bly	27	Pip	109	0.422945	0.577055
Bly	27	Pip	110	0.309210	0.690790
Bly	27	Pip	111	0.277817	0.722183
Bly	27	Pip	112	0.361421	0.638579
Bly	27	Pip	113	0.560455	0.439545
Bly	27	Pip	114	0.122442	0.877558
Bly	27	Pip	115	-0.370602	1.370602
Bly	27	Pip	116	0.497944	0.502056
Bly	27	Pip	117	-0.055504	1.055504
Bly	27	Pip	118	0.456734	0.543266
Bly	27	Pip	119	0.069966	0.930034
Bly	27	Pip	120	-0.373729	1.373729
Bly	27	Pip	121	0.455348	0.544652
Bly	27	Pip	122	-0.222243	1.222243
Bly	27	Pip	123	0.559816	0.440184
Bly	27	Pip	124	-0.975408	1.975408
Bly	27	Pip	125	0.441007	0.558993
Bly	27	Pip	126	0.465022	0.534978
Bly	27	Pip	127	0.457805	0.542195
Bly	27	Pip	128	0.433475	0.566525
Bly	27	Pip	129	-0.057871	1.057871
Bly	27	Pip	130	0.204252	0.795748
Bly	27	Pip	131	0.451695	0.548305
Bly	27	Pip	132	0.479680	0.520320
Bly	27	Pip	133	0.542755	0.457245
Bly	28	Bly	1	-1.251310	2.251310
Bly	28	Bly	2	-0.078824	1.078824
Bly	28	Bly	3	-0.025527	1.025527
Bly	28	Bly	4	-0.046236	1.046236
Bly	28	Bly	5	-0.034903	1.034903
Bly	28	Bly	6	-1.251310	2.251310
Bly	28	Bly	7	0.064724	0.935276
Bly	28	Bly	8	-0.903978	1.903978
Bly	28	Bly	9	0.012069	0.987931
Bly	28	Bly	10	0.158071	0.841929
Bly	28	Bly	11	0.035743	0.964257
Bly	28	Bly	12	0.135985	0.864015
Bly	28	Bly	13	-0.416966	1.416966
Bly	28	Bly	14	0.133227	0.866773
Bly	28	Bly	15	-0.019653	1.019653
Bly	28	Bly	16	-0.212395	1.212395
Bly	28	Bly	17	0.057345	0.942655
Bly	28	Bly	18	0.010989	0.989011
Bly	28	Bly	19	-0.567267	1.567267
Bly	28	Bly	20	-0.496182	1.496182
Bly	28	Bly	21	-0.226981	1.226981
Bly	28	Bly	22	-1.251310	2.251310
Bly	28	Bly	23	-0.020773	1.020773
Bly	28	Bly	24	0.018516	0.981484
Bly	28	Bly	25	-0.482108	1.482108
Bly	28	Bly	26	0.092310	0.907690
Bly	28	Bly	27	-0.190652	1.190652
Bly	28	Bly	29	-0.138831	1.138831
Bly	28	Bly	30	-0.069704	1.069704
Bly	28	Bly	31	0.070737	0.929263
Bly	28	Bly	32	0.225746	0.774254
Bly	28	Bly	33	-0.311279	1.311279
Bly	28	Bre	34	-0.029308	1.029308
Bly	28	Bre	35	0.187402	0.812598
Bly	28	Bre	36	-1.194293	2.194293
Bly	28	Bre	37	0.018646	0.981354
Bly	28	Bre	38	-0.115748	1.115748
Bly	28	Bre	39	0.157776	0.842224
Bly	28	Bre	40	-0.268507	1.268507
Bly	28	Bre	41	-0.045457	1.045457
Bly	28	Bre	42	-0.034685	1.034685
Bly	28	Bre	43	-0.908119	1.908119
Bly	28	Bre	44	0.119685	0.880315
Bly	28	Bre	45	-0.049375	1.049375
Bly	28	Bre	46	0.146521	0.853479
Bly	28	Bre	47	0.145954	0.854046
Bly	28	Bre	48	0.122037	0.877963
Bly	28	Bre	49	-0.162962	1.162962
Bly	28	Bre	50	-0.123346	1.123346
Bly	28	Bre	51	0.148841	0.851159
Bly	28	Bre	52	-0.016731	1.016731
Bly	28	Bre	53	0.127013	0.872987
Bly	28	Bre	54	0.121390	0.878610
Bly	28	Bre	55	-0.078714	1.078714
Bly	28	Bre	56	-1.292373	2.292373
Bly	28	Bre	57	0.196530	0.803470
Bly	28	Bre	58	-0.143668	1.143668
Bly	28	Bre	59	-0.061092	1.061092
Bly	28	Bre	60	-0.058568	1.058568
Bly	28	Bre	61	0.093304	0.906696
Bly	28	Bre	62	0.070155	0.929845
Bly	28	Bre	63	-0.009044	1.009044
Bly	28	Bre	64	0.041869	0.958131
Bly	28	Bre	65	0.108091	0.891909
Bly	28	Bre	66	0.059420	0.940580
Bly	28	Ivo	67	-0.188909	1.188909
Bly	28	Ivo	68	0.208693	0.791307
Bly	28	Ivo	69	-0.523684	1.523684
Bly	28	Ivo	70	-0.118585	1.118585
Bly	28	Ivo	71	-0.042007	1.042007
Bly	28	Ivo	72	0.157611	0.842389
Bly	28	Ivo	73	0.024217	0.975783
Bly	28	Ivo	74	0.156519	0.843481
Bly	28	Ivo	75	0.182620	0.817380
Bly	28	Ivo	76	-0.019798	1.019798
Bly	28	Ivo	77	0.049084	0.950916
Bly	28	Ivo	78	0.111647	0.888353
Bly	28	Ivo	79	-0.101330	1.101330
Bly	28	Ivo	80	-0.634214	1.634214
Bly	28	Ivo	81	0.074998	0.925002
Bly	28	Ivo	82	0.194311	0.805689
Bly	28	Ivo	83	0.063677	0.936323
Bly	28	Ivo	84	0.144043	0.855957
Bly	28	Ivo	85	-0.056344	1.056344
Bly	28	Ivo	86	0.134862	0.865138
Bly	28	Ivo	87	-0.238468	1.238468
Bly	28	Ivo	88	0.157985	0.842015
Bly	28	Ivo	89	-0.107472	1.107472
Bly	28	Ivo	90	-0.110807	1.110807
Bly	28	Ivo	91	0.122984	0.877016
Bly	28	Ivo	92	-0.109419	1.109419
Bly	28	Ivo	93	-0.197970	1.197970
Bly	28	Ivo	94	-0.339200	1.339200
Bly	28	Ivo	95	0.040467	0.959533
Bly	28	Ivo	96	-0.101349	1.101349
Bly	28	Ivo	97	-0.422517	1.422517
Bly	28	Pip	98	-0.044252	1.044252
Bly	28	Pip	99	-0.201456	1.201456
Bly	28	Pip	100	-0.454302	1.454302
Bly	28	Pip	101	0.089803	0.910197
Bly	28	Pip	102	-0.490055	1.490055
Bly	28	Pip	103	0.099134	0.900866
Bly	28	Pip	104	0.007465	0.992535
Bly	28	Pip	105	0.056327	0.943673
Bly	28	Pip	106	0.039518	0.960482
Bly	28	Pip	107	-0.540053	1.540053
Bly	28	Pip	108	-1.251310	2.251310
Bly	28	Pip	109	-0.026199	1.026199
Bly	28	Pip	110	-0.199496	1.199496
Bly	28	Pip	111	-0.259453	1.259453
Bly	28	Pip	112	0.090136	0.909864
Bly	28	Pip	113	0.087942	0.912058
Bly	28	Pip	114	-0.244234	1.244234
Bly	28	Pip	115	-0.646504	1.646504
Bly	28	Pip	116	0.065483	0.934517
Bly	28	Pip	117	-0.522629	1.522629
Bly	28	Pip	118	-0.010356	1.010356
Bly	28	Pip	119	-0.034889	1.034889
Bly	28	Pip	120	-0.365145	1.365145
Bly	28	Pip	121	0.022546	0.977454
Bly	28	Pip	122	-0.511806	1.511806
Bly	28	Pip	123	0.058151	0.941849
Bly	28	Pip	124	-1.251310	2.251310
Bly	28	Pip	125	0.099719	0.900281
Bly	28	Pip	126	0.087407	0.912593
Bly	28	Pip	127	0.153960	0.846040
Bly	28	Pip	128	0.014840	0.985160
Bly	28	Pip	129	-0.491812	1.491812
Bly	28	Pip	130	-0.047310	1.047310
Bly	28	Pip	131	0.143145	0.856855
Bly	28	Pip	132	0.082758	0.917242
Bly	28	Pip	133	0.075212	0.924788
Bly	29	Bly	1	-0.678088	1.678088
Bly	29	Bly	2	-0.059400	1.059400
Bly	29	Bly	3	0.319126	0.680874
Bly	29	Bly	4	0.312462	0.687538
Bly	29	Bly	5	0.267958	0.732042
Bly	29	Bly	6	-0.678088	1.678088
Bly	29	Bly	7	0.416507	0.583493
Bly	29	Bly	8	-0.621185	1.621185
Bly	29	Bly	9	0.538944	0.461056
Bly	29	Bly	10	0.469332	0.530668
Bly	29	Bly	11	0.420292	0.579708
Bly	29	Bly	12	0.443999	0.556001
Bly	29	Bly	13	-0.135997	1.135997
Bly	29	Bly	14	0.403035	0.596965
Bly	29	Bly	15	0.462621	0.537379
Bly	29	Bly	16	0.245778	0.754222
Bly	29	Bly	17	0.524735	0.475265
Bly	29	Bly	18	0.222516	0.777484
Bly	29	Bly	19	-0.145685	1.145685
Bly	29	Bly	20	0.165713	0.834287
Bly	29	Bly	21	0.214556	0.785444
Bly	29	Bly	22	-0.678088	1.678088
Bly	29	Bly	23	0.517774	0.482226
Bly	29	Bly	24	0.606803	0.393197
Bly	29	Bly	25	0.333321	0.666679
Bly	29	Bly	26	0.614312	0.385688
Bly	29	Bly	27	0.309978	0.690022
Bly	29	Bly	28	-0.138831	1.138831
Bly	29	Bly	30	0.479525	0.520475
Bly	29	Bly	31	0.366501	0.633499
Bly	29	Bly	32	0.147976	0.852024
Bly	29	Bly	33	-0.124980	1.124980
Bly	29	Bre	34	0.320711	0.679289
Bly	29	Bre	35	0.405901	0.594099
Bly	29	Bre	36	-0.621071	1.621071
Bly	29	Bre	37	0.478914	0.521086
Bly	29	Bre	38	0.426000	0.574000
Bly	29	Bre	39	0.328448	0.671552
Bly	29	Bre	40	-0.149558	1.149558
Bly	29	Bre	41	0.415216	0.584784
Bly	29	Bre	42	0.445428	0.554572
Bly	29	Bre	43	-0.344950	1.344950
Bly	29	Bre	44	0.515971	0.484029
Bly	29	Bre	45	0.372917	0.627083
Bly	29	Bre	46	0.454671	0.545329
Bly	29	Bre	47	0.456745	0.543255
Bly	29	Bre	48	0.467429	0.532571
Bly	29	Bre	49	0.187527	0.812473
Bly	29	Bre	50	0.317156	0.682844
Bly	29	Bre	51	0.534405	0.465595
Bly	29	Bre	52	0.373461	0.626539
Bly	29	Bre	53	0.510812	0.489188
Bly	29	Bre	54	0.410878	0.589122
Bly	29	Bre	55	0.448926	0.551074
Bly	29	Bre	56	-0.637025	1.637025
Bly	29	Bre	57	0.352721	0.647279
Bly	29	Bre	58	0.206753	0.793247
Bly	29	Bre	59	0.579501	0.420499
Bly	29	Bre	60	0.386945	0.613055
Bly	29	Bre	61	0.478869	0.521131
Bly	29	Bre	62	0.382598	0.617402
Bly	29	Bre	63	0.503943	0.496057
Bly	29	Bre	64	0.430701	0.569299
Bly	29	Bre	65	0.415700	0.584300
Bly	29	Bre	66	0.491587	0.508413
Bly	29	Ivo	67	0.457352	0.542648
Bly	29	Ivo	68	0.494922	0.505078
Bly	29	Ivo	69	-0.173194	1.173194
Bly	29	Ivo	70	0.348260	0.651740
Bly	29	Ivo	71	0.375121	0.624879
Bly	29	Ivo	72	0.470596	0.529404
Bly	29	Ivo	73	0.331148	0.668852
Bly	29	Ivo	74	0.431899	0.568101
Bly	29	Ivo	75	0.348053	0.651947
Bly	29	Ivo	76	0.387852	0.612148
Bly	29	Ivo	77	0.645279	0.354721
Bly	29	Ivo	78	0.449904	0.550096
Bly	29	Ivo	79	0.391721	0.608279
Bly	29	Ivo	80	-0.120000	1.120000
Bly	29	Ivo	81	0.324116	0.675884
Bly	29	Ivo	82	0.435709	0.564291
Bly	29	Ivo	83	0.343822	0.656178
Bly	29	Ivo	84	0.543442	0.456558
Bly	29	Ivo	85	0.219450	0.780550
Bly	29	Ivo	86	0.563784	0.436216
Bly	29	Ivo	87	0.073687	0.926313
Bly	29	Ivo	88	0.473867	0.526133
Bly	29	Ivo	89	0.419242	0.580758
Bly	29	Ivo	90	0.553297	0.446703
Bly	29	Ivo	91	0.374684	0.625316
Bly	29	Ivo	92	0.262806	0.737194
Bly	29	Ivo	93	0.122102	0.877898
Bly	29	Ivo	94	0.087534	0.912466
Bly	29	Ivo	95	0.422666	0.577334
Bly	29	Ivo	96	0.355542	0.644458
Bly	29	Ivo	97	0.113657	0.886343
Bly	29	Pip	98	0.520108	0.479892
Bly	29	Pip	99	0.095055	0.904945
Bly	29	Pip	100	0.330697	0.669303
Bly	29	Pip	101	0.486596	0.513404
Bly	29	Pip	102	0.039728	0.960272
Bly	29	Pip	103	0.530263	0.469737
Bly	29	Pip	104	0.327663	0.672337
Bly	29	Pip	105	0.358986	0.641014
Bly	29	Pip	106	0.548083	0.451917
Bly	29	Pip	107	-0.003575	1.003575
Bly	29	Pip	108	-0.678088	1.678088
Bly	29	Pip	109	0.440578	0.559422
Bly	29	Pip	110	0.477615	0.522385
Bly	29	Pip	111	0.396961	0.603039
Bly	29	Pip	112	0.380811	0.619189
Bly	29	Pip	113	0.543211	0.456789
Bly	29	Pip	114	0.186798	0.813202
Bly	29	Pip	115	-0.073282	1.073282
Bly	29	Pip	116	0.465455	0.534545
Bly	29	Pip	117	-0.085593	1.085593
Bly	29	Pip	118	0.330833	0.669167
Bly	29	Pip	119	0.183050	0.816950
Bly	29	Pip	120	-0.426098	1.426098
Bly	29	Pip	121	0.507446	0.492554
Bly	29	Pip	122	-0.292823	1.292823
Bly	29	Pip	123	0.400982	0.599018
Bly	29	Pip	124	-0.678088	1.678088
Bly	29	Pip	125	0.390394	0.609606
Bly	29	Pip	126	0.447778	0.552222
Bly	29	Pip	127	0.475438	0.524562
Bly	29	Pip	128	0.274642	0.725358
Bly	29	Pip	129	0.018091	0.981909
Bly	29	Pip	130	0.080296	0.919704
Bly	29	Pip	131	0.446392	0.553608
Bly	29	Pip	132	0.461202	0.538798
Bly	29	Pip	133	0.453924	0.546076
Bly	30	Bly	1	-0.648477	1.648477
Bly	30	Bly	2	-0.239660	1.239660
Bly	30	Bly	3	0.417824	0.582176
Bly	30	Bly	4	0.479723	0.520277
Bly	30	Bly	5	0.355696	0.644304
Bly	30	Bly	6	-0.648477	1.648477
Bly	30	Bly	7	0.411083	0.588917
Bly	30	Bly	8	-0.426006	1.426006
Bly	30	Bly	9	0.654113	0.345887
Bly	30	Bly	10	0.537256	0.462744
Bly	30	Bly	11	0.542320	0.457680
Bly	30	Bly	12	0.519154	0.480846
Bly	30	Bly	13	-0.150990	1.150990
Bly	30	Bly	14	0.509625	0.490375
Bly	30	Bly	15	0.714447	0.285553
Bly	30	Bly	16	0.538465	0.461535
Bly	30	Bly	17	0.599553	0.400447
Bly	30	Bly	18	0.330505	0.669495
Bly	30	Bly	19	-0.140618	1.140618
Bly	30	Bly	20	0.257291	0.742709
Bly	30	Bly	21	0.396605	0.603395
Bly	30	Bly	22	-0.648477	1.648477
Bly	30	Bly	23	0.577852	0.422148
Bly	30	Bly	24	0.534141	0.465859
Bly	30	Bly	25	0.177073	0.822927
Bly	30	Bly	26	0.579638	0.420362
Bly	30	Bly	27	0.413575	0.586425
Bly	30	Bly	28	-0.069704	1.069704
Bly	30	Bly	29	0.479525	0.520475
Bly	30	Bly	31	0.431275	0.568725
Bly	30	Bly	32	0.157114	0.842886
Bly	30	Bly	33	-0.117047	1.117047
Bly	30	Bre	34	0.465405	0.534595
Bly	30	Bre	35	0.441180	0.558820
Bly	30	Bre	36	-0.591460	1.591460
Bly	30	Bre	37	0.575021	0.424979
Bly	30	Bre	38	0.517041	0.482959
Bly	30	Bre	39	0.461431	0.538569
Bly	30	Bre	40	-0.114278	1.114278
Bly	30	Bre	41	0.547551	0.452449
Bly	30	Bre	42	0.521690	0.478310
Bly	30	Bre	43	-0.341920	1.341920
Bly	30	Bre	44	0.548687	0.451313
Bly	30	Bre	45	0.471615	0.528385
Bly	30	Bre	46	0.524628	0.475372
Bly	30	Bre	47	0.557431	0.442569
Bly	30	Bre	48	0.500144	0.499856
Bly	30	Bre	49	0.286225	0.713775
Bly	30	Bre	50	0.260256	0.739744
Bly	30	Bre	51	0.567120	0.432880
Bly	30	Bre	52	0.434918	0.565082
Bly	30	Bre	53	0.508660	0.491340
Bly	30	Bre	54	0.444201	0.555799
Bly	30	Bre	55	0.487631	0.512369
Bly	30	Bre	56	-0.689540	1.689540
Bly	30	Bre	57	0.385436	0.614564
Bly	30	Bre	58	0.305933	0.694067
Bly	30	Bre	59	0.689231	0.310769
Bly	30	Bre	60	0.473100	0.526900
Bly	30	Bre	61	0.511584	0.488416
Bly	30	Bre	62	0.415921	0.584079
Bly	30	Bre	63	0.617345	0.382655
Bly	30	Bre	64	0.493518	0.506482
Bly	30	Bre	65	0.449023	0.550977
Bly	30	Bre	66	0.487669	0.512331
Bly	30	Ivo	67	0.429921	0.570079
Bly	30	Ivo	68	0.563442	0.436558
Bly	30	Ivo	69	-0.046146	1.046146
Bly	30	Ivo	70	0.438208	0.561792
Bly	30	Ivo	71	0.305085	0.694915
Bly	30	Ivo	72	0.468408	0.531592
Bly	30	Ivo	73	0.328210	0.671790
Bly	30	Ivo	74	0.537660	0.462340
Bly	30	Ivo	75	0.382226	0.617774
Bly	30	Ivo	76	0.419620	0.580380
Bly	30	Ivo	77	0.562320	0.437680
Bly	30	Ivo	78	0.443922	0.556078
Bly	30	Ivo	79	0.287700	0.712300
Bly	30	Ivo	80	-0.172352	1.172352
Bly	30	Ivo	81	0.357634	0.642366
Bly	30	Ivo	82	0.468474	0.531526
Bly	30	Ivo	83	0.407843	0.592157
Bly	30	Ivo	84	0.539699	0.460301
Bly	30	Ivo	85	0.288577	0.711423
Bly	30	Ivo	86	0.578125	0.421875
Bly	30	Ivo	87	0.179719	0.820281
Bly	30	Ivo	88	0.434790	0.565210
Bly	30	Ivo	89	0.364639	0.635361
Bly	30	Ivo	90	0.549304	0.450696
Bly	30	Ivo	91	0.375386	0.624614
Bly	30	Ivo	92	0.385323	0.614677
Bly	30	Ivo	93	0.140359	0.859641
Bly	30	Ivo	94	0.068254	0.931746
Bly	30	Ivo	95	0.432775	0.567225
Bly	30	Ivo	96	0.514692	0.485308
Bly	30	Ivo	97	0.096766	0.903234
Bly	30	Pip	98	0.583420	0.416580
Bly	30	Pip	99	0.280783	0.719217
Bly	30	Pip	100	0.337766	0.662234
Bly	30	Pip	101	0.485236	0.514764
Bly	30	Pip	102	0.205785	0.794215
Bly	30	Pip	103	0.528904	0.471096
Bly	30	Pip	104	0.291627	0.708373
Bly	30	Pip	105	0.469089	0.530911
Bly	30	Pip	106	0.606046	0.393954
Bly	30	Pip	107	-0.026002	1.026002
Bly	30	Pip	108	-0.648477	1.648477
Bly	30	Pip	109	0.439219	0.560781
Bly	30	Pip	110	0.523430	0.476570
Bly	30	Pip	111	0.451621	0.548379
Bly	30	Pip	112	0.459902	0.540098
Bly	30	Pip	113	0.505219	0.494781
Bly	30	Pip	114	0.242323	0.757677
Bly	30	Pip	115	-0.043671	1.043671
Bly	30	Pip	116	0.610960	0.389040
Bly	30	Pip	117	0.013651	0.986349
Bly	30	Pip	118	0.394578	0.605422
Bly	30	Pip	119	0.258001	0.741999
Bly	30	Pip	120	-0.205917	1.205917
Bly	30	Pip	121	0.506086	0.493914
Bly	30	Pip	122	-0.242492	1.242492
Bly	30	Pip	123	0.575813	0.424187
Bly	30	Pip	124	-0.648477	1.648477
Bly	30	Pip	125	0.492885	0.507115
Bly	30	Pip	126	0.451693	0.548307
Bly	30	Pip	127	0.508679	0.491321
Bly	30	Pip	128	0.454747	0.545253
Bly	30	Pip	129	0.065957	0.934043
Bly	30	Pip	130	0.297035	0.702965
Bly	30	Pip	131	0.639730	0.360270
Bly	30	Pip	132	0.537862	0.462138
Bly	30	Pip	133	0.558752	0.441248
Bly	31	Bly	1	-1.031949	2.031949
Bly	31	Bly	2	0.249605	0.750395
Bly	31	Bly	3	0.604671	0.395329
Bly	31	Bly	4	0.569460	0.430540
Bly	31	Bly	5	0.402384	0.597616
Bly	31	Bly	6	-1.031949	2.031949
Bly	31	Bly	7	0.585724	0.414276
Bly	31	Bly	8	-0.640264	1.640264
Bly	31	Bly	9	0.494331	0.505669
Bly	31	Bly	10	0.667313	0.332687
Bly	31	Bly	11	0.661155	0.338845
Bly	31	Bly	12	0.607516	0.392484
Bly	31	Bly	13	-0.022826	1.022826
Bly	31	Bly	14	0.568171	0.431829
Bly	31	Bly	15	0.352146	0.647854
Bly	31	Bly	16	0.399573	0.600427
Bly	31	Bly	17	0.524683	0.475317
Bly	31	Bly	18	0.352912	0.647088
Bly	31	Bly	19	0.177378	0.822622
Bly	31	Bly	20	-0.046240	1.046240
Bly	31	Bly	21	0.067447	0.932553
Bly	31	Bly	22	-1.031949	2.031949
Bly	31	Bly	23	0.411620	0.588380
Bly	31	Bly	24	0.361738	0.638262
Bly	31	Bly	25	-0.128130	1.128130
Bly	31	Bly	26	0.532963	0.467037
Bly	31	Bly	27	0.565945	0.434055
Bly	31	Bly	28	0.070737	0.929263
Bly	31	Bly	29	0.366501	0.633499
Bly	31	Bly	30	0.431275	0.568725
Bly	31	Bly	32	0.246617	0.753383
Bly	31	Bly	33	0.014708	0.985292
Bly	31	Bre	34	0.507020	0.492980
Bly	31	Bre	35	0.559311	0.440689
Bly	31	Bre	36	-0.974932	1.974932
Bly	31	Bre	37	0.595147	0.404853
Bly	31	Bre	38	0.460752	0.539248
Bly	31	Bre	39	0.452818	0.547182
Bly	31	Bre	40	0.009689	0.990311
Bly	31	Bre	41	0.532047	0.467953
Bly	31	Bre	42	0.541815	0.458185
Bly	31	Bre	43	-0.688759	1.688759
Bly	31	Bre	44	0.551074	0.448926
Bly	31	Bre	45	0.606023	0.393977
Bly	31	Bre	46	0.608082	0.391918
Bly	31	Bre	47	0.606008	0.393992
Bly	31	Bre	48	0.595324	0.404676
Bly	31	Bre	49	0.455510	0.544490
Bly	31	Bre	50	0.378387	0.621613
Bly	31	Bre	51	0.579477	0.420523
Bly	31	Bre	52	0.604203	0.395797
Bly	31	Bre	53	0.592114	0.407886
Bly	31	Bre	54	0.527655	0.472345
Bly	31	Bre	55	0.472879	0.527121
Bly	31	Bre	56	-1.073012	2.073012
Bly	31	Bre	57	0.474727	0.525273
Bly	31	Bre	58	0.553893	0.446107
Bly	31	Bre	59	0.516413	0.483587
Bly	31	Bre	60	0.480887	0.519113
Bly	31	Bre	61	0.525697	0.474303
Bly	31	Bre	62	0.499375	0.500625
Bly	31	Bre	63	0.324340	0.675660
Bly	31	Bre	64	0.698684	0.301316
Bly	31	Bre	65	0.573191	0.426809
Bly	31	Bre	66	0.524520	0.475480
Bly	31	Ivo	67	0.332131	0.667869
Bly	31	Ivo	68	0.542368	0.457632
Bly	31	Ivo	69	0.182106	0.817894
Bly	31	Ivo	70	0.322994	0.677006
Bly	31	Ivo	71	0.217060	0.782940
Bly	31	Ivo	72	0.527648	0.472352
Bly	31	Ivo	73	0.504670	0.495330
Bly	31	Ivo	74	0.631636	0.368364
Bly	31	Ivo	75	0.597897	0.402103
Bly	31	Ivo	76	0.501722	0.498278
Bly	31	Ivo	77	0.459407	0.540593
Bly	31	Ivo	78	0.566817	0.433183
Bly	31	Ivo	79	0.265732	0.734268
Bly	31	Ivo	80	0.012739	0.987261
Bly	31	Ivo	81	0.564567	0.435433
Bly	31	Ivo	82	0.564348	0.435652
Bly	31	Ivo	83	0.623944	0.376056
Bly	31	Ivo	84	0.545388	0.454612
Bly	31	Ivo	85	0.313212	0.686788
Bly	31	Ivo	86	0.565980	0.434020
Bly	31	Ivo	87	0.238960	0.761040
Bly	31	Ivo	88	0.524776	0.475224
Bly	31	Ivo	89	0.327222	0.672778
Bly	31	Ivo	90	0.356531	0.643469
Bly	31	Ivo	91	0.506915	0.493085
Bly	31	Ivo	92	0.322283	0.677717
Bly	31	Ivo	93	0.325521	0.674479
Bly	31	Ivo	94	0.240365	0.759635
Bly	31	Ivo	95	0.606625	0.393375
Bly	31	Ivo	96	0.489180	0.510820
Bly	31	Ivo	97	0.121891	0.878109
Bly	31	Pip	98	0.643307	0.356693
Bly	31	Pip	99	0.502219	0.497781
Bly	31	Pip	100	0.393894	0.606106
Bly	31	Pip	101	0.568419	0.431581
Bly	31	Pip	102	0.392605	0.607395
Bly	31	Pip	103	0.623760	0.376240
Bly	31	Pip	104	0.415323	0.584677
Bly	31	Pip	105	0.558671	0.441329
Bly	31	Pip	106	0.540567	0.459433
Bly	31	Pip	107	-0.186679	1.186679
Bly	31	Pip	108	-1.031949	2.031949
Bly	31	Pip	109	0.493361	0.506639
Bly	31	Pip	110	0.448904	0.551096
Bly	31	Pip	111	0.388947	0.611053
Bly	31	Pip	112	0.593970	0.406030
Bly	31	Pip	113	0.630871	0.369129
Bly	31	Pip	114	0.318922	0.681078
Bly	31	Pip	115	-0.427143	1.427143
Bly	31	Pip	116	0.568360	0.431640
Bly	31	Pip	117	0.129050	0.870950
Bly	31	Pip	118	0.676088	0.323912
Bly	31	Pip	119	0.290641	0.709359
Bly	31	Pip	120	-0.181617	1.181617
Bly	31	Pip	121	0.525764	0.474236
Bly	31	Pip	122	0.101544	0.898456
Bly	31	Pip	123	0.705547	0.294453
Bly	31	Pip	124	-1.031949	2.031949
Bly	31	Pip	125	0.673556	0.326444
Bly	31	Pip	126	0.570315	0.429685
Bly	31	Pip	127	0.638412	0.361588
Bly	31	Pip	128	0.625310	0.374690
Bly	31	Pip	129	0.207886	0.792114
Bly	31	Pip	130	0.436801	0.563199
Bly	31	Pip	131	0.597426	0.402574
Bly	31	Pip	132	0.590810	0.409190
Bly	31	Pip	133	0.688485	0.311515
Bly	32	Bly	1	-0.629097	1.629097
Bly	32	Bly	2	-0.205517	1.205517
Bly	32	Bly	3	0.164365	0.835635
Bly	32	Bly	4	0.224564	0.775436
Bly	32	Bly	5	0.156143	0.843857
Bly	32	Bly	6	-0.629097	1.629097
Bly	32	Bly	7	0.370125	0.629875
Bly	32	Bly	8	-0.736811	1.736811
Bly	32	Bly	9	0.214100	0.785900
Bly	32	Bly	10	0.383844	0.616156
Bly	32	Bly	11	0.387610	0.612390
Bly	32	Bly	12	0.394647	0.605353
Bly	32	Bly	13	0.187756	0.812244
Bly	32	Bly	14	0.436166	0.563834
Bly	32	Bly	15	0.103374	0.896626
Bly	32	Bly	16	0.050303	0.949697
Bly	32	Bly	17	0.273441	0.726559
Bly	32	Bly	18	0.103095	0.896905
Bly	32	Bly	19	-0.322671	1.322671
Bly	32	Bly	20	-0.363478	1.363478
Bly	32	Bly	21	-0.140880	1.140880
Bly	32	Bly	22	-0.629097	1.629097
Bly	32	Bly	23	0.195459	0.804541
Bly	32	Bly	24	0.274696	0.725304
Bly	32	Bly	25	-0.246171	1.246171
Bly	32	Bly	26	0.352914	0.647086
Bly	32	Bly	27	0.134362	0.865638
Bly	32	Bly	28	0.225746	0.774254
Bly	32	Bly	29	0.147976	0.852024
Bly	32	Bly	30	0.157114	0.842886
Bly	32	Bly	31	0.246617	0.753383
Bly	32	Bly	33	-0.340662	1.340662
Bly	32	Bre	34	0.163046	0.836954
Bly	32	Bre	35	0.446200	0.553800
Bly	32	Bre	36	-0.572080	1.572080
Bly	32	Bre	37	0.198998	0.801002
Bly	32	Bre	38	0.064603	0.935397
Bly	32	Bre	39	0.278247	0.721753
Bly	32	Bre	40	0.064608	0.935392
Bly	32	Bre	41	0.170775	0.829225
Bly	32	Bre	42	0.145666	0.854334
Bly	32	Bre	43	-0.285907	1.285907
Bly	32	Bre	44	0.335917	0.664083
Bly	32	Bre	45	0.130840	0.869160
Bly	32	Bre	46	0.362753	0.637247
Bly	32	Bre	47	0.327586	0.672414
Bly	32	Bre	48	0.338269	0.661731
Bly	32	Bre	49	-0.019673	1.019673
Bly	32	Bre	50	0.092886	0.907114
Bly	32	Bre	51	0.365073	0.634927
Bly	32	Bre	52	0.129020	0.870980
Bly	32	Bre	53	0.343245	0.656755
Bly	32	Bre	54	0.278787	0.721213
Bly	32	Bre	55	0.113640	0.886360
Bly	32	Bre	56	-0.670161	1.670161
Bly	32	Bre	57	0.353927	0.646073
Bly	32	Bre	58	0.001038	0.998962
Bly	32	Bre	59	0.155141	0.844859
Bly	32	Bre	60	0.133786	0.866214
Bly	32	Bre	61	0.309536	0.690464
Bly	32	Bre	62	0.286387	0.713613
Bly	32	Bre	63	0.184464	0.815536
Bly	32	Bre	64	0.223501	0.776499
Bly	32	Bre	65	0.324323	0.675677
Bly	32	Bre	66	0.275652	0.724348
Bly	32	Ivo	67	0.043549	0.956451
Bly	32	Ivo	68	0.438438	0.561562
Bly	32	Ivo	69	-0.333792	1.333792
Bly	32	Ivo	70	0.107419	0.892581
Bly	32	Ivo	71	0.002681	0.997319
Bly	32	Ivo	72	0.349151	0.650849
Bly	32	Ivo	73	0.328804	0.671196
Bly	32	Ivo	74	0.388977	0.611023
Bly	32	Ivo	75	0.321805	0.678195
Bly	32	Ivo	76	0.182233	0.817767
Bly	32	Ivo	77	0.226973	0.773027
Bly	32	Ivo	78	0.254936	0.745064
Bly	32	Ivo	79	0.118739	0.881261
Bly	32	Ivo	80	-0.401756	1.401756
Bly	32	Ivo	81	0.380262	0.619738
Bly	32	Ivo	82	0.392305	0.607695
Bly	32	Ivo	83	0.261671	0.738329
Bly	32	Ivo	84	0.403072	0.596928
Bly	32	Ivo	85	0.052481	0.947519
Bly	32	Ivo	86	0.316725	0.683275
Bly	32	Ivo	87	-0.129643	1.129643
Bly	32	Ivo	88	0.427506	0.572494
Bly	32	Ivo	89	0.035953	0.964047
Bly	32	Ivo	90	0.104009	0.895991
Bly	32	Ivo	91	0.255688	0.744312
Bly	32	Ivo	92	0.046009	0.953991
Bly	32	Ivo	93	-0.042543	1.042543
Bly	32	Ivo	94	-0.012382	1.012382
Bly	32	Ivo	95	0.309036	0.690964
Bly	32	Ivo	96	0.096645	0.903355
Bly	32	Ivo	97	-0.188412	1.188412
Bly	32	Pip	98	0.242555	0.757445
Bly	32	Pip	99	-0.015668	1.015668
Bly	32	Pip	100	-0.189956	1.189956
Bly	32	Pip	101	0.376610	0.623390
Bly	32	Pip	102	-0.227357	1.227357
Bly	32	Pip	103	0.385942	0.614058
Bly	32	Pip	104	0.294273	0.705727
Bly	32	Pip	105	0.272423	0.727577
Bly	32	Pip	106	0.290214	0.709786
Bly	32	Pip	107	0.187598	0.812402
Bly	32	Pip	108	-0.629097	1.629097
Bly	32	Pip	109	0.293952	0.706048
Bly	32	Pip	110	0.099314	0.900686
Bly	32	Pip	111	0.037846	0.962154
Bly	32	Pip	112	0.271888	0.728112
Bly	32	Pip	113	0.340286	0.659714
Bly	32	Pip	114	-0.117528	1.117528
Bly	32	Pip	115	-0.024291	1.024291
Bly	32	Pip	116	0.281715	0.718285
Bly	32	Pip	117	-0.295674	1.295674
Bly	32	Pip	118	0.169044	0.830956
Bly	32	Pip	119	-0.064880	1.064880
Bly	32	Pip	120	-0.489480	1.489480
Bly	32	Pip	121	0.396171	0.603829
Bly	32	Pip	122	-0.543213	1.543213
Bly	32	Pip	123	0.274246	0.725754
Bly	32	Pip	124	-0.629097	1.629097
Bly	32	Pip	125	0.192302	0.807698
Bly	32	Pip	126	0.374214	0.625786
Bly	32	Pip	127	0.406167	0.593833
Bly	32	Pip	128	0.149758	0.850242
Bly	32	Pip	129	-0.274069	1.274069
Bly	32	Pip	130	0.090069	0.909931
Bly	32	Pip	131	0.371380	0.628620
Bly	32	Pip	132	0.298990	0.701010
Bly	32	Pip	133	0.291307	0.708693
Bly	33	Bly	1	-1.578224	2.578224
Bly	33	Bly	2	0.124186	0.875814
Bly	33	Bly	3	0.052526	0.947474
Bly	33	Bly	4	-0.062512	1.062512
Bly	33	Bly	5	-0.242433	1.242433
Bly	33	Bly	6	-1.578224	2.578224
Bly	33	Bly	7	0.031116	0.968884
Bly	33	Bly	8	-0.919256	1.919256
Bly	33	Bly	9	0.082242	0.917758
Bly	33	Bly	10	0.159750	0.840250
Bly	33	Bly	11	0.037243	0.962757
Bly	33	Bly	12	0.014347	0.985653
Bly	33	Bly	13	-0.690382	1.690382
Bly	33	Bly	14	-0.024674	1.024674
Bly	33	Bly	15	-0.173821	1.173821
Bly	33	Bly	16	-0.104351	1.104351
Bly	33	Bly	17	-0.035747	1.035747
Bly	33	Bly	18	-0.246265	1.246265
Bly	33	Bly	19	-0.063541	1.063541
Bly	33	Bly	20	-0.460441	1.460441
Bly	33	Bly	21	-0.370804	1.370804
Bly	33	Bly	22	-1.578224	2.578224
Bly	33	Bly	23	0.039860	0.960140
Bly	33	Bly	24	-0.058671	1.058671
Bly	33	Bly	25	-0.580864	1.580864
Bly	33	Bly	26	0.080522	0.919478
Bly	33	Bly	27	-0.142984	1.142984
Bly	33	Bly	28	-0.311279	1.311279
Bly	33	Bly	29	-0.124980	1.124980
Bly	33	Bly	30	-0.117047	1.117047
Bly	33	Bly	31	0.014708	0.985292
Bly	33	Bly	32	-0.340662	1.340662
Bly	33	Bre	34	0.089501	0.910499
Bly	33	Bre	35	-0.035996	1.035996
Bly	33	Bre	36	-1.521207	2.521207
Bly	33	Bre	37	-0.004443	1.004443
Bly	33	Bre	38	-0.103961	1.103961
Bly	33	Bre	39	-0.024582	1.024582
Bly	33	Bre	40	-0.626332	1.626332
Bly	33	Bre	41	0.019275	0.980725
Bly	33	Bre	42	0.029043	0.970957
Bly	33	Bre	43	-1.200539	2.200539
Bly	33	Bre	44	-0.009770	1.009770
Bly	33	Bre	45	0.057665	0.942335
Bly	33	Bre	46	0.012774	0.987226
Bly	33	Bre	47	0.047334	0.952666
Bly	33	Bre	48	0.000017	0.999983
Bly	33	Bre	49	-0.090799	1.090799
Bly	33	Bre	50	-0.130102	1.130102
Bly	33	Bre	51	0.055267	0.944733
Bly	33	Bre	52	0.055432	0.944568
Bly	33	Bre	53	0.033439	0.966561
Bly	33	Bre	54	-0.031019	1.031019
Bly	33	Bre	55	0.005175	0.994825
Bly	33	Bre	56	-1.619287	2.619287
Bly	33	Bre	57	-0.074477	1.074477
Bly	33	Bre	58	-0.085759	1.085759
Bly	33	Bre	59	-0.048300	1.048300
Bly	33	Bre	60	0.065536	0.934464
Bly	33	Bre	61	-0.035147	1.035147
Bly	33	Bre	62	-0.059299	1.059299
Bly	33	Bre	63	-0.201626	1.201626
Bly	33	Bre	64	0.149913	0.850087
Bly	33	Bre	65	-0.026197	1.026197
Bly	33	Bre	66	0.052664	0.947336
Bly	33	Ivo	67	-0.175581	1.175581
Bly	33	Ivo	68	0.014753	0.985247
Bly	33	Ivo	69	-0.439412	1.439412
Bly	33	Ivo	70	-0.140134	1.140134
Bly	33	Ivo	71	-0.269811	1.269811
Bly	33	Ivo	72	0.040364	0.959636
Bly	33	Ivo	73	-0.017078	1.017078
Bly	33	Ivo	74	0.038791	0.961209
Bly	33	Ivo	75	-0.081766	1.081766
Bly	33	Ivo	76	0.109691	0.890309
Bly	33	Ivo	77	-0.137721	1.137721
Bly	33	Ivo	78	0.054972	0.945028
Bly	33	Ivo	79	-0.294729	1.294729
Bly	33	Ivo	80	-0.468344	1.468344
Bly	33	Ivo	81	-0.105918	1.105918
Bly	33	Ivo	82	0.125714	0.874286
Bly	33	Ivo	83	0.146563	0.853437
Bly	33	Ivo	84	-0.096500	1.096500
Bly	33	Ivo	85	-0.090545	1.090545
Bly	33	Ivo	86	-0.033438	1.033438
Bly	33	Ivo	87	-0.250080	1.250080
Bly	33	Ivo	88	0.008502	0.991498
Bly	33	Ivo	89	-0.200565	1.200565
Bly	33	Ivo	90	-0.189743	1.189743
Bly	33	Ivo	91	-0.094294	1.094294
Bly	33	Ivo	92	-0.070327	1.070327
Bly	33	Ivo	93	-0.192161	1.192161
Bly	33	Ivo	94	-0.426083	1.426083
Bly	33	Ivo	95	-0.017062	1.017062
Bly	33	Ivo	96	-0.018562	1.018562
Bly	33	Ivo	97	-0.400007	1.400007
Bly	33	Pip	98	-0.031078	1.031078
Bly	33	Pip	99	-0.108749	1.108749
Bly	33	Pip	100	-0.299273	1.299273
Bly	33	Pip	101	-0.047197	1.047197
Bly	33	Pip	102	-0.375739	1.375739
Bly	33	Pip	103	-0.038407	1.038407
Bly	33	Pip	104	-0.289656	1.289656
Bly	33	Pip	105	-0.152146	1.152146
Bly	33	Pip	106	-0.092902	1.092902
Bly	33	Pip	107	-0.761529	1.761529
Bly	33	Pip	108	-1.578224	2.578224
Bly	33	Pip	109	-0.128091	1.128091
Bly	33	Pip	110	-0.174596	1.174596
Bly	33	Pip	111	-0.226617	1.226617
Bly	33	Pip	112	-0.034852	1.034852
Bly	33	Pip	113	0.043883	0.956117
Bly	33	Pip	114	-0.297220	1.297220
Bly	33	Pip	115	-1.022068	2.022068
Bly	33	Pip	116	0.015835	0.984165
Bly	33	Pip	117	-0.403978	1.403978
Bly	33	Pip	118	-0.051527	1.051527
Bly	33	Pip	119	-0.342450	1.342450
Bly	33	Pip	120	-0.539478	1.539478
Bly	33	Pip	121	-0.109874	1.109874
Bly	33	Pip	122	-0.550480	1.550480
Bly	33	Pip	123	-0.005270	1.005270
Bly	33	Pip	124	-1.578224	2.578224
Bly	33	Pip	125	-0.001869	1.001869
Bly	33	Pip	126	-0.134665	1.134665
Bly	33	Pip	127	-0.058631	1.058631
Bly	33	Pip	128	-0.094684	1.094684
Bly	33	Pip	129	-0.472749	1.472749
Bly	33	Pip	130	0.027743	0.972257
Bly	33	Pip	131	-0.032323	1.032323
Bly	33	Pip	132	-0.085542	1.085542
Bly	33	Pip	133	-0.022331	1.022331
Bre	34	Bly	1	-0.945387	1.945387
Bre	34	Bly	2	-0.128025	1.128025
Bre	34	Bly	3	0.506959	0.493041
Bre	34	Bly	4	0.452921	0.547079
Bre	34	Bly	5	0.272708	0.727292
Bre	34	Bly	6	-0.945387	1.945387
Bre	34	Bly	7	0.478118	0.521882
Bre	34	Bly	8	-0.648273	1.648273
Bre	34	Bly	9	0.440931	0.559069
Bre	34	Bly	10	0.572387	0.427613
Bre	34	Bly	11	0.574652	0.425348
Bre	34	Bly	12	0.555296	0.444704
Bre	34	Bly	13	-0.141389	1.141389
Bre	34	Bly	14	0.513418	0.486582
Bre	34	Bly	15	0.411195	0.588805
Bre	34	Bly	16	0.469558	0.530442
Bre	34	Bly	17	0.550629	0.449371
Bre	34	Bly	18	0.369863	0.630137
Bre	34	Bly	19	0.018241	0.981759
Bre	34	Bly	20	-0.015795	1.015795
Bre	34	Bly	21	0.166852	0.833148
Bre	34	Bly	22	-0.945387	1.945387
Bre	34	Bly	23	0.432224	0.567776
Bre	34	Bly	24	0.383547	0.616453
Bre	34	Bly	25	-0.173919	1.173919
Bre	34	Bly	26	0.473887	0.526113
Bre	34	Bly	27	0.403587	0.596413
Bre	34	Bly	28	-0.029308	1.029308
Bre	34	Bly	29	0.320711	0.679289
Bre	34	Bly	30	0.465405	0.534595
Bre	34	Bly	31	0.507020	0.492980
Bre	34	Bly	32	0.163046	0.836954
Bre	34	Bly	33	0.089501	0.910499
Bre	34	Bre	35	0.635779	0.364221
Bre	34	Bre	36	-0.888370	1.888370
Bre	34	Bre	37	0.773704	0.226296
Bre	34	Bre	38	0.639310	0.360690
Bre	34	Bre	39	0.610066	0.389934
Bre	34	Bre	40	0.045443	0.954557
Bre	34	Bre	41	0.713952	0.286048
Bre	34	Bre	42	0.807191	0.192809
Bre	34	Bre	43	-0.520112	1.520112
Bre	34	Bre	44	0.693751	0.306249
Bre	34	Bre	45	0.680459	0.319541
Bre	34	Bre	46	0.719226	0.280774
Bre	34	Bre	47	0.754393	0.245607
Bre	34	Bre	48	0.697107	0.302893
Bre	34	Bre	49	0.529946	0.470054
Bre	34	Bre	50	0.501500	0.498500
Bre	34	Bre	51	0.674564	0.325436
Bre	34	Bre	52	0.750344	0.249656
Bre	34	Bre	53	0.663085	0.336915
Bre	34	Bre	54	0.598627	0.401373
Bre	34	Bre	55	0.700087	0.299913
Bre	34	Bre	56	-0.986450	1.986450
Bre	34	Bre	57	0.669216	0.330784
Bre	34	Bre	58	0.464228	0.535772
Bre	34	Bre	59	0.624412	0.375588
Bre	34	Bre	60	0.772374	0.227626
Bre	34	Bre	61	0.668374	0.331626
Bre	34	Bre	62	0.570347	0.429653
Bre	34	Bre	63	0.507190	0.492810
Bre	34	Bre	64	0.771703	0.228297
Bre	34	Bre	65	0.603449	0.396551
Bre	34	Bre	66	0.719551	0.280449
Bre	34	Ivo	67	0.411255	0.588745
Bre	34	Ivo	68	0.479606	0.520394
Bre	34	Ivo	69	0.100053	0.899947
Bre	34	Ivo	70	0.442832	0.557168
Bre	34	Ivo	71	0.205765	0.794235
Bre	34	Ivo	72	0.540095	0.459905
Bre	34	Ivo	73	0.440342	0.559658
Bre	34	Ivo	74	0.537914	0.462086
Bre	34	Ivo	75	0.417357	0.582643
Bre	34	Ivo	76	0.562818	0.437182
Bre	34	Ivo	77	0.483992	0.516008
Bre	34	Ivo	78	0.556208	0.443792
Bre	34	Ivo	79	0.283857	0.716143
Bre	34	Ivo	80	-0.082227	1.082227
Bre	34	Ivo	81	0.394250	0.605750
Bre	34	Ivo	82	0.588204	0.411796
Bre	34	Ivo	83	0.601197	0.398803
Bre	34	Ivo	84	0.488516	0.511484
Bre	34	Ivo	85	0.374308	0.625692
Bre	34	Ivo	86	0.587063	0.412937
Bre	34	Ivo	87	0.214165	0.785835
Bre	34	Ivo	88	0.536681	0.463319
Bre	34	Ivo	89	0.386272	0.613728
Bre	34	Ivo	90	0.383863	0.616137
Bre	34	Ivo	91	0.406942	0.593058
Bre	34	Ivo	92	0.551994	0.448006
Bre	34	Ivo	93	0.264837	0.735163
Bre	34	Ivo	94	0.160738	0.839262
Bre	34	Ivo	95	0.520808	0.479192
Bre	34	Ivo	96	0.558912	0.441088
Bre	34	Ivo	97	0.224071	0.775929
Bre	34	Pip	98	0.519563	0.480437
Bre	34	Pip	99	0.329798	0.670202
Bre	34	Pip	100	0.204765	0.795235
Bre	34	Pip	101	0.525774	0.474226
Bre	34	Pip	102	0.128299	0.871701
Bre	34	Pip	103	0.459515	0.540485
Bre	34	Pip	104	0.297288	0.702712
Bre	34	Pip	105	0.434598	0.565402
Bre	34	Pip	106	0.382359	0.617641
Bre	34	Pip	107	-0.165932	1.165932
Bre	34	Pip	108	-0.945387	1.945387
Bre	34	Pip	109	0.369830	0.630170
Bre	34	Pip	110	0.337298	0.662702
Bre	34	Pip	111	0.319954	0.680046
Bre	34	Pip	112	0.425390	0.574610
Bre	34	Pip	113	0.541804	0.458196
Bre	34	Pip	114	0.278736	0.721264
Bre	34	Pip	115	-0.340580	1.340580
Bre	34	Pip	116	0.513757	0.486243
Bre	34	Pip	117	0.274722	0.725278
Bre	34	Pip	118	0.522512	0.477488
Bre	34	Pip	119	0.207568	0.792432
Bre	34	Pip	120	-0.270727	1.270727
Bre	34	Pip	121	0.436697	0.563303
Bre	34	Pip	122	-0.144697	1.144697
Bre	34	Pip	123	0.541301	0.458699
Bre	34	Pip	124	-0.945387	1.945387
Bre	34	Pip	125	0.458373	0.541627
Bre	34	Pip	126	0.446784	0.553216
Bre	34	Pip	127	0.514340	0.485660
Bre	34	Pip	128	0.414961	0.585039
Bre	34	Pip	129	0.031289	0.968711
Bre	34	Pip	130	0.347192	0.652808
Bre	34	Pip	131	0.514248	0.485752
Bre	34	Pip	132	0.461029	0.538971
Bre	34	Pip	133	0.524240	0.475760
Bre	35	Bly	1	-0.745050	1.745050
Bre	35	Bly	2	0.068897	0.931103
Bre	35	Bly	3	0.440043	0.559957
Bre	35	Bly	4	0.541339	0.458661
Bre	35	Bly	5	0.363883	0.636117
Bre	35	Bly	6	-0.745050	1.745050
Bre	35	Bly	7	0.715144	0.284856
Bre	35	Bly	8	-0.833497	1.833497
Bre	35	Bly	9	0.520905	0.479095
Bre	35	Bly	10	0.735113	0.264887
Bre	35	Bly	11	0.697192	0.302808
Bre	35	Bly	12	0.760801	0.239199
Bre	35	Bly	13	0.130653	0.869347
Bre	35	Bly	14	0.789191	0.210809
Bre	35	Bly	15	0.466890	0.533110
Bre	35	Bly	16	0.406105	0.593895
Bre	35	Bly	17	0.675846	0.324154
Bre	35	Bly	18	0.458897	0.541103
Bre	35	Bly	19	-0.018035	1.018035
Bre	35	Bly	20	-0.117692	1.117692
Bre	35	Bly	21	0.151508	0.848492
Bre	35	Bly	22	-0.745050	1.745050
Bre	35	Bly	23	0.595087	0.404913
Bre	35	Bly	24	0.563895	0.436105
Bre	35	Bly	25	0.011753	0.988247
Bre	35	Bly	26	0.600869	0.399131
Bre	35	Bly	27	0.494549	0.505451
Bre	35	Bly	28	0.187402	0.812598
Bre	35	Bly	29	0.405901	0.594099
Bre	35	Bly	30	0.441180	0.558820
Bre	35	Bly	31	0.559311	0.440689
Bre	35	Bly	32	0.446200	0.553800
Bre	35	Bly	33	-0.035996	1.035996
Bre	35	Bre	34	0.635779	0.364221
Bre	35	Bre	36	-0.688033	1.688033
Bre	35	Bre	37	0.718334	0.281666
Bre	35	Bre	38	0.583939	0.416061
Bre	35	Bre	39	0.756456	0.243544
Bre	35	Bre	40	0.409664	0.590336
Bre	35	Bre	41	0.607644	0.392356
Bre	35	Bre	42	0.665002	0.334998
Bre	35	Bre	43	-0.319775	1.319775
Bre	35	Bre	44	0.855253	0.144747
Bre	35	Bre	45	0.613543	0.386457
Bre	35	Bre	46	0.916553	0.083447
Bre	35	Bre	47	0.809875	0.190125
Bre	35	Bre	48	0.857192	0.142808
Bre	35	Bre	49	0.463030	0.536970
Bre	35	Bre	50	0.646686	0.353314
Bre	35	Bre	51	0.800186	0.199814
Bre	35	Bre	52	0.646187	0.353813
Bre	35	Bre	53	0.860412	0.139588
Bre	35	Bre	54	0.795953	0.204047
Bre	35	Bre	55	0.514863	0.485137
Bre	35	Bre	56	-0.786113	1.786113
Bre	35	Bre	57	0.832136	0.167864
Bre	35	Bre	58	0.518205	0.481795
Bre	35	Bre	59	0.639599	0.360401
Bre	35	Bre	60	0.569473	0.430527
Bre	35	Bre	61	0.793995	0.206005
Bre	35	Bre	62	0.803554	0.196446
Bre	35	Bre	63	0.632811	0.367189
Bre	35	Bre	64	0.740667	0.259333
Bre	35	Bre	65	0.800776	0.199224
Bre	35	Bre	66	0.792819	0.207181
Bre	35	Ivo	67	0.303274	0.696726
Bre	35	Ivo	68	0.605304	0.394696
Bre	35	Ivo	69	0.067814	0.932186
Bre	35	Ivo	70	0.331032	0.668968
Bre	35	Ivo	71	0.295100	0.704900
Bre	35	Ivo	72	0.666672	0.333328
Bre	35	Ivo	73	0.680789	0.319211
Bre	35	Ivo	74	0.742002	0.257998
Bre	35	Ivo	75	0.614760	0.385240
Bre	35	Ivo	76	0.524140	0.475860
Bre	35	Ivo	77	0.533301	0.466699
Bre	35	Ivo	78	0.559508	0.440492
Bre	35	Ivo	79	0.446796	0.553204
Bre	35	Ivo	80	-0.106577	1.106577
Bre	35	Ivo	81	0.633737	0.366263
Bre	35	Ivo	82	0.708696	0.291304
Bre	35	Ivo	83	0.612940	0.387060
Bre	35	Ivo	84	0.691380	0.308620
Bre	35	Ivo	85	0.452717	0.547283
Bre	35	Ivo	86	0.640518	0.359482
Bre	35	Ivo	87	0.304862	0.695138
Bre	35	Ivo	88	0.703183	0.296817
Bre	35	Ivo	89	0.435581	0.564419
Bre	35	Ivo	90	0.471919	0.528081
Bre	35	Ivo	91	0.529718	0.470282
Bre	35	Ivo	92	0.399642	0.600358
Bre	35	Ivo	93	0.304840	0.695160
Bre	35	Ivo	94	0.171887	0.828113
Bre	35	Ivo	95	0.533033	0.466967
Bre	35	Ivo	96	0.487293	0.512707
Bre	35	Ivo	97	0.200620	0.799380
Bre	35	Pip	98	0.571990	0.428010
Bre	35	Pip	99	0.255026	0.744974
Bre	35	Pip	100	0.161804	0.838196
Bre	35	Pip	101	0.740510	0.259490
Bre	35	Pip	102	0.085337	0.914663
Bre	35	Pip	103	0.674250	0.325750
Bre	35	Pip	104	0.582581	0.417419
Bre	35	Pip	105	0.596843	0.403157
Bre	35	Pip	106	0.578000	0.422000
Bre	35	Pip	107	0.059507	0.940493
Bre	35	Pip	108	-0.745050	1.745050
Bre	35	Pip	109	0.530795	0.469205
Bre	35	Pip	110	0.381734	0.618266
Bre	35	Pip	111	0.315663	0.684337
Bre	35	Pip	112	0.511837	0.488163
Bre	35	Pip	113	0.738649	0.261351
Bre	35	Pip	114	0.160289	0.839711
Bre	35	Pip	115	-0.140244	1.140244
Bre	35	Pip	116	0.606135	0.393865
Bre	35	Pip	117	0.051484	0.948516
Bre	35	Pip	118	0.455596	0.544404
Bre	35	Pip	119	0.252003	0.747997
Bre	35	Pip	120	-0.172597	1.172597
Bre	35	Pip	121	0.563198	0.436802
Bre	35	Pip	122	-0.262550	1.262550
Bre	35	Pip	123	0.633543	0.366457
Bre	35	Pip	124	-0.745050	1.745050
Bre	35	Pip	125	0.478854	0.521146
Bre	35	Pip	126	0.697400	0.302600
Bre	35	Pip	127	0.694475	0.305525
Bre	35	Pip	128	0.549768	0.450232
Bre	35	Pip	129	0.049117	0.950883
Bre	35	Pip	130	0.448953	0.551047
Bre	35	Pip	131	0.683660	0.316340
Bre	35	Pip	132	0.657874	0.342126
Bre	35	Pip	133	0.650604	0.349396
Bre	36	Bly	1	0.942983	0.057017
Bre	36	Bly	2	-1.428224	2.428224
Bre	36	Bly	3	-1.058941	2.058941
Bre	36	Bly	4	-0.662092	1.662092
Bre	36	Bly	5	-0.666318	1.666318
Bre	36	Bly	6	0.942983	0.057017
Bre	36	Bly	7	-0.757928	1.757928
Bre	36	Bly	8	-1.200587	2.200587
Bre	36	Bly	9	-0.796786	1.796786
Bre	36	Bly	10	-0.784975	1.784975
Bre	36	Bly	11	-0.797921	1.797921
Bre	36	Bly	12	-0.734312	1.734312
Bre	36	Bly	13	-0.030096	1.030096
Bre	36	Bly	14	-0.649201	1.649201
Bre	36	Bly	15	-0.500009	1.500009
Bre	36	Bly	16	-0.862907	1.862907
Bre	36	Bly	17	-0.571351	1.571351
Bre	36	Bly	18	-0.872143	1.872143
Bre	36	Bly	19	-1.586743	2.586743
Bre	36	Bly	20	-0.395795	1.395795
Bre	36	Bly	21	-0.787793	1.787793
Bre	36	Bly	22	0.942983	0.057017
Bre	36	Bly	23	-0.709778	1.709778
Bre	36	Bly	24	-0.602388	1.602388
Bre	36	Bly	25	0.011007	0.988993
Bre	36	Bly	26	-0.720936	1.720936
Bre	36	Bly	27	-0.918391	1.918391
Bre	36	Bly	28	-1.194293	2.194293
Bre	36	Bly	29	-0.621071	1.621071
Bre	36	Bly	30	-0.591460	1.591460
Bre	36	Bly	31	-0.974932	1.974932
Bre	36	Bly	32	-0.572080	1.572080
Bre	36	Bly	33	-1.521207	2.521207
Bre	36	Bre	34	-0.888370	1.888370
Bre	36	Bre	35	-0.688033	1.688033
Bre	36	Bre	37	-0.862518	1.862518
Bre	36	Bre	38	-0.660031	1.660031
Bre	36	Bre	39	-0.739960	1.739960
Bre	36	Bre	40	-1.004781	2.004781
Bre	36	Bre	41	-0.802766	1.802766
Bre	36	Bre	42	-0.951326	1.951326
Bre	36	Bre	43	0.435581	0.564419
Bre	36	Bre	44	-0.714472	1.714472
Bre	36	Bre	45	-1.005149	2.005149
Bre	36	Bre	46	-0.771480	1.771480
Bre	36	Bre	47	-0.806039	1.806039
Bre	36	Bre	48	-0.758722	1.758722
Bre	36	Bre	49	-1.084982	2.084982
Bre	36	Bre	50	-0.856988	1.856988
Bre	36	Bre	51	-0.731919	1.731919
Bre	36	Bre	52	-0.945769	1.945769
Bre	36	Bre	53	-0.792145	1.792145
Bre	36	Bre	54	-0.727686	1.727686
Bre	36	Bre	55	-1.066588	2.066588
Bre	36	Bre	56	0.901920	0.098080
Bre	36	Bre	57	-0.724943	1.724943
Bre	36	Bre	58	-1.134951	2.134951
Bre	36	Bre	59	-0.645134	1.645134
Bre	36	Bre	60	-0.987606	1.987606
Bre	36	Bre	61	-0.689095	1.689095
Bre	36	Bre	62	-0.884479	1.884479
Bre	36	Bre	63	-0.487738	1.487738
Bre	36	Bre	64	-0.947366	1.947366
Bre	36	Bre	65	-0.887257	1.887257
Bre	36	Bre	66	-0.811370	1.811370
Bre	36	Ivo	67	-0.920126	1.920126
Bre	36	Ivo	68	-0.661204	1.661204
Bre	36	Ivo	69	-1.429398	2.429398
Bre	36	Ivo	70	-0.950911	1.950911
Bre	36	Ivo	71	-0.737933	1.737933
Bre	36	Ivo	72	-0.796210	1.796210
Bre	36	Ivo	73	-0.794354	1.794354
Bre	36	Ivo	74	-0.791859	1.791859
Bre	36	Ivo	75	-0.758120	1.758120
Bre	36	Ivo	76	-0.997714	1.997714
Bre	36	Ivo	77	-0.679087	1.679087
Bre	36	Ivo	78	-0.869327	1.869327
Bre	36	Ivo	79	-0.747523	1.747523
Bre	36	Ivo	80	-1.547715	2.547715
Bre	36	Ivo	81	-0.841288	1.841288
Bre	36	Ivo	82	-0.766328	1.766328
Bre	36	Ivo	83	-0.896962	1.896962
Bre	36	Ivo	84	-0.645986	1.645986
Bre	36	Ivo	85	-1.024672	2.024672
Bre	36	Ivo	86	-0.685131	1.685131
Bre	36	Ivo	87	-1.192366	2.192366
Bre	36	Ivo	88	-0.698184	1.698184
Bre	36	Ivo	89	-0.876768	1.876768
Bre	36	Ivo	90	-0.537896	1.537896
Bre	36	Ivo	91	-0.866276	1.866276
Bre	36	Ivo	92	-1.134219	2.134219
Bre	36	Ivo	93	-1.120195	2.120195
Bre	36	Ivo	94	-1.148982	2.148982
Bre	36	Ivo	95	-0.836324	1.836324
Bre	36	Ivo	96	-0.962284	1.962284
Bre	36	Ivo	97	-1.204650	2.204650
Bre	36	Pip	98	-0.784692	1.784692
Bre	36	Pip	99	-1.122348	2.122348
Bre	36	Pip	100	-1.111550	2.111550
Bre	36	Pip	101	-0.578028	1.578028
Bre	36	Pip	102	-1.249683	2.249683
Bre	36	Pip	103	-0.633369	1.633369
Bre	36	Pip	104	-0.657550	1.657550
Bre	36	Pip	105	-0.760304	1.760304
Bre	36	Pip	106	-0.630122	1.630122
Bre	36	Pip	107	-0.040396	1.040396
Bre	36	Pip	108	0.942983	0.057017
Bre	36	Pip	109	-0.625809	1.625809
Bre	36	Pip	110	-0.925886	1.925886
Bre	36	Pip	111	-0.843650	1.843650
Bre	36	Pip	112	-0.830659	1.830659
Bre	36	Pip	113	-0.674944	1.674944
Bre	36	Pip	114	-1.173322	2.173322
Bre	36	Pip	115	0.452211	0.547789
Bre	36	Pip	116	-0.710793	1.710793
Bre	36	Pip	117	-1.348260	2.348260
Bre	36	Pip	118	-0.921777	1.921777
Bre	36	Pip	119	-1.017614	2.017614
Bre	36	Pip	120	-1.379187	2.379187
Bre	36	Pip	121	-0.671789	1.671789
Bre	36	Pip	122	-1.563139	2.563139
Bre	36	Pip	123	-0.829190	1.829190
Bre	36	Pip	124	0.942983	0.057017
Bre	36	Pip	125	-0.863642	1.863642
Bre	36	Pip	126	-0.657914	1.657914
Bre	36	Pip	127	-0.648021	1.648021
Bre	36	Pip	128	-0.820873	1.820873
Bre	36	Pip	129	-1.231198	2.231198
Bre	36	Pip	130	-0.906024	1.906024
Bre	36	Pip	131	-0.688102	1.688102
Bre	36	Pip	132	-0.634883	1.634883
Bre	36	Pip	133	-0.812129	1.812129
Bre	37	Bly	1	-0.919536	1.919536
Bre	37	Bly	2	-0.044595	1.044595
Bre	37	Bly	3	0.546436	0.453564
Bre	37	Bly	4	0.454272	0.545728
Bre	37	Bly	5	0.390739	0.609261
Bre	37	Bly	6	-0.919536	1.919536
Bre	37	Bly	7	0.560672	0.439328
Bre	37	Bly	8	-0.619924	1.619924
Bre	37	Bly	9	0.550548	0.449452
Bre	37	Bly	10	0.660514	0.339486
Bre	37	Bly	11	0.616176	0.383824
Bre	37	Bly	12	0.603250	0.396750
Bre	37	Bly	13	-0.151013	1.151013
Bre	37	Bly	14	0.595973	0.404027
Bre	37	Bly	15	0.602890	0.397110
Bre	37	Bly	16	0.579174	0.420826
Bre	37	Bly	17	0.638756	0.361244
Bre	37	Bly	18	0.417817	0.582183
Bre	37	Bly	19	0.011115	0.988885
Bre	37	Bly	20	0.061204	0.938796
Bre	37	Bly	21	0.250282	0.749718
Bre	37	Bly	22	-0.919536	1.919536
Bre	37	Bly	23	0.554952	0.445048
Bre	37	Bly	24	0.507149	0.492851
Bre	37	Bly	25	-0.050317	1.050317
Bre	37	Bly	26	0.632090	0.367910
Bre	37	Bly	27	0.526315	0.473685
Bre	37	Bly	28	0.018646	0.981354
Bre	37	Bly	29	0.478914	0.521086
Bre	37	Bly	30	0.575021	0.424979
Bre	37	Bly	31	0.595147	0.404853
Bre	37	Bly	32	0.198998	0.801002
Bre	37	Bly	33	-0.004443	1.004443
Bre	37	Bre	34	0.773704	0.226296
Bre	37	Bre	35	0.718334	0.281666
Bre	37	Bre	36	-0.862518	1.862518
Bre	37	Bre	38	0.797513	0.202487
Bre	37	Bre	39	0.605803	0.394197
Bre	37	Bre	40	0.127998	0.872002
Bre	37	Bre	41	0.817954	0.182046
Bre	37	Bre	42	0.911193	0.088807
Bre	37	Bre	43	-0.494261	1.494261
Bre	37	Bre	44	0.816478	0.183522
Bre	37	Bre	45	0.719936	0.280064
Bre	37	Bre	46	0.801781	0.198219
Bre	37	Bre	47	0.802347	0.197653
Bre	37	Bre	48	0.779662	0.220338
Bre	37	Bre	49	0.569423	0.430577
Bre	37	Bre	50	0.537410	0.462590
Bre	37	Bre	51	0.797292	0.202708
Bre	37	Bre	52	0.789821	0.210179
Bre	37	Bre	53	0.821288	0.178712
Bre	37	Bre	54	0.721354	0.278646
Bre	37	Bre	55	0.761053	0.238947
Bre	37	Bre	56	-0.960599	1.960599
Bre	37	Bre	57	0.664953	0.335047
Bre	37	Bre	58	0.552355	0.447645
Bre	37	Bre	59	0.747140	0.252860
Bre	37	Bre	60	0.746522	0.253478
Bre	37	Bre	61	0.791101	0.208899
Bre	37	Bre	62	0.693074	0.306926
Bre	37	Bre	63	0.589744	0.410256
Bre	37	Bre	64	0.811180	0.188820
Bre	37	Bre	65	0.726177	0.273823
Bre	37	Bre	66	0.755461	0.244539
Bre	37	Ivo	67	0.404130	0.595870
Bre	37	Ivo	68	0.567733	0.432267
Bre	37	Ivo	69	0.139530	0.860470
Bre	37	Ivo	70	0.539275	0.460725
Bre	37	Ivo	71	0.329367	0.670633
Bre	37	Ivo	72	0.663697	0.336303
Bre	37	Ivo	73	0.558372	0.441628
Bre	37	Ivo	74	0.626040	0.373960
Bre	37	Ivo	75	0.540959	0.459041
Bre	37	Ivo	76	0.591168	0.408832
Bre	37	Ivo	77	0.606720	0.393280
Bre	37	Ivo	78	0.595685	0.404315
Bre	37	Ivo	79	0.367287	0.632713
Bre	37	Ivo	80	-0.042750	1.042750
Bre	37	Ivo	81	0.482377	0.517623
Bre	37	Ivo	82	0.627681	0.372319
Bre	37	Ivo	83	0.640674	0.359326
Bre	37	Ivo	84	0.611243	0.388757
Bre	37	Ivo	85	0.413785	0.586215
Bre	37	Ivo	86	0.710665	0.289335
Bre	37	Ivo	87	0.302292	0.697708
Bre	37	Ivo	88	0.619236	0.380764
Bre	37	Ivo	89	0.508999	0.491001
Bre	37	Ivo	90	0.506591	0.493409
Bre	37	Ivo	91	0.530545	0.469455
Bre	37	Ivo	92	0.574793	0.425207
Bre	37	Ivo	93	0.304314	0.695686
Bre	37	Ivo	94	0.340430	0.659570
Bre	37	Ivo	95	0.595760	0.404240
Bre	37	Ivo	96	0.619879	0.380121
Bre	37	Ivo	97	0.301070	0.698930
Bre	37	Pip	98	0.745858	0.254142
Bre	37	Pip	99	0.358147	0.641853
Bre	37	Pip	100	0.301208	0.698792
Bre	37	Pip	101	0.643804	0.356196
Bre	37	Pip	102	0.189265	0.810735
Bre	37	Pip	103	0.617718	0.382282
Bre	37	Pip	104	0.415318	0.584682
Bre	37	Pip	105	0.482552	0.517448
Bre	37	Pip	106	0.505086	0.494914
Bre	37	Pip	107	-0.118592	1.118592
Bre	37	Pip	108	-0.919536	1.919536
Bre	37	Pip	109	0.528033	0.471967
Bre	37	Pip	110	0.482390	0.517610
Bre	37	Pip	111	0.347429	0.652571
Bre	37	Pip	112	0.502390	0.497610
Bre	37	Pip	113	0.700007	0.299993
Bre	37	Pip	114	0.268042	0.731958
Bre	37	Pip	115	-0.314729	1.314729
Bre	37	Pip	116	0.636484	0.363516
Bre	37	Pip	117	0.123200	0.876800
Bre	37	Pip	118	0.557292	0.442708
Bre	37	Pip	119	0.244395	0.755605
Bre	37	Pip	120	-0.199299	1.199299
Bre	37	Pip	121	0.594900	0.405100
Bre	37	Pip	122	-0.156562	1.156562
Bre	37	Pip	123	0.629428	0.370572
Bre	37	Pip	124	-0.919536	1.919536
Bre	37	Pip	125	0.581976	0.418024
Bre	37	Pip	126	0.604987	0.395013
Bre	37	Pip	127	0.597770	0.402230
Bre	37	Pip	128	0.503088	0.496912
Bre	37	Pip	129	0.222984	0.777016
Bre	37	Pip	130	0.308329	0.691671
Bre	37	Pip	131	0.555772	0.444228
Bre	37	Pip	132	0.619232	0.380768
Bre	37	Pip	133	0.612367	0.387633
Bre	38	Bly	1	-0.717048	1.717048
Bre	38	Bly	2	-0.178990	1.178990
Bre	38	Bly	3	0.446918	0.553082
Bre	38	Bly	4	0.441573	0.558427
Bre	38	Bly	5	0.291221	0.708779
Bre	38	Bly	6	-0.717048	1.717048
Bre	38	Bly	7	0.507758	0.492242
Bre	38	Bly	8	-0.656414	1.656414
Bre	38	Bly	9	0.429540	0.570460
Bre	38	Bly	10	0.526119	0.473881
Bre	38	Bly	11	0.481781	0.518219
Bre	38	Bly	12	0.468855	0.531145
Bre	38	Bly	13	-0.203928	1.203928
Bre	38	Bly	14	0.461578	0.538422
Bre	38	Bly	15	0.498307	0.501693
Bre	38	Bly	16	0.411564	0.588436
Bre	38	Bly	17	0.585841	0.414159
Bre	38	Bly	18	0.318300	0.681700
Bre	38	Bly	19	-0.123279	1.123279
Bre	38	Bly	20	0.111531	0.888469
Bre	38	Bly	21	0.213791	0.786209
Bre	38	Bly	22	-0.717048	1.717048
Bre	38	Bly	23	0.455434	0.544566
Bre	38	Bly	24	0.454235	0.545765
Bre	38	Bly	25	0.152170	0.847830
Bre	38	Bly	26	0.532573	0.467427
Bre	38	Bly	27	0.473400	0.526600
Bre	38	Bly	28	-0.115748	1.115748
Bre	38	Bly	29	0.426000	0.574000
Bre	38	Bly	30	0.517041	0.482959
Bre	38	Bly	31	0.460752	0.539248
Bre	38	Bly	32	0.064603	0.935397
Bre	38	Bly	33	-0.103961	1.103961
Bre	38	Bre	34	0.639310	0.360690
Bre	38	Bre	35	0.583939	0.416061
Bre	38	Bre	36	-0.660031	1.660031
Bre	38	Bre	37	0.797513	0.202487
Bre	38	Bre	39	0.569313	0.430687
Bre	38	Bre	40	0.099160	0.900840
Bre	38	Bre	41	0.702284	0.297716
Bre	38	Bre	42	0.708706	0.291294
Bre	38	Bre	43	-0.484148	1.484148
Bre	38	Bre	44	0.728686	0.271314
Bre	38	Bre	45	0.620418	0.379582
Bre	38	Bre	46	0.667386	0.332614
Bre	38	Bre	47	0.667953	0.332047
Bre	38	Bre	48	0.645267	0.354733
Bre	38	Bre	49	0.540585	0.459415
Bre	38	Bre	50	0.403015	0.596985
Bre	38	Bre	51	0.662897	0.337103
Bre	38	Bre	52	0.655426	0.344574
Bre	38	Bre	53	0.686894	0.313106
Bre	38	Bre	54	0.586959	0.413041
Bre	38	Bre	55	0.558566	0.441434
Bre	38	Bre	56	-0.758112	1.758112
Bre	38	Bre	57	0.530559	0.469441
Bre	38	Bre	58	0.452837	0.547163
Bre	38	Bre	59	0.757252	0.242748
Bre	38	Bre	60	0.544035	0.455965
Bre	38	Bre	61	0.656707	0.343293
Bre	38	Bre	62	0.558680	0.441320
Bre	38	Bre	63	0.553254	0.446746
Bre	38	Bre	64	0.676785	0.323215
Bre	38	Bre	65	0.591782	0.408218
Bre	38	Bre	66	0.667669	0.332331
Bre	38	Ivo	67	0.351215	0.648785
Bre	38	Ivo	68	0.468216	0.531784
Bre	38	Ivo	69	0.068162	0.931838
Bre	38	Ivo	70	0.336787	0.663213
Bre	38	Ivo	71	0.276452	0.723548
Bre	38	Ivo	72	0.529303	0.470697
Bre	38	Ivo	73	0.423977	0.576023
Bre	38	Ivo	74	0.491646	0.508354
Bre	38	Ivo	75	0.406565	0.593435
Bre	38	Ivo	76	0.456773	0.543227
Bre	38	Ivo	77	0.518928	0.481072
Bre	38	Ivo	78	0.507894	0.492106
Bre	38	Ivo	79	0.314372	0.685628
Bre	38	Ivo	80	-0.142267	1.142267
Bre	38	Ivo	81	0.347982	0.652018
Bre	38	Ivo	82	0.493286	0.506714
Bre	38	Ivo	83	0.506279	0.493721
Bre	38	Ivo	84	0.511726	0.488274
Bre	38	Ivo	85	0.314268	0.685732
Bre	38	Ivo	86	0.622873	0.377127
Bre	38	Ivo	87	0.202775	0.797225
Bre	38	Ivo	88	0.531444	0.468556
Bre	38	Ivo	89	0.409482	0.590518
Bre	38	Ivo	90	0.453676	0.546324
Bre	38	Ivo	91	0.396150	0.603850
Bre	38	Ivo	92	0.372306	0.627694
Bre	38	Ivo	93	0.291614	0.708386
Bre	38	Ivo	94	0.137943	0.862057
Bre	38	Ivo	95	0.461366	0.538634
Bre	38	Ivo	96	0.452269	0.547731
Bre	38	Ivo	97	0.201553	0.798447
Bre	38	Pip	98	0.578248	0.421752
Bre	38	Pip	99	0.223753	0.776247
Bre	38	Pip	100	0.180200	0.819800
Bre	38	Pip	101	0.509410	0.490590
Bre	38	Pip	102	0.021655	0.978345
Bre	38	Pip	103	0.518200	0.481800
Bre	38	Pip	104	0.280923	0.719077
Bre	38	Pip	105	0.383035	0.616965
Bre	38	Pip	106	0.452172	0.547828
Bre	38	Pip	107	-0.286202	1.286202
Bre	38	Pip	108	-0.717048	1.717048
Bre	38	Pip	109	0.428516	0.571484
Bre	38	Pip	110	0.314780	0.685220
Bre	38	Pip	111	0.247911	0.752089
Bre	38	Pip	112	0.402872	0.597128
Bre	38	Pip	113	0.600490	0.399510
Bre	38	Pip	114	0.168525	0.831475
Bre	38	Pip	115	-0.304617	1.304617
Bre	38	Pip	116	0.536967	0.463033
Bre	38	Pip	117	0.023682	0.976318
Bre	38	Pip	118	0.422897	0.577103
Bre	38	Pip	119	0.110000	0.890000
Bre	38	Pip	120	-0.270667	1.270667
Bre	38	Pip	121	0.495383	0.504617
Bre	38	Pip	122	-0.256080	1.256080
Bre	38	Pip	123	0.529911	0.470089
Bre	38	Pip	124	-0.717048	1.717048
Bre	38	Pip	125	0.482458	0.517542
Bre	38	Pip	126	0.470592	0.529408
Bre	38	Pip	127	0.463375	0.536625
Bre	38	Pip	128	0.490388	0.509612
Bre	38	Pip	129	0.055374	0.944626
Bre	38	Pip	130	0.208811	0.791189
Bre	38	Pip	131	0.456254	0.543746
Bre	38	Pip	132	0.519715	0.480285
Bre	38	Pip	133	0.512850	0.487150
Bre	39	Bly	1	-0.796977	1.796977
Bre	39	Bly	2	-0.000671	1.000671
Bre	39	Bly	3	0.474907	0.525093
Bre	39	Bly	4	0.386442	0.613558
Bre	39	Bly	5	0.382192	0.617808
Bre	39	Bly	6	-0.796977	1.796977
Bre	39	Bly	7	0.635639	0.364361
Bre	39	Bly	8	-0.676771	1.676771
Bre	39	Bly	9	0.445501	0.554499
Bre	39	Bly	10	0.659508	0.340492
Bre	39	Bly	11	0.507418	0.492582
Bre	39	Bly	12	0.571028	0.428972
Bre	39	Bly	13	-0.078014	1.078014
Bre	39	Bly	14	0.705898	0.294102
Bre	39	Bly	15	0.511300	0.488700
Bre	39	Bly	16	0.363329	0.636671
Bre	39	Bly	17	0.598392	0.401608
Bre	39	Bly	18	0.416121	0.583879
Bre	39	Bly	19	-0.170882	1.170882
Bre	39	Bly	20	-0.036357	1.036357
Bre	39	Bly	21	0.267521	0.732479
Bre	39	Bly	22	-0.796977	1.796977
Bre	39	Bly	23	0.552311	0.447689
Bre	39	Bly	24	0.432671	0.567329
Bre	39	Bly	25	-0.040174	1.040174
Bre	39	Bly	26	0.595019	0.404981
Bre	39	Bly	27	0.416896	0.583104
Bre	39	Bly	28	0.157776	0.842224
Bre	39	Bly	29	0.328448	0.671552
Bre	39	Bly	30	0.461431	0.538569
Bre	39	Bly	31	0.452818	0.547182
Bre	39	Bly	32	0.278247	0.721753
Bre	39	Bly	33	-0.024582	1.024582
Bre	39	Bre	34	0.610066	0.389934
Bre	39	Bre	35	0.756456	0.243544
Bre	39	Bre	36	-0.739960	1.739960
Bre	39	Bre	37	0.605803	0.394197
Bre	39	Bre	38	0.569313	0.430687
Bre	39	Bre	40	0.241711	0.758289
Bre	39	Bre	41	0.616808	0.383192
Bre	39	Bre	42	0.639290	0.360710
Bre	39	Bre	43	-0.371702	1.371702
Bre	39	Bre	44	0.742722	0.257278
Bre	39	Bre	45	0.535889	0.464111
Bre	39	Bre	46	0.804022	0.195978
Bre	39	Bre	47	0.732222	0.267778
Bre	39	Bre	48	0.779539	0.220461
Bre	39	Bre	49	0.387425	0.612575
Bre	39	Bre	50	0.586296	0.413704
Bre	39	Bre	51	0.687655	0.312345
Bre	39	Bre	52	0.533656	0.466344
Bre	39	Bre	53	0.747882	0.252118
Bre	39	Bre	54	0.742259	0.257741
Bre	39	Bre	55	0.437209	0.562791
Bre	39	Bre	56	-0.838040	1.838040
Bre	39	Bre	57	0.887079	0.112921
Bre	39	Bre	58	0.477477	0.522523
Bre	39	Bre	59	0.625173	0.374827
Bre	39	Bre	60	0.543960	0.456040
Bre	39	Bre	61	0.716342	0.283658
Bre	39	Bre	62	0.691024	0.308976
Bre	39	Bre	63	0.711898	0.288102
Bre	39	Bre	64	0.628137	0.371863
Bre	39	Bre	65	0.728959	0.271041
Bre	39	Bre	66	0.767106	0.232894
Bre	39	Ivo	67	0.220181	0.779819
Bre	39	Ivo	68	0.605491	0.394509
Bre	39	Ivo	69	0.020559	0.979441
Bre	39	Ivo	70	0.255628	0.744372
Bre	39	Ivo	71	0.254573	0.745427
Bre	39	Ivo	72	0.591268	0.408732
Bre	39	Ivo	73	0.562819	0.437181
Bre	39	Ivo	74	0.624032	0.375968
Bre	39	Ivo	75	0.504478	0.495522
Bre	39	Ivo	76	0.413858	0.586142
Bre	39	Ivo	77	0.457897	0.542103
Bre	39	Ivo	78	0.449227	0.550773
Bre	39	Ivo	79	0.369343	0.630657
Bre	39	Ivo	80	-0.189870	1.189870
Bre	39	Ivo	81	0.519555	0.480445
Bre	39	Ivo	82	0.590726	0.409274
Bre	39	Ivo	83	0.460093	0.539907
Bre	39	Ivo	84	0.612075	0.387925
Bre	39	Ivo	85	0.412190	0.587810
Bre	39	Ivo	86	0.534024	0.465976
Bre	39	Ivo	87	0.229457	0.770543
Bre	39	Ivo	88	0.589001	0.410999
Bre	39	Ivo	89	0.395054	0.604946
Bre	39	Ivo	90	0.394466	0.605534
Bre	39	Ivo	91	0.553863	0.446137
Bre	39	Ivo	92	0.411055	0.588945
Bre	39	Ivo	93	0.305027	0.694973
Bre	39	Ivo	94	0.118590	0.881410
Bre	39	Ivo	95	0.380185	0.619815
Bre	39	Ivo	96	0.369323	0.630677
Bre	39	Ivo	97	0.082650	0.917350
Bre	39	Pip	98	0.459660	0.540340
Bre	39	Pip	99	0.179421	0.820579
Bre	39	Pip	100	0.049474	0.950526
Bre	39	Pip	101	0.574208	0.425792
Bre	39	Pip	102	0.013721	0.986279
Bre	39	Pip	103	0.618417	0.381583
Bre	39	Pip	104	0.457193	0.542807
Bre	39	Pip	105	0.594780	0.405220
Bre	39	Pip	106	0.541261	0.458739
Bre	39	Pip	107	-0.114284	1.114284
Bre	39	Pip	108	-0.796977	1.796977
Bre	39	Pip	109	0.546854	0.453146
Bre	39	Pip	110	0.304280	0.695720
Bre	39	Pip	111	0.313601	0.686399
Bre	39	Pip	112	0.469257	0.530743
Bre	39	Pip	113	0.660996	0.339004
Bre	39	Pip	114	0.245044	0.754956
Bre	39	Pip	115	-0.192171	1.192171
Bre	39	Pip	116	0.604072	0.395928
Bre	39	Pip	117	0.066685	0.933315
Bre	39	Pip	118	0.420706	0.579294
Bre	39	Pip	119	0.176599	0.823401
Bre	39	Pip	120	-0.204068	1.204068
Bre	39	Pip	121	0.561135	0.438865
Bre	39	Pip	122	-0.216460	1.216460
Bre	39	Pip	123	0.596604	0.403396
Bre	39	Pip	124	-0.796977	1.796977
Bre	39	Pip	125	0.478840	0.521160
Bre	39	Pip	126	0.571812	0.428188
Bre	39	Pip	127	0.603764	0.396236
Bre	39	Pip	128	0.466475	0.533525
Bre	39	Pip	129	-0.022500	1.022500
Bre	39	Pip	130	0.437372	0.562628
Bre	39	Pip	131	0.627827	0.372173
Bre	39	Pip	132	0.655812	0.344188
Bre	39	Pip	133	0.613665	0.386335
Bre	40	Bly	1	-1.061798	2.061798
Bre	40	Bly	2	-0.213431	1.213431
Bre	40	Bly	3	-0.074702	1.074702
Bre	40	Bly	4	-0.048997	1.048997
Bre	40	Bly	5	-0.191576	1.191576
Bre	40	Bly	6	-1.061798	2.061798
Bre	40	Bly	7	0.165522	0.834478
Bre	40	Bly	8	-1.048704	2.048704
Bre	40	Bly	9	-0.069431	1.069431
Bre	40	Bly	10	0.144777	0.855223
Bre	40	Bly	11	0.106856	0.893144
Bre	40	Bly	12	0.170465	0.829535
Bre	40	Bly	13	-0.326530	1.326530
Bre	40	Bly	14	0.233732	0.766268
Bre	40	Bly	15	-0.088569	1.088569
Bre	40	Bly	16	-0.149354	1.149354
Bre	40	Bly	17	0.120387	0.879613
Bre	40	Bly	18	-0.096562	1.096562
Bre	40	Bly	19	-0.608371	1.608371
Bre	40	Bly	20	-0.673151	1.673151
Bre	40	Bly	21	-0.403951	1.403951
Bre	40	Bly	22	-1.061798	2.061798
Bre	40	Bly	23	0.039628	0.960372
Bre	40	Bly	24	0.082753	0.917247
Bre	40	Bly	25	-0.438148	1.438148
Bre	40	Bly	26	0.045410	0.954590
Bre	40	Bly	27	-0.021469	1.021469
Bre	40	Bly	28	-0.268507	1.268507
Bre	40	Bly	29	-0.149558	1.149558
Bre	40	Bly	30	-0.114278	1.114278
Bre	40	Bly	31	0.009689	0.990311
Bre	40	Bly	32	0.064608	0.935392
Bre	40	Bly	33	-0.626332	1.626332
Bre	40	Bre	34	0.045443	0.954557
Bre	40	Bre	35	0.409664	0.590336
Bre	40	Bre	36	-1.004781	2.004781
Bre	40	Bre	37	0.127998	0.872002
Bre	40	Bre	38	0.099160	0.900840
Bre	40	Bre	39	0.241711	0.758289
Bre	40	Bre	41	0.052185	0.947815
Bre	40	Bre	42	0.074666	0.925334
Bre	40	Bre	43	-0.742080	1.742080
Bre	40	Bre	44	0.264917	0.735083
Bre	40	Bre	45	0.023207	0.976793
Bre	40	Bre	46	0.326217	0.673783
Bre	40	Bre	47	0.254416	0.745584
Bre	40	Bre	48	0.301733	0.698267
Bre	40	Bre	49	-0.021749	1.021749
Bre	40	Bre	50	0.056350	0.943650
Bre	40	Bre	51	0.209850	0.790150
Bre	40	Bre	52	0.055851	0.944149
Bre	40	Bre	53	0.270076	0.729924
Bre	40	Bre	54	0.205617	0.794383
Bre	40	Bre	55	-0.040596	1.040596
Bre	40	Bre	56	-1.102861	2.102861
Bre	40	Bre	57	0.317391	0.682609
Bre	40	Bre	58	-0.072131	1.072131
Bre	40	Bre	59	0.084141	0.915859
Bre	40	Bre	60	0.014014	0.985986
Bre	40	Bre	61	0.238536	0.761464
Bre	40	Bre	62	0.213218	0.786782
Bre	40	Bre	63	0.077352	0.922648
Bre	40	Bre	64	0.150331	0.849669
Bre	40	Bre	65	0.251153	0.748847
Bre	40	Bre	66	0.202483	0.797517
Bre	40	Ivo	67	-0.193349	1.193349
Bre	40	Ivo	68	0.164877	0.835123
Bre	40	Ivo	69	-0.522522	1.522522
Bre	40	Ivo	70	-0.165591	1.165591
Bre	40	Ivo	71	-0.260359	1.260359
Bre	40	Ivo	72	0.111213	0.888787
Bre	40	Ivo	73	0.125330	0.874670
Bre	40	Ivo	74	0.186543	0.813457
Bre	40	Ivo	75	0.083260	0.916740
Bre	40	Ivo	76	-0.066197	1.066197
Bre	40	Ivo	77	0.036678	0.963322
Bre	40	Ivo	78	0.028008	0.971992
Bre	40	Ivo	79	-0.034346	1.034346
Bre	40	Ivo	80	-0.338539	1.338539
Bre	40	Ivo	81	0.177828	0.822172
Bre	40	Ivo	82	0.153238	0.846762
Bre	40	Ivo	83	0.022604	0.977396
Bre	40	Ivo	84	0.176635	0.823365
Bre	40	Ivo	85	-0.102742	1.102742
Bre	40	Ivo	86	0.090896	0.909104
Bre	40	Ivo	87	-0.285474	1.285474
Bre	40	Ivo	88	0.188438	0.811562
Bre	40	Ivo	89	-0.119878	1.119878
Bre	40	Ivo	90	-0.083540	1.083540
Bre	40	Ivo	91	0.014973	0.985027
Bre	40	Ivo	92	-0.155817	1.155817
Bre	40	Ivo	93	-0.209905	1.209905
Bre	40	Ivo	94	-0.318899	1.318899
Bre	40	Ivo	95	0.001533	0.998467
Bre	40	Ivo	96	-0.103043	1.103043
Bre	40	Ivo	97	-0.389716	1.389716
Bre	40	Pip	98	-0.018346	1.018346
Bre	40	Pip	99	-0.335310	1.335310
Bre	40	Pip	100	-0.428532	1.428532
Bre	40	Pip	101	0.150174	0.849826
Bre	40	Pip	102	-0.464285	1.464285
Bre	40	Pip	103	0.159505	0.840495
Bre	40	Pip	104	0.067836	0.932164
Bre	40	Pip	105	0.082097	0.917903
Bre	40	Pip	106	0.063255	0.936745
Bre	40	Pip	107	-0.362799	1.362799
Bre	40	Pip	108	-1.061798	2.061798
Bre	40	Pip	109	-0.024664	1.024664
Bre	40	Pip	110	-0.173725	1.173725
Bre	40	Pip	111	-0.199082	1.199082
Bre	40	Pip	112	-0.037785	1.037785
Bre	40	Pip	113	0.148313	0.851687
Bre	40	Pip	114	-0.354456	1.354456
Bre	40	Pip	115	-0.562549	1.562549
Bre	40	Pip	116	0.091390	0.908610
Bre	40	Pip	117	-0.498138	1.498138
Bre	40	Pip	118	-0.094026	1.094026
Bre	40	Pip	119	-0.036161	1.036161
Bre	40	Pip	120	-0.728056	1.728056
Bre	40	Pip	121	0.048453	0.951547
Bre	40	Pip	122	-0.852886	1.852886
Bre	40	Pip	123	0.083921	0.916079
Bre	40	Pip	124	-1.061798	2.061798
Bre	40	Pip	125	-0.070768	1.070768
Bre	40	Pip	126	0.147778	0.852222
Bre	40	Pip	127	0.179730	0.820270
Bre	40	Pip	128	-0.040568	1.040568
Bre	40	Pip	129	-0.500506	1.500506
Bre	40	Pip	130	-0.065792	1.065792
Bre	40	Pip	131	0.168915	0.831085
Bre	40	Pip	132	0.143129	0.856871
Bre	40	Pip	133	0.100982	0.899018
Bre	41	Bly	1	-0.859783	1.859783
Bre	41	Bly	2	-0.143171	1.143171
Bre	41	Bly	3	0.482333	0.517667
Bre	41	Bly	4	0.477990	0.522010
Bre	41	Bly	5	0.363674	0.636326
Bre	41	Bly	6	-0.859783	1.859783
Bre	41	Bly	7	0.497572	0.502428
Bre	41	Bly	8	-0.719503	1.719503
Bre	41	Bly	9	0.488200	0.511800
Bre	41	Bly	10	0.597414	0.402586
Bre	41	Bly	11	0.553076	0.446924
Bre	41	Bly	12	0.540150	0.459850
Bre	41	Bly	13	-0.214113	1.214113
Bre	41	Bly	14	0.604383	0.395617
Bre	41	Bly	15	0.503311	0.496689
Bre	41	Bly	16	0.587585	0.412415
Bre	41	Bly	17	0.647167	0.352833
Bre	41	Bly	18	0.426228	0.573772
Bre	41	Bly	19	-0.087865	1.087865
Bre	41	Bly	20	0.085076	0.914924
Bre	41	Bly	21	0.187336	0.812664
Bre	41	Bly	22	-0.859783	1.859783
Bre	41	Bly	23	0.526729	0.473271
Bre	41	Bly	24	0.444204	0.555796
Bre	41	Bly	25	0.009436	0.990564
Bre	41	Bly	26	0.569145	0.430855
Bre	41	Bly	27	0.463215	0.536785
Bre	41	Bly	28	-0.045457	1.045457
Bre	41	Bly	29	0.415216	0.584784
Bre	41	Bly	30	0.547551	0.452449
Bre	41	Bly	31	0.532047	0.467953
Bre	41	Bly	32	0.170775	0.829225
Bre	41	Bly	33	0.019275	0.980725
Bre	41	Bre	34	0.713952	0.286048
Bre	41	Bre	35	0.607644	0.392356
Bre	41	Bre	36	-0.802766	1.802766
Bre	41	Bre	37	0.817954	0.182046
Bre	41	Bre	38	0.702284	0.297716
Bre	41	Bre	39	0.616808	0.383192
Bre	41	Bre	40	0.052185	0.947815
Bre	41	Bre	42	0.851440	0.148560
Bre	41	Bre	43	-0.605549	1.605549
Bre	41	Bre	44	0.705788	0.294212
Bre	41	Bre	45	0.573365	0.426635
Bre	41	Bre	46	0.691091	0.308909
Bre	41	Bre	47	0.726534	0.273466
Bre	41	Bre	48	0.703849	0.296151
Bre	41	Bre	49	0.422852	0.577148
Bre	41	Bre	50	0.513538	0.486462
Bre	41	Bre	51	0.770825	0.229175
Bre	41	Bre	52	0.643250	0.356750
Bre	41	Bre	53	0.675123	0.324877
Bre	41	Bre	54	0.610664	0.389336
Bre	41	Bre	55	0.649360	0.350640
Bre	41	Bre	56	-0.900846	1.900846
Bre	41	Bre	57	0.675958	0.324042
Bre	41	Bre	58	0.441665	0.558335
Bre	41	Bre	59	0.671327	0.328673
Bre	41	Bre	60	0.721647	0.278353
Bre	41	Bre	61	0.715288	0.284712
Bre	41	Bre	62	0.582384	0.417616
Bre	41	Bre	63	0.513931	0.486069
Bre	41	Bre	64	0.700490	0.299510
Bre	41	Bre	65	0.615487	0.384513
Bre	41	Bre	66	0.731589	0.268411
Bre	41	Ivo	67	0.340026	0.659974
Bre	41	Ivo	68	0.540263	0.459737
Bre	41	Ivo	69	-0.007041	1.007041
Bre	41	Ivo	70	0.439696	0.560304
Bre	41	Ivo	71	0.265669	0.734331
Bre	41	Ivo	72	0.600752	0.399248
Bre	41	Ivo	73	0.494673	0.505327
Bre	41	Ivo	74	0.561937	0.438063
Bre	41	Ivo	75	0.406503	0.593497
Bre	41	Ivo	76	0.456712	0.543288
Bre	41	Ivo	77	0.542616	0.457384
Bre	41	Ivo	78	0.496705	0.503295
Bre	41	Ivo	79	0.267708	0.732292
Bre	41	Ivo	80	-0.105097	1.105097
Bre	41	Ivo	81	0.454154	0.545846
Bre	41	Ivo	82	0.563577	0.436423
Bre	41	Ivo	83	0.541693	0.458307
Bre	41	Ivo	84	0.547140	0.452860
Bre	41	Ivo	85	0.349682	0.650318
Bre	41	Ivo	86	0.612842	0.387158
Bre	41	Ivo	87	0.239945	0.760055
Bre	41	Ivo	88	0.555132	0.444868
Bre	41	Ivo	89	0.444896	0.555104
Bre	41	Ivo	90	0.442488	0.557512
Bre	41	Ivo	91	0.430966	0.569034
Bre	41	Ivo	92	0.597508	0.402492
Bre	41	Ivo	93	0.327028	0.672972
Bre	41	Ivo	94	0.194265	0.805735
Bre	41	Ivo	95	0.461304	0.538696
Bre	41	Ivo	96	0.520898	0.479102
Bre	41	Ivo	97	0.166614	0.833386
Bre	41	Pip	98	0.683916	0.316084
Bre	41	Pip	99	0.260325	0.739675
Bre	41	Pip	100	0.239265	0.760735
Bre	41	Pip	101	0.581862	0.418138
Bre	41	Pip	102	0.126165	0.873835
Bre	41	Pip	103	0.590653	0.409347
Bre	41	Pip	104	0.388253	0.611747
Bre	41	Pip	105	0.454329	0.545671
Bre	41	Pip	106	0.476863	0.523137
Bre	41	Pip	107	-0.145657	1.145657
Bre	41	Pip	108	-0.859783	1.859783
Bre	41	Pip	109	0.500968	0.499032
Bre	41	Pip	110	0.455325	0.544675
Bre	41	Pip	111	0.319206	0.680794
Bre	41	Pip	112	0.404567	0.595433
Bre	41	Pip	113	0.601432	0.398568
Bre	41	Pip	114	0.363271	0.636729
Bre	41	Pip	115	-0.341794	1.341794
Bre	41	Pip	116	0.608261	0.391739
Bre	41	Pip	117	0.111037	0.888963
Bre	41	Pip	118	0.459469	0.540531
Bre	41	Pip	119	0.217330	0.782670
Bre	41	Pip	120	-0.226365	1.226365
Bre	41	Pip	121	0.567835	0.432165
Bre	41	Pip	122	-0.167567	1.167567
Bre	41	Pip	123	0.602962	0.397038
Bre	41	Pip	124	-0.859783	1.859783
Bre	41	Pip	125	0.484153	0.515847
Bre	41	Pip	126	0.506411	0.493589
Bre	41	Pip	127	0.570705	0.429295
Bre	41	Pip	128	0.526806	0.473194
Bre	41	Pip	129	0.124409	0.875591
Bre	41	Pip	130	0.403557	0.596443
Bre	41	Pip	131	0.564182	0.435818
Bre	41	Pip	132	0.592167	0.407833
Bre	41	Pip	133	0.585901	0.414099
Bre	42	Bly	1	-1.008343	2.008343
Bre	42	Bly	2	-0.133402	1.133402
Bre	42	Bly	3	0.493104	0.506896
Bre	42	Bly	4	0.400941	0.599059
Bre	42	Bly	5	0.301931	0.698069
Bre	42	Bly	6	-1.008343	2.008343
Bre	42	Bly	7	0.507341	0.492659
Bre	42	Bly	8	-0.708731	1.708731
Bre	42	Bly	9	0.497216	0.502784
Bre	42	Bly	10	0.607182	0.392818
Bre	42	Bly	11	0.562844	0.437156
Bre	42	Bly	12	0.549919	0.450081
Bre	42	Bly	13	-0.204345	1.204345
Bre	42	Bly	14	0.542641	0.457359
Bre	42	Bly	15	0.514083	0.485917
Bre	42	Bly	16	0.525843	0.474157
Bre	42	Bly	17	0.585424	0.414576
Bre	42	Bly	18	0.364486	0.635514
Bre	42	Bly	19	-0.042216	1.042216
Bre	42	Bly	20	-0.027603	1.027603
Bre	42	Bly	21	0.161475	0.838525
Bre	42	Bly	22	-1.008343	2.008343
Bre	42	Bly	23	0.501620	0.498380
Bre	42	Bly	24	0.473663	0.526337
Bre	42	Bly	25	-0.139124	1.139124
Bre	42	Bly	26	0.543283	0.456717
Bre	42	Bly	27	0.472983	0.527017
Bre	42	Bly	28	-0.034685	1.034685
Bre	42	Bly	29	0.445428	0.554572
Bre	42	Bly	30	0.521690	0.478310
Bre	42	Bly	31	0.541815	0.458185
Bre	42	Bly	32	0.145666	0.854334
Bre	42	Bly	33	0.029043	0.970957
Bre	42	Bre	34	0.807191	0.192809
Bre	42	Bre	35	0.665002	0.334998
Bre	42	Bre	36	-0.951326	1.951326
Bre	42	Bre	37	0.911193	0.088807
Bre	42	Bre	38	0.708706	0.291294
Bre	42	Bre	39	0.639290	0.360710
Bre	42	Bre	40	0.074666	0.925334
Bre	42	Bre	41	0.851440	0.148560
Bre	42	Bre	43	-0.583068	1.583068
Bre	42	Bre	44	0.763147	0.236853
Bre	42	Bre	45	0.666604	0.333396
Bre	42	Bre	46	0.748449	0.251551
Bre	42	Bre	47	0.749016	0.250984
Bre	42	Bre	48	0.726330	0.273670
Bre	42	Bre	49	0.516091	0.483909
Bre	42	Bre	50	0.570896	0.429104
Bre	42	Bre	51	0.743960	0.256040
Bre	42	Bre	52	0.736489	0.263511
Bre	42	Bre	53	0.732481	0.267519
Bre	42	Bre	54	0.668023	0.331977
Bre	42	Bre	55	0.763043	0.236957
Bre	42	Bre	56	-1.049406	2.049406
Bre	42	Bre	57	0.698440	0.301560
Bre	42	Bre	58	0.499023	0.500977
Bre	42	Bre	59	0.693808	0.306192
Bre	42	Bre	60	0.835330	0.164670
Bre	42	Bre	61	0.737770	0.262230
Bre	42	Bre	62	0.639743	0.360257
Bre	42	Bre	63	0.536413	0.463587
Bre	42	Bre	64	0.757848	0.242152
Bre	42	Bre	65	0.672845	0.327155
Bre	42	Bre	66	0.788947	0.211053
Bre	42	Ivo	67	0.406119	0.593881
Bre	42	Ivo	68	0.514402	0.485598
Bre	42	Ivo	69	0.086198	0.913802
Bre	42	Ivo	70	0.505788	0.494212
Bre	42	Ivo	71	0.240560	0.759440
Bre	42	Ivo	72	0.574890	0.425110
Bre	42	Ivo	73	0.469565	0.530435
Bre	42	Ivo	74	0.572709	0.427291
Bre	42	Ivo	75	0.452152	0.547848
Bre	42	Ivo	76	0.502361	0.497639
Bre	42	Ivo	77	0.608709	0.391291
Bre	42	Ivo	78	0.542354	0.457646
Bre	42	Ivo	79	0.278479	0.721521
Bre	42	Ivo	80	-0.096081	1.096081
Bre	42	Ivo	81	0.429045	0.570955
Bre	42	Ivo	82	0.574349	0.425651
Bre	42	Ivo	83	0.587342	0.412658
Bre	42	Ivo	84	0.613233	0.386767
Bre	42	Ivo	85	0.360454	0.639546
Bre	42	Ivo	86	0.621858	0.378142
Bre	42	Ivo	87	0.248961	0.751039
Bre	42	Ivo	88	0.565904	0.434096
Bre	42	Ivo	89	0.510989	0.489011
Bre	42	Ivo	90	0.508580	0.491420
Bre	42	Ivo	91	0.441738	0.558262
Bre	42	Ivo	92	0.663600	0.336400
Bre	42	Ivo	93	0.250982	0.749018
Bre	42	Ivo	94	0.306944	0.693056
Bre	42	Ivo	95	0.562274	0.437726
Bre	42	Ivo	96	0.621868	0.378132
Bre	42	Ivo	97	0.267584	0.732416
Bre	42	Pip	98	0.657051	0.342949
Bre	42	Pip	99	0.269340	0.730660
Bre	42	Pip	100	0.267721	0.732279
Bre	42	Pip	101	0.554997	0.445003
Bre	42	Pip	102	0.191255	0.808745
Bre	42	Pip	103	0.528911	0.471089
Bre	42	Pip	104	0.326511	0.673489
Bre	42	Pip	105	0.429221	0.570779
Bre	42	Pip	106	0.451755	0.548245
Bre	42	Pip	107	-0.152078	1.152078
Bre	42	Pip	108	-1.008343	2.008343
Bre	42	Pip	109	0.439226	0.560774
Bre	42	Pip	110	0.448904	0.551096
Bre	42	Pip	111	0.349418	0.650582
Bre	42	Pip	112	0.413583	0.586417
Bre	42	Pip	113	0.611200	0.388800
Bre	42	Pip	114	0.356850	0.643150
Bre	42	Pip	115	-0.403537	1.403537
Bre	42	Pip	116	0.583153	0.416847
Bre	42	Pip	117	0.212007	0.787993
Bre	42	Pip	118	0.468485	0.531515
Bre	42	Pip	119	0.155588	0.844412
Bre	42	Pip	120	-0.288107	1.288107
Bre	42	Pip	121	0.506093	0.493907
Bre	42	Pip	122	-0.103231	1.103231
Bre	42	Pip	123	0.576097	0.423903
Bre	42	Pip	124	-1.008343	2.008343
Bre	42	Pip	125	0.493169	0.506831
Bre	42	Pip	126	0.516180	0.483820
Bre	42	Pip	127	0.508963	0.491037
Bre	42	Pip	128	0.449756	0.550244
Bre	42	Pip	129	0.189498	0.810502
Bre	42	Pip	130	0.341815	0.658185
Bre	42	Pip	131	0.502440	0.497560
Bre	42	Pip	132	0.530425	0.469575
Bre	42	Pip	133	0.559036	0.440964
Bre	43	Bly	1	0.492599	0.507401
Bre	43	Bly	2	-1.142051	2.142051
Bre	43	Bly	3	-0.738273	1.738273
Bre	43	Bly	4	-0.462737	1.462737
Bre	43	Bly	5	-0.508957	1.508957
Bre	43	Bly	6	0.492599	0.507401
Bre	43	Bly	7	-0.437260	1.437260
Bre	43	Bly	8	-0.800379	1.800379
Bre	43	Bly	9	-0.547246	1.547246
Bre	43	Bly	10	-0.464308	1.464308
Bre	43	Bly	11	-0.511748	1.511748
Bre	43	Bly	12	-0.448138	1.448138
Bre	43	Bly	13	0.163898	0.836102
Bre	43	Bly	14	-0.424002	1.424002
Bre	43	Bly	15	-0.179341	1.179341
Bre	43	Bly	16	-0.684430	1.684430
Bre	43	Bly	17	-0.287316	1.287316
Bre	43	Bly	18	-0.588109	1.588109
Bre	43	Bly	19	-1.300569	2.300569
Bre	43	Bly	20	-0.119038	1.119038
Bre	43	Bly	21	-0.538253	1.538253
Bre	43	Bly	22	0.492599	0.507401
Bre	43	Bly	23	-0.389111	1.389111
Bre	43	Bly	24	-0.318353	1.318353
Bre	43	Bly	25	-0.553411	1.553411
Bre	43	Bly	26	-0.471396	1.471396
Bre	43	Bly	27	-0.597723	1.597723
Bre	43	Bly	28	-0.908119	1.908119
Bre	43	Bly	29	-0.344950	1.344950
Bre	43	Bly	30	-0.341920	1.341920
Bre	43	Bly	31	-0.688759	1.688759
Bre	43	Bly	32	-0.285907	1.285907
Bre	43	Bly	33	-1.200539	2.200539
Bre	43	Bre	34	-0.520112	1.520112
Bre	43	Bre	35	-0.319775	1.319775
Bre	43	Bre	36	0.435581	0.564419
Bre	43	Bre	37	-0.494261	1.494261
Bre	43	Bre	38	-0.484148	1.484148
Bre	43	Bre	39	-0.371702	1.371702
Bre	43	Bre	40	-0.742080	1.742080
Bre	43	Bre	41	-0.605549	1.605549
Bre	43	Bre	42	-0.583068	1.583068
Bre	43	Bre	44	-0.346214	1.346214
Bre	43	Bre	45	-0.636891	1.636891
Bre	43	Bre	46	-0.403222	1.403222
Bre	43	Bre	47	-0.437782	1.437782
Bre	43	Bre	48	-0.390465	1.390465
Bre	43	Bre	49	-0.822281	1.822281
Bre	43	Bre	50	-0.673089	1.673089
Bre	43	Bre	51	-0.447884	1.447884
Bre	43	Bre	52	-0.636347	1.636347
Bre	43	Bre	53	-0.423887	1.423887
Bre	43	Bre	54	-0.464986	1.464986
Bre	43	Bre	55	-0.616204	1.616204
Bre	43	Bre	56	0.533662	0.466338
Bre	43	Bre	57	-0.356685	1.356685
Bre	43	Bre	58	-0.766693	1.766693
Bre	43	Bre	59	-0.276876	1.276876
Bre	43	Bre	60	-0.678184	1.678184
Bre	43	Bre	61	-0.320837	1.320837
Bre	43	Bre	62	-0.516221	1.516221
Bre	43	Bre	63	-0.178316	1.178316
Bre	43	Bre	64	-0.579108	1.579108
Bre	43	Bre	65	-0.518999	1.518999
Bre	43	Bre	66	-0.443112	1.443112
Bre	43	Ivo	67	-0.517332	1.517332
Bre	43	Ivo	68	-0.411664	1.411664
Bre	43	Ivo	69	-1.154470	2.154470
Bre	43	Ivo	70	-0.630244	1.630244
Bre	43	Ivo	71	-0.509444	1.509444
Bre	43	Ivo	72	-0.512175	1.512175
Bre	43	Ivo	73	-0.532522	1.532522
Bre	43	Ivo	74	-0.471191	1.471191
Bre	43	Ivo	75	-0.437452	1.437452
Bre	43	Ivo	76	-0.594920	1.594920
Bre	43	Ivo	77	-0.276293	1.276293
Bre	43	Ivo	78	-0.548659	1.548659
Bre	43	Ivo	79	-0.530239	1.530239
Bre	43	Ivo	80	-1.216048	2.216048
Bre	43	Ivo	81	-0.520620	1.520620
Bre	43	Ivo	82	-0.504496	1.504496
Bre	43	Ivo	83	-0.635130	1.635130
Bre	43	Ivo	84	-0.359812	1.359812
Bre	43	Ivo	85	-0.762840	1.762840
Bre	43	Ivo	86	-0.435591	1.435591
Bre	43	Ivo	87	-0.908331	1.908331
Bre	43	Ivo	88	-0.377516	1.377516
Bre	43	Ivo	89	-0.614936	1.614936
Bre	43	Ivo	90	-0.416115	1.416115
Bre	43	Ivo	91	-0.545608	1.545608
Bre	43	Ivo	92	-0.813551	1.813551
Bre	43	Ivo	93	-0.863054	1.863054
Bre	43	Ivo	94	-0.815219	1.815219
Bre	43	Ivo	95	-0.550150	1.550150
Bre	43	Ivo	96	-0.676110	1.676110
Bre	43	Ivo	97	-0.883982	1.883982
Bre	43	Pip	98	-0.535151	1.535151
Bre	43	Pip	99	-0.872808	1.872808
Bre	43	Pip	100	-0.779883	1.779883
Bre	43	Pip	101	-0.387324	1.387324
Bre	43	Pip	102	-0.963509	1.963509
Bre	43	Pip	103	-0.383829	1.383829
Bre	43	Pip	104	-0.466846	1.466846
Bre	43	Pip	105	-0.474130	1.474130
Bre	43	Pip	106	-0.343949	1.343949
Bre	43	Pip	107	0.291271	0.708729
Bre	43	Pip	108	0.492599	0.507401
Bre	43	Pip	109	-0.262235	1.262235
Bre	43	Pip	110	-0.594219	1.594219
Bre	43	Pip	111	-0.475350	1.475350
Bre	43	Pip	112	-0.581119	1.581119
Bre	43	Pip	113	-0.388771	1.388771
Bre	43	Pip	114	-0.923782	1.923782
Bre	43	Pip	115	0.517393	0.482607
Bre	43	Pip	116	-0.424620	1.424620
Bre	43	Pip	117	-1.062086	2.062086
Bre	43	Pip	118	-0.672237	1.672237
Bre	43	Pip	119	-0.685947	1.685947
Bre	43	Pip	120	-1.129647	2.129647
Bre	43	Pip	121	-0.422249	1.422249
Bre	43	Pip	122	-1.313599	2.313599
Bre	43	Pip	123	-0.579650	1.579650
Bre	43	Pip	124	0.492599	0.507401
Bre	43	Pip	125	-0.614102	1.614102
Bre	43	Pip	126	-0.371740	1.371740
Bre	43	Pip	127	-0.398481	1.398481
Bre	43	Pip	128	-0.621517	1.621517
Bre	43	Pip	129	-0.945024	1.945024
Bre	43	Pip	130	-0.656484	1.656484
Bre	43	Pip	131	-0.438562	1.438562
Bre	43	Pip	132	-0.477522	1.477522
Bre	43	Pip	133	-0.562589	1.562589
Bre	44	Bly	1	-0.771489	1.771489
Bre	44	Bly	2	0.020486	0.979514
Bre	44	Bly	3	0.466482	0.533518
Bre	44	Bly	4	0.484826	0.515174
Bre	44	Bly	5	0.349937	0.650063
Bre	44	Bly	6	-0.771489	1.771489
Bre	44	Bly	7	0.705447	0.294553
Bre	44	Bly	8	-0.735353	1.735353
Bre	44	Bly	9	0.593734	0.406266
Bre	44	Bly	10	0.761552	0.238448
Bre	44	Bly	11	0.680852	0.319148
Bre	44	Bly	12	0.704289	0.295711
Bre	44	Bly	13	0.032509	0.967491
Bre	44	Bly	14	0.732892	0.267108
Bre	44	Bly	15	0.530358	0.469642
Bre	44	Bly	16	0.467009	0.532991
Bre	44	Bly	17	0.785916	0.214084
Bre	44	Bly	18	0.479628	0.520372
Bre	44	Bly	19	-0.068838	1.068838
Bre	44	Bly	20	-0.054225	1.054225
Bre	44	Bly	21	0.209480	0.790520
Bre	44	Bly	22	-0.771489	1.771489
Bre	44	Bly	23	0.655990	0.344010
Bre	44	Bly	24	0.582953	0.417047
Bre	44	Bly	25	0.025487	0.974513
Bre	44	Bly	26	0.661773	0.338227
Bre	44	Bly	27	0.567591	0.432409
Bre	44	Bly	28	0.119685	0.880315
Bre	44	Bly	29	0.515971	0.484029
Bre	44	Bly	30	0.548687	0.451313
Bre	44	Bly	31	0.551074	0.448926
Bre	44	Bly	32	0.335917	0.664083
Bre	44	Bly	33	-0.009770	1.009770
Bre	44	Bre	34	0.693751	0.306249
Bre	44	Bre	35	0.855253	0.144747
Bre	44	Bre	36	-0.714472	1.714472
Bre	44	Bre	37	0.816478	0.183522
Bre	44	Bre	38	0.728686	0.271314
Bre	44	Bre	39	0.742722	0.257278
Bre	44	Bre	40	0.264917	0.735083
Bre	44	Bre	41	0.705788	0.294212
Bre	44	Bre	42	0.763147	0.236853
Bre	44	Bre	43	-0.346214	1.346214
Bre	44	Bre	45	0.639982	0.360018
Bre	44	Bre	46	0.902819	0.097181
Bre	44	Bre	47	0.833383	0.166617
Bre	44	Bre	48	0.880700	0.119300
Bre	44	Bre	49	0.489469	0.510531
Bre	44	Bre	50	0.638448	0.361552
Bre	44	Bre	51	0.898330	0.101670
Bre	44	Bre	52	0.709867	0.290133
Bre	44	Bre	53	0.886851	0.113149
Bre	44	Bre	54	0.822393	0.177607
Bre	44	Bre	55	0.613007	0.386993
Bre	44	Bre	56	-0.812553	1.812553
Bre	44	Bre	57	0.801872	0.198128
Bre	44	Bre	58	0.544644	0.455356
Bre	44	Bre	59	0.749670	0.250330
Bre	44	Bre	60	0.598476	0.401524
Bre	44	Bre	61	0.892140	0.107860
Bre	44	Bre	62	0.829993	0.170007
Bre	44	Bre	63	0.690783	0.309217
Bre	44	Bre	64	0.767107	0.232893
Bre	44	Bre	65	0.827215	0.172785
Bre	44	Bre	66	0.903102	0.096898
Bre	44	Ivo	67	0.370779	0.629221
Bre	44	Ivo	68	0.668772	0.331228
Bre	44	Ivo	69	0.059576	0.940424
Bre	44	Ivo	70	0.394500	0.605500
Bre	44	Ivo	71	0.405171	0.594829
Bre	44	Ivo	72	0.692898	0.307102
Bre	44	Ivo	73	0.589813	0.410187
Bre	44	Ivo	74	0.691198	0.308802
Bre	44	Ivo	75	0.606522	0.393478
Bre	44	Ivo	76	0.550366	0.449634
Bre	44	Ivo	77	0.643372	0.356628
Bre	44	Ivo	78	0.632337	0.367663
Bre	44	Ivo	79	0.479452	0.520548
Bre	44	Ivo	80	-0.122703	1.122703
Bre	44	Ivo	81	0.582934	0.417066
Bre	44	Ivo	82	0.692357	0.307643
Bre	44	Ivo	83	0.596601	0.403399
Bre	44	Ivo	84	0.712282	0.287718
Bre	44	Ivo	85	0.478943	0.521057
Bre	44	Ivo	86	0.750588	0.249412
Bre	44	Ivo	87	0.331088	0.668912
Bre	44	Ivo	88	0.730515	0.269485
Bre	44	Ivo	89	0.499048	0.500952
Bre	44	Ivo	90	0.581990	0.418010
Bre	44	Ivo	91	0.521480	0.478520
Bre	44	Ivo	92	0.463109	0.536891
Bre	44	Ivo	93	0.296603	0.703397
Bre	44	Ivo	94	0.192789	0.807211
Bre	44	Ivo	95	0.516693	0.483307
Bre	44	Ivo	96	0.508195	0.491805
Bre	44	Ivo	97	0.221521	0.778479
Bre	44	Pip	98	0.598217	0.401783
Bre	44	Pip	99	0.281465	0.718535
Bre	44	Pip	100	0.200169	0.799831
Bre	44	Pip	101	0.673005	0.326995
Bre	44	Pip	102	0.077099	0.922901
Bre	44	Pip	103	0.646919	0.353081
Bre	44	Pip	104	0.480400	0.519600
Bre	44	Pip	105	0.583109	0.416891
Bre	44	Pip	106	0.616365	0.383635
Bre	44	Pip	107	-0.085241	1.085241
Bre	44	Pip	108	-0.771489	1.771489
Bre	44	Pip	109	0.557234	0.442766
Bre	44	Pip	110	0.373496	0.626504
Bre	44	Pip	111	0.342103	0.657897
Bre	44	Pip	112	0.495710	0.504290
Bre	44	Pip	113	0.765088	0.234912
Bre	44	Pip	114	0.223969	0.776031
Bre	44	Pip	115	-0.166683	1.166683
Bre	44	Pip	116	0.667038	0.332962
Bre	44	Pip	117	0.043246	0.956754
Bre	44	Pip	118	0.441863	0.558137
Bre	44	Pip	119	0.203593	0.796407
Bre	44	Pip	120	-0.240101	1.240101
Bre	44	Pip	121	0.624101	0.375899
Bre	44	Pip	122	-0.236111	1.236111
Bre	44	Pip	123	0.659982	0.340018
Bre	44	Pip	124	-0.771489	1.771489
Bre	44	Pip	125	0.505293	0.494707
Bre	44	Pip	126	0.670068	0.329932
Bre	44	Pip	127	0.626970	0.373030
Bre	44	Pip	128	0.533642	0.466358
Bre	44	Pip	129	0.075343	0.924657
Bre	44	Pip	130	0.338883	0.661117
Bre	44	Pip	131	0.656329	0.343671
Bre	44	Pip	132	0.684314	0.315686
Bre	44	Pip	133	0.677044	0.322956
Bre	45	Bly	1	-1.062166	2.062166
Bre	45	Bly	2	0.010965	0.989035
Bre	45	Bly	3	0.677473	0.322527
Bre	45	Bly	4	0.421128	0.578872
Bre	45	Bly	5	0.285349	0.714651
Bre	45	Bly	6	-1.062166	2.062166
Bre	45	Bly	7	0.573995	0.426005
Bre	45	Bly	8	-0.596067	1.596067
Bre	45	Bly	9	0.412678	0.587322
Bre	45	Bly	10	0.661420	0.338580
Bre	45	Bly	11	0.623975	0.376025
Bre	45	Bly	12	0.694286	0.305714
Bre	45	Bly	13	-0.108473	1.108473
Bre	45	Bly	14	0.525646	0.474354
Bre	45	Bly	15	0.392304	0.607696
Bre	45	Bly	16	0.475768	0.524232
Bre	45	Bly	17	0.566202	0.433798
Bre	45	Bly	18	0.382504	0.617496
Bre	45	Bly	19	0.221838	0.778162
Bre	45	Bly	20	-0.044656	1.044656
Bre	45	Bly	21	0.144421	0.855579
Bre	45	Bly	22	-1.062166	2.062166
Bre	45	Bly	23	0.450574	0.549426
Bre	45	Bly	24	0.401896	0.598104
Bre	45	Bly	25	-0.121714	1.121714
Bre	45	Bly	26	0.526701	0.473299
Bre	45	Bly	27	0.490865	0.509135
Bre	45	Bly	28	-0.049375	1.049375
Bre	45	Bly	29	0.372917	0.627083
Bre	45	Bly	30	0.471615	0.528385
Bre	45	Bly	31	0.606023	0.393977
Bre	45	Bly	32	0.130840	0.869160
Bre	45	Bly	33	0.057665	0.942335
Bre	45	Bre	34	0.680459	0.319541
Bre	45	Bre	35	0.613543	0.386457
Bre	45	Bre	36	-1.005149	2.005149
Bre	45	Bre	37	0.719936	0.280064
Bre	45	Bre	38	0.620418	0.379582
Bre	45	Bre	39	0.535889	0.464111
Bre	45	Bre	40	0.023207	0.976793
Bre	45	Bre	41	0.573365	0.426635
Bre	45	Bre	42	0.666604	0.333396
Bre	45	Bre	43	-0.636891	1.636891
Bre	45	Bre	44	0.639982	0.360018
Bre	45	Bre	46	0.696990	0.303010
Bre	45	Bre	47	0.731549	0.268451
Bre	45	Bre	48	0.684232	0.315768
Bre	45	Bre	49	0.814610	0.185390
Bre	45	Bre	50	0.581646	0.418354
Bre	45	Bre	51	0.657429	0.342571
Bre	45	Bre	52	0.814275	0.185725
Bre	45	Bre	53	0.717655	0.282345
Bre	45	Bre	54	0.653196	0.346804
Bre	45	Bre	55	0.682951	0.317049
Bre	45	Bre	56	-1.103229	2.103229
Bre	45	Bre	57	0.522921	0.477079
Bre	45	Bre	58	0.749305	0.250695
Bre	45	Bre	59	0.605521	0.394479
Bre	45	Bre	60	0.656282	0.343718
Bre	45	Bre	61	0.614605	0.385395
Bre	45	Bre	62	0.695954	0.304046
Bre	45	Bre	63	0.448125	0.551875
Bre	45	Bre	64	0.872875	0.127125
Bre	45	Bre	65	0.658019	0.341981
Bre	45	Bre	66	0.650062	0.349938
Bre	45	Ivo	67	0.380225	0.619775
Bre	45	Ivo	68	0.497348	0.502652
Bre	45	Ivo	69	0.313679	0.686321
Bre	45	Ivo	70	0.376925	0.623075
Bre	45	Ivo	71	0.257970	0.742030
Bre	45	Ivo	72	0.560201	0.439799
Bre	45	Ivo	73	0.501341	0.498659
Bre	45	Ivo	74	0.590314	0.409686
Bre	45	Ivo	75	0.469757	0.530243
Bre	45	Ivo	76	0.653962	0.346038
Bre	45	Ivo	77	0.464687	0.535313
Bre	45	Ivo	78	0.657381	0.342619
Bre	45	Ivo	79	0.308636	0.691364
Bre	45	Ivo	80	0.159325	0.840675
Bre	45	Ivo	81	0.446650	0.553350
Bre	45	Ivo	82	0.608309	0.391691
Bre	45	Ivo	83	0.738943	0.261057
Bre	45	Ivo	84	0.469624	0.530376
Bre	45	Ivo	85	0.475894	0.524106
Bre	45	Ivo	86	0.569927	0.430073
Bre	45	Ivo	87	0.350155	0.649845
Bre	45	Ivo	88	0.479373	0.520627
Bre	45	Ivo	89	0.367380	0.632620
Bre	45	Ivo	90	0.399436	0.600564
Bre	45	Ivo	91	0.610540	0.389460
Bre	45	Ivo	92	0.401438	0.598562
Bre	45	Ivo	93	0.471924	0.528076
Bre	45	Ivo	94	0.094830	0.905170
Bre	45	Ivo	95	0.538744	0.461256
Bre	45	Ivo	96	0.540021	0.459979
Bre	45	Ivo	97	0.158576	0.841424
Bre	45	Pip	98	0.572376	0.427624
Bre	45	Pip	99	0.453236	0.546764
Bre	45	Pip	100	0.257579	0.742421
Bre	45	Pip	101	0.538002	0.461998
Bre	45	Pip	102	0.215576	0.784424
Bre	45	Pip	103	0.546792	0.453208
Bre	45	Pip	104	0.309516	0.690484
Bre	45	Pip	105	0.559693	0.440307
Bre	45	Pip	106	0.584259	0.415741
Bre	45	Pip	107	-0.257610	1.257610
Bre	45	Pip	108	-1.062166	2.062166
Bre	45	Pip	109	0.457108	0.542892
Bre	45	Pip	110	0.377973	0.622027
Bre	45	Pip	111	0.360629	0.639371
Bre	45	Pip	112	0.573736	0.426264
Bre	45	Pip	113	0.594618	0.405382
Bre	45	Pip	114	0.241954	0.758046
Bre	45	Pip	115	-0.457360	1.457360
Bre	45	Pip	116	0.532106	0.467894
Bre	45	Pip	117	0.101936	0.898064
Bre	45	Pip	118	0.571373	0.428627
Bre	45	Pip	119	0.138729	0.861271
Bre	45	Pip	120	-0.339566	1.339566
Bre	45	Pip	121	0.489511	0.510489
Bre	45	Pip	122	0.088027	0.911973
Bre	45	Pip	123	0.628579	0.371421
Bre	45	Pip	124	-1.062166	2.062166
Bre	45	Pip	125	0.653322	0.346678
Bre	45	Pip	126	0.577174	0.422826
Bre	45	Pip	127	0.526568	0.473432
Bre	45	Pip	128	0.651266	0.348734
Bre	45	Pip	129	0.096242	0.903758
Bre	45	Pip	130	0.344053	0.655947
Bre	45	Pip	131	0.520458	0.479542
Bre	45	Pip	132	0.513843	0.486157
Bre	45	Pip	133	0.611518	0.388482
Bre	46	Bly	1	-0.828497	1.828497
Bre	46	Bly	2	0.081786	0.918214
Bre	46	Bly	3	0.523490	0.476510
Bre	46	Bly	4	0.511662	0.488338
Bre	46	Bly	5	0.412653	0.587347
Bre	46	Bly	6	-0.828497	1.828497
Bre	46	Bly	7	0.720145	0.279855
Bre	46	Bly	8	-0.750050	1.750050
Bre	46	Bly	9	0.533795	0.466205
Bre	46	Bly	10	0.818560	0.181440
Bre	46	Bly	11	0.703396	0.296604
Bre	46	Bly	12	0.767005	0.232995
Bre	46	Bly	13	0.047206	0.952794
Bre	46	Bly	14	0.794192	0.205808
Bre	46	Bly	15	0.479780	0.520220
Bre	46	Bly	16	0.489552	0.510448
Bre	46	Bly	17	0.688735	0.311265
Bre	46	Bly	18	0.506464	0.493536
Bre	46	Bly	19	-0.011831	1.011831
Bre	46	Bly	20	-0.068922	1.068922
Bre	46	Bly	21	0.199075	0.800925
Bre	46	Bly	22	-0.828497	1.828497
Bre	46	Bly	23	0.678534	0.321466
Bre	46	Bly	24	0.523013	0.476987
Bre	46	Bly	25	-0.035813	1.035813
Bre	46	Bly	26	0.684316	0.315684
Bre	46	Bly	27	0.577996	0.422004
Bre	46	Bly	28	0.146521	0.853479
Bre	46	Bly	29	0.454671	0.545329
Bre	46	Bly	30	0.524628	0.475372
Bre	46	Bly	31	0.608082	0.391918
Bre	46	Bly	32	0.362753	0.637247
Bre	46	Bly	33	0.012774	0.987226
Bre	46	Bre	34	0.719226	0.280774
Bre	46	Bre	35	0.916553	0.083447
Bre	46	Bre	36	-0.771480	1.771480
Bre	46	Bre	37	0.801781	0.198219
Bre	46	Bre	38	0.667386	0.332614
Bre	46	Bre	39	0.804022	0.195978
Bre	46	Bre	40	0.326217	0.673783
Bre	46	Bre	41	0.691091	0.308909
Bre	46	Bre	42	0.748449	0.251551
Bre	46	Bre	43	-0.403222	1.403222
Bre	46	Bre	44	0.902819	0.097181
Bre	46	Bre	45	0.696990	0.303010
Bre	46	Bre	47	0.893323	0.106677
Bre	46	Bre	48	0.940639	0.059361
Bre	46	Bre	49	0.546477	0.453523
Bre	46	Bre	50	0.695456	0.304544
Bre	46	Bre	51	0.883633	0.116367
Bre	46	Bre	52	0.729634	0.270366
Bre	46	Bre	53	0.943859	0.056141
Bre	46	Bre	54	0.879400	0.120600
Bre	46	Bre	55	0.598310	0.401690
Bre	46	Bre	56	-0.869560	1.869560
Bre	46	Bre	57	0.825931	0.174069
Bre	46	Bre	58	0.601652	0.398348
Bre	46	Bre	59	0.688370	0.311630
Bre	46	Bre	60	0.618243	0.381757
Bre	46	Bre	61	0.877442	0.122558
Bre	46	Bre	62	0.851121	0.148879
Bre	46	Bre	63	0.716258	0.283742
Bre	46	Bre	64	0.824115	0.175885
Bre	46	Bre	65	0.884223	0.115777
Bre	46	Bre	66	0.876266	0.123734
Bre	46	Ivo	67	0.309479	0.690521
Bre	46	Ivo	68	0.618194	0.381806
Bre	46	Ivo	69	0.116584	0.883416
Bre	46	Ivo	70	0.379802	0.620198
Bre	46	Ivo	71	0.343871	0.656129
Bre	46	Ivo	72	0.679561	0.320439
Bre	46	Ivo	73	0.651113	0.348887
Bre	46	Ivo	74	0.748206	0.251794
Bre	46	Ivo	75	0.627649	0.372351
Bre	46	Ivo	76	0.537029	0.462971
Bre	46	Ivo	77	0.582071	0.417929
Bre	46	Ivo	78	0.608278	0.391722
Bre	46	Ivo	79	0.459685	0.540315
Bre	46	Ivo	80	-0.065695	1.065695
Bre	46	Ivo	81	0.604061	0.395939
Bre	46	Ivo	82	0.679020	0.320980
Bre	46	Ivo	83	0.583264	0.416736
Bre	46	Ivo	84	0.661704	0.338296
Bre	46	Ivo	85	0.501487	0.498513
Bre	46	Ivo	86	0.689288	0.310712
Bre	46	Ivo	87	0.353632	0.646368
Bre	46	Ivo	88	0.673507	0.326493
Bre	46	Ivo	89	0.484351	0.515649
Bre	46	Ivo	90	0.520690	0.479310
Bre	46	Ivo	91	0.578488	0.421512
Bre	46	Ivo	92	0.448412	0.551588
Bre	46	Ivo	93	0.317730	0.682270
Bre	46	Ivo	94	0.178092	0.821908
Bre	46	Ivo	95	0.539237	0.460763
Bre	46	Ivo	96	0.493498	0.506502
Bre	46	Ivo	97	0.170944	0.829056
Bre	46	Pip	98	0.620761	0.379239
Bre	46	Pip	99	0.338473	0.661527
Bre	46	Pip	100	0.210574	0.789426
Bre	46	Pip	101	0.770186	0.229814
Bre	46	Pip	102	0.134107	0.865893
Bre	46	Pip	103	0.703926	0.296074
Bre	46	Pip	104	0.541700	0.458300
Bre	46	Pip	105	0.644409	0.355591
Bre	46	Pip	106	0.626770	0.373230
Bre	46	Pip	107	-0.023941	1.023941
Bre	46	Pip	108	-0.828497	1.828497
Bre	46	Pip	109	0.614242	0.385758
Bre	46	Pip	110	0.430504	0.569496
Bre	46	Pip	111	0.399110	0.600890
Bre	46	Pip	112	0.552718	0.447282
Bre	46	Pip	113	0.786216	0.213784
Bre	46	Pip	114	0.243736	0.756264
Bre	46	Pip	115	-0.223691	1.223691
Bre	46	Pip	116	0.653701	0.346299
Bre	46	Pip	117	0.100254	0.899746
Bre	46	Pip	118	0.539043	0.460957
Bre	46	Pip	119	0.300774	0.699226
Bre	46	Pip	120	-0.142921	1.142921
Bre	46	Pip	121	0.646645	0.353355
Bre	46	Pip	122	-0.214984	1.214984
Bre	46	Pip	123	0.681110	0.318890
Bre	46	Pip	124	-0.828497	1.828497
Bre	46	Pip	125	0.562301	0.437699
Bre	46	Pip	126	0.691195	0.308805
Bre	46	Pip	127	0.724151	0.275849
Bre	46	Pip	128	0.554769	0.445231
Bre	46	Pip	129	0.097887	0.902113
Bre	46	Pip	130	0.400183	0.599817
Bre	46	Pip	131	0.677456	0.322544
Bre	46	Pip	132	0.705441	0.294559
Bre	46	Pip	133	0.734051	0.265949
Bre	47	Bly	1	-0.863056	1.863056
Bre	47	Bly	2	0.046343	0.953657
Bre	47	Bly	3	0.592927	0.407073
Bre	47	Bly	4	0.546222	0.453778
Bre	47	Bly	5	0.410856	0.589144
Bre	47	Bly	6	-0.863056	1.863056
Bre	47	Bly	7	0.650101	0.349899
Bre	47	Bly	8	-0.643373	1.643373
Bre	47	Bly	9	0.461718	0.538282
Bre	47	Bly	10	0.783116	0.216884
Bre	47	Bly	11	0.631319	0.368681
Bre	47	Bly	12	0.731562	0.268438
Bre	47	Bly	13	-0.059472	1.059472
Bre	47	Bly	14	0.722391	0.277609
Bre	47	Bly	15	0.549824	0.450176
Bre	47	Bly	16	0.522355	0.477645
Bre	47	Bly	17	0.688777	0.311223
Bre	47	Bly	18	0.469264	0.530736
Bre	47	Bly	19	0.022729	0.977271
Bre	47	Bly	20	0.037755	0.962245
Bre	47	Bly	21	0.305752	0.694248
Bre	47	Bly	22	-0.863056	1.863056
Bre	47	Bly	23	0.606734	0.393266
Bre	47	Bly	24	0.485814	0.514186
Bre	47	Bly	25	0.000861	0.999139
Bre	47	Bly	26	0.612516	0.387484
Bre	47	Bly	27	0.541322	0.458678
Bre	47	Bly	28	0.145954	0.854046
Bre	47	Bly	29	0.456745	0.543255
Bre	47	Bly	30	0.557431	0.442569
Bre	47	Bly	31	0.606008	0.393992
Bre	47	Bly	32	0.327586	0.672414
Bre	47	Bly	33	0.047334	0.952666
Bre	47	Bre	34	0.754393	0.245607
Bre	47	Bre	35	0.809875	0.190125
Bre	47	Bre	36	-0.806039	1.806039
Bre	47	Bre	37	0.802347	0.197653
Bre	47	Bre	38	0.667953	0.332047
Bre	47	Bre	39	0.732222	0.267778
Bre	47	Bre	40	0.254416	0.745584
Bre	47	Bre	41	0.726534	0.273466
Bre	47	Bre	42	0.749016	0.250984
Bre	47	Bre	43	-0.437782	1.437782
Bre	47	Bre	44	0.833383	0.166617
Bre	47	Bre	45	0.731549	0.268451
Bre	47	Bre	46	0.893323	0.106677
Bre	47	Bre	48	0.906080	0.093920
Bre	47	Bre	49	0.581036	0.418964
Bre	47	Bre	50	0.588779	0.411221
Bre	47	Bre	51	0.850830	0.149170
Bre	47	Bre	52	0.801434	0.198566
Bre	47	Bre	53	0.873815	0.126185
Bre	47	Bre	54	0.809356	0.190644
Bre	47	Bre	55	0.704987	0.295013
Bre	47	Bre	56	-0.904120	1.904120
Bre	47	Bre	57	0.791372	0.208628
Bre	47	Bre	58	0.636211	0.363789
Bre	47	Bre	59	0.723813	0.276187
Bre	47	Bre	60	0.724921	0.275079
Bre	47	Bre	61	0.842883	0.157117
Bre	47	Bre	62	0.781077	0.218923
Bre	47	Bre	63	0.681699	0.318301
Bre	47	Bre	64	0.858674	0.141326
Bre	47	Bre	65	0.814179	0.185821
Bre	47	Bre	66	0.843463	0.156537
Bre	47	Ivo	67	0.379523	0.620477
Bre	47	Ivo	68	0.654868	0.345132
Bre	47	Ivo	69	0.151143	0.848857
Bre	47	Ivo	70	0.449846	0.550154
Bre	47	Ivo	71	0.380545	0.619455
Bre	47	Ivo	72	0.678995	0.321005
Bre	47	Ivo	73	0.685948	0.314052
Bre	47	Ivo	74	0.711006	0.288994
Bre	47	Ivo	75	0.555573	0.444427
Bre	47	Ivo	76	0.571589	0.428411
Bre	47	Ivo	77	0.547512	0.452488
Bre	47	Ivo	78	0.572835	0.427165
Bre	47	Ivo	79	0.422486	0.577514
Bre	47	Ivo	80	-0.031136	1.031136
Bre	47	Ivo	81	0.566861	0.433139
Bre	47	Ivo	82	0.678454	0.321546
Bre	47	Ivo	83	0.617823	0.382177
Bre	47	Ivo	84	0.627145	0.372855
Bre	47	Ivo	85	0.500921	0.499079
Bre	47	Ivo	86	0.691086	0.308914
Bre	47	Ivo	87	0.281555	0.718445
Bre	47	Ivo	88	0.675581	0.324419
Bre	47	Ivo	89	0.449792	0.550208
Bre	47	Ivo	90	0.486130	0.513870
Bre	47	Ivo	91	0.577922	0.422078
Bre	47	Ivo	92	0.555089	0.444911
Bre	47	Ivo	93	0.387166	0.612834
Bre	47	Ivo	94	0.178658	0.821342
Bre	47	Ivo	95	0.537163	0.462837
Bre	47	Ivo	96	0.528665	0.471335
Bre	47	Ivo	97	0.206111	0.793889
Bre	47	Pip	98	0.584086	0.415914
Bre	47	Pip	99	0.336399	0.663601
Bre	47	Pip	100	0.208500	0.791500
Bre	47	Pip	101	0.663508	0.336492
Bre	47	Pip	102	0.132033	0.867967
Bre	47	Pip	103	0.632126	0.367874
Bre	47	Pip	104	0.469899	0.530101
Bre	47	Pip	105	0.607210	0.392790
Bre	47	Pip	106	0.591603	0.408397
Bre	47	Pip	107	-0.095741	1.095741
Bre	47	Pip	108	-0.863056	1.863056
Bre	47	Pip	109	0.542441	0.457559
Bre	47	Pip	110	0.463307	0.536693
Bre	47	Pip	111	0.397313	0.602687
Bre	47	Pip	112	0.517275	0.482725
Bre	47	Pip	113	0.679538	0.320462
Bre	47	Pip	114	0.279180	0.720820
Bre	47	Pip	115	-0.258250	1.258250
Bre	47	Pip	116	0.651904	0.348096
Bre	47	Pip	117	0.063579	0.936421
Bre	47	Pip	118	0.573603	0.426397
Bre	47	Pip	119	0.333577	0.666423
Bre	47	Pip	120	-0.144718	1.144718
Bre	47	Pip	121	0.574844	0.425156
Bre	47	Pip	122	-0.180424	1.180424
Bre	47	Pip	123	0.679036	0.320964
Bre	47	Pip	124	-0.863056	1.863056
Bre	47	Pip	125	0.596860	0.403140
Bre	47	Pip	126	0.584518	0.415482
Bre	47	Pip	127	0.686951	0.313049
Bre	47	Pip	128	0.552695	0.447305
Bre	47	Pip	129	0.095813	0.904187
Bre	47	Pip	130	0.432986	0.567014
Bre	47	Pip	131	0.640256	0.359744
Bre	47	Pip	132	0.633641	0.366359
Bre	47	Pip	133	0.661975	0.338025
Bre	48	Bly	1	-0.815740	1.815740
Bre	48	Bly	2	0.069029	0.930971
Bre	48	Bly	3	0.545610	0.454390
Bre	48	Bly	4	0.452302	0.547698
Bre	48	Bly	5	0.388170	0.611830
Bre	48	Bly	6	-0.815740	1.815740
Bre	48	Bly	7	0.707387	0.292613
Bre	48	Bly	8	-0.690690	1.690690
Bre	48	Bly	9	0.474434	0.525566
Bre	48	Bly	10	0.759199	0.240801
Bre	48	Bly	11	0.644036	0.355964
Bre	48	Bly	12	0.754248	0.245752
Bre	48	Bly	13	-0.012155	1.012155
Bre	48	Bly	14	0.769708	0.230292
Bre	48	Bly	15	0.492538	0.507462
Bre	48	Bly	16	0.465069	0.534931
Bre	48	Bly	17	0.701493	0.298507
Bre	48	Bly	18	0.481980	0.518020
Bre	48	Bly	19	-0.024588	1.024588
Bre	48	Bly	20	-0.056165	1.056165
Bre	48	Bly	21	0.211833	0.788167
Bre	48	Bly	22	-0.815740	1.815740
Bre	48	Bly	23	0.654051	0.345949
Bre	48	Bly	24	0.498530	0.501470
Bre	48	Bly	25	-0.023056	1.023056
Bre	48	Bly	26	0.659833	0.340167
Bre	48	Bly	27	0.518636	0.481364
Bre	48	Bly	28	0.122037	0.877963
Bre	48	Bly	29	0.467429	0.532571
Bre	48	Bly	30	0.500144	0.499856
Bre	48	Bly	31	0.595324	0.404676
Bre	48	Bly	32	0.338269	0.661731
Bre	48	Bly	33	0.000017	0.999983
Bre	48	Bre	34	0.697107	0.302893
Bre	48	Bre	35	0.857192	0.142808
Bre	48	Bre	36	-0.758722	1.758722
Bre	48	Bre	37	0.779662	0.220338
Bre	48	Bre	38	0.645267	0.354733
Bre	48	Bre	39	0.779539	0.220461
Bre	48	Bre	40	0.301733	0.698267
Bre	48	Bre	41	0.703849	0.296151
Bre	48	Bre	42	0.726330	0.273670
Bre	48	Bre	43	-0.390465	1.390465
Bre	48	Bre	44	0.880700	0.119300
Bre	48	Bre	45	0.684232	0.315768
Bre	48	Bre	46	0.940639	0.059361
Bre	48	Bre	47	0.906080	0.093920
Bre	48	Bre	49	0.533719	0.466281
Bre	48	Bre	50	0.636096	0.363904
Bre	48	Bre	51	0.861513	0.138487
Bre	48	Bre	52	0.754117	0.245883
Bre	48	Bre	53	0.884499	0.115501
Bre	48	Bre	54	0.820040	0.179960
Bre	48	Bre	55	0.657670	0.342330
Bre	48	Bre	56	-0.856803	1.856803
Bre	48	Bre	57	0.838689	0.161311
Bre	48	Bre	58	0.588894	0.411106
Bre	48	Bre	59	0.701127	0.298873
Bre	48	Bre	60	0.631001	0.368999
Bre	48	Bre	61	0.890200	0.109800
Bre	48	Bre	62	0.791760	0.208240
Bre	48	Bre	63	0.729016	0.270984
Bre	48	Bre	64	0.811357	0.188643
Bre	48	Bre	65	0.824862	0.175138
Bre	48	Bre	66	0.854147	0.145853
Bre	48	Ivo	67	0.322236	0.677764
Bre	48	Ivo	68	0.630951	0.369049
Bre	48	Ivo	69	0.103826	0.896174
Bre	48	Ivo	70	0.392560	0.607440
Bre	48	Ivo	71	0.356628	0.643372
Bre	48	Ivo	72	0.655078	0.344922
Bre	48	Ivo	73	0.673232	0.326768
Bre	48	Ivo	74	0.723723	0.276277
Bre	48	Ivo	75	0.568289	0.431711
Bre	48	Ivo	76	0.524272	0.475728
Bre	48	Ivo	77	0.594829	0.405171
Bre	48	Ivo	78	0.595521	0.404479
Bre	48	Ivo	79	0.481805	0.518195
Bre	48	Ivo	80	-0.078453	1.078453
Bre	48	Ivo	81	0.579578	0.420422
Bre	48	Ivo	82	0.654537	0.345463
Bre	48	Ivo	83	0.570506	0.429494
Bre	48	Ivo	84	0.674461	0.325539
Bre	48	Ivo	85	0.523607	0.476393
Bre	48	Ivo	86	0.667169	0.332831
Bre	48	Ivo	87	0.340874	0.659126
Bre	48	Ivo	88	0.686265	0.313735
Bre	48	Ivo	89	0.497109	0.502891
Bre	48	Ivo	90	0.533447	0.466553
Bre	48	Ivo	91	0.554005	0.445995
Bre	48	Ivo	92	0.461169	0.538831
Bre	48	Ivo	93	0.339849	0.660151
Bre	48	Ivo	94	0.155972	0.844028
Bre	48	Ivo	95	0.479877	0.520123
Bre	48	Ivo	96	0.517981	0.482019
Bre	48	Ivo	97	0.148824	0.851176
Bre	48	Pip	98	0.561400	0.438600
Bre	48	Pip	99	0.325715	0.674285
Bre	48	Pip	100	0.197817	0.802183
Bre	48	Pip	101	0.710825	0.289175
Bre	48	Pip	102	0.121350	0.878650
Bre	48	Pip	103	0.679443	0.320557
Bre	48	Pip	104	0.517216	0.482784
Bre	48	Pip	105	0.619926	0.380074
Bre	48	Pip	106	0.602287	0.397713
Bre	48	Pip	107	-0.048424	1.048424
Bre	48	Pip	108	-0.815740	1.815740
Bre	48	Pip	109	0.589758	0.410242
Bre	48	Pip	110	0.406020	0.593980
Bre	48	Pip	111	0.374627	0.625373
Bre	48	Pip	112	0.493358	0.506642
Bre	48	Pip	113	0.726855	0.273145
Bre	48	Pip	114	0.303097	0.696903
Bre	48	Pip	115	-0.210933	1.210933
Bre	48	Pip	116	0.629218	0.370782
Bre	48	Pip	117	0.040894	0.959106
Bre	48	Pip	118	0.479683	0.520317
Bre	48	Pip	119	0.276290	0.723710
Bre	48	Pip	120	-0.167404	1.167404
Bre	48	Pip	121	0.622161	0.377839
Bre	48	Pip	122	-0.227741	1.227741
Bre	48	Pip	123	0.621749	0.378251
Bre	48	Pip	124	-0.815740	1.815740
Bre	48	Pip	125	0.502941	0.497059
Bre	48	Pip	126	0.631835	0.368165
Bre	48	Pip	127	0.699668	0.300332
Bre	48	Pip	128	0.495409	0.504591
Bre	48	Pip	129	0.085129	0.914871
Bre	48	Pip	130	0.375700	0.624300
Bre	48	Pip	131	0.652973	0.347027
Bre	48	Pip	132	0.680957	0.319043
Bre	48	Pip	133	0.674691	0.325309
Bre	49	Bly	1	-1.141999	2.141999
Bre	49	Bly	2	-0.102622	1.102622
Bre	49	Bly	3	0.586012	0.413988
Bre	49	Bly	4	0.235738	0.764262
Bre	49	Bly	5	0.193889	0.806111
Bre	49	Bly	6	-1.141999	2.141999
Bre	49	Bly	7	0.445608	0.554392
Bre	49	Bly	8	-0.687528	1.687528
Bre	49	Bly	9	0.264213	0.735787
Bre	49	Bly	10	0.547833	0.452167
Bre	49	Bly	11	0.473462	0.526538
Bre	49	Bly	12	0.543773	0.456227
Bre	49	Bly	13	-0.293863	1.293863
Bre	49	Bly	14	0.412059	0.587941
Bre	49	Bly	15	0.206914	0.793086
Bre	49	Bly	16	0.290378	0.709622
Bre	49	Bly	17	0.380812	0.619188
Bre	49	Bly	18	0.197114	0.802886
Bre	49	Bly	19	0.301671	0.698329
Bre	49	Bly	20	-0.136117	1.136117
Bre	49	Bly	21	-0.004043	1.004043
Bre	49	Bly	22	-1.141999	2.141999
Bre	49	Bly	23	0.265184	0.734816
Bre	49	Bly	24	0.216506	0.783494
Bre	49	Bly	25	-0.201546	1.201546
Bre	49	Bly	26	0.378237	0.621763
Bre	49	Bly	27	0.305475	0.694525
Bre	49	Bly	28	-0.162962	1.162962
Bre	49	Bly	29	0.187527	0.812473
Bre	49	Bly	30	0.286225	0.713775
Bre	49	Bly	31	0.455510	0.544490
Bre	49	Bly	32	-0.019673	1.019673
Bre	49	Bly	33	-0.090799	1.090799
Bre	49	Bre	34	0.529946	0.470054
Bre	49	Bre	35	0.463030	0.536970
Bre	49	Bre	36	-1.084982	2.084982
Bre	49	Bre	37	0.569423	0.430577
Bre	49	Bre	38	0.540585	0.459415
Bre	49	Bre	39	0.387425	0.612575
Bre	49	Bre	40	-0.021749	1.021749
Bre	49	Bre	41	0.422852	0.577148
Bre	49	Bre	42	0.516091	0.483909
Bre	49	Bre	43	-0.822281	1.822281
Bre	49	Bre	44	0.489469	0.510531
Bre	49	Bre	45	0.814610	0.185390
Bre	49	Bre	46	0.546477	0.453523
Bre	49	Bre	47	0.581036	0.418964
Bre	49	Bre	48	0.533719	0.466281
Bre	49	Bre	50	0.431133	0.568867
Bre	49	Bre	51	0.506916	0.493084
Bre	49	Bre	52	0.720766	0.279234
Bre	49	Bre	53	0.567142	0.432858
Bre	49	Bre	54	0.502683	0.497317
Bre	49	Bre	55	0.589442	0.410558
Bre	49	Bre	56	-1.183062	2.183062
Bre	49	Bre	57	0.372408	0.627592
Bre	49	Bre	58	0.600841	0.399159
Bre	49	Bre	59	0.420131	0.579869
Bre	49	Bre	60	0.505769	0.494231
Bre	49	Bre	61	0.464092	0.535908
Bre	49	Bre	62	0.545441	0.454559
Bre	49	Bre	63	0.262735	0.737265
Bre	49	Bre	64	0.722362	0.277638
Bre	49	Bre	65	0.507506	0.492494
Bre	49	Bre	66	0.499549	0.500451
Bre	49	Ivo	67	0.231761	0.768239
Bre	49	Ivo	68	0.348884	0.651116
Bre	49	Ivo	69	0.257096	0.742904
Bre	49	Ivo	70	0.320342	0.679658
Bre	49	Ivo	71	0.109506	0.890494
Bre	49	Ivo	72	0.446614	0.553386
Bre	49	Ivo	73	0.444758	0.555242
Bre	49	Ivo	74	0.476727	0.523273
Bre	49	Ivo	75	0.356170	0.643830
Bre	49	Ivo	76	0.597378	0.402622
Bre	49	Ivo	77	0.351100	0.648900
Bre	49	Ivo	78	0.600798	0.399202
Bre	49	Ivo	79	0.123246	0.876754
Bre	49	Ivo	80	0.204281	0.795719
Bre	49	Ivo	81	0.296137	0.703863
Bre	49	Ivo	82	0.494722	0.505278
Bre	49	Ivo	83	0.625356	0.374644
Bre	49	Ivo	84	0.284234	0.715766
Bre	49	Ivo	85	0.520850	0.479150
Bre	49	Ivo	86	0.419414	0.580586
Bre	49	Ivo	87	0.395111	0.604889
Bre	49	Ivo	88	0.385864	0.614136
Bre	49	Ivo	89	0.218916	0.781084
Bre	49	Ivo	90	0.214046	0.785954
Bre	49	Ivo	91	0.553956	0.446044
Bre	49	Ivo	92	0.344855	0.655145
Bre	49	Ivo	93	0.380464	0.619536
Bre	49	Ivo	94	-0.018757	1.018757
Bre	49	Ivo	95	0.425157	0.574843
Bre	49	Ivo	96	0.448560	0.551440
Bre	49	Ivo	97	0.067116	0.932884
Bre	49	Pip	98	0.386986	0.613014
Bre	49	Pip	99	0.339649	0.660351
Bre	49	Pip	100	0.072189	0.927811
Bre	49	Pip	101	0.387489	0.612511
Bre	49	Pip	102	0.030186	0.969814
Bre	49	Pip	103	0.361402	0.638598
Bre	49	Pip	104	0.159003	0.840997
Bre	49	Pip	105	0.374303	0.625697
Bre	49	Pip	106	0.398869	0.601131
Bre	49	Pip	107	-0.443000	1.443000
Bre	49	Pip	108	-1.141999	2.141999
Bre	49	Pip	109	0.271717	0.728283
Bre	49	Pip	110	0.192583	0.807417
Bre	49	Pip	111	0.175239	0.824761
Bre	49	Pip	112	0.425272	0.574728
Bre	49	Pip	113	0.409227	0.590773
Bre	49	Pip	114	0.056564	0.943436
Bre	49	Pip	115	-0.642750	1.642750
Bre	49	Pip	116	0.346716	0.653284
Bre	49	Pip	117	-0.083454	1.083454
Bre	49	Pip	118	0.457786	0.542214
Bre	49	Pip	119	0.025142	0.974858
Bre	49	Pip	120	-0.453153	1.453153
Bre	49	Pip	121	0.440537	0.559463
Bre	49	Pip	122	0.132982	0.867018
Bre	49	Pip	123	0.443189	0.556811
Bre	49	Pip	124	-1.141999	2.141999
Bre	49	Pip	125	0.504858	0.495142
Bre	49	Pip	126	0.426661	0.573339
Bre	49	Pip	127	0.376055	0.623945
Bre	49	Pip	128	0.502802	0.497198
Bre	49	Pip	129	0.047268	0.952732
Bre	49	Pip	130	0.158663	0.841337
Bre	49	Pip	131	0.335068	0.664932
Bre	49	Pip	132	0.328452	0.671548
Bre	49	Pip	133	0.426128	0.573872
Bre	50	Bly	1	-0.914006	1.914006
Bre	50	Bly	2	-0.110091	1.110091
Bre	50	Bly	3	0.259119	0.740881
Bre	50	Bly	4	0.241795	0.758205
Bre	50	Bly	5	0.234965	0.765035
Bre	50	Bly	6	-0.914006	1.914006
Bre	50	Bly	7	0.415601	0.584399
Bre	50	Bly	8	-1.014421	2.014421
Bre	50	Bly	9	0.304100	0.695900
Bre	50	Bly	10	0.554188	0.445812
Bre	50	Bly	11	0.551692	0.448308
Bre	50	Bly	12	0.575128	0.424872
Bre	50	Bly	13	-0.052492	1.052492
Bre	50	Bly	14	0.489648	0.510352
Bre	50	Bly	15	0.250086	0.749914
Bre	50	Bly	16	0.225181	0.774819
Bre	50	Bly	17	0.459041	0.540959
Bre	50	Bly	18	0.201920	0.798080
Bre	50	Bly	19	-0.092497	1.092497
Bre	50	Bly	20	-0.298616	1.298616
Bre	50	Bly	21	-0.105469	1.105469
Bre	50	Bly	22	-0.914006	1.914006
Bre	50	Bly	23	0.528197	0.471803
Bre	50	Bly	24	0.293319	0.706681
Bre	50	Bly	25	-0.081149	1.081149
Bre	50	Bly	26	0.419945	0.580055
Bre	50	Bly	27	0.313625	0.686375
Bre	50	Bly	28	-0.123346	1.123346
Bre	50	Bly	29	0.317156	0.682844
Bre	50	Bly	30	0.260256	0.739744
Bre	50	Bly	31	0.378387	0.621613
Bre	50	Bly	32	0.092886	0.907114
Bre	50	Bly	33	-0.130102	1.130102
Bre	50	Bre	34	0.501500	0.498500
Bre	50	Bre	35	0.646686	0.353314
Bre	50	Bre	36	-0.856988	1.856988
Bre	50	Bre	37	0.537410	0.462590
Bre	50	Bre	38	0.403015	0.596985
Bre	50	Bre	39	0.586296	0.413704
Bre	50	Bre	40	0.056350	0.943650
Bre	50	Bre	41	0.513538	0.486462
Bre	50	Bre	42	0.570896	0.429104
Bre	50	Bre	43	-0.673089	1.673089
Bre	50	Bre	44	0.638448	0.361552
Bre	50	Bre	45	0.581646	0.418354
Bre	50	Bre	46	0.695456	0.304544
Bre	50	Bre	47	0.588779	0.411221
Bre	50	Bre	48	0.636096	0.363904
Bre	50	Bre	49	0.431133	0.568867
Bre	50	Bre	51	0.619262	0.380738
Bre	50	Bre	52	0.465263	0.534737
Bre	50	Bre	53	0.679488	0.320512
Bre	50	Bre	54	0.615029	0.384971
Bre	50	Bre	55	0.333939	0.666061
Bre	50	Bre	56	-0.955069	1.955069
Bre	50	Bre	57	0.608205	0.391795
Bre	50	Bre	58	0.486308	0.513692
Bre	50	Bre	59	0.458675	0.541325
Bre	50	Bre	60	0.475367	0.524633
Bre	50	Bre	61	0.613071	0.386929
Bre	50	Bre	62	0.771821	0.228179
Bre	50	Bre	63	0.411714	0.588286
Bre	50	Bre	64	0.559743	0.440257
Bre	50	Bre	65	0.733886	0.266114
Bre	50	Bre	66	0.698713	0.301287
Bre	50	Ivo	67	0.079784	0.920216
Bre	50	Ivo	68	0.388500	0.611500
Bre	50	Ivo	69	-0.035120	1.035120
Bre	50	Ivo	70	0.150108	0.849892
Bre	50	Ivo	71	0.206356	0.793644
Bre	50	Ivo	72	0.449867	0.550133
Bre	50	Ivo	73	0.381246	0.618754
Bre	50	Ivo	74	0.518512	0.481488
Bre	50	Ivo	75	0.397955	0.602045
Bre	50	Ivo	76	0.378373	0.621627
Bre	50	Ivo	77	0.352377	0.647623
Bre	50	Ivo	78	0.378584	0.621416
Bre	50	Ivo	79	0.281998	0.718002
Bre	50	Ivo	80	-0.144995	1.144995
Bre	50	Ivo	81	0.374367	0.625633
Bre	50	Ivo	82	0.449326	0.550674
Bre	50	Ivo	83	0.424607	0.575393
Bre	50	Ivo	84	0.432010	0.567990
Bre	50	Ivo	85	0.385827	0.614173
Bre	50	Ivo	86	0.459594	0.540406
Bre	50	Ivo	87	0.309010	0.690990
Bre	50	Ivo	88	0.403640	0.596360
Bre	50	Ivo	89	0.254657	0.745343
Bre	50	Ivo	90	0.290995	0.709005
Bre	50	Ivo	91	0.497822	0.502178
Bre	50	Ivo	92	0.305535	0.694465
Bre	50	Ivo	93	0.159073	0.840927
Bre	50	Ivo	94	0.062432	0.937568
Bre	50	Ivo	95	0.309543	0.690457
Bre	50	Ivo	96	0.263803	0.736197
Bre	50	Ivo	97	-0.058751	1.058751
Bre	50	Pip	98	0.391066	0.608934
Bre	50	Pip	99	0.145139	0.854861
Bre	50	Pip	100	-0.019120	1.019120
Bre	50	Pip	101	0.465642	0.534358
Bre	50	Pip	102	-0.095587	1.095587
Bre	50	Pip	103	0.439555	0.560445
Bre	50	Pip	104	0.271833	0.728167
Bre	50	Pip	105	0.417855	0.582145
Bre	50	Pip	106	0.475066	0.524934
Bre	50	Pip	107	-0.293808	1.293808
Bre	50	Pip	108	-0.914006	1.914006
Bre	50	Pip	109	0.349871	0.650129
Bre	50	Pip	110	0.200809	0.799191
Bre	50	Pip	111	0.134739	0.865261
Bre	50	Pip	112	0.359385	0.640615
Bre	50	Pip	113	0.521845	0.478155
Bre	50	Pip	114	0.066183	0.933817
Bre	50	Pip	115	-0.309199	1.309199
Bre	50	Pip	116	0.389330	0.610670
Bre	50	Pip	117	-0.042622	1.042622
Bre	50	Pip	118	0.234499	0.765501
Bre	50	Pip	119	0.144941	0.855059
Bre	50	Pip	120	-0.447465	1.447465
Bre	50	Pip	121	0.382274	0.617726
Bre	50	Pip	122	-0.243509	1.243509
Bre	50	Pip	123	0.416739	0.583261
Bre	50	Pip	124	-0.914006	1.914006
Bre	50	Pip	125	0.368968	0.631032
Bre	50	Pip	126	0.504814	0.495186
Bre	50	Pip	127	0.419607	0.580393
Bre	50	Pip	128	0.439425	0.560575
Bre	50	Pip	129	-0.017773	1.017773
Bre	50	Pip	130	0.253494	0.746506
Bre	50	Pip	131	0.413085	0.586915
Bre	50	Pip	132	0.533249	0.466751
Bre	50	Pip	133	0.469680	0.530320
Bre	51	Bly	1	-0.788936	1.788936
Bre	51	Bly	2	0.049642	0.950358
Bre	51	Bly	3	0.531519	0.468481
Bre	51	Bly	4	0.513983	0.486017
Bre	51	Bly	5	0.414973	0.585027
Bre	51	Bly	6	-0.788936	1.788936
Bre	51	Bly	7	0.688001	0.311999
Bre	51	Bly	8	-0.670316	1.670316
Bre	51	Bly	9	0.576288	0.423712
Bre	51	Bly	10	0.826589	0.173411
Bre	51	Bly	11	0.709256	0.290744
Bre	51	Bly	12	0.769325	0.230675
Bre	51	Bly	13	-0.021571	1.021571
Bre	51	Bly	14	0.762048	0.237952
Bre	51	Bly	15	0.522880	0.477120
Bre	51	Bly	16	0.532045	0.467955
Bre	51	Bly	17	0.768469	0.231531
Bre	51	Bly	18	0.508784	0.491216
Bre	51	Bly	19	-0.003802	1.003802
Bre	51	Bly	20	0.047445	0.952555
Bre	51	Bly	21	0.275270	0.724730
Bre	51	Bly	22	-0.788936	1.788936
Bre	51	Bly	23	0.684394	0.315606
Bre	51	Bly	24	0.565506	0.434494
Bre	51	Bly	25	0.080554	0.919446
Bre	51	Bly	26	0.726809	0.273191
Bre	51	Bly	27	0.549392	0.450608
Bre	51	Bly	28	0.148841	0.851159
Bre	51	Bly	29	0.534405	0.465595
Bre	51	Bly	30	0.567120	0.432880
Bre	51	Bly	31	0.579477	0.420523
Bre	51	Bly	32	0.365073	0.634927
Bre	51	Bly	33	0.055267	0.944733
Bre	51	Bre	34	0.674564	0.325436
Bre	51	Bre	35	0.800186	0.199814
Bre	51	Bre	36	-0.731919	1.731919
Bre	51	Bre	37	0.797292	0.202708
Bre	51	Bre	38	0.662897	0.337103
Bre	51	Bre	39	0.687655	0.312345
Bre	51	Bre	40	0.209850	0.790150
Bre	51	Bre	41	0.770825	0.229175
Bre	51	Bre	42	0.743960	0.256040
Bre	51	Bre	43	-0.447884	1.447884
Bre	51	Bre	44	0.898330	0.101670
Bre	51	Bre	45	0.657429	0.342571
Bre	51	Bre	46	0.883633	0.116367
Bre	51	Bre	47	0.850830	0.149170
Bre	51	Bre	48	0.861513	0.138487
Bre	51	Bre	49	0.506916	0.493084
Bre	51	Bre	50	0.619262	0.380738
Bre	51	Bre	52	0.727314	0.272686
Bre	51	Bre	53	0.904298	0.095702
Bre	51	Bre	54	0.839839	0.160161
Bre	51	Bre	55	0.630454	0.369546
Bre	51	Bre	56	-0.829999	1.829999
Bre	51	Bre	57	0.746805	0.253195
Bre	51	Bre	58	0.562091	0.437909
Bre	51	Bre	59	0.683880	0.316120
Bre	51	Bre	60	0.615923	0.384077
Bre	51	Bre	61	0.872953	0.127047
Bre	51	Bre	62	0.811560	0.188440
Bre	51	Bre	63	0.671596	0.328404
Bre	51	Bre	64	0.784553	0.215447
Bre	51	Bre	65	0.844662	0.155338
Bre	51	Bre	66	0.873946	0.126054
Bre	51	Ivo	67	0.352579	0.647421
Bre	51	Ivo	68	0.734561	0.265439
Bre	51	Ivo	69	0.077023	0.922977
Bre	51	Ivo	70	0.422903	0.577097
Bre	51	Ivo	71	0.423604	0.576396
Bre	51	Ivo	72	0.758688	0.241312
Bre	51	Ivo	73	0.618969	0.381031
Bre	51	Ivo	74	0.719602	0.280398
Bre	51	Ivo	75	0.599045	0.400955
Bre	51	Ivo	76	0.579522	0.420478
Bre	51	Ivo	77	0.625172	0.374828
Bre	51	Ivo	78	0.650771	0.349229
Bre	51	Ivo	79	0.425372	0.574628
Bre	51	Ivo	80	-0.021033	1.021033
Bre	51	Ivo	81	0.575457	0.424543
Bre	51	Ivo	82	0.721513	0.278487
Bre	51	Ivo	83	0.625757	0.374243
Bre	51	Ivo	84	0.704804	0.295196
Bre	51	Ivo	85	0.543980	0.456020
Bre	51	Ivo	86	0.805655	0.194345
Bre	51	Ivo	87	0.396125	0.603875
Bre	51	Ivo	88	0.713068	0.286932
Bre	51	Ivo	89	0.527452	0.472548
Bre	51	Ivo	90	0.563790	0.436210
Bre	51	Ivo	91	0.586517	0.413483
Bre	51	Ivo	92	0.528146	0.471854
Bre	51	Ivo	93	0.325759	0.674241
Bre	51	Ivo	94	0.173602	0.826398
Bre	51	Ivo	95	0.545097	0.454903
Bre	51	Ivo	96	0.536598	0.463402
Bre	51	Ivo	97	0.214044	0.785956
Bre	51	Pip	98	0.663254	0.336746
Bre	51	Pip	99	0.346502	0.653498
Bre	51	Pip	100	0.218603	0.781397
Bre	51	Pip	101	0.738042	0.261958
Bre	51	Pip	102	0.105503	0.894497
Bre	51	Pip	103	0.711955	0.288045
Bre	51	Pip	104	0.509556	0.490444
Bre	51	Pip	105	0.575632	0.424368
Bre	51	Pip	106	0.634799	0.365201
Bre	51	Pip	107	-0.056085	1.056085
Bre	51	Pip	108	-0.788936	1.788936
Bre	51	Pip	109	0.622271	0.377729
Bre	51	Pip	110	0.438533	0.561467
Bre	51	Pip	111	0.370506	0.629494
Bre	51	Pip	112	0.597380	0.402620
Bre	51	Pip	113	0.757611	0.242389
Bre	51	Pip	114	0.289006	0.710994
Bre	51	Pip	115	-0.184130	1.184130
Bre	51	Pip	116	0.659561	0.340439
Bre	51	Pip	117	0.071650	0.928350
Bre	51	Pip	118	0.543533	0.456467
Bre	51	Pip	119	0.268630	0.731370
Bre	51	Pip	120	-0.175065	1.175065
Bre	51	Pip	121	0.689138	0.310862
Bre	51	Pip	122	-0.170321	1.170321
Bre	51	Pip	123	0.689139	0.310861
Bre	51	Pip	124	-0.788936	1.788936
Bre	51	Pip	125	0.606963	0.393037
Bre	51	Pip	126	0.662591	0.337409
Bre	51	Pip	127	0.692007	0.307993
Bre	51	Pip	128	0.526165	0.473835
Bre	51	Pip	129	0.103746	0.896254
Bre	51	Pip	130	0.368039	0.631961
Bre	51	Pip	131	0.685485	0.314515
Bre	51	Pip	132	0.713470	0.286530
Bre	51	Pip	133	0.742080	0.257920
Bre	52	Bly	1	-1.002786	2.002786
Bre	52	Bly	2	-0.034381	1.034381
Bre	52	Bly	3	0.697779	0.302221
Bre	52	Bly	4	0.418895	0.581105
Bre	52	Bly	5	0.305656	0.694344
Bre	52	Bly	6	-1.002786	2.002786
Bre	52	Bly	7	0.628765	0.371235
Bre	52	Bly	8	-0.538520	1.538520
Bre	52	Bly	9	0.410444	0.589556
Bre	52	Bly	10	0.659600	0.340400
Bre	52	Bly	11	0.544165	0.455835
Bre	52	Bly	12	0.614476	0.385524
Bre	52	Bly	13	-0.223160	1.223160
Bre	52	Bly	14	0.582661	0.417339
Bre	52	Bly	15	0.427312	0.572688
Bre	52	Bly	16	0.439071	0.560929
Bre	52	Bly	17	0.566746	0.433254
Bre	52	Bly	18	0.345807	0.654193
Bre	52	Bly	19	0.162459	0.837541
Bre	52	Bly	20	0.047355	0.952645
Bre	52	Bly	21	0.179429	0.820571
Bre	52	Bly	22	-1.002786	2.002786
Bre	52	Bly	23	0.448341	0.551659
Bre	52	Bly	24	0.399663	0.600337
Bre	52	Bly	25	-0.062334	1.062334
Bre	52	Bly	26	0.490004	0.509996
Bre	52	Bly	27	0.454168	0.545832
Bre	52	Bly	28	-0.016731	1.016731
Bre	52	Bly	29	0.373461	0.626539
Bre	52	Bly	30	0.434918	0.565082
Bre	52	Bly	31	0.604203	0.395797
Bre	52	Bly	32	0.129020	0.870980
Bre	52	Bly	33	0.055432	0.944568
Bre	52	Bre	34	0.750344	0.249656
Bre	52	Bre	35	0.646187	0.353813
Bre	52	Bre	36	-0.945769	1.945769
Bre	52	Bre	37	0.789821	0.210179
Bre	52	Bre	38	0.655426	0.344574
Bre	52	Bre	39	0.533656	0.466344
Bre	52	Bre	40	0.055851	0.944149
Bre	52	Bre	41	0.643250	0.356750
Bre	52	Bre	42	0.736489	0.263511
Bre	52	Bre	43	-0.636347	1.636347
Bre	52	Bre	44	0.709867	0.290133
Bre	52	Bre	45	0.814275	0.185725
Bre	52	Bre	46	0.729634	0.270366
Bre	52	Bre	47	0.801434	0.198566
Bre	52	Bre	48	0.754117	0.245883
Bre	52	Bre	49	0.720766	0.279234
Bre	52	Bre	50	0.465263	0.534737
Bre	52	Bre	51	0.727314	0.272686
Bre	52	Bre	53	0.750299	0.249701
Bre	52	Bre	54	0.685840	0.314160
Bre	52	Bre	55	0.809840	0.190160
Bre	52	Bre	56	-1.043850	2.043850
Bre	52	Bre	57	0.592806	0.407194
Bre	52	Bre	58	0.598045	0.401955
Bre	52	Bre	59	0.640529	0.359471
Bre	52	Bre	60	0.785002	0.214998
Bre	52	Bre	61	0.684490	0.315510
Bre	52	Bre	62	0.657561	0.342439
Bre	52	Bre	63	0.541969	0.458031
Bre	52	Bre	64	0.905519	0.094481
Bre	52	Bre	65	0.690663	0.309337
Bre	52	Bre	66	0.719947	0.280053
Bre	52	Ivo	67	0.380769	0.619231
Bre	52	Ivo	68	0.532356	0.467644
Bre	52	Ivo	69	0.349709	0.650291
Bre	52	Ivo	70	0.469350	0.530650
Bre	52	Ivo	71	0.258514	0.741486
Bre	52	Ivo	72	0.592845	0.407155
Bre	52	Ivo	73	0.649825	0.350175
Bre	52	Ivo	74	0.588494	0.411506
Bre	52	Ivo	75	0.467937	0.532063
Bre	52	Ivo	76	0.672572	0.327428
Bre	52	Ivo	77	0.500108	0.499892
Bre	52	Ivo	78	0.712565	0.287435
Bre	52	Ivo	79	0.365239	0.634761
Bre	52	Ivo	80	0.108594	0.891406
Bre	52	Ivo	81	0.444830	0.555170
Bre	52	Ivo	82	0.699789	0.300211
Bre	52	Ivo	83	0.759385	0.240615
Bre	52	Ivo	84	0.504632	0.495368
Bre	52	Ivo	85	0.589501	0.410499
Bre	52	Ivo	86	0.639812	0.360188
Bre	52	Ivo	87	0.333888	0.666112
Bre	52	Ivo	88	0.606262	0.393738
Bre	52	Ivo	89	0.461224	0.538776
Bre	52	Ivo	90	0.458816	0.541184
Bre	52	Ivo	91	0.551160	0.448840
Bre	52	Ivo	92	0.528327	0.471673
Bre	52	Ivo	93	0.514493	0.485507
Bre	52	Ivo	94	0.130251	0.869749
Bre	52	Ivo	95	0.536924	0.463076
Bre	52	Ivo	96	0.632033	0.367967
Bre	52	Ivo	97	0.250588	0.749412
Bre	52	Pip	98	0.535679	0.464321
Bre	52	Pip	99	0.380378	0.619622
Bre	52	Pip	100	0.255346	0.744654
Bre	52	Pip	101	0.595018	0.404982
Bre	52	Pip	102	0.178879	0.821121
Bre	52	Pip	103	0.510095	0.489905
Bre	52	Pip	104	0.366531	0.633469
Bre	52	Pip	105	0.445006	0.554994
Bre	52	Pip	106	0.469572	0.530428
Bre	52	Pip	107	-0.294307	1.294307
Bre	52	Pip	108	-1.002786	2.002786
Bre	52	Pip	109	0.420410	0.579590
Bre	52	Pip	110	0.341276	0.658724
Bre	52	Pip	111	0.323932	0.676068
Bre	52	Pip	112	0.466001	0.533999
Bre	52	Pip	113	0.592385	0.407615
Bre	52	Pip	114	0.242498	0.757502
Bre	52	Pip	115	-0.456816	1.456816
Bre	52	Pip	116	0.529873	0.470127
Bre	52	Pip	117	0.099703	0.900297
Bre	52	Pip	118	0.569553	0.430447
Bre	52	Pip	119	0.171373	0.828627
Bre	52	Pip	120	-0.306922	1.306922
Bre	52	Pip	121	0.452814	0.547186
Bre	52	Pip	122	-0.040694	1.040694
Bre	52	Pip	123	0.591882	0.408118
Bre	52	Pip	124	-1.002786	2.002786
Bre	52	Pip	125	0.545587	0.454413
Bre	52	Pip	126	0.497364	0.502636
Bre	52	Pip	127	0.524748	0.475252
Bre	52	Pip	128	0.465541	0.534459
Bre	52	Pip	129	0.094009	0.905991
Bre	52	Pip	130	0.270782	0.729218
Bre	52	Pip	131	0.518225	0.481775
Bre	52	Pip	132	0.511610	0.488390
Bre	52	Pip	133	0.574821	0.425179
Bre	53	Bly	1	-0.849162	1.849162
Bre	53	Bly	2	0.097754	0.902246
Bre	53	Bly	3	0.544155	0.455845
Bre	53	Bly	4	0.492155	0.507845
Bre	53	Bly	5	0.391988	0.608012
Bre	53	Bly	6	-0.849162	1.849162
Bre	53	Bly	7	0.700637	0.299363
Bre	53	Bly	8	-0.693909	1.693909
Bre	53	Bly	9	0.517827	0.482173
Bre	53	Bly	10	0.839225	0.160775
Bre	53	Bly	11	0.687428	0.312572
Bre	53	Bly	12	0.747498	0.252502
Bre	53	Bly	13	-0.008935	1.008935
Bre	53	Bly	14	0.738051	0.261949
Bre	53	Bly	15	0.499287	0.500713
Bre	53	Bly	16	0.473584	0.526416
Bre	53	Bly	17	0.672767	0.327233
Bre	53	Bly	18	0.450323	0.549677
Bre	53	Bly	19	0.008835	0.991165
Bre	53	Bly	20	-0.012781	1.012781
Bre	53	Bly	21	0.215043	0.784957
Bre	53	Bly	22	-0.849162	1.849162
Bre	53	Bly	23	0.662566	0.337434
Bre	53	Bly	24	0.542521	0.457479
Bre	53	Bly	25	0.020328	0.979672
Bre	53	Bly	26	0.703824	0.296176
Bre	53	Bly	27	0.562028	0.437972
Bre	53	Bly	28	0.127013	0.872987
Bre	53	Bly	29	0.510812	0.489188
Bre	53	Bly	30	0.508660	0.491340
Bre	53	Bly	31	0.592114	0.407886
Bre	53	Bly	32	0.343245	0.656755
Bre	53	Bly	33	0.033439	0.966561
Bre	53	Bre	34	0.663085	0.336915
Bre	53	Bre	35	0.860412	0.139588
Bre	53	Bre	36	-0.792145	1.792145
Bre	53	Bre	37	0.821288	0.178712
Bre	53	Bre	38	0.686894	0.313106
Bre	53	Bre	39	0.747882	0.252118
Bre	53	Bre	40	0.270076	0.729924
Bre	53	Bre	41	0.675123	0.324877
Bre	53	Bre	42	0.732481	0.267519
Bre	53	Bre	43	-0.423887	1.423887
Bre	53	Bre	44	0.886851	0.113149
Bre	53	Bre	45	0.717655	0.282345
Bre	53	Bre	46	0.943859	0.056141
Bre	53	Bre	47	0.873815	0.126185
Bre	53	Bre	48	0.884499	0.115501
Bre	53	Bre	49	0.567142	0.432858
Bre	53	Bre	50	0.679488	0.320512
Bre	53	Bre	51	0.904298	0.095702
Bre	53	Bre	52	0.750299	0.249701
Bre	53	Bre	54	0.900066	0.099934
Bre	53	Bre	55	0.618975	0.381025
Bre	53	Bre	56	-0.890226	1.890226
Bre	53	Bre	57	0.769791	0.230209
Bre	53	Bre	58	0.622317	0.377683
Bre	53	Bre	59	0.672402	0.327598
Bre	53	Bre	60	0.638908	0.361092
Bre	53	Bre	61	0.861474	0.138526
Bre	53	Bre	62	0.871786	0.128214
Bre	53	Bre	63	0.660118	0.339882
Bre	53	Bre	64	0.844780	0.155220
Bre	53	Bre	65	0.904888	0.095112
Bre	53	Bre	66	0.896931	0.103069
Bre	53	Ivo	67	0.293511	0.706489
Bre	53	Ivo	68	0.638859	0.361141
Bre	53	Ivo	69	0.137249	0.862751
Bre	53	Ivo	70	0.399310	0.600690
Bre	53	Ivo	71	0.400011	0.599989
Bre	53	Ivo	72	0.735702	0.264298
Bre	53	Ivo	73	0.667081	0.332919
Bre	53	Ivo	74	0.732238	0.267762
Bre	53	Ivo	75	0.647157	0.352843
Bre	53	Ivo	76	0.593170	0.406830
Bre	53	Ivo	77	0.566103	0.433897
Bre	53	Ivo	78	0.628944	0.371056
Bre	53	Ivo	79	0.439020	0.560980
Bre	53	Ivo	80	-0.045030	1.045030
Bre	53	Ivo	81	0.588093	0.411907
Bre	53	Ivo	82	0.699686	0.300314
Bre	53	Ivo	83	0.603929	0.396071
Bre	53	Ivo	84	0.645736	0.354264
Bre	53	Ivo	85	0.522152	0.477848
Bre	53	Ivo	86	0.745429	0.254571
Bre	53	Ivo	87	0.337664	0.662336
Bre	53	Ivo	88	0.654000	0.346000
Bre	53	Ivo	89	0.468383	0.531617
Bre	53	Ivo	90	0.504722	0.495278
Bre	53	Ivo	91	0.634629	0.365371
Bre	53	Ivo	92	0.469077	0.530923
Bre	53	Ivo	93	0.338395	0.661605
Bre	53	Ivo	94	0.197599	0.802401
Bre	53	Ivo	95	0.558745	0.441255
Bre	53	Ivo	96	0.477530	0.522470
Bre	53	Ivo	97	0.190451	0.809549
Bre	53	Pip	98	0.640268	0.359732
Bre	53	Pip	99	0.357980	0.642020
Bre	53	Pip	100	0.230082	0.769918
Bre	53	Pip	101	0.749521	0.250479
Bre	53	Pip	102	0.118139	0.881861
Bre	53	Pip	103	0.723434	0.276566
Bre	53	Pip	104	0.521034	0.478966
Bre	53	Pip	105	0.588268	0.411732
Bre	53	Pip	106	0.647436	0.352564
Bre	53	Pip	107	-0.044606	1.044606
Bre	53	Pip	108	-0.849162	1.849162
Bre	53	Pip	109	0.633749	0.366251
Bre	53	Pip	110	0.450011	0.549989
Bre	53	Pip	111	0.383142	0.616858
Bre	53	Pip	112	0.608859	0.391141
Bre	53	Pip	113	0.805723	0.194277
Bre	53	Pip	114	0.227768	0.772232
Bre	53	Pip	115	-0.244356	1.244356
Bre	53	Pip	116	0.637733	0.362267
Bre	53	Pip	117	0.084286	0.915714
Bre	53	Pip	118	0.555011	0.444989
Bre	53	Pip	119	0.280108	0.719892
Bre	53	Pip	120	-0.163586	1.163586
Bre	53	Pip	121	0.666152	0.333848
Bre	53	Pip	122	-0.158843	1.158843
Bre	53	Pip	123	0.665142	0.334858
Bre	53	Pip	124	-0.849162	1.849162
Bre	53	Pip	125	0.618442	0.381558
Bre	53	Pip	126	0.710703	0.289297
Bre	53	Pip	127	0.703486	0.296514
Bre	53	Pip	128	0.538801	0.461199
Bre	53	Pip	129	0.117394	0.882606
Bre	53	Pip	130	0.344042	0.655958
Bre	53	Pip	131	0.661488	0.338512
Bre	53	Pip	132	0.724948	0.275052
Bre	53	Pip	133	0.718083	0.281917
Bre	54	Bly	1	-0.784704	1.784704
Bre	54	Bly	2	-0.002180	1.002180
Bre	54	Bly	3	0.479697	0.520303
Bre	54	Bly	4	0.427696	0.572304
Bre	54	Bly	5	0.350889	0.649111
Bre	54	Bly	6	-0.784704	1.784704
Bre	54	Bly	7	0.636178	0.363822
Bre	54	Bly	8	-0.735008	1.735008
Bre	54	Bly	9	0.453368	0.546632
Bre	54	Bly	10	0.774766	0.225234
Bre	54	Bly	11	0.622969	0.377031
Bre	54	Bly	12	0.683039	0.316961
Bre	54	Bly	13	-0.073394	1.073394
Bre	54	Bly	14	0.673592	0.326408
Bre	54	Bly	15	0.458189	0.541811
Bre	54	Bly	16	0.514683	0.485317
Bre	54	Bly	17	0.608308	0.391692
Bre	54	Bly	18	0.385864	0.614136
Bre	54	Bly	19	-0.055624	1.055624
Bre	54	Bly	20	-0.053880	1.053880
Bre	54	Bly	21	0.173945	0.826055
Bre	54	Bly	22	-0.784704	1.784704
Bre	54	Bly	23	0.598107	0.401893
Bre	54	Bly	24	0.442587	0.557413
Bre	54	Bly	25	0.084786	0.915214
Bre	54	Bly	26	0.603890	0.396110
Bre	54	Bly	27	0.497570	0.502430
Bre	54	Bly	28	0.121390	0.878610
Bre	54	Bly	29	0.410878	0.589122
Bre	54	Bly	30	0.444201	0.555799
Bre	54	Bly	31	0.527655	0.472345
Bre	54	Bly	32	0.278787	0.721213
Bre	54	Bly	33	-0.031019	1.031019
Bre	54	Bre	34	0.598627	0.401373
Bre	54	Bre	35	0.795953	0.204047
Bre	54	Bre	36	-0.727686	1.727686
Bre	54	Bre	37	0.721354	0.278646
Bre	54	Bre	38	0.586959	0.413041
Bre	54	Bre	39	0.742259	0.257741
Bre	54	Bre	40	0.205617	0.794383
Bre	54	Bre	41	0.610664	0.389336
Bre	54	Bre	42	0.668023	0.331977
Bre	54	Bre	43	-0.464986	1.464986
Bre	54	Bre	44	0.822393	0.177607
Bre	54	Bre	45	0.653196	0.346804
Bre	54	Bre	46	0.879400	0.120600
Bre	54	Bre	47	0.809356	0.190644
Bre	54	Bre	48	0.820040	0.179960
Bre	54	Bre	49	0.502683	0.497317
Bre	54	Bre	50	0.615029	0.384971
Bre	54	Bre	51	0.839839	0.160161
Bre	54	Bre	52	0.685840	0.314160
Bre	54	Bre	53	0.900066	0.099934
Bre	54	Bre	55	0.554516	0.445484
Bre	54	Bre	56	-0.825767	1.825767
Bre	54	Bre	57	0.764168	0.235832
Bre	54	Bre	58	0.557858	0.442142
Bre	54	Bre	59	0.607943	0.392057
Bre	54	Bre	60	0.574450	0.425550
Bre	54	Bre	61	0.797016	0.202984
Bre	54	Bre	62	0.807327	0.192673
Bre	54	Bre	63	0.654495	0.345505
Bre	54	Bre	64	0.780321	0.219679
Bre	54	Bre	65	0.840429	0.159571
Bre	54	Bre	66	0.832473	0.167527
Bre	54	Ivo	67	0.229052	0.770948
Bre	54	Ivo	68	0.574400	0.425600
Bre	54	Ivo	69	0.072791	0.927209
Bre	54	Ivo	70	0.299376	0.700624
Bre	54	Ivo	71	0.300077	0.699923
Bre	54	Ivo	72	0.635768	0.364232
Bre	54	Ivo	73	0.567146	0.432854
Bre	54	Ivo	74	0.667779	0.332221
Bre	54	Ivo	75	0.547223	0.452777
Bre	54	Ivo	76	0.493236	0.506764
Bre	54	Ivo	77	0.501645	0.498355
Bre	54	Ivo	78	0.564485	0.435515
Bre	54	Ivo	79	0.339086	0.660914
Bre	54	Ivo	80	-0.109489	1.109489
Bre	54	Ivo	81	0.523634	0.476366
Bre	54	Ivo	82	0.635227	0.364773
Bre	54	Ivo	83	0.539470	0.460530
Bre	54	Ivo	84	0.581277	0.418723
Bre	54	Ivo	85	0.457694	0.542306
Bre	54	Ivo	86	0.645495	0.354505
Bre	54	Ivo	87	0.273205	0.726795
Bre	54	Ivo	88	0.589541	0.410459
Bre	54	Ivo	89	0.403924	0.596076
Bre	54	Ivo	90	0.545820	0.454180
Bre	54	Ivo	91	0.593530	0.406470
Bre	54	Ivo	92	0.404618	0.595382
Bre	54	Ivo	93	0.273936	0.726064
Bre	54	Ivo	94	0.156501	0.843499
Bre	54	Ivo	95	0.458810	0.541190
Bre	54	Ivo	96	0.413071	0.586929
Bre	54	Ivo	97	0.090517	0.909483
Bre	54	Pip	98	0.540334	0.459666
Bre	54	Pip	99	0.258046	0.741954
Bre	54	Pip	100	0.130147	0.869853
Bre	54	Pip	101	0.649586	0.350414
Bre	54	Pip	102	0.053681	0.946319
Bre	54	Pip	103	0.623500	0.376500
Bre	54	Pip	104	0.421100	0.578900
Bre	54	Pip	105	0.523810	0.476190
Bre	54	Pip	106	0.582977	0.417023
Bre	54	Pip	107	-0.144540	1.144540
Bre	54	Pip	108	-0.784704	1.784704
Bre	54	Pip	109	0.592651	0.407349
Bre	54	Pip	110	0.350077	0.649923
Bre	54	Pip	111	0.318684	0.681316
Bre	54	Pip	112	0.508925	0.491075
Bre	54	Pip	113	0.705789	0.294211
Bre	54	Pip	114	0.163309	0.836691
Bre	54	Pip	115	-0.285455	1.285455
Bre	54	Pip	116	0.573275	0.426725
Bre	54	Pip	117	0.019827	0.980173
Bre	54	Pip	118	0.455077	0.544923
Bre	54	Pip	119	0.180174	0.819826
Bre	54	Pip	120	-0.263520	1.263520
Bre	54	Pip	121	0.566218	0.433782
Bre	54	Pip	122	-0.258777	1.258777
Bre	54	Pip	123	0.600683	0.399317
Bre	54	Pip	124	-0.784704	1.784704
Bre	54	Pip	125	0.518508	0.481492
Bre	54	Pip	126	0.610769	0.389231
Bre	54	Pip	127	0.603551	0.396449
Bre	54	Pip	128	0.474342	0.525658
Bre	54	Pip	129	0.017460	0.982540
Bre	54	Pip	130	0.279583	0.720417
Bre	54	Pip	131	0.597029	0.402971
Bre	54	Pip	132	0.625014	0.374986
Bre	54	Pip	133	0.653625	0.346375
Bre	55	Bly	1	-1.123605	2.123605
Bre	55	Bly	2	-0.165705	1.165705
Bre	55	Bly	3	0.601332	0.398668
Bre	55	Bly	4	0.368638	0.631362
Bre	55	Bly	5	0.243673	0.756327
Bre	55	Bly	6	-1.123605	2.123605
Bre	55	Bly	7	0.497441	0.502559
Bre	55	Bly	8	-0.553900	1.553900
Bre	55	Bly	9	0.428280	0.571720
Bre	55	Bly	10	0.528276	0.471724
Bre	55	Bly	11	0.493908	0.506092
Bre	55	Bly	12	0.517616	0.482384
Bre	55	Bly	13	-0.354484	1.354484
Bre	55	Bly	14	0.427379	0.572621
Bre	55	Bly	15	0.433421	0.566579
Bre	55	Bly	16	0.491784	0.508216
Bre	55	Bly	17	0.504763	0.495237
Bre	55	Bly	18	0.283824	0.716176
Bre	55	Bly	19	0.077737	0.922263
Bre	55	Bly	20	0.031975	0.968025
Bre	55	Bly	21	0.117446	0.882554
Bre	55	Bly	22	-1.123605	2.123605
Bre	55	Bly	23	0.386358	0.613642
Bre	55	Bly	24	0.393001	0.606999
Bre	55	Bly	25	-0.183153	1.183153
Bre	55	Bly	26	0.428021	0.571979
Bre	55	Bly	27	0.322844	0.677156
Bre	55	Bly	28	-0.078714	1.078714
Bre	55	Bly	29	0.448926	0.551074
Bre	55	Bly	30	0.487631	0.512369
Bre	55	Bly	31	0.472879	0.527121
Bre	55	Bly	32	0.113640	0.886360
Bre	55	Bly	33	0.005175	0.994825
Bre	55	Bre	34	0.700087	0.299913
Bre	55	Bre	35	0.514863	0.485137
Bre	55	Bre	36	-1.066588	2.066588
Bre	55	Bre	37	0.761053	0.238947
Bre	55	Bre	38	0.558566	0.441434
Bre	55	Bre	39	0.437209	0.562791
Bre	55	Bre	40	-0.040596	1.040596
Bre	55	Bre	41	0.649360	0.350640
Bre	55	Bre	42	0.763043	0.236957
Bre	55	Bre	43	-0.616204	1.616204
Bre	55	Bre	44	0.613007	0.386993
Bre	55	Bre	45	0.682951	0.317049
Bre	55	Bre	46	0.598310	0.401690
Bre	55	Bre	47	0.704987	0.295013
Bre	55	Bre	48	0.657670	0.342330
Bre	55	Bre	49	0.589442	0.410558
Bre	55	Bre	50	0.333939	0.666061
Bre	55	Bre	51	0.630454	0.369546
Bre	55	Bre	52	0.809840	0.190160
Bre	55	Bre	53	0.618975	0.381025
Bre	55	Bre	54	0.554516	0.445484
Bre	55	Bre	56	-1.082542	2.082542
Bre	55	Bre	57	0.496359	0.503641
Bre	55	Bre	58	0.466721	0.533279
Bre	55	Bre	59	0.578546	0.421454
Bre	55	Bre	60	0.799736	0.200264
Bre	55	Bre	61	0.622507	0.377493
Bre	55	Bre	62	0.526237	0.473763
Bre	55	Bre	63	0.421150	0.578850
Bre	55	Bre	64	0.774195	0.225805
Bre	55	Bre	65	0.559339	0.440661
Bre	55	Bre	66	0.588623	0.411377
Bre	55	Ivo	67	0.502836	0.497164
Bre	55	Ivo	68	0.470373	0.529627
Bre	55	Ivo	69	0.159549	0.840451
Bre	55	Ivo	70	0.577383	0.422617
Bre	55	Ivo	71	0.196531	0.803469
Bre	55	Ivo	72	0.530862	0.469138
Bre	55	Ivo	73	0.494542	0.505458
Bre	55	Ivo	74	0.492047	0.507953
Bre	55	Ivo	75	0.336613	0.663387
Bre	55	Ivo	76	0.704441	0.295559
Bre	55	Ivo	77	0.575573	0.424427
Bre	55	Ivo	78	0.615705	0.384295
Bre	55	Ivo	79	0.326547	0.673453
Bre	55	Ivo	80	0.059396	0.940604
Bre	55	Ivo	81	0.348383	0.651617
Bre	55	Ivo	82	0.578970	0.421030
Bre	55	Ivo	83	0.603689	0.396311
Bre	55	Ivo	84	0.497970	0.502030
Bre	55	Ivo	85	0.468682	0.531318
Bre	55	Ivo	86	0.542952	0.457048
Bre	55	Ivo	87	0.237028	0.762972
Bre	55	Ivo	88	0.544279	0.455721
Bre	55	Ivo	89	0.395726	0.604274
Bre	55	Ivo	90	0.393318	0.606682
Bre	55	Ivo	91	0.454713	0.545287
Bre	55	Ivo	92	0.636361	0.363639
Bre	55	Ivo	93	0.441337	0.558663
Bre	55	Ivo	94	0.203407	0.796593
Bre	55	Ivo	95	0.495385	0.504615
Bre	55	Ivo	96	0.705189	0.294811
Bre	55	Ivo	97	0.255652	0.744348
Bre	55	Pip	98	0.506911	0.493089
Bre	55	Pip	99	0.295657	0.704343
Bre	55	Pip	100	0.376165	0.623835
Bre	55	Pip	101	0.404858	0.595142
Bre	55	Pip	102	0.217571	0.782429
Bre	55	Pip	103	0.413648	0.586352
Bre	55	Pip	104	0.211249	0.788751
Bre	55	Pip	105	0.348559	0.651441
Bre	55	Pip	106	0.373125	0.626875
Bre	55	Pip	107	-0.138611	1.138611
Bre	55	Pip	108	-1.123605	2.123605
Bre	55	Pip	109	0.323963	0.676037
Bre	55	Pip	110	0.496972	0.503028
Bre	55	Pip	111	0.411535	0.588465
Bre	55	Pip	112	0.381280	0.618720
Bre	55	Pip	113	0.461060	0.538940
Bre	55	Pip	114	0.247975	0.752025
Bre	55	Pip	115	-0.518799	1.518799
Bre	55	Pip	116	0.467890	0.532110
Bre	55	Pip	117	0.070302	0.929698
Bre	55	Pip	118	0.438229	0.561771
Bre	55	Pip	119	0.203655	0.796345
Bre	55	Pip	120	-0.356766	1.356766
Bre	55	Pip	121	0.390831	0.609169
Bre	55	Pip	122	-0.116697	1.116697
Bre	55	Pip	123	0.460558	0.539442
Bre	55	Pip	124	-1.123605	2.123605
Bre	55	Pip	125	0.414263	0.585737
Bre	55	Pip	126	0.366040	0.633960
Bre	55	Pip	127	0.428301	0.571699
Bre	55	Pip	128	0.334217	0.665783
Bre	55	Pip	129	0.120562	0.879438
Bre	55	Pip	130	0.174335	0.825665
Bre	55	Pip	131	0.468381	0.531619
Bre	55	Pip	132	0.415163	0.584837
Bre	55	Pip	133	0.443497	0.556503
Bre	56	Bly	1	0.958937	0.041063
Bre	56	Bly	2	-1.526304	2.526304
Bre	56	Bly	3	-1.157021	2.157021
Bre	56	Bly	4	-0.760173	1.760173
Bre	56	Bly	5	-0.764398	1.764398
Bre	56	Bly	6	0.958937	0.041063
Bre	56	Bly	7	-0.856008	1.856008
Bre	56	Bly	8	-1.184633	2.184633
Bre	56	Bly	9	-0.894866	1.894866
Bre	56	Bly	10	-0.883056	1.883056
Bre	56	Bly	11	-0.896001	1.896001
Bre	56	Bly	12	-0.832392	1.832392
Bre	56	Bly	13	-0.128177	1.128177
Bre	56	Bly	14	-0.747281	1.747281
Bre	56	Bly	15	-0.598090	1.598090
Bre	56	Bly	16	-0.960988	1.960988
Bre	56	Bly	17	-0.669431	1.669431
Bre	56	Bly	18	-0.970224	1.970224
Bre	56	Bly	19	-1.684823	2.684823
Bre	56	Bly	20	-0.379841	1.379841
Bre	56	Bly	21	-0.885873	1.885873
Bre	56	Bly	22	0.958937	0.041063
Bre	56	Bly	23	-0.807859	1.807859
Bre	56	Bly	24	-0.700468	1.700468
Bre	56	Bly	25	-0.087073	1.087073
Bre	56	Bly	26	-0.819016	1.819016
Bre	56	Bly	27	-1.016471	2.016471
Bre	56	Bly	28	-1.292373	2.292373
Bre	56	Bly	29	-0.637025	1.637025
Bre	56	Bly	30	-0.689540	1.689540
Bre	56	Bly	31	-1.073012	2.073012
Bre	56	Bly	32	-0.670161	1.670161
Bre	56	Bly	33	-1.619287	2.619287
Bre	56	Bre	34	-0.986450	1.986450
Bre	56	Bre	35	-0.786113	1.786113
Bre	56	Bre	36	0.901920	0.098080
Bre	56	Bre	37	-0.960599	1.960599
Bre	56	Bre	38	-0.758112	1.758112
Bre	56	Bre	39	-0.838040	1.838040
Bre	56	Bre	40	-1.102861	2.102861
Bre	56	Bre	41	-0.900846	1.900846
Bre	56	Bre	42	-1.049406	2.049406
Bre	56	Bre	43	0.533662	0.466338
Bre	56	Bre	44	-0.812553	1.812553
Bre	56	Bre	45	-1.103229	2.103229
Bre	56	Bre	46	-0.869560	1.869560
Bre	56	Bre	47	-0.904120	1.904120
Bre	56	Bre	48	-0.856803	1.856803
Bre	56	Bre	49	-1.183062	2.183062
Bre	56	Bre	50	-0.955069	1.955069
Bre	56	Bre	51	-0.829999	1.829999
Bre	56	Bre	52	-1.043850	2.043850
Bre	56	Bre	53	-0.890226	1.890226
Bre	56	Bre	54	-0.825767	1.825767
Bre	56	Bre	55	-1.082542	2.082542
Bre	56	Bre	57	-0.823023	1.823023
Bre	56	Bre	58	-1.233032	2.233032
Bre	56	Bre	59	-0.743214	1.743214
Bre	56	Bre	60	-1.085686	2.085686
Bre	56	Bre	61	-0.787176	1.787176
Bre	56	Bre	62	-0.982559	1.982559
Bre	56	Bre	63	-0.585819	1.585819
Bre	56	Bre	64	-1.045446	2.045446
Bre	56	Bre	65	-0.985337	1.985337
Bre	56	Bre	66	-0.909450	1.909450
Bre	56	Ivo	67	-0.936080	1.936080
Bre	56	Ivo	68	-0.759284	1.759284
Bre	56	Ivo	69	-1.527478	2.527478
Bre	56	Ivo	70	-1.048992	2.048992
Bre	56	Ivo	71	-0.836013	1.836013
Bre	56	Ivo	72	-0.894290	1.894290
Bre	56	Ivo	73	-0.892435	1.892435
Bre	56	Ivo	74	-0.889939	1.889939
Bre	56	Ivo	75	-0.856200	1.856200
Bre	56	Ivo	76	-1.013668	2.013668
Bre	56	Ivo	77	-0.695041	1.695041
Bre	56	Ivo	78	-0.967407	1.967407
Bre	56	Ivo	79	-0.763477	1.763477
Bre	56	Ivo	80	-1.563669	2.563669
Bre	56	Ivo	81	-0.939368	1.939368
Bre	56	Ivo	82	-0.864409	1.864409
Bre	56	Ivo	83	-0.995042	1.995042
Bre	56	Ivo	84	-0.744066	1.744066
Bre	56	Ivo	85	-1.122752	2.122752
Bre	56	Ivo	86	-0.783212	1.783212
Bre	56	Ivo	87	-1.290446	2.290446
Bre	56	Ivo	88	-0.796264	1.796264
Bre	56	Ivo	89	-0.974849	1.974849
Bre	56	Ivo	90	-0.635976	1.635976
Bre	56	Ivo	91	-0.964357	1.964357
Bre	56	Ivo	92	-1.232299	2.232299
Bre	56	Ivo	93	-1.136148	2.136148
Bre	56	Ivo	94	-1.247063	2.247063
Bre	56	Ivo	95	-0.934404	1.934404
Bre	56	Ivo	96	-1.060364	2.060364
Bre	56	Ivo	97	-1.302730	2.302730
Bre	56	Pip	98	-0.882772	1.882772
Bre	56	Pip	99	-1.220428	2.220428
Bre	56	Pip	100	-1.127504	2.127504
Bre	56	Pip	101	-0.676108	1.676108
Bre	56	Pip	102	-1.347763	2.347763
Bre	56	Pip	103	-0.731449	1.731449
Bre	56	Pip	104	-0.755630	1.755630
Bre	56	Pip	105	-0.858384	1.858384
Bre	56	Pip	106	-0.728203	1.728203
Bre	56	Pip	107	-0.056350	1.056350
Bre	56	Pip	108	0.958937	0.041063
Bre	56	Pip	109	-0.609856	1.609856
Bre	56	Pip	110	-0.941840	1.941840
Bre	56	Pip	111	-0.859604	1.859604
Bre	56	Pip	112	-0.928740	1.928740
Bre	56	Pip	113	-0.773025	1.773025
Bre	56	Pip	114	-1.271403	2.271403
Bre	56	Pip	115	0.354131	0.645869
Bre	56	Pip	116	-0.808873	1.808873
Bre	56	Pip	117	-1.446340	2.446340
Bre	56	Pip	118	-1.019858	2.019858
Bre	56	Pip	119	-1.033568	2.033568
Bre	56	Pip	120	-1.477268	2.477268
Bre	56	Pip	121	-0.769870	1.769870
Bre	56	Pip	122	-1.661219	2.661219
Bre	56	Pip	123	-0.927270	1.927270
Bre	56	Pip	124	0.958937	0.041063
Bre	56	Pip	125	-0.961723	1.961723
Bre	56	Pip	126	-0.755994	1.755994
Bre	56	Pip	127	-0.746102	1.746102
Bre	56	Pip	128	-0.918953	1.918953
Bre	56	Pip	129	-1.329278	2.329278
Bre	56	Pip	130	-1.004104	2.004104
Bre	56	Pip	131	-0.786182	1.786182
Bre	56	Pip	132	-0.732964	1.732964
Bre	56	Pip	133	-0.910209	1.910209
Bre	57	Bly	1	-0.781960	1.781960
Bre	57	Bly	2	-0.015688	1.015688
Bre	57	Bly	3	0.425012	0.574988
Bre	57	Bly	4	0.373474	0.626526
Bre	57	Bly	5	0.332298	0.667702
Bre	57	Bly	6	-0.781960	1.781960
Bre	57	Bly	7	0.622670	0.377330
Bre	57	Bly	8	-0.752451	1.752451
Bre	57	Bly	9	0.395607	0.604393
Bre	57	Bly	10	0.644491	0.355509
Bre	57	Bly	11	0.529327	0.470673
Bre	57	Bly	12	0.592937	0.407063
Bre	57	Bly	13	-0.037211	1.037211
Bre	57	Bly	14	0.690881	0.309119
Bre	57	Bly	15	0.472546	0.527454
Bre	57	Bly	16	0.350361	0.649639
Bre	57	Bly	17	0.622665	0.377335
Bre	57	Bly	18	0.403153	0.596847
Bre	57	Bly	19	-0.185899	1.185899
Bre	57	Bly	20	-0.112037	1.112037
Bre	57	Bly	21	0.191841	0.808159
Bre	57	Bly	22	-0.781960	1.781960
Bre	57	Bly	23	0.539343	0.460657
Bre	57	Bly	24	0.473474	0.526526
Bre	57	Bly	25	-0.025157	1.025157
Bre	57	Bly	26	0.545125	0.454875
Bre	57	Bly	27	0.403928	0.596072
Bre	57	Bly	28	0.196530	0.803470
Bre	57	Bly	29	0.352721	0.647279
Bre	57	Bly	30	0.385436	0.614564
Bre	57	Bly	31	0.474727	0.525273
Bre	57	Bly	32	0.353927	0.646073
Bre	57	Bly	33	-0.074477	1.074477
Bre	57	Bre	34	0.669216	0.330784
Bre	57	Bre	35	0.832136	0.167864
Bre	57	Bre	36	-0.724943	1.724943
Bre	57	Bre	37	0.664953	0.335047
Bre	57	Bre	38	0.530559	0.469441
Bre	57	Bre	39	0.887079	0.112921
Bre	57	Bre	40	0.317391	0.682609
Bre	57	Bre	41	0.675958	0.324042
Bre	57	Bre	42	0.698440	0.301560
Bre	57	Bre	43	-0.356685	1.356685
Bre	57	Bre	44	0.801872	0.198128
Bre	57	Bre	45	0.522921	0.477079
Bre	57	Bre	46	0.825931	0.174069
Bre	57	Bre	47	0.791372	0.208628
Bre	57	Bre	48	0.838689	0.161311
Bre	57	Bre	49	0.372408	0.627592
Bre	57	Bre	50	0.608205	0.391795
Bre	57	Bre	51	0.746805	0.253195
Bre	57	Bre	52	0.592806	0.407194
Bre	57	Bre	53	0.769791	0.230209
Bre	57	Bre	54	0.764168	0.235832
Bre	57	Bre	55	0.496359	0.503641
Bre	57	Bre	56	-0.823023	1.823023
Bre	57	Bre	58	0.427583	0.572417
Bre	57	Bre	59	0.586419	0.413581
Bre	57	Bre	60	0.603110	0.396890
Bre	57	Bre	61	0.775492	0.224508
Bre	57	Bre	62	0.712933	0.287067
Bre	57	Bre	63	0.673144	0.326856
Bre	57	Bre	64	0.650046	0.349954
Bre	57	Bre	65	0.750868	0.249132
Bre	57	Bre	66	0.826256	0.173744
Bre	57	Ivo	67	0.207528	0.792472
Bre	57	Ivo	68	0.592838	0.407162
Bre	57	Ivo	69	-0.057485	1.057485
Bre	57	Ivo	70	0.277852	0.722148
Bre	57	Ivo	71	0.241920	0.758080
Bre	57	Ivo	72	0.576251	0.423749
Bre	57	Ivo	73	0.547802	0.452198
Bre	57	Ivo	74	0.609015	0.390985
Bre	57	Ivo	75	0.489461	0.510539
Bre	57	Ivo	76	0.398841	0.601159
Bre	57	Ivo	77	0.480121	0.519879
Bre	57	Ivo	78	0.434210	0.565790
Bre	57	Ivo	79	0.356374	0.643626
Bre	57	Ivo	80	-0.239764	1.239764
Bre	57	Ivo	81	0.541464	0.458536
Bre	57	Ivo	82	0.575709	0.424291
Bre	57	Ivo	83	0.445076	0.554924
Bre	57	Ivo	84	0.636348	0.363652
Bre	57	Ivo	85	0.362296	0.637704
Bre	57	Ivo	86	0.593174	0.406826
Bre	57	Ivo	87	0.179563	0.820437
Bre	57	Ivo	88	0.648151	0.351849
Bre	57	Ivo	89	0.382401	0.617599
Bre	57	Ivo	90	0.418739	0.581261
Bre	57	Ivo	91	0.538846	0.461154
Bre	57	Ivo	92	0.433279	0.566721
Bre	57	Ivo	93	0.255133	0.744867
Bre	57	Ivo	94	0.140814	0.859186
Bre	57	Ivo	95	0.365168	0.634832
Bre	57	Ivo	96	0.356670	0.643330
Bre	57	Ivo	97	0.069997	0.930003
Bre	57	Pip	98	0.446692	0.553308
Bre	57	Pip	99	0.164404	0.835596
Bre	57	Pip	100	0.036506	0.963494
Bre	57	Pip	101	0.649888	0.350112
Bre	57	Pip	102	0.000753	0.999247
Bre	57	Pip	103	0.659220	0.340780
Bre	57	Pip	104	0.532874	0.467126
Bre	57	Pip	105	0.581812	0.418188
Bre	57	Pip	106	0.528293	0.471707
Bre	57	Pip	107	-0.073481	1.073481
Bre	57	Pip	108	-0.781960	1.781960
Bre	57	Pip	109	0.533886	0.466114
Bre	57	Pip	110	0.291312	0.708688
Bre	57	Pip	111	0.300633	0.699367
Bre	57	Pip	112	0.419363	0.580637
Bre	57	Pip	113	0.648028	0.351972
Bre	57	Pip	114	0.269317	0.730683
Bre	57	Pip	115	-0.177154	1.177154
Bre	57	Pip	116	0.591104	0.408896
Bre	57	Pip	117	0.053717	0.946283
Bre	57	Pip	118	0.405689	0.594311
Bre	57	Pip	119	0.161582	0.838418
Bre	57	Pip	120	-0.228341	1.228341
Bre	57	Pip	121	0.548167	0.451833
Bre	57	Pip	122	-0.266354	1.266354
Bre	57	Pip	123	0.583636	0.416364
Bre	57	Pip	124	-0.781960	1.781960
Bre	57	Pip	125	0.428946	0.571054
Bre	57	Pip	126	0.647492	0.352508
Bre	57	Pip	127	0.679444	0.320556
Bre	57	Pip	128	0.416581	0.583419
Bre	57	Pip	129	-0.035468	1.035468
Bre	57	Pip	130	0.478175	0.521825
Bre	57	Pip	131	0.668630	0.331370
Bre	57	Pip	132	0.642844	0.357156
Bre	57	Pip	133	0.600697	0.399303
Bre	58	Bly	1	-1.191968	2.191968
Bre	58	Bly	2	0.030225	0.969775
Bre	58	Bly	3	0.463704	0.536296
Bre	58	Bly	4	0.403462	0.596538
Bre	58	Bly	5	0.156111	0.843889
Bre	58	Bly	6	-1.191968	2.191968
Bre	58	Bly	7	0.478656	0.521344
Bre	58	Bly	8	-0.809836	1.809836
Bre	58	Bly	9	0.282023	0.717977
Bre	58	Bly	10	0.568544	0.431456
Bre	58	Bly	11	0.457811	0.542189
Bre	58	Bly	12	0.564484	0.435516
Bre	58	Bly	13	-0.238275	1.238275
Bre	58	Bly	14	0.432769	0.567231
Bre	58	Bly	15	0.261085	0.738915
Bre	58	Bly	16	0.309604	0.690396
Bre	58	Bly	17	0.400038	0.599962
Bre	58	Bly	18	0.216340	0.783660
Bre	58	Bly	19	0.351640	0.648360
Bre	58	Bly	20	-0.175311	1.175311
Bre	58	Bly	21	0.013767	0.986233
Bre	58	Bly	22	-1.191968	2.191968
Bre	58	Bly	23	0.355236	0.644764
Bre	58	Bly	24	0.234316	0.765684
Bre	58	Bly	25	-0.287878	1.287878
Bre	58	Bly	26	0.397944	0.602056
Bre	58	Bly	27	0.438735	0.561265
Bre	58	Bly	28	-0.143668	1.143668
Bre	58	Bly	29	0.206753	0.793247
Bre	58	Bly	30	0.305933	0.694067
Bre	58	Bly	31	0.553893	0.446107
Bre	58	Bly	32	0.001038	0.998962
Bre	58	Bly	33	-0.085759	1.085759
Bre	58	Bre	34	0.464228	0.535772
Bre	58	Bre	35	0.518205	0.481795
Bre	58	Bre	36	-1.134951	2.134951
Bre	58	Bre	37	0.552355	0.447645
Bre	58	Bre	38	0.452837	0.547163
Bre	58	Bre	39	0.477477	0.522523
Bre	58	Bre	40	-0.072131	1.072131
Bre	58	Bre	41	0.441665	0.558335
Bre	58	Bre	42	0.499023	0.500977
Bre	58	Bre	43	-0.766693	1.766693
Bre	58	Bre	44	0.544644	0.455356
Bre	58	Bre	45	0.749305	0.250695
Bre	58	Bre	46	0.601652	0.398348
Bre	58	Bre	47	0.636211	0.363789
Bre	58	Bre	48	0.588894	0.411106
Bre	58	Bre	49	0.600841	0.399159
Bre	58	Bre	50	0.486308	0.513692
Bre	58	Bre	51	0.562091	0.437909
Bre	58	Bre	52	0.598045	0.401955
Bre	58	Bre	53	0.622317	0.377683
Bre	58	Bre	54	0.557858	0.442142
Bre	58	Bre	55	0.466721	0.533279
Bre	58	Bre	56	-1.233032	2.233032
Bre	58	Bre	57	0.427583	0.572417
Bre	58	Bre	59	0.473821	0.526179
Bre	58	Bre	60	0.440051	0.559949
Bre	58	Bre	61	0.519267	0.480733
Bre	58	Bre	62	0.600616	0.399384
Bre	58	Bre	63	0.352787	0.647213
Bre	58	Bre	64	0.692525	0.307475
Bre	58	Bre	65	0.562681	0.437319
Bre	58	Bre	66	0.554724	0.445276
Bre	58	Ivo	67	0.166456	0.833544
Bre	58	Ivo	68	0.403055	0.596945
Bre	58	Ivo	69	0.294983	0.705017
Bre	58	Ivo	70	0.163156	0.836844
Bre	58	Ivo	71	0.128732	0.871268
Bre	58	Ivo	72	0.429546	0.570454
Bre	58	Ivo	73	0.442929	0.557071
Bre	58	Ivo	74	0.461557	0.538443
Bre	58	Ivo	75	0.341001	0.658999
Bre	58	Ivo	76	0.474657	0.525343
Bre	58	Ivo	77	0.299569	0.700431
Bre	58	Ivo	78	0.443612	0.556388
Bre	58	Ivo	79	0.177418	0.822582
Bre	58	Ivo	80	-0.054444	1.054444
Bre	58	Ivo	81	0.280486	0.719514
Bre	58	Ivo	82	0.429005	0.570995
Bre	58	Ivo	83	0.559638	0.440362
Bre	58	Ivo	84	0.338406	0.661594
Bre	58	Ivo	85	0.332952	0.667048
Bre	58	Ivo	86	0.402347	0.597653
Bre	58	Ivo	87	0.219501	0.780499
Bre	58	Ivo	88	0.311792	0.688208
Bre	58	Ivo	89	0.236726	0.763274
Bre	58	Ivo	90	0.197391	0.802609
Bre	58	Ivo	91	0.516247	0.483753
Bre	58	Ivo	92	0.307146	0.692854
Bre	58	Ivo	93	0.328982	0.671018
Bre	58	Ivo	94	-0.034408	1.034408
Bre	58	Ivo	95	0.361338	0.638662
Bre	58	Ivo	96	0.397078	0.602922
Bre	58	Ivo	97	0.027921	0.972079
Bre	58	Pip	98	0.406212	0.593788
Bre	58	Pip	99	0.434540	0.565460
Bre	58	Pip	100	0.191263	0.808737
Bre	58	Pip	101	0.371838	0.628162
Bre	58	Pip	102	0.114796	0.885204
Bre	58	Pip	103	0.380628	0.619372
Bre	58	Pip	104	0.143351	0.856649
Bre	58	Pip	105	0.393529	0.606471
Bre	58	Pip	106	0.418095	0.581905
Bre	58	Pip	107	-0.387412	1.387412
Bre	58	Pip	108	-1.191968	2.191968
Bre	58	Pip	109	0.290943	0.709057
Bre	58	Pip	110	0.211809	0.788191
Bre	58	Pip	111	0.145815	0.854185
Bre	58	Pip	112	0.408617	0.591383
Bre	58	Pip	113	0.462917	0.537083
Bre	58	Pip	114	0.075790	0.924210
Bre	58	Pip	115	-0.587162	1.587162
Bre	58	Pip	116	0.400406	0.599594
Bre	58	Pip	117	-0.114295	1.114295
Bre	58	Pip	118	0.471639	0.528361
Bre	58	Pip	119	0.043955	0.956045
Bre	58	Pip	120	-0.434340	1.434340
Bre	58	Pip	121	0.323346	0.676654
Bre	58	Pip	122	0.183365	0.816635
Bre	58	Pip	123	0.462415	0.537585
Bre	58	Pip	124	-1.191968	2.191968
Bre	58	Pip	125	0.488203	0.511797
Bre	58	Pip	126	0.411010	0.588990
Bre	58	Pip	127	0.360403	0.639597
Bre	58	Pip	128	0.522028	0.477972
Bre	58	Pip	129	-0.035458	1.035458
Bre	58	Pip	130	0.212353	0.787647
Bre	58	Pip	131	0.388758	0.611242
Bre	58	Pip	132	0.382142	0.617858
Bre	58	Pip	133	0.445354	0.554646
Bre	59	Bly	1	-0.702151	1.702151
Bre	59	Bly	2	-0.158805	1.158805
Bre	59	Bly	3	0.466898	0.533102
Bre	59	Bly	4	0.513976	0.486024
Bre	59	Bly	5	0.400054	0.599946
Bre	59	Bly	6	-0.702151	1.702151
Bre	59	Bly	7	0.528741	0.471259
Bre	59	Bly	8	-0.519700	1.519700
Bre	59	Bly	9	0.547759	0.452241
Bre	59	Bly	10	0.547102	0.452898
Bre	59	Bly	11	0.537442	0.462558
Bre	59	Bly	12	0.524516	0.475484
Bre	59	Bly	13	-0.148268	1.148268
Bre	59	Bly	14	0.517438	0.482562
Bre	59	Bly	15	0.669699	0.330301
Bre	59	Bly	16	0.467425	0.532575
Bre	59	Bly	17	0.676379	0.323621
Bre	59	Bly	18	0.374160	0.625840
Bre	59	Bly	19	-0.103500	1.103500
Bre	59	Bly	20	0.196105	0.803895
Bre	59	Bly	21	0.350506	0.649494
Bre	59	Bly	22	-0.702151	1.702151
Bre	59	Bly	23	0.614855	0.385145
Bre	59	Bly	24	0.576976	0.423024
Bre	59	Bly	25	0.167068	0.832932
Bre	59	Bly	26	0.517077	0.482923
Bre	59	Bly	27	0.494384	0.505616
Bre	59	Bly	28	-0.061092	1.061092
Bre	59	Bly	29	0.579501	0.420499
Bre	59	Bly	30	0.689231	0.310769
Bre	59	Bly	31	0.516413	0.483587
Bre	59	Bly	32	0.155141	0.844859
Bre	59	Bly	33	-0.048300	1.048300
Bre	59	Bre	34	0.624412	0.375588
Bre	59	Bre	35	0.639599	0.360401
Bre	59	Bre	36	-0.645134	1.645134
Bre	59	Bre	37	0.747140	0.252860
Bre	59	Bre	38	0.757252	0.242748
Bre	59	Bre	39	0.625173	0.374827
Bre	59	Bre	40	0.084141	0.915859
Bre	59	Bre	41	0.671327	0.328673
Bre	59	Bre	42	0.693808	0.306192
Bre	59	Bre	43	-0.276876	1.276876
Bre	59	Bre	44	0.749670	0.250330
Bre	59	Bre	45	0.605521	0.394479
Bre	59	Bre	46	0.688370	0.311630
Bre	59	Bre	47	0.723813	0.276187
Bre	59	Bre	48	0.701127	0.298873
Bre	59	Bre	49	0.420131	0.579869
Bre	59	Bre	50	0.458675	0.541325
Bre	59	Bre	51	0.683880	0.316120
Bre	59	Bre	52	0.640529	0.359471
Bre	59	Bre	53	0.672402	0.327598
Bre	59	Bre	54	0.607943	0.392057
Bre	59	Bre	55	0.578546	0.421454
Bre	59	Bre	56	-0.743214	1.743214
Bre	59	Bre	57	0.586419	0.413581
Bre	59	Bre	58	0.473821	0.526179
Bre	59	Bre	60	0.598692	0.401308
Bre	59	Bre	61	0.712567	0.287433
Bre	59	Bre	62	0.579663	0.420337
Bre	59	Bre	63	0.761324	0.238676
Bre	59	Bre	64	0.697768	0.302232
Bre	59	Bre	65	0.612765	0.387235
Bre	59	Bre	66	0.688652	0.311348
Bre	59	Ivo	67	0.504311	0.495689
Bre	59	Ivo	68	0.572662	0.427338
Bre	59	Ivo	69	0.087942	0.912058
Bre	59	Ivo	70	0.405758	0.594242
Bre	59	Ivo	71	0.381304	0.618696
Bre	59	Ivo	72	0.548484	0.451516
Bre	59	Ivo	73	0.479039	0.520961
Bre	59	Ivo	74	0.546303	0.453697
Bre	59	Ivo	75	0.390869	0.609131
Bre	59	Ivo	76	0.489727	0.510273
Bre	59	Ivo	77	0.676006	0.323994
Bre	59	Ivo	78	0.527673	0.472327
Bre	59	Ivo	79	0.333553	0.666447
Bre	59	Ivo	80	-0.157164	1.157164
Bre	59	Ivo	81	0.438520	0.561480
Bre	59	Ivo	82	0.547943	0.452057
Bre	59	Ivo	83	0.526059	0.473941
Bre	59	Ivo	84	0.620154	0.379846
Bre	59	Ivo	85	0.368925	0.631075
Bre	59	Ivo	86	0.660949	0.339051
Bre	59	Ivo	87	0.222554	0.777446
Bre	59	Ivo	88	0.586101	0.413899
Bre	59	Ivo	89	0.512788	0.487212
Bre	59	Ivo	90	0.611894	0.388106
Bre	59	Ivo	91	0.415331	0.584669
Bre	59	Ivo	92	0.426963	0.573037
Bre	59	Ivo	93	0.259453	0.740547
Bre	59	Ivo	94	0.158128	0.841872
Bre	59	Ivo	95	0.445670	0.554330
Bre	59	Ivo	96	0.521838	0.478162
Bre	59	Ivo	97	0.185857	0.814143
Bre	59	Pip	98	0.598433	0.401567
Bre	59	Pip	99	0.173380	0.826620
Bre	59	Pip	100	0.249035	0.750965
Bre	59	Pip	101	0.494917	0.505083
Bre	59	Pip	102	0.077315	0.922685
Bre	59	Pip	103	0.538585	0.461415
Bre	59	Pip	104	0.335985	0.664015
Bre	59	Pip	105	0.438895	0.561105
Bre	59	Pip	106	0.645130	0.354870
Bre	59	Pip	107	-0.132701	1.132701
Bre	59	Pip	108	-0.702151	1.702151
Bre	59	Pip	109	0.448900	0.551100
Bre	59	Pip	110	0.418492	0.581508
Bre	59	Pip	111	0.352422	0.647578
Bre	59	Pip	112	0.352500	0.647500
Bre	59	Pip	113	0.585997	0.414003
Bre	59	Pip	114	0.224385	0.775615
Bre	59	Pip	115	-0.097345	1.097345
Bre	59	Pip	116	0.592827	0.407173
Bre	59	Pip	117	0.043462	0.956538
Bre	59	Pip	118	0.372525	0.627475
Bre	59	Pip	119	0.213712	0.786288
Bre	59	Pip	120	-0.250282	1.250282
Bre	59	Pip	121	0.515768	0.484232
Bre	59	Pip	122	-0.306453	1.306453
Bre	59	Pip	123	0.550894	0.449106
Bre	59	Pip	124	-0.702151	1.702151
Bre	59	Pip	125	0.432085	0.567915
Bre	59	Pip	126	0.456100	0.543900
Bre	59	Pip	127	0.483760	0.516240
Bre	59	Pip	128	0.424553	0.575447
Bre	59	Pip	129	0.075559	0.924441
Bre	59	Pip	130	0.264672	0.735328
Bre	59	Pip	131	0.560765	0.439235
Bre	59	Pip	132	0.540100	0.459900
Bre	59	Pip	133	0.533833	0.466167
Bre	60	Bly	1	-1.044623	2.044623
Bre	60	Bly	2	-0.157698	1.157698
Bre	60	Bly	3	0.517659	0.482341
Bre	60	Bly	4	0.388784	0.611216
Bre	60	Bly	5	0.206815	0.793185
Bre	60	Bly	6	-1.044623	2.044623
Bre	60	Bly	7	0.413768	0.586232
Bre	60	Bly	8	-0.672037	1.672037
Bre	60	Bly	9	0.448426	0.551574
Bre	60	Bly	10	0.548210	0.451790
Bre	60	Bly	11	0.514054	0.485946
Bre	60	Bly	12	0.491159	0.508841
Bre	60	Bly	13	-0.299874	1.299874
Bre	60	Bly	14	0.506148	0.493852
Bre	60	Bly	15	0.453567	0.546433
Bre	60	Bly	16	0.477253	0.522747
Bre	60	Bly	17	0.524909	0.475091
Bre	60	Bly	18	0.269293	0.730707
Bre	60	Bly	19	0.028741	0.971259
Bre	60	Bly	20	-0.004882	1.004882
Bre	60	Bly	21	0.102916	0.897084
Bre	60	Bly	22	-1.044623	2.044623
Bre	60	Bly	23	0.371827	0.628173
Bre	60	Bly	24	0.413148	0.586852
Bre	60	Bly	25	-0.104170	1.104170
Bre	60	Bly	26	0.413490	0.586510
Bre	60	Bly	27	0.342777	0.657223
Bre	60	Bly	28	-0.058568	1.058568
Bre	60	Bly	29	0.386945	0.613055
Bre	60	Bly	30	0.473100	0.526900
Bre	60	Bly	31	0.480887	0.519113
Bre	60	Bly	32	0.133786	0.866214
Bre	60	Bly	33	0.065536	0.934464
Bre	60	Bre	34	0.772374	0.227626
Bre	60	Bre	35	0.569473	0.430527
Bre	60	Bre	36	-0.987606	1.987606
Bre	60	Bre	37	0.746522	0.253478
Bre	60	Bre	38	0.544035	0.455965
Bre	60	Bre	39	0.543960	0.456040
Bre	60	Bre	40	0.014014	0.985986
Bre	60	Bre	41	0.721647	0.278353
Bre	60	Bre	42	0.835330	0.164670
Bre	60	Bre	43	-0.678184	1.678184
Bre	60	Bre	44	0.598476	0.401524
Bre	60	Bre	45	0.656282	0.343718
Bre	60	Bre	46	0.618243	0.381757
Bre	60	Bre	47	0.724921	0.275079
Bre	60	Bre	48	0.631001	0.368999
Bre	60	Bre	49	0.505769	0.494231
Bre	60	Bre	50	0.475367	0.524633
Bre	60	Bre	51	0.615923	0.384077
Bre	60	Bre	52	0.785002	0.214998
Bre	60	Bre	53	0.638908	0.361092
Bre	60	Bre	54	0.574450	0.425550
Bre	60	Bre	55	0.799736	0.200264
Bre	60	Bre	56	-1.085686	2.085686
Bre	60	Bre	57	0.603110	0.396890
Bre	60	Bre	58	0.440051	0.559949
Bre	60	Bre	59	0.598692	0.401308
Bre	60	Bre	61	0.607976	0.392024
Bre	60	Bre	62	0.546170	0.453830
Bre	60	Bre	63	0.465455	0.534545
Bre	60	Bre	64	0.747526	0.252474
Bre	60	Bre	65	0.579272	0.420728
Bre	60	Bre	66	0.695374	0.304626
Bre	60	Ivo	67	0.440856	0.559144
Bre	60	Ivo	68	0.490519	0.509481
Bre	60	Ivo	69	0.169389	0.830611
Bre	60	Ivo	70	0.540526	0.459474
Bre	60	Ivo	71	0.216678	0.783322
Bre	60	Ivo	72	0.551008	0.448992
Bre	60	Ivo	73	0.504382	0.495618
Bre	60	Ivo	74	0.546657	0.453343
Bre	60	Ivo	75	0.391223	0.608777
Bre	60	Ivo	76	0.538854	0.461146
Bre	60	Ivo	77	0.513593	0.486407
Bre	60	Ivo	78	0.532244	0.467756
Bre	60	Ivo	79	0.276800	0.723200
Bre	60	Ivo	80	-0.106404	1.106404
Bre	60	Ivo	81	0.402994	0.597006
Bre	60	Ivo	82	0.657952	0.342048
Bre	60	Ivo	83	0.636068	0.363932
Bre	60	Ivo	84	0.518116	0.481884
Bre	60	Ivo	85	0.444057	0.555943
Bre	60	Ivo	86	0.563099	0.436901
Bre	60	Ivo	87	0.153568	0.846432
Bre	60	Ivo	88	0.507421	0.492579
Bre	60	Ivo	89	0.474708	0.525292
Bre	60	Ivo	90	0.472300	0.527700
Bre	60	Ivo	91	0.452319	0.547681
Bre	60	Ivo	92	0.686321	0.313679
Bre	60	Ivo	93	0.369050	0.630950
Bre	60	Ivo	94	0.223554	0.776446
Bre	60	Ivo	95	0.515531	0.484469
Bre	60	Ivo	96	0.621728	0.378272
Bre	60	Ivo	97	0.218794	0.781206
Bre	60	Pip	98	0.527058	0.472942
Bre	60	Pip	99	0.268987	0.731013
Bre	60	Pip	100	0.302045	0.697955
Bre	60	Pip	101	0.483627	0.516373
Bre	60	Pip	102	0.225579	0.774421
Bre	60	Pip	103	0.433581	0.566419
Bre	60	Pip	104	0.324695	0.675305
Bre	60	Pip	105	0.368492	0.631508
Bre	60	Pip	106	0.427736	0.572264
Bre	60	Pip	107	-0.166127	1.166127
Bre	60	Pip	108	-1.044623	2.044623
Bre	60	Pip	109	0.343897	0.656103
Bre	60	Pip	110	0.469456	0.530544
Bre	60	Pip	111	0.349342	0.650658
Bre	60	Pip	112	0.401213	0.598787
Bre	60	Pip	113	0.480994	0.519006
Bre	60	Pip	114	0.308123	0.691877
Bre	60	Pip	115	-0.498653	1.498653
Bre	60	Pip	116	0.453359	0.546641
Bre	60	Pip	117	0.211731	0.788269
Bre	60	Pip	118	0.458162	0.541838
Bre	60	Pip	119	0.176139	0.823861
Bre	60	Pip	120	-0.336833	1.336833
Bre	60	Pip	121	0.376300	0.623700
Bre	60	Pip	122	-0.113553	1.113553
Bre	60	Pip	123	0.480491	0.519509
Bre	60	Pip	124	-1.044623	2.044623
Bre	60	Pip	125	0.434196	0.565804
Bre	60	Pip	126	0.385973	0.614027
Bre	60	Pip	127	0.448234	0.551766
Bre	60	Pip	128	0.354150	0.645850
Bre	60	Pip	129	0.094105	0.905895
Bre	60	Pip	130	0.281086	0.718914
Bre	60	Pip	131	0.488315	0.511685
Bre	60	Pip	132	0.435096	0.564904
Bre	60	Pip	133	0.463430	0.536570
Bre	61	Bly	1	-0.746112	1.746112
Bre	61	Bly	2	-0.040771	1.040771
Bre	61	Bly	3	0.475983	0.524017
Bre	61	Bly	4	0.423569	0.576431
Bre	61	Bly	5	0.359437	0.640563
Bre	61	Bly	6	-0.746112	1.746112
Bre	61	Bly	7	0.597587	0.402413
Bre	61	Bly	8	-0.627493	1.627493
Bre	61	Bly	9	0.485874	0.514126
Bre	61	Bly	10	0.736175	0.263825
Bre	61	Bly	11	0.655475	0.344525
Bre	61	Bly	12	0.678912	0.321088
Bre	61	Bly	13	-0.075352	1.075352
Bre	61	Bly	14	0.706511	0.293489
Bre	61	Bly	15	0.503977	0.496023
Bre	61	Bly	16	0.476509	0.523491
Bre	61	Bly	17	0.712933	0.287067
Bre	61	Bly	18	0.453247	0.546753
Bre	61	Bly	19	-0.094215	1.094215
Bre	61	Bly	20	0.053635	0.946365
Bre	61	Bly	21	0.183100	0.816900
Bre	61	Bly	22	-0.746112	1.746112
Bre	61	Bly	23	0.665491	0.334509
Bre	61	Bly	24	0.509970	0.490030
Bre	61	Bly	25	-0.011616	1.011616
Bre	61	Bly	26	0.671273	0.328727
Bre	61	Bly	27	0.495612	0.504388
Bre	61	Bly	28	0.093304	0.906696
Bre	61	Bly	29	0.478869	0.521131
Bre	61	Bly	30	0.511584	0.488416
Bre	61	Bly	31	0.525697	0.474303
Bre	61	Bly	32	0.309536	0.690464
Bre	61	Bly	33	-0.035147	1.035147
Bre	61	Bre	34	0.668374	0.331626
Bre	61	Bre	35	0.793995	0.206005
Bre	61	Bre	36	-0.689095	1.689095
Bre	61	Bre	37	0.791101	0.208899
Bre	61	Bre	38	0.656707	0.343293
Bre	61	Bre	39	0.716342	0.283658
Bre	61	Bre	40	0.238536	0.761464
Bre	61	Bre	41	0.715288	0.284712
Bre	61	Bre	42	0.737770	0.262230
Bre	61	Bre	43	-0.320837	1.320837
Bre	61	Bre	44	0.892140	0.107860
Bre	61	Bre	45	0.614605	0.385395
Bre	61	Bre	46	0.877442	0.122558
Bre	61	Bre	47	0.842883	0.157117
Bre	61	Bre	48	0.890200	0.109800
Bre	61	Bre	49	0.464092	0.535908
Bre	61	Bre	50	0.613071	0.386929
Bre	61	Bre	51	0.872953	0.127047
Bre	61	Bre	52	0.684490	0.315510
Bre	61	Bre	53	0.861474	0.138526
Bre	61	Bre	54	0.797016	0.202984
Bre	61	Bre	55	0.622507	0.377493
Bre	61	Bre	56	-0.787176	1.787176
Bre	61	Bre	57	0.775492	0.224508
Bre	61	Bre	58	0.519267	0.480733
Bre	61	Bre	59	0.712567	0.287433
Bre	61	Bre	60	0.607976	0.392024
Bre	61	Bre	62	0.768736	0.231264
Bre	61	Bre	63	0.700283	0.299717
Bre	61	Bre	64	0.741730	0.258270
Bre	61	Bre	65	0.801838	0.198162
Bre	61	Bre	66	0.831122	0.168878
Bre	61	Ivo	67	0.333676	0.666324
Bre	61	Ivo	68	0.642391	0.357609
Bre	61	Ivo	69	0.034199	0.965801
Bre	61	Ivo	70	0.404000	0.596000
Bre	61	Ivo	71	0.368068	0.631932
Bre	61	Ivo	72	0.666518	0.333482
Bre	61	Ivo	73	0.563432	0.436568
Bre	61	Ivo	74	0.700698	0.299302
Bre	61	Ivo	75	0.545265	0.454735
Bre	61	Ivo	76	0.489108	0.510892
Bre	61	Ivo	77	0.606269	0.393731
Bre	61	Ivo	78	0.560358	0.439642
Bre	61	Ivo	79	0.406469	0.593531
Bre	61	Ivo	80	-0.148080	1.148080
Bre	61	Ivo	81	0.556553	0.443447
Bre	61	Ivo	82	0.665977	0.334023
Bre	61	Ivo	83	0.535343	0.464657
Bre	61	Ivo	84	0.685901	0.314099
Bre	61	Ivo	85	0.488443	0.511557
Bre	61	Ivo	86	0.678608	0.321392
Bre	61	Ivo	87	0.305711	0.694289
Bre	61	Ivo	88	0.657532	0.342468
Bre	61	Ivo	89	0.508549	0.491451
Bre	61	Ivo	90	0.544887	0.455113
Bre	61	Ivo	91	0.530981	0.469019
Bre	61	Ivo	92	0.472609	0.527391
Bre	61	Ivo	93	0.270222	0.729778
Bre	61	Ivo	94	0.167412	0.832588
Bre	61	Ivo	95	0.491316	0.508684
Bre	61	Ivo	96	0.482818	0.517182
Bre	61	Ivo	97	0.160264	0.839736
Bre	61	Pip	98	0.572840	0.427160
Bre	61	Pip	99	0.256088	0.743912
Bre	61	Pip	100	0.128189	0.871811
Bre	61	Pip	101	0.647628	0.352372
Bre	61	Pip	102	0.051723	0.948277
Bre	61	Pip	103	0.656419	0.343581
Bre	61	Pip	104	0.454019	0.545981
Bre	61	Pip	105	0.556729	0.443271
Bre	61	Pip	106	0.579263	0.420737
Bre	61	Pip	107	-0.111621	1.111621
Bre	61	Pip	108	-0.746112	1.746112
Bre	61	Pip	109	0.566734	0.433266
Bre	61	Pip	110	0.382996	0.617004
Bre	61	Pip	111	0.351603	0.648397
Bre	61	Pip	112	0.470333	0.529667
Bre	61	Pip	113	0.703831	0.296169
Bre	61	Pip	114	0.233469	0.766531
Bre	61	Pip	115	-0.141306	1.141306
Bre	61	Pip	116	0.640658	0.359342
Bre	61	Pip	117	0.017869	0.982131
Bre	61	Pip	118	0.416486	0.583514
Bre	61	Pip	119	0.213093	0.786907
Bre	61	Pip	120	-0.230601	1.230601
Bre	61	Pip	121	0.633601	0.366399
Bre	61	Pip	122	-0.297368	1.297368
Bre	61	Pip	123	0.598725	0.401275
Bre	61	Pip	124	-0.746112	1.746112
Bre	61	Pip	125	0.479916	0.520084
Bre	61	Pip	126	0.608811	0.391189
Bre	61	Pip	127	0.636471	0.363529
Bre	61	Pip	128	0.472384	0.527616
Bre	61	Pip	129	0.049966	0.950034
Bre	61	Pip	130	0.312503	0.687497
Bre	61	Pip	131	0.629948	0.370052
Bre	61	Pip	132	0.657933	0.342067
Bre	61	Pip	133	0.651667	0.348333
Bre	62	Bly	1	-0.941496	1.941496
Bre	62	Bly	2	0.005421	0.994579
Bre	62	Bly	3	0.451417	0.548583
Bre	62	Bly	4	0.435297	0.564703
Bre	62	Bly	5	0.263774	0.736226
Bre	62	Bly	6	-0.941496	1.941496
Bre	62	Bly	7	0.643779	0.356221
Bre	62	Bly	8	-0.822123	1.822123
Bre	62	Bly	9	0.460969	0.539031
Bre	62	Bly	10	0.746487	0.253513
Bre	62	Bly	11	0.594689	0.405311
Bre	62	Bly	12	0.654759	0.345241
Bre	62	Bly	13	-0.065793	1.065793
Bre	62	Bly	14	0.681193	0.318807
Bre	62	Bly	15	0.406954	0.593046
Bre	62	Bly	16	0.380846	0.619154
Bre	62	Bly	17	0.615909	0.384091
Bre	62	Bly	18	0.393465	0.606535
Bre	62	Bly	19	-0.012866	1.012866
Bre	62	Bly	20	-0.140995	1.140995
Bre	62	Bly	21	0.122710	0.877290
Bre	62	Bly	22	-0.941496	1.941496
Bre	62	Bly	23	0.683862	0.316138
Bre	62	Bly	24	0.450187	0.549813
Bre	62	Bly	25	-0.107887	1.107887
Bre	62	Bly	26	0.575610	0.424390
Bre	62	Bly	27	0.469290	0.530710
Bre	62	Bly	28	0.070155	0.929845
Bre	62	Bly	29	0.382598	0.617402
Bre	62	Bly	30	0.415921	0.584079
Bre	62	Bly	31	0.499375	0.500625
Bre	62	Bly	32	0.286387	0.713613
Bre	62	Bly	33	-0.059299	1.059299
Bre	62	Bre	34	0.570347	0.429653
Bre	62	Bre	35	0.803554	0.196446
Bre	62	Bre	36	-0.884479	1.884479
Bre	62	Bre	37	0.693074	0.306926
Bre	62	Bre	38	0.558680	0.441320
Bre	62	Bre	39	0.691024	0.308976
Bre	62	Bre	40	0.213218	0.786782
Bre	62	Bre	41	0.582384	0.417616
Bre	62	Bre	42	0.639743	0.360257
Bre	62	Bre	43	-0.516221	1.516221
Bre	62	Bre	44	0.829993	0.170007
Bre	62	Bre	45	0.695954	0.304046
Bre	62	Bre	46	0.851121	0.148879
Bre	62	Bre	47	0.781077	0.218923
Bre	62	Bre	48	0.791760	0.208240
Bre	62	Bre	49	0.545441	0.454559
Bre	62	Bre	50	0.771821	0.228179
Bre	62	Bre	51	0.811560	0.188440
Bre	62	Bre	52	0.657561	0.342439
Bre	62	Bre	53	0.871786	0.128214
Bre	62	Bre	54	0.807327	0.192673
Bre	62	Bre	55	0.526237	0.473763
Bre	62	Bre	56	-0.982559	1.982559
Bre	62	Bre	57	0.712933	0.287067
Bre	62	Bre	58	0.600616	0.399384
Bre	62	Bre	59	0.579663	0.420337
Bre	62	Bre	60	0.546170	0.453830
Bre	62	Bre	61	0.768736	0.231264
Bre	62	Bre	63	0.567379	0.432621
Bre	62	Bre	64	0.752041	0.247959
Bre	62	Bre	65	0.926184	0.073816
Bre	62	Bre	66	0.804193	0.195807
Bre	62	Ivo	67	0.200772	0.799228
Bre	62	Ivo	68	0.582001	0.417999
Bre	62	Ivo	69	0.044511	0.955489
Bre	62	Ivo	70	0.271096	0.728904
Bre	62	Ivo	71	0.271797	0.728203
Bre	62	Ivo	72	0.643369	0.356631
Bre	62	Ivo	73	0.574747	0.425253
Bre	62	Ivo	74	0.639500	0.360500
Bre	62	Ivo	75	0.554823	0.445177
Bre	62	Ivo	76	0.571874	0.428126
Bre	62	Ivo	77	0.473365	0.526635
Bre	62	Ivo	78	0.536205	0.463795
Bre	62	Ivo	79	0.346687	0.653313
Bre	62	Ivo	80	0.047303	0.952697
Bre	62	Ivo	81	0.531235	0.468765
Bre	62	Ivo	82	0.642828	0.357172
Bre	62	Ivo	83	0.618109	0.381891
Bre	62	Ivo	84	0.588878	0.411122
Bre	62	Ivo	85	0.543448	0.456552
Bre	62	Ivo	86	0.617215	0.382785
Bre	62	Ivo	87	0.429997	0.570003
Bre	62	Ivo	88	0.597142	0.402858
Bre	62	Ivo	89	0.375645	0.624355
Bre	62	Ivo	90	0.411983	0.588017
Bre	62	Ivo	91	0.577453	0.422547
Bre	62	Ivo	92	0.376339	0.623661
Bre	62	Ivo	93	0.352575	0.647425
Bre	62	Ivo	94	0.183420	0.816580
Bre	62	Ivo	95	0.430531	0.569469
Bre	62	Ivo	96	0.384791	0.615209
Bre	62	Ivo	97	0.098118	0.901882
Bre	62	Pip	98	0.512054	0.487946
Bre	62	Pip	99	0.300804	0.699196
Bre	62	Pip	100	0.101868	0.898132
Bre	62	Pip	101	0.621306	0.378694
Bre	62	Pip	102	0.025401	0.974599
Bre	62	Pip	103	0.595220	0.404780
Bre	62	Pip	104	0.428701	0.571299
Bre	62	Pip	105	0.531410	0.468590
Bre	62	Pip	106	0.554697	0.445303
Bre	62	Pip	107	-0.136939	1.136939
Bre	62	Pip	108	-0.941496	1.941496
Bre	62	Pip	109	0.505535	0.494465
Bre	62	Pip	110	0.321797	0.678203
Bre	62	Pip	111	0.290404	0.709596
Bre	62	Pip	112	0.551683	0.448317
Bre	62	Pip	113	0.713390	0.286610
Bre	62	Pip	114	0.135030	0.864970
Bre	62	Pip	115	-0.336690	1.336690
Bre	62	Pip	116	0.580875	0.419125
Bre	62	Pip	117	-0.008452	1.008452
Bre	62	Pip	118	0.426797	0.573203
Bre	62	Pip	119	0.265929	0.734071
Bre	62	Pip	120	-0.291800	1.291800
Bre	62	Pip	121	0.537938	0.462062
Bre	62	Pip	122	-0.180139	1.180139
Bre	62	Pip	123	0.608284	0.391716
Bre	62	Pip	124	-0.941496	1.941496
Bre	62	Pip	125	0.561266	0.438734
Bre	62	Pip	126	0.618369	0.381631
Bre	62	Pip	127	0.575272	0.424728
Bre	62	Pip	128	0.552981	0.447019
Bre	62	Pip	129	0.103215	0.896785
Bre	62	Pip	130	0.358222	0.641778
Bre	62	Pip	131	0.604630	0.395370
Bre	62	Pip	132	0.632615	0.367385
Bre	62	Pip	133	0.625345	0.374655
Bre	63	Bly	1	-0.544755	1.544755
Bre	63	Bly	2	-0.165844	1.165844
Bre	63	Bly	3	0.309503	0.690497
Bre	63	Bly	4	0.400822	0.599178
Bre	63	Bly	5	0.381848	0.618152
Bre	63	Bly	6	-0.544755	1.544755
Bre	63	Bly	7	0.471280	0.528720
Bre	63	Bly	8	-0.525144	1.525144
Bre	63	Bly	9	0.417833	0.582167
Bre	63	Bly	10	0.534818	0.465182
Bre	63	Bly	11	0.454118	0.545882
Bre	63	Bly	12	0.517727	0.482273
Bre	63	Bly	13	-0.201659	1.201659
Bre	63	Bly	14	0.604163	0.395837
Bre	63	Bly	15	0.704686	0.295314
Bre	63	Bly	16	0.310029	0.689971
Bre	63	Bly	17	0.546453	0.453547
Bre	63	Bly	18	0.326940	0.673060
Bre	63	Bly	19	-0.295572	1.295572
Bre	63	Bly	20	0.155984	0.844016
Bre	63	Bly	21	0.423981	0.576019
Bre	63	Bly	22	-0.544755	1.544755
Bre	63	Bly	23	0.602571	0.397429
Bre	63	Bly	24	0.483162	0.516838
Bre	63	Bly	25	0.247928	0.752072
Bre	63	Bly	26	0.540904	0.459096
Bre	63	Bly	27	0.329132	0.670868
Bre	63	Bly	28	-0.009044	1.009044
Bre	63	Bly	29	0.503943	0.496057
Bre	63	Bly	30	0.617345	0.382655
Bre	63	Bly	31	0.324340	0.675660
Bre	63	Bly	32	0.184464	0.815536
Bre	63	Bly	33	-0.201626	1.201626
Bre	63	Bre	34	0.507190	0.492810
Bre	63	Bre	35	0.632811	0.367189
Bre	63	Bre	36	-0.487738	1.487738
Bre	63	Bre	37	0.589744	0.410256
Bre	63	Bre	38	0.553254	0.446746
Bre	63	Bre	39	0.711898	0.288102
Bre	63	Bre	40	0.077352	0.922648
Bre	63	Bre	41	0.513931	0.486069
Bre	63	Bre	42	0.536413	0.463587
Bre	63	Bre	43	-0.178316	1.178316
Bre	63	Bre	44	0.690783	0.309217
Bre	63	Bre	45	0.448125	0.551875
Bre	63	Bre	46	0.716258	0.283742
Bre	63	Bre	47	0.681699	0.318301
Bre	63	Bre	48	0.729016	0.270984
Bre	63	Bre	49	0.262735	0.737265
Bre	63	Bre	50	0.411714	0.588286
Bre	63	Bre	51	0.671596	0.328404
Bre	63	Bre	52	0.541969	0.458031
Bre	63	Bre	53	0.660118	0.339882
Bre	63	Bre	54	0.654495	0.345505
Bre	63	Bre	55	0.421150	0.578850
Bre	63	Bre	56	-0.585819	1.585819
Bre	63	Bre	57	0.673144	0.326856
Bre	63	Bre	58	0.352787	0.647213
Bre	63	Bre	59	0.761324	0.238676
Bre	63	Bre	60	0.465455	0.534545
Bre	63	Bre	61	0.700283	0.299717
Bre	63	Bre	62	0.567379	0.432621
Bre	63	Bre	64	0.540373	0.459627
Bre	63	Bre	65	0.600481	0.399519
Bre	63	Bre	66	0.629765	0.370235
Bre	63	Ivo	67	0.265635	0.734365
Bre	63	Ivo	68	0.525701	0.474299
Bre	63	Ivo	69	-0.045295	1.045295
Bre	63	Ivo	70	0.288544	0.711456
Bre	63	Ivo	71	0.287489	0.712511
Bre	63	Ivo	72	0.501272	0.498728
Bre	63	Ivo	73	0.497195	0.502805
Bre	63	Ivo	74	0.499342	0.500658
Bre	63	Ivo	75	0.380019	0.619981
Bre	63	Ivo	76	0.336401	0.663599
Bre	63	Ivo	77	0.507333	0.492667
Bre	63	Ivo	78	0.359001	0.640999
Bre	63	Ivo	79	0.338998	0.661002
Bre	63	Ivo	80	-0.314560	1.314560
Bre	63	Ivo	81	0.355196	0.644804
Bre	63	Ivo	82	0.523456	0.476544
Bre	63	Ivo	83	0.392822	0.607178
Bre	63	Ivo	84	0.609304	0.390696
Bre	63	Ivo	85	0.380800	0.619200
Bre	63	Ivo	86	0.567134	0.432866
Bre	63	Ivo	87	0.139231	0.860769
Bre	63	Ivo	88	0.496348	0.503652
Bre	63	Ivo	89	0.449554	0.550446
Bre	63	Ivo	90	0.597807	0.402193
Bre	63	Ivo	91	0.424571	0.575429
Bre	63	Ivo	92	0.271252	0.728748
Bre	63	Ivo	93	0.162578	0.837422
Bre	63	Ivo	94	0.061002	0.938998
Bre	63	Ivo	95	0.326071	0.673929
Bre	63	Ivo	96	0.366127	0.633873
Bre	63	Ivo	97	0.086899	0.913101
Bre	63	Pip	98	0.442472	0.557528
Bre	63	Pip	99	0.090842	0.909158
Bre	63	Pip	100	0.103475	0.896525
Bre	63	Pip	101	0.581391	0.418609
Bre	63	Pip	102	-0.057753	1.057753
Bre	63	Pip	103	0.526050	0.473950
Bre	63	Pip	104	0.387782	0.612218
Bre	63	Pip	105	0.430422	0.569578
Bre	63	Pip	106	0.515204	0.484796
Bre	63	Pip	107	-0.103378	1.103378
Bre	63	Pip	108	-0.544755	1.544755
Bre	63	Pip	109	0.495202	0.504798
Bre	63	Pip	110	0.301278	0.698722
Bre	63	Pip	111	0.290777	0.709223
Bre	63	Pip	112	0.339965	0.660035
Bre	63	Pip	113	0.573463	0.426537
Bre	63	Pip	114	0.123993	0.876007
Bre	63	Pip	115	0.001215	0.998785
Bre	63	Pip	116	0.531182	0.468818
Bre	63	Pip	117	-0.148611	1.148611
Bre	63	Pip	118	0.291413	0.708587
Bre	63	Pip	119	0.136670	0.863330
Bre	63	Pip	120	-0.292647	1.292647
Bre	63	Pip	121	0.503233	0.496767
Bre	63	Pip	122	-0.427737	1.427737
Bre	63	Pip	123	0.432245	0.567755
Bre	63	Pip	124	-0.544755	1.544755
Bre	63	Pip	125	0.349548	0.650452
Bre	63	Pip	126	0.443565	0.556435
Bre	63	Pip	127	0.511398	0.488602
Bre	63	Pip	128	0.305904	0.694096
Bre	63	Pip	129	-0.080402	1.080402
Bre	63	Pip	130	0.186195	0.813805
Bre	63	Pip	131	0.512118	0.487882
Bre	63	Pip	132	0.491453	0.508547
Bre	63	Pip	133	0.485187	0.514813
Bre	64	Bly	1	-1.004383	2.004383
Bre	64	Bly	2	0.060100	0.939900
Bre	64	Bly	3	0.699376	0.300624
Bre	64	Bly	4	0.513376	0.486624
Bre	64	Bly	5	0.343133	0.656867
Bre	64	Bly	6	-1.004383	2.004383
Bre	64	Bly	7	0.666242	0.333758
Bre	64	Bly	8	-0.574165	1.574165
Bre	64	Bly	9	0.469045	0.530955
Bre	64	Bly	10	0.754081	0.245919
Bre	64	Bly	11	0.638646	0.361354
Bre	64	Bly	12	0.708956	0.291044
Bre	64	Bly	13	-0.128680	1.128680
Bre	64	Bly	14	0.618306	0.381694
Bre	64	Bly	15	0.448671	0.551329
Bre	64	Bly	16	0.533552	0.466448
Bre	64	Bly	17	0.623985	0.376015
Bre	64	Bly	18	0.440288	0.559712
Bre	64	Bly	19	0.164055	0.835945
Bre	64	Bly	20	0.011711	0.988289
Bre	64	Bly	21	0.200788	0.799212
Bre	64	Bly	22	-1.004383	2.004383
Bre	64	Bly	23	0.542821	0.457179
Bre	64	Bly	24	0.458263	0.541737
Bre	64	Bly	25	-0.063930	1.063930
Bre	64	Bly	26	0.548604	0.451396
Bre	64	Bly	27	0.548648	0.451352
Bre	64	Bly	28	0.041869	0.958131
Bre	64	Bly	29	0.430701	0.569299
Bre	64	Bly	30	0.493518	0.506482
Bre	64	Bly	31	0.698684	0.301316
Bre	64	Bly	32	0.223501	0.776499
Bre	64	Bly	33	0.149913	0.850087
Bre	64	Bre	34	0.771703	0.228297
Bre	64	Bre	35	0.740667	0.259333
Bre	64	Bre	36	-0.947366	1.947366
Bre	64	Bre	37	0.811180	0.188820
Bre	64	Bre	38	0.676785	0.323215
Bre	64	Bre	39	0.628137	0.371863
Bre	64	Bre	40	0.150331	0.849669
Bre	64	Bre	41	0.700490	0.299510
Bre	64	Bre	42	0.757848	0.242152
Bre	64	Bre	43	-0.579108	1.579108
Bre	64	Bre	44	0.767107	0.232893
Bre	64	Bre	45	0.872875	0.127125
Bre	64	Bre	46	0.824115	0.175885
Bre	64	Bre	47	0.858674	0.141326
Bre	64	Bre	48	0.811357	0.188643
Bre	64	Bre	49	0.722362	0.277638
Bre	64	Bre	50	0.559743	0.440257
Bre	64	Bre	51	0.784553	0.215447
Bre	64	Bre	52	0.905519	0.094481
Bre	64	Bre	53	0.844780	0.155220
Bre	64	Bre	54	0.780321	0.219679
Bre	64	Bre	55	0.774195	0.225805
Bre	64	Bre	56	-1.045446	2.045446
Bre	64	Bre	57	0.650046	0.349954
Bre	64	Bre	58	0.692525	0.307475
Bre	64	Bre	59	0.697768	0.302232
Bre	64	Bre	60	0.747526	0.252474
Bre	64	Bre	61	0.741730	0.258270
Bre	64	Bre	62	0.752041	0.247959
Bre	64	Bre	63	0.540373	0.459627
Bre	64	Bre	65	0.785143	0.214857
Bre	64	Bre	66	0.777187	0.222813
Bre	64	Ivo	67	0.402128	0.597872
Bre	64	Ivo	68	0.553715	0.446285
Bre	64	Ivo	69	0.292470	0.707530
Bre	64	Ivo	70	0.433705	0.566295
Bre	64	Ivo	71	0.315754	0.684246
Bre	64	Ivo	72	0.651445	0.348555
Bre	64	Ivo	73	0.628466	0.371534
Bre	64	Ivo	74	0.647094	0.352906
Bre	64	Ivo	75	0.526537	0.473463
Bre	64	Ivo	76	0.674168	0.325832
Bre	64	Ivo	77	0.521467	0.478533
Bre	64	Ivo	78	0.714161	0.285839
Bre	64	Ivo	79	0.365003	0.634997
Bre	64	Ivo	80	0.110190	0.889810
Bre	64	Ivo	81	0.539311	0.460689
Bre	64	Ivo	82	0.699553	0.300447
Bre	64	Ivo	83	0.759149	0.240851
Bre	64	Ivo	84	0.525991	0.474009
Bre	64	Ivo	85	0.532261	0.467739
Bre	64	Ivo	86	0.661171	0.338829
Bre	64	Ivo	87	0.335485	0.664515
Bre	64	Ivo	88	0.570617	0.429383
Bre	64	Ivo	89	0.423747	0.576253
Bre	64	Ivo	90	0.421339	0.578661
Bre	64	Ivo	91	0.552756	0.447244
Bre	64	Ivo	92	0.492682	0.507318
Bre	64	Ivo	93	0.457253	0.542747
Bre	64	Ivo	94	0.187491	0.812509
Bre	64	Ivo	95	0.595524	0.404476
Bre	64	Ivo	96	0.596388	0.403612
Bre	64	Ivo	97	0.214943	0.785057
Bre	64	Pip	98	0.630160	0.369840
Bre	64	Pip	99	0.438978	0.561022
Bre	64	Pip	100	0.349826	0.650174
Bre	64	Pip	101	0.630662	0.369338
Bre	64	Pip	102	0.273360	0.726640
Bre	64	Pip	103	0.604576	0.395424
Bre	64	Pip	104	0.402176	0.597824
Bre	64	Pip	105	0.539486	0.460514
Bre	64	Pip	106	0.564053	0.435947
Bre	64	Pip	107	-0.199826	1.199826
Bre	64	Pip	108	-1.004383	2.004383
Bre	64	Pip	109	0.514891	0.485109
Bre	64	Pip	110	0.435756	0.564244
Bre	64	Pip	111	0.418412	0.581588
Bre	64	Pip	112	0.524601	0.475399
Bre	64	Pip	113	0.686865	0.313135
Bre	64	Pip	114	0.299738	0.700262
Bre	64	Pip	115	-0.399576	1.399576
Bre	64	Pip	116	0.624354	0.375646
Bre	64	Pip	117	0.158303	0.841697
Bre	64	Pip	118	0.628153	0.371847
Bre	64	Pip	119	0.265854	0.734146
Bre	64	Pip	120	-0.212441	1.212441
Bre	64	Pip	121	0.547294	0.452706
Bre	64	Pip	122	-0.039098	1.039098
Bre	64	Pip	123	0.686363	0.313637
Bre	64	Pip	124	-1.004383	2.004383
Bre	64	Pip	125	0.604187	0.395813
Bre	64	Pip	126	0.591845	0.408155
Bre	64	Pip	127	0.619228	0.380772
Bre	64	Pip	128	0.560022	0.439978
Bre	64	Pip	129	0.188489	0.811511
Bre	64	Pip	130	0.365263	0.634737
Bre	64	Pip	131	0.612706	0.387294
Bre	64	Pip	132	0.606090	0.393910
Bre	64	Pip	133	0.669301	0.330699
Bre	65	Bly	1	-0.944274	1.944274
Bre	65	Bly	2	0.043356	0.956644
Bre	65	Bly	3	0.525233	0.474767
Bre	65	Bly	4	0.432519	0.567481
Bre	65	Bly	5	0.296876	0.703124
Bre	65	Bly	6	-0.944274	1.944274
Bre	65	Bly	7	0.681715	0.318285
Bre	65	Bly	8	-0.748307	1.748307
Bre	65	Bly	9	0.458190	0.541810
Bre	65	Bly	10	0.779589	0.220411
Bre	65	Bly	11	0.627792	0.372208
Bre	65	Bly	12	0.687861	0.312139
Bre	65	Bly	13	-0.068571	1.068571
Bre	65	Bly	14	0.678415	0.321585
Bre	65	Bly	15	0.404176	0.595824
Bre	65	Bly	16	0.413948	0.586052
Bre	65	Bly	17	0.613131	0.386869
Bre	65	Bly	18	0.390687	0.609313
Bre	65	Bly	19	-0.050802	1.050802
Bre	65	Bly	20	-0.107893	1.107893
Bre	65	Bly	21	0.119931	0.880069
Bre	65	Bly	22	-0.944274	1.944274
Bre	65	Bly	23	0.716964	0.283036
Bre	65	Bly	24	0.447409	0.552591
Bre	65	Bly	25	-0.074784	1.074784
Bre	65	Bly	26	0.608712	0.391288
Bre	65	Bly	27	0.502392	0.497608
Bre	65	Bly	28	0.108091	0.891909
Bre	65	Bly	29	0.415700	0.584300
Bre	65	Bly	30	0.449023	0.550977
Bre	65	Bly	31	0.573191	0.426809
Bre	65	Bly	32	0.324323	0.675677
Bre	65	Bly	33	-0.026197	1.026197
Bre	65	Bre	34	0.603449	0.396551
Bre	65	Bre	35	0.800776	0.199224
Bre	65	Bre	36	-0.887257	1.887257
Bre	65	Bre	37	0.726177	0.273823
Bre	65	Bre	38	0.591782	0.408218
Bre	65	Bre	39	0.728959	0.271041
Bre	65	Bre	40	0.251153	0.748847
Bre	65	Bre	41	0.615487	0.384513
Bre	65	Bre	42	0.672845	0.327155
Bre	65	Bre	43	-0.518999	1.518999
Bre	65	Bre	44	0.827215	0.172785
Bre	65	Bre	45	0.658019	0.341981
Bre	65	Bre	46	0.884223	0.115777
Bre	65	Bre	47	0.814179	0.185821
Bre	65	Bre	48	0.824862	0.175138
Bre	65	Bre	49	0.507506	0.492494
Bre	65	Bre	50	0.733886	0.266114
Bre	65	Bre	51	0.844662	0.155338
Bre	65	Bre	52	0.690663	0.309337
Bre	65	Bre	53	0.904888	0.095112
Bre	65	Bre	54	0.840429	0.159571
Bre	65	Bre	55	0.559339	0.440661
Bre	65	Bre	56	-0.985337	1.985337
Bre	65	Bre	57	0.750868	0.249132
Bre	65	Bre	58	0.562681	0.437319
Bre	65	Bre	59	0.612765	0.387235
Bre	65	Bre	60	0.579272	0.420728
Bre	65	Bre	61	0.801838	0.198162
Bre	65	Bre	62	0.926184	0.073816
Bre	65	Bre	63	0.600481	0.399519
Bre	65	Bre	64	0.785143	0.214857
Bre	65	Bre	66	0.837295	0.162705
Bre	65	Ivo	67	0.233874	0.766126
Bre	65	Ivo	68	0.619937	0.380063
Bre	65	Ivo	69	0.077613	0.922387
Bre	65	Ivo	70	0.304198	0.695802
Bre	65	Ivo	71	0.304900	0.695100
Bre	65	Ivo	72	0.640590	0.359410
Bre	65	Ivo	73	0.571969	0.428031
Bre	65	Ivo	74	0.672602	0.327398
Bre	65	Ivo	75	0.552045	0.447955
Bre	65	Ivo	76	0.498058	0.501942
Bre	65	Ivo	77	0.506467	0.493533
Bre	65	Ivo	78	0.569307	0.430693
Bre	65	Ivo	79	0.343908	0.656092
Bre	65	Ivo	80	0.009368	0.990632
Bre	65	Ivo	81	0.569170	0.430830
Bre	65	Ivo	82	0.640049	0.359951
Bre	65	Ivo	83	0.544293	0.455707
Bre	65	Ivo	84	0.626813	0.373187
Bre	65	Ivo	85	0.576550	0.423450
Bre	65	Ivo	86	0.691031	0.308969
Bre	65	Ivo	87	0.392062	0.607938
Bre	65	Ivo	88	0.635077	0.364923
Bre	65	Ivo	89	0.408747	0.591253
Bre	65	Ivo	90	0.445085	0.554915
Bre	65	Ivo	91	0.580231	0.419769
Bre	65	Ivo	92	0.409441	0.590559
Bre	65	Ivo	93	0.319473	0.680527
Bre	65	Ivo	94	0.257236	0.742764
Bre	65	Ivo	95	0.463633	0.536367
Bre	65	Ivo	96	0.417893	0.582107
Bre	65	Ivo	97	0.095339	0.904661
Bre	65	Pip	98	0.545156	0.454844
Bre	65	Pip	99	0.262868	0.737132
Bre	65	Pip	100	0.134970	0.865030
Bre	65	Pip	101	0.654409	0.345591
Bre	65	Pip	102	0.099217	0.900783
Bre	65	Pip	103	0.669036	0.330964
Bre	65	Pip	104	0.466636	0.533364
Bre	65	Pip	105	0.569346	0.430654
Bre	65	Pip	106	0.628513	0.371487
Bre	65	Pip	107	-0.139718	1.139718
Bre	65	Pip	108	-0.944274	1.944274
Bre	65	Pip	109	0.538637	0.461363
Bre	65	Pip	110	0.354899	0.645101
Bre	65	Pip	111	0.364220	0.635780
Bre	65	Pip	112	0.554461	0.445539
Bre	65	Pip	113	0.710611	0.289389
Bre	65	Pip	114	0.208846	0.791154
Bre	65	Pip	115	-0.339468	1.339468
Bre	65	Pip	116	0.618811	0.381189
Bre	65	Pip	117	0.065364	0.934636
Bre	65	Pip	118	0.500613	0.499387
Bre	65	Pip	119	0.299031	0.700969
Bre	65	Pip	120	-0.258698	1.258698
Bre	65	Pip	121	0.611754	0.388246
Bre	65	Pip	122	-0.253955	1.253955
Bre	65	Pip	123	0.646219	0.353781
Bre	65	Pip	124	-0.944274	1.944274
Bre	65	Pip	125	0.564044	0.435956
Bre	65	Pip	126	0.656305	0.343695
Bre	65	Pip	127	0.649088	0.350912
Bre	65	Pip	128	0.479165	0.520835
Bre	65	Pip	129	0.177031	0.822969
Bre	65	Pip	130	0.325120	0.674880
Bre	65	Pip	131	0.642565	0.357435
Bre	65	Pip	132	0.670550	0.329450
Bre	65	Pip	133	0.699161	0.300839
Bre	66	Bly	1	-0.868387	1.868387
Bre	66	Bly	2	-0.005314	1.005314
Bre	66	Bly	3	0.476562	0.523438
Bre	66	Bly	4	0.424562	0.575438
Bre	66	Bly	5	0.288919	0.711081
Bre	66	Bly	6	-0.868387	1.868387
Bre	66	Bly	7	0.679647	0.320353
Bre	66	Bly	8	-0.759737	1.759737
Bre	66	Bly	9	0.496836	0.503164
Bre	66	Bly	10	0.771632	0.228368
Bre	66	Bly	11	0.619835	0.380165
Bre	66	Bly	12	0.679905	0.320095
Bre	66	Bly	13	-0.029925	1.029925
Bre	66	Bly	14	0.670458	0.329542
Bre	66	Bly	15	0.433460	0.566540
Bre	66	Bly	16	0.405991	0.594009
Bre	66	Bly	17	0.689018	0.310982
Bre	66	Bly	18	0.382730	0.617270
Bre	66	Bly	19	-0.058758	1.058758
Bre	66	Bly	20	-0.078609	1.078609
Bre	66	Bly	21	0.149215	0.850785
Bre	66	Bly	22	-0.868387	1.868387
Bre	66	Bly	23	0.594973	0.405027
Bre	66	Bly	24	0.486055	0.513945
Bre	66	Bly	25	0.001103	0.998897
Bre	66	Bly	26	0.600755	0.399245
Bre	66	Bly	27	0.541038	0.458962
Bre	66	Bly	28	0.059420	0.940580
Bre	66	Bly	29	0.491587	0.508413
Bre	66	Bly	30	0.487669	0.512331
Bre	66	Bly	31	0.524520	0.475480
Bre	66	Bly	32	0.275652	0.724348
Bre	66	Bly	33	0.052664	0.947336
Bre	66	Bre	34	0.719551	0.280449
Bre	66	Bre	35	0.792819	0.207181
Bre	66	Bre	36	-0.811370	1.811370
Bre	66	Bre	37	0.755461	0.244539
Bre	66	Bre	38	0.667669	0.332331
Bre	66	Bre	39	0.767106	0.232894
Bre	66	Bre	40	0.202483	0.797517
Bre	66	Bre	41	0.731589	0.268411
Bre	66	Bre	42	0.788947	0.211053
Bre	66	Bre	43	-0.443112	1.443112
Bre	66	Bre	44	0.903102	0.096898
Bre	66	Bre	45	0.650062	0.349938
Bre	66	Bre	46	0.876266	0.123734
Bre	66	Bre	47	0.843463	0.156537
Bre	66	Bre	48	0.854147	0.145853
Bre	66	Bre	49	0.499549	0.500451
Bre	66	Bre	50	0.698713	0.301287
Bre	66	Bre	51	0.873946	0.126054
Bre	66	Bre	52	0.719947	0.280053
Bre	66	Bre	53	0.896931	0.103069
Bre	66	Bre	54	0.832473	0.167527
Bre	66	Bre	55	0.588623	0.411377
Bre	66	Bre	56	-0.909450	1.909450
Bre	66	Bre	57	0.826256	0.173744
Bre	66	Bre	58	0.554724	0.445276
Bre	66	Bre	59	0.688652	0.311348
Bre	66	Bre	60	0.695374	0.304626
Bre	66	Bre	61	0.831122	0.168878
Bre	66	Bre	62	0.804193	0.195807
Bre	66	Bre	63	0.629765	0.370235
Bre	66	Bre	64	0.777187	0.222813
Bre	66	Bre	65	0.837295	0.162705
Bre	66	Ivo	67	0.309761	0.690239
Bre	66	Ivo	68	0.608507	0.391493
Bre	66	Ivo	69	0.069656	0.930344
Bre	66	Ivo	70	0.333482	0.666518
Bre	66	Ivo	71	0.380787	0.619213
Bre	66	Ivo	72	0.632634	0.367366
Bre	66	Ivo	73	0.564012	0.435988
Bre	66	Ivo	74	0.664645	0.335355
Bre	66	Ivo	75	0.544088	0.455912
Bre	66	Ivo	76	0.490101	0.509899
Bre	66	Ivo	77	0.582354	0.417646
Bre	66	Ivo	78	0.607953	0.392047
Bre	66	Ivo	79	0.382554	0.617446
Bre	66	Ivo	80	-0.112623	1.112623
Bre	66	Ivo	81	0.520500	0.479500
Bre	66	Ivo	82	0.632092	0.367908
Bre	66	Ivo	83	0.536336	0.463664
Bre	66	Ivo	84	0.615384	0.384616
Bre	66	Ivo	85	0.454559	0.545441
Bre	66	Ivo	86	0.726204	0.273796
Bre	66	Ivo	87	0.270071	0.729929
Bre	66	Ivo	88	0.670250	0.329750
Bre	66	Ivo	89	0.438031	0.561969
Bre	66	Ivo	90	0.520972	0.479028
Bre	66	Ivo	91	0.531560	0.468440
Bre	66	Ivo	92	0.525543	0.474457
Bre	66	Ivo	93	0.270802	0.729198
Bre	66	Ivo	94	0.131772	0.868228
Bre	66	Ivo	95	0.455676	0.544324
Bre	66	Ivo	96	0.447177	0.552823
Bre	66	Ivo	97	0.124624	0.875376
Bre	66	Pip	98	0.537200	0.462800
Bre	66	Pip	99	0.254912	0.745088
Bre	66	Pip	100	0.173616	0.826384
Bre	66	Pip	101	0.646452	0.353548
Bre	66	Pip	102	0.050546	0.949454
Bre	66	Pip	103	0.620365	0.379635
Bre	66	Pip	104	0.417966	0.582034
Bre	66	Pip	105	0.520675	0.479325
Bre	66	Pip	106	0.626446	0.373554
Bre	66	Pip	107	-0.147675	1.147675
Bre	66	Pip	108	-0.868387	1.868387
Bre	66	Pip	109	0.530681	0.469319
Bre	66	Pip	110	0.346943	0.653057
Bre	66	Pip	111	0.315549	0.684451
Bre	66	Pip	112	0.505790	0.494210
Bre	66	Pip	113	0.702655	0.297345
Bre	66	Pip	114	0.284234	0.715766
Bre	66	Pip	115	-0.263581	1.263581
Bre	66	Pip	116	0.570140	0.429860
Bre	66	Pip	117	0.103511	0.896489
Bre	66	Pip	118	0.451943	0.548057
Bre	66	Pip	119	0.177040	0.822960
Bre	66	Pip	120	-0.266655	1.266655
Bre	66	Pip	121	0.563084	0.436916
Bre	66	Pip	122	-0.175094	1.175094
Bre	66	Pip	123	0.597549	0.402451
Bre	66	Pip	124	-0.868387	1.868387
Bre	66	Pip	125	0.515373	0.484627
Bre	66	Pip	126	0.607634	0.392366
Bre	66	Pip	127	0.600417	0.399583
Bre	66	Pip	128	0.471208	0.528792
Bre	66	Pip	129	0.014326	0.985674
Bre	66	Pip	130	0.363267	0.636733
Bre	66	Pip	131	0.593895	0.406105
Bre	66	Pip	132	0.621880	0.378120
Bre	66	Pip	133	0.650490	0.349510
Ivo	67	Bly	1	-0.977143	1.977143
Ivo	67	Bly	2	-0.381338	1.381338
Ivo	67	Bly	3	0.363359	0.636641
Ivo	67	Bly	4	0.330628	0.669372
Ivo	67	Bly	5	0.318685	0.681315
Ivo	67	Bly	6	-0.977143	1.977143
Ivo	67	Bly	7	0.277247	0.722753
Ivo	67	Bly	8	-0.652720	1.652720
Ivo	67	Bly	9	0.448423	0.551577
Ivo	67	Bly	10	0.359033	0.640967
Ivo	67	Bly	11	0.405088	0.594912
Ivo	67	Bly	12	0.304845	0.695155
Ivo	67	Bly	13	-0.306462	1.306462
Ivo	67	Bly	14	0.337334	0.662666
Ivo	67	Bly	15	0.329322	0.670678
Ivo	67	Bly	16	0.251791	0.748209
Ivo	67	Bly	17	0.414142	0.585858
Ivo	67	Bly	18	0.111924	0.888076
Ivo	67	Bly	19	-0.152334	1.152334
Ivo	67	Bly	20	-0.020029	1.020029
Ivo	67	Bly	21	0.047055	0.952945
Ivo	67	Bly	22	-0.977143	1.977143
Ivo	67	Bly	23	0.267024	0.732976
Ivo	67	Bly	24	0.354947	0.645053
Ivo	67	Bly	25	-0.132160	1.132160
Ivo	67	Bly	26	0.330288	0.669712
Ivo	67	Bly	27	0.234788	0.765212
Ivo	67	Bly	28	-0.188909	1.188909
Ivo	67	Bly	29	0.457352	0.542648
Ivo	67	Bly	30	0.429921	0.570079
Ivo	67	Bly	31	0.332131	0.667869
Ivo	67	Bly	32	0.043549	0.956451
Ivo	67	Bly	33	-0.175581	1.175581
Ivo	67	Bre	34	0.411255	0.588745
Ivo	67	Bre	35	0.303274	0.696726
Ivo	67	Bre	36	-0.920126	1.920126
Ivo	67	Bre	37	0.404130	0.595870
Ivo	67	Bre	38	0.351215	0.648785
Ivo	67	Bre	39	0.220181	0.779819
Ivo	67	Bre	40	-0.193349	1.193349
Ivo	67	Bre	41	0.340026	0.659974
Ivo	67	Bre	42	0.406119	0.593881
Ivo	67	Bre	43	-0.517332	1.517332
Ivo	67	Bre	44	0.370779	0.629221
Ivo	67	Bre	45	0.380225	0.619775
Ivo	67	Bre	46	0.309479	0.690521
Ivo	67	Bre	47	0.379523	0.620477
Ivo	67	Bre	48	0.322236	0.677764
Ivo	67	Bre	49	0.231761	0.768239
Ivo	67	Bre	50	0.079784	0.920216
Ivo	67	Bre	51	0.352579	0.647421
Ivo	67	Bre	52	0.380769	0.619231
Ivo	67	Bre	53	0.293511	0.706489
Ivo	67	Bre	54	0.229052	0.770948
Ivo	67	Bre	55	0.502836	0.497164
Ivo	67	Bre	56	-0.936080	1.936080
Ivo	67	Bre	57	0.207528	0.792472
Ivo	67	Bre	58	0.166456	0.833544
Ivo	67	Bre	59	0.504311	0.495689
Ivo	67	Bre	60	0.440856	0.559144
Ivo	67	Bre	61	0.333676	0.666324
Ivo	67	Bre	62	0.200772	0.799228
Ivo	67	Bre	63	0.265635	0.734365
Ivo	67	Bre	64	0.402128	0.597872
Ivo	67	Bre	65	0.233874	0.766126
Ivo	67	Bre	66	0.309761	0.690239
Ivo	67	Ivo	68	0.386009	0.613991
Ivo	67	Ivo	69	-0.044751	1.044751
Ivo	67	Ivo	70	0.540969	0.459031
Ivo	67	Ivo	71	0.193234	0.806766
Ivo	67	Ivo	72	0.402580	0.597420
Ivo	67	Ivo	73	0.305220	0.694780
Ivo	67	Ivo	74	0.514670	0.485330
Ivo	67	Ivo	75	0.375506	0.624494
Ivo	67	Ivo	76	0.443213	0.556787
Ivo	67	Ivo	77	0.631728	0.368272
Ivo	67	Ivo	78	0.560960	0.439040
Ivo	67	Ivo	79	0.154860	0.845140
Ivo	67	Ivo	80	0.004288	0.995712
Ivo	67	Ivo	81	0.314926	0.685074
Ivo	67	Ivo	82	0.452506	0.547494
Ivo	67	Ivo	83	0.430622	0.569378
Ivo	67	Ivo	84	0.446804	0.553196
Ivo	67	Ivo	85	0.271671	0.728329
Ivo	67	Ivo	86	0.346358	0.653642
Ivo	67	Ivo	87	0.308964	0.691036
Ivo	67	Ivo	88	0.370487	0.629513
Ivo	67	Ivo	89	0.424846	0.575154
Ivo	67	Ivo	90	0.430477	0.569523
Ivo	67	Ivo	91	0.228678	0.771322
Ivo	67	Ivo	92	0.382983	0.617017
Ivo	67	Ivo	93	0.166336	0.833664
Ivo	67	Ivo	94	0.131907	0.868093
Ivo	67	Ivo	95	0.539567	0.460433
Ivo	67	Ivo	96	0.609787	0.390213
Ivo	67	Ivo	97	0.420229	0.579771
Ivo	67	Pip	98	0.379551	0.620449
Ivo	67	Pip	99	0.157158	0.842842
Ivo	67	Pip	100	0.262990	0.737010
Ivo	67	Pip	101	0.235321	0.764679
Ivo	67	Pip	102	0.043608	0.956392
Ivo	67	Pip	103	0.319703	0.680297
Ivo	67	Pip	104	0.076389	0.923611
Ivo	67	Pip	105	0.254614	0.745386
Ivo	67	Pip	106	0.331763	0.668237
Ivo	67	Pip	107	-0.066131	1.066131
Ivo	67	Pip	108	-0.977143	1.977143
Ivo	67	Pip	109	0.230018	0.769982
Ivo	67	Pip	110	0.418261	0.581739
Ivo	67	Pip	111	0.366240	0.633760
Ivo	67	Pip	112	0.330193	0.669807
Ivo	67	Pip	113	0.332651	0.667349
Ivo	67	Pip	114	0.107427	0.892573
Ivo	67	Pip	115	-0.372337	1.372337
Ivo	67	Pip	116	0.298767	0.701233
Ivo	67	Pip	117	-0.023430	1.023430
Ivo	67	Pip	118	0.309699	0.690301
Ivo	67	Pip	119	0.119908	0.880092
Ivo	67	Pip	120	-0.483127	1.483127
Ivo	67	Pip	121	0.256172	0.743828
Ivo	67	Pip	122	-0.313957	1.313957
Ivo	67	Pip	123	0.366613	0.633387
Ivo	67	Pip	124	-0.977143	1.977143
Ivo	67	Pip	125	0.320610	0.679390
Ivo	67	Pip	126	0.196504	0.803496
Ivo	67	Pip	127	0.299478	0.700522
Ivo	67	Pip	128	0.319764	0.680236
Ivo	67	Pip	129	0.107207	0.892793
Ivo	67	Pip	130	0.088492	0.911508
Ivo	67	Pip	131	0.388622	0.611378
Ivo	67	Pip	132	0.286753	0.713247
Ivo	67	Pip	133	0.349551	0.650449
Ivo	68	Bly	1	-0.718221	1.718221
Ivo	68	Bly	2	0.085340	0.914660
Ivo	68	Bly	3	0.567799	0.432201
Ivo	68	Bly	4	0.510104	0.489896
Ivo	68	Bly	5	0.362627	0.637373
Ivo	68	Bly	6	-0.718221	1.718221
Ivo	68	Bly	7	0.617877	0.382123
Ivo	68	Bly	8	-0.596355	1.596355
Ivo	68	Bly	9	0.691818	0.308182
Ivo	68	Bly	10	0.716520	0.283480
Ivo	68	Bly	11	0.594192	0.405808
Ivo	68	Bly	12	0.607658	0.392342
Ivo	68	Bly	13	0.011080	0.988920
Ivo	68	Bly	14	0.688136	0.311864
Ivo	68	Bly	15	0.555265	0.444735
Ivo	68	Bly	16	0.370961	0.629039
Ivo	68	Bly	17	0.677943	0.322057
Ivo	68	Bly	18	0.430183	0.569817
Ivo	68	Bly	19	-0.008818	1.008818
Ivo	68	Bly	20	0.115369	0.884631
Ivo	68	Bly	21	0.344397	0.655603
Ivo	68	Bly	22	-0.718221	1.718221
Ivo	68	Bly	23	0.575739	0.424261
Ivo	68	Bly	24	0.672208	0.327792
Ivo	68	Bly	25	0.075672	0.924328
Ivo	68	Bly	26	0.722269	0.277731
Ivo	68	Bly	27	0.430389	0.569611
Ivo	68	Bly	28	0.208693	0.791307
Ivo	68	Bly	29	0.494922	0.505078
Ivo	68	Bly	30	0.563442	0.436558
Ivo	68	Bly	31	0.542368	0.457632
Ivo	68	Bly	32	0.438438	0.561562
Ivo	68	Bly	33	0.014753	0.985247
Ivo	68	Bre	34	0.479606	0.520394
Ivo	68	Bre	35	0.605304	0.394696
Ivo	68	Bre	36	-0.661204	1.661204
Ivo	68	Bre	37	0.567733	0.432267
Ivo	68	Bre	38	0.468216	0.531784
Ivo	68	Bre	39	0.605491	0.394509
Ivo	68	Bre	40	0.164877	0.835123
Ivo	68	Bre	41	0.540263	0.459737
Ivo	68	Bre	42	0.514402	0.485598
Ivo	68	Bre	43	-0.411664	1.411664
Ivo	68	Bre	44	0.668772	0.331228
Ivo	68	Bre	45	0.497348	0.502652
Ivo	68	Bre	46	0.618194	0.381806
Ivo	68	Bre	47	0.654868	0.345132
Ivo	68	Bre	48	0.630951	0.369049
Ivo	68	Bre	49	0.348884	0.651116
Ivo	68	Bre	50	0.388500	0.611500
Ivo	68	Bre	51	0.734561	0.265439
Ivo	68	Bre	52	0.532356	0.467644
Ivo	68	Bre	53	0.638859	0.361141
Ivo	68	Bre	54	0.574400	0.425600
Ivo	68	Bre	55	0.470373	0.529627
Ivo	68	Bre	56	-0.759284	1.759284
Ivo	68	Bre	57	0.592838	0.407162
Ivo	68	Bre	58	0.403055	0.596945
Ivo	68	Bre	59	0.572662	0.427338
Ivo	68	Bre	60	0.490519	0.509481
Ivo	68	Bre	61	0.642391	0.357609
Ivo	68	Bre	62	0.582001	0.417999
Ivo	68	Bre	63	0.525701	0.474299
Ivo	68	Bre	64	0.553715	0.446285
Ivo	68	Bre	65	0.619937	0.380063
Ivo	68	Bre	66	0.608507	0.391493
Ivo	68	Ivo	67	0.386009	0.613991
Ivo	68	Ivo	69	0.034765	0.965235
Ivo	68	Ivo	70	0.421456	0.578544
Ivo	68	Ivo	71	0.421154	0.578846
Ivo	68	Ivo	72	0.752693	0.247307
Ivo	68	Ivo	73	0.542493	0.457507
Ivo	68	Ivo	74	0.714968	0.285032
Ivo	68	Ivo	75	0.595415	0.404585
Ivo	68	Ivo	76	0.538651	0.461349
Ivo	68	Ivo	77	0.539335	0.460665
Ivo	68	Ivo	78	0.564658	0.435342
Ivo	68	Ivo	79	0.479538	0.520462
Ivo	68	Ivo	80	-0.063091	1.063091
Ivo	68	Ivo	81	0.574611	0.425389
Ivo	68	Ivo	82	0.752760	0.247240
Ivo	68	Ivo	83	0.622126	0.377874
Ivo	68	Ivo	84	0.728007	0.271993
Ivo	68	Ivo	85	0.490379	0.509621
Ivo	68	Ivo	86	0.720583	0.279417
Ivo	68	Ivo	87	0.344888	0.655112
Ivo	68	Ivo	88	0.713502	0.286498
Ivo	68	Ivo	89	0.476492	0.523508
Ivo	68	Ivo	90	0.522947	0.477053
Ivo	68	Ivo	91	0.622597	0.377403
Ivo	68	Ivo	92	0.439668	0.560332
Ivo	68	Ivo	93	0.395356	0.604644
Ivo	68	Ivo	94	0.138818	0.861182
Ivo	68	Ivo	95	0.540080	0.459920
Ivo	68	Ivo	96	0.532404	0.467596
Ivo	68	Ivo	97	0.161447	0.838553
Ivo	68	Pip	98	0.539104	0.460896
Ivo	68	Pip	99	0.306808	0.693192
Ivo	68	Pip	100	0.129054	0.870946
Ivo	68	Pip	101	0.544338	0.455662
Ivo	68	Pip	102	0.056668	0.943332
Ivo	68	Pip	103	0.628720	0.371280
Ivo	68	Pip	104	0.462001	0.537999
Ivo	68	Pip	105	0.562878	0.437122
Ivo	68	Pip	106	0.586241	0.413759
Ivo	68	Pip	107	0.014631	0.985369
Ivo	68	Pip	108	-0.718221	1.718221
Ivo	68	Pip	109	0.498321	0.501679
Ivo	68	Pip	110	0.383861	0.616139
Ivo	68	Pip	111	0.287270	0.712730
Ivo	68	Pip	112	0.586675	0.413325
Ivo	68	Pip	113	0.634665	0.365335
Ivo	68	Pip	114	0.205770	0.794230
Ivo	68	Pip	115	-0.113415	1.113415
Ivo	68	Pip	116	0.612206	0.387794
Ivo	68	Pip	117	0.024094	0.975906
Ivo	68	Pip	118	0.497950	0.502050
Ivo	68	Pip	119	0.216007	0.783993
Ivo	68	Pip	120	-0.296965	1.296965
Ivo	68	Pip	121	0.605902	0.394098
Ivo	68	Pip	122	-0.139257	1.139257
Ivo	68	Pip	123	0.641507	0.358493
Ivo	68	Pip	124	-0.718221	1.718221
Ivo	68	Pip	125	0.596258	0.403742
Ivo	68	Pip	126	0.545482	0.454518
Ivo	68	Pip	127	0.608495	0.391505
Ivo	68	Pip	128	0.474745	0.525255
Ivo	68	Pip	129	0.054911	0.945089
Ivo	68	Pip	130	0.355285	0.644715
Ivo	68	Pip	131	0.672730	0.327270
Ivo	68	Pip	132	0.666115	0.333885
Ivo	68	Pip	133	0.658568	0.341432
Ivo	69	Bly	1	-1.486415	2.486415
Ivo	69	Bly	2	-0.338751	1.338751
Ivo	69	Bly	3	0.202722	0.797278
Ivo	69	Bly	4	-0.084270	1.084270
Ivo	69	Bly	5	-0.166833	1.166833
Ivo	69	Bly	6	-1.486415	2.486415
Ivo	69	Bly	7	0.062318	0.937682
Ivo	69	Bly	8	-0.633901	1.633901
Ivo	69	Bly	9	-0.009191	1.009191
Ivo	69	Bly	10	0.164543	0.835457
Ivo	69	Bly	11	0.200057	0.799943
Ivo	69	Bly	12	0.183051	0.816949
Ivo	69	Bly	13	-0.607982	1.607982
Ivo	69	Bly	14	0.087605	0.912395
Ivo	69	Bly	15	-0.125275	1.125275
Ivo	69	Bly	16	-0.139515	1.139515
Ivo	69	Bly	17	-0.014404	1.014404
Ivo	69	Bly	18	-0.186176	1.186176
Ivo	69	Bly	19	0.242466	0.757534
Ivo	69	Bly	20	-0.393097	1.393097
Ivo	69	Bly	21	-0.069120	1.069120
Ivo	69	Bly	22	-1.486415	2.486415
Ivo	69	Bly	23	-0.164709	1.164709
Ivo	69	Bly	24	-0.178710	1.178710
Ivo	69	Bly	25	-0.545962	1.545962
Ivo	69	Bly	26	0.029441	0.970559
Ivo	69	Bly	27	-0.124418	1.124418
Ivo	69	Bly	28	-0.523684	1.523684
Ivo	69	Bly	29	-0.173194	1.173194
Ivo	69	Bly	30	-0.046146	1.046146
Ivo	69	Bly	31	0.182106	0.817894
Ivo	69	Bly	32	-0.333792	1.333792
Ivo	69	Bly	33	-0.439412	1.439412
Ivo	69	Bre	34	0.100053	0.899947
Ivo	69	Bre	35	0.067814	0.932186
Ivo	69	Bre	36	-1.429398	2.429398
Ivo	69	Bre	37	0.139530	0.860470
Ivo	69	Bre	38	0.068162	0.931838
Ivo	69	Bre	39	0.020559	0.979441
Ivo	69	Bre	40	-0.522522	1.522522
Ivo	69	Bre	41	-0.007041	1.007041
Ivo	69	Bre	42	0.086198	0.913802
Ivo	69	Bre	43	-1.154470	2.154470
Ivo	69	Bre	44	0.059576	0.940424
Ivo	69	Bre	45	0.313679	0.686321
Ivo	69	Bre	46	0.116584	0.883416
Ivo	69	Bre	47	0.151143	0.848857
Ivo	69	Bre	48	0.103826	0.896174
Ivo	69	Bre	49	0.257096	0.742904
Ivo	69	Bre	50	-0.035120	1.035120
Ivo	69	Bre	51	0.077023	0.922977
Ivo	69	Bre	52	0.349709	0.650291
Ivo	69	Bre	53	0.137249	0.862751
Ivo	69	Bre	54	0.072791	0.927209
Ivo	69	Bre	55	0.159549	0.840451
Ivo	69	Bre	56	-1.527478	2.527478
Ivo	69	Bre	57	-0.057485	1.057485
Ivo	69	Bre	58	0.294983	0.705017
Ivo	69	Bre	59	0.087942	0.912058
Ivo	69	Bre	60	0.169389	0.830611
Ivo	69	Bre	61	0.034199	0.965801
Ivo	69	Bre	62	0.044511	0.955489
Ivo	69	Bre	63	-0.045295	1.045295
Ivo	69	Bre	64	0.292470	0.707530
Ivo	69	Bre	65	0.077613	0.922387
Ivo	69	Bre	66	0.069656	0.930344
Ivo	69	Ivo	67	-0.044751	1.044751
Ivo	69	Ivo	68	0.034765	0.965235
Ivo	69	Ivo	70	0.081106	0.918894
Ivo	69	Ivo	71	-0.285710	1.285710
Ivo	69	Ivo	72	0.175991	0.824009
Ivo	69	Ivo	73	0.232971	0.767029
Ivo	69	Ivo	74	0.206104	0.793896
Ivo	69	Ivo	75	0.085547	0.914453
Ivo	69	Ivo	76	0.177728	0.822272
Ivo	69	Ivo	77	-0.044115	1.044115
Ivo	69	Ivo	78	0.283572	0.716428
Ivo	69	Ivo	79	-0.178639	1.178639
Ivo	69	Ivo	80	-0.155275	1.155275
Ivo	69	Ivo	81	0.214819	0.785181
Ivo	69	Ivo	82	0.204945	0.795055
Ivo	69	Ivo	83	0.264541	0.735459
Ivo	69	Ivo	84	-0.035774	1.035774
Ivo	69	Ivo	85	0.204034	0.795966
Ivo	69	Ivo	86	0.058693	0.941307
Ivo	69	Ivo	87	-0.051579	1.051579
Ivo	69	Ivo	88	0.037251	0.962749
Ivo	69	Ivo	89	-0.039474	1.039474
Ivo	69	Ivo	90	-0.009850	1.009850
Ivo	69	Ivo	91	0.134306	0.865694
Ivo	69	Ivo	92	0.105619	0.894381
Ivo	69	Ivo	93	0.097639	0.902361
Ivo	69	Ivo	94	-0.292162	1.292162
Ivo	69	Ivo	95	0.229742	0.770258
Ivo	69	Ivo	96	0.206543	0.793457
Ivo	69	Ivo	97	-0.131406	1.131406
Ivo	69	Pip	98	0.066978	0.933022
Ivo	69	Pip	99	0.233592	0.766408
Ivo	69	Pip	100	-0.247819	1.247819
Ivo	69	Pip	101	0.050926	0.949074
Ivo	69	Pip	102	-0.289822	1.289822
Ivo	69	Pip	103	0.006717	0.993283
Ivo	69	Pip	104	-0.142883	1.142883
Ivo	69	Pip	105	0.019618	0.980382
Ivo	69	Pip	106	0.038148	0.961852
Ivo	69	Pip	107	-0.763008	1.763008
Ivo	69	Pip	108	-1.486415	2.486415
Ivo	69	Pip	109	-0.082967	1.082967
Ivo	69	Pip	110	-0.127425	1.127425
Ivo	69	Pip	111	-0.179446	1.179446
Ivo	69	Pip	112	-0.000450	1.000450
Ivo	69	Pip	113	0.054543	0.945457
Ivo	69	Pip	114	-0.220131	1.220131
Ivo	69	Pip	115	-0.940445	1.940445
Ivo	69	Pip	116	-0.048683	1.048683
Ivo	69	Pip	117	-0.325472	1.325472
Ivo	69	Pip	118	0.181091	0.818909
Ivo	69	Pip	119	-0.335580	1.335580
Ivo	69	Pip	120	-0.744811	1.744811
Ivo	69	Pip	121	-0.091278	1.091278
Ivo	69	Pip	122	-0.109491	1.109491
Ivo	69	Pip	123	0.088504	0.911496
Ivo	69	Pip	124	-1.486415	2.486415
Ivo	69	Pip	125	0.079135	0.920865
Ivo	69	Pip	126	0.031262	0.968738
Ivo	69	Pip	127	0.021370	0.978630
Ivo	69	Pip	128	0.077079	0.922921
Ivo	69	Pip	129	-0.409156	1.409156
Ivo	69	Pip	130	-0.267059	1.267059
Ivo	69	Pip	131	-0.019616	1.019616
Ivo	69	Pip	132	-0.026232	1.026232
Ivo	69	Pip	133	0.071443	0.928557
Ivo	70	Bly	1	-1.007928	2.007928
Ivo	70	Bly	2	-0.161438	1.161438
Ivo	70	Bly	3	0.417063	0.582937
Ivo	70	Bly	4	0.282795	0.717205
Ivo	70	Bly	5	0.287650	0.712350
Ivo	70	Bly	6	-1.007928	2.007928
Ivo	70	Bly	7	0.241782	0.758218
Ivo	70	Bly	8	-0.538803	1.538803
Ivo	70	Bly	9	0.415996	0.584004
Ivo	70	Bly	10	0.429357	0.570643
Ivo	70	Bly	11	0.392132	0.607868
Ivo	70	Bly	12	0.332603	0.667397
Ivo	70	Bly	13	-0.360184	1.360184
Ivo	70	Bly	14	0.365092	0.634908
Ivo	70	Bly	15	0.455798	0.544202
Ivo	70	Bly	16	0.316584	0.683416
Ivo	70	Bly	17	0.402986	0.597014
Ivo	70	Bly	18	0.108624	0.891376
Ivo	70	Bly	19	-0.106319	1.106319
Ivo	70	Bly	20	0.015898	0.984102
Ivo	70	Bly	21	0.105439	0.894561
Ivo	70	Bly	22	-1.007928	2.007928
Ivo	70	Bly	23	0.302471	0.697529
Ivo	70	Bly	24	0.415378	0.584622
Ivo	70	Bly	25	-0.162945	1.162945
Ivo	70	Bly	26	0.437321	0.562679
Ivo	70	Bly	27	0.223631	0.776369
Ivo	70	Bly	28	-0.118585	1.118585
Ivo	70	Bly	29	0.348260	0.651740
Ivo	70	Bly	30	0.438208	0.561792
Ivo	70	Bly	31	0.322994	0.677006
Ivo	70	Bly	32	0.107419	0.892581
Ivo	70	Bly	33	-0.140134	1.140134
Ivo	70	Bre	34	0.442832	0.557168
Ivo	70	Bre	35	0.331032	0.668968
Ivo	70	Bre	36	-0.950911	1.950911
Ivo	70	Bre	37	0.539275	0.460725
Ivo	70	Bre	38	0.336787	0.663213
Ivo	70	Bre	39	0.255628	0.744372
Ivo	70	Bre	40	-0.165591	1.165591
Ivo	70	Bre	41	0.439696	0.560304
Ivo	70	Bre	42	0.505788	0.494212
Ivo	70	Bre	43	-0.630244	1.630244
Ivo	70	Bre	44	0.394500	0.605500
Ivo	70	Bre	45	0.376925	0.623075
Ivo	70	Bre	46	0.379802	0.620198
Ivo	70	Bre	47	0.449846	0.550154
Ivo	70	Bre	48	0.392560	0.607440
Ivo	70	Bre	49	0.320342	0.679658
Ivo	70	Bre	50	0.150108	0.849892
Ivo	70	Bre	51	0.422903	0.577097
Ivo	70	Bre	52	0.469350	0.530650
Ivo	70	Bre	53	0.399310	0.600690
Ivo	70	Bre	54	0.299376	0.700624
Ivo	70	Bre	55	0.577383	0.422617
Ivo	70	Bre	56	-1.048992	2.048992
Ivo	70	Bre	57	0.277852	0.722148
Ivo	70	Bre	58	0.163156	0.836844
Ivo	70	Bre	59	0.405758	0.594242
Ivo	70	Bre	60	0.540526	0.459474
Ivo	70	Bre	61	0.404000	0.596000
Ivo	70	Bre	62	0.271096	0.728904
Ivo	70	Bre	63	0.288544	0.711456
Ivo	70	Bre	64	0.433705	0.566295
Ivo	70	Bre	65	0.304198	0.695802
Ivo	70	Bre	66	0.333482	0.666518
Ivo	70	Ivo	67	0.540969	0.459031
Ivo	70	Ivo	68	0.421456	0.578544
Ivo	70	Ivo	69	0.081106	0.918894
Ivo	70	Ivo	71	0.253665	0.746335
Ivo	70	Ivo	72	0.544491	0.455509
Ivo	70	Ivo	73	0.461569	0.538431
Ivo	70	Ivo	74	0.542427	0.457573
Ivo	70	Ivo	75	0.517416	0.482584
Ivo	70	Ivo	76	0.475239	0.524761
Ivo	70	Ivo	77	0.485926	0.514074
Ivo	70	Ivo	78	0.602938	0.397062
Ivo	70	Ivo	79	0.097053	0.902947
Ivo	70	Ivo	80	-0.029425	1.029425
Ivo	70	Ivo	81	0.342684	0.657316
Ivo	70	Ivo	82	0.480264	0.519736
Ivo	70	Ivo	83	0.419633	0.580367
Ivo	70	Ivo	84	0.435082	0.564918
Ivo	70	Ivo	85	0.442111	0.557889
Ivo	70	Ivo	86	0.441666	0.558334
Ivo	70	Ivo	87	0.284332	0.715668
Ivo	70	Ivo	88	0.408646	0.591354
Ivo	70	Ivo	89	0.372896	0.627104
Ivo	70	Ivo	90	0.419321	0.580679
Ivo	70	Ivo	91	0.388846	0.611154
Ivo	70	Ivo	92	0.617646	0.382354
Ivo	70	Ivo	93	0.215903	0.784097
Ivo	70	Ivo	94	0.333918	0.666082
Ivo	70	Ivo	95	0.637442	0.362558
Ivo	70	Ivo	96	0.648304	0.351696
Ivo	70	Ivo	97	0.345157	0.654843
Ivo	70	Pip	98	0.475216	0.524784
Ivo	70	Pip	99	0.336345	0.663655
Ivo	70	Pip	100	0.295310	0.704690
Ivo	70	Pip	101	0.377232	0.622768
Ivo	70	Pip	102	0.181721	0.818279
Ivo	70	Pip	103	0.386023	0.613977
Ivo	70	Pip	104	0.218300	0.781700
Ivo	70	Pip	105	0.363381	0.636619
Ivo	70	Pip	106	0.271957	0.728043
Ivo	70	Pip	107	-0.105061	1.105061
Ivo	70	Pip	108	-1.007928	2.007928
Ivo	70	Pip	109	0.296338	0.703662
Ivo	70	Pip	110	0.421897	0.578103
Ivo	70	Pip	111	0.344231	0.655769
Ivo	70	Pip	112	0.353947	0.646053
Ivo	70	Pip	113	0.398971	0.601029
Ivo	70	Pip	114	0.255437	0.744563
Ivo	70	Pip	115	-0.403122	1.403122
Ivo	70	Pip	116	0.334214	0.665786
Ivo	70	Pip	117	0.124581	0.875419
Ivo	70	Pip	118	0.450140	0.549860
Ivo	70	Pip	119	0.131042	0.868958
Ivo	70	Pip	120	-0.381930	1.381930
Ivo	70	Pip	121	0.363205	0.636795
Ivo	70	Pip	122	-0.151390	1.151390
Ivo	70	Pip	123	0.475380	0.524620
Ivo	70	Pip	124	-1.007928	2.007928
Ivo	70	Pip	125	0.386930	0.613070
Ivo	70	Pip	126	0.338415	0.661585
Ivo	70	Pip	127	0.400675	0.599325
Ivo	70	Pip	128	0.271931	0.728069
Ivo	70	Pip	129	0.007800	0.992200
Ivo	70	Pip	130	0.040659	0.959341
Ivo	70	Pip	131	0.334705	0.665295
Ivo	70	Pip	132	0.316962	0.683038
Ivo	70	Pip	133	0.458319	0.541681
Ivo	71	Bly	1	-0.794950	1.794950
Ivo	71	Bly	2	-0.238726	1.238726
Ivo	71	Bly	3	0.241105	0.758895
Ivo	71	Bly	4	0.201768	0.798232
Ivo	71	Bly	5	0.251768	0.748232
Ivo	71	Bly	6	-0.794950	1.794950
Ivo	71	Bly	7	0.266960	0.733040
Ivo	71	Bly	8	-0.797446	1.797446
Ivo	71	Bly	9	0.310968	0.689032
Ivo	71	Bly	10	0.430058	0.569942
Ivo	71	Bly	11	0.351505	0.648495
Ivo	71	Bly	12	0.375213	0.624787
Ivo	71	Bly	13	-0.239385	1.239385
Ivo	71	Bly	14	0.329160	0.670840
Ivo	71	Bly	15	0.280767	0.719233
Ivo	71	Bly	16	0.172738	0.827262
Ivo	71	Bly	17	0.490442	0.509558
Ivo	71	Bly	18	0.679544	0.320456
Ivo	71	Bly	19	-0.363757	1.363757
Ivo	71	Bly	20	-0.116106	1.116106
Ivo	71	Bly	21	0.035134	0.964866
Ivo	71	Bly	22	-0.794950	1.794950
Ivo	71	Bly	23	0.343324	0.656676
Ivo	71	Bly	24	0.369725	0.630275
Ivo	71	Bly	25	0.011416	0.988584
Ivo	71	Bly	26	0.400386	0.599614
Ivo	71	Bly	27	0.199177	0.800823
Ivo	71	Bly	28	-0.042007	1.042007
Ivo	71	Bly	29	0.375121	0.624879
Ivo	71	Bly	30	0.305085	0.694915
Ivo	71	Bly	31	0.217060	0.782940
Ivo	71	Bly	32	0.002681	0.997319
Ivo	71	Bly	33	-0.269811	1.269811
Ivo	71	Bre	34	0.205765	0.794235
Ivo	71	Bre	35	0.295100	0.704900
Ivo	71	Bre	36	-0.737933	1.737933
Ivo	71	Bre	37	0.329367	0.670633
Ivo	71	Bre	38	0.276452	0.723548
Ivo	71	Bre	39	0.254573	0.745427
Ivo	71	Bre	40	-0.260359	1.260359
Ivo	71	Bre	41	0.265669	0.734331
Ivo	71	Bre	42	0.240560	0.759440
Ivo	71	Bre	43	-0.509444	1.509444
Ivo	71	Bre	44	0.405171	0.594829
Ivo	71	Bre	45	0.257970	0.742030
Ivo	71	Bre	46	0.343871	0.656129
Ivo	71	Bre	47	0.380545	0.619455
Ivo	71	Bre	48	0.356628	0.643372
Ivo	71	Bre	49	0.109506	0.890494
Ivo	71	Bre	50	0.206356	0.793644
Ivo	71	Bre	51	0.423604	0.576396
Ivo	71	Bre	52	0.258514	0.741486
Ivo	71	Bre	53	0.400011	0.599989
Ivo	71	Bre	54	0.300077	0.699923
Ivo	71	Bre	55	0.196531	0.803469
Ivo	71	Bre	56	-0.836013	1.836013
Ivo	71	Bre	57	0.241920	0.758080
Ivo	71	Bre	58	0.128732	0.871268
Ivo	71	Bre	59	0.381304	0.618696
Ivo	71	Bre	60	0.216678	0.783322
Ivo	71	Bre	61	0.368068	0.631932
Ivo	71	Bre	62	0.271797	0.728203
Ivo	71	Bre	63	0.287489	0.712511
Ivo	71	Bre	64	0.315754	0.684246
Ivo	71	Bre	65	0.304900	0.695100
Ivo	71	Bre	66	0.380787	0.619213
Ivo	71	Ivo	67	0.193234	0.806766
Ivo	71	Ivo	68	0.421154	0.578846
Ivo	71	Ivo	69	-0.285710	1.285710
Ivo	71	Ivo	70	0.253665	0.746335
Ivo	71	Ivo	72	0.431322	0.568678
Ivo	71	Ivo	73	0.257273	0.742727
Ivo	71	Ivo	74	0.392625	0.607375
Ivo	71	Ivo	75	0.308778	0.691222
Ivo	71	Ivo	76	0.217801	0.782199
Ivo	71	Ivo	77	0.388468	0.611532
Ivo	71	Ivo	78	0.371883	0.628117
Ivo	71	Ivo	79	0.106720	0.893280
Ivo	71	Ivo	80	-0.420199	1.420199
Ivo	71	Ivo	81	0.247916	0.752084
Ivo	71	Ivo	82	0.396435	0.603565
Ivo	71	Ivo	83	0.265801	0.734199
Ivo	71	Ivo	84	0.342826	0.657174
Ivo	71	Ivo	85	0.180176	0.819824
Ivo	71	Ivo	86	0.453089	0.546911
Ivo	71	Ivo	87	0.034413	0.965587
Ivo	71	Ivo	88	0.363066	0.636934
Ivo	71	Ivo	89	0.244558	0.755442
Ivo	71	Ivo	90	0.295678	0.704322
Ivo	71	Ivo	91	0.338571	0.661429
Ivo	71	Ivo	92	0.129464	0.870536
Ivo	71	Ivo	93	-0.038046	1.038046
Ivo	71	Ivo	94	-0.114903	1.114903
Ivo	71	Ivo	95	0.254830	0.745170
Ivo	71	Ivo	96	0.187706	0.812294
Ivo	71	Ivo	97	-0.076688	1.076688
Ivo	71	Pip	98	0.336066	0.663934
Ivo	71	Pip	99	0.021287	0.978713
Ivo	71	Pip	100	-0.061845	1.061845
Ivo	71	Pip	101	0.341300	0.658700
Ivo	71	Pip	102	-0.180130	1.180130
Ivo	71	Pip	103	0.384968	0.615032
Ivo	71	Pip	104	0.541842	0.458158
Ivo	71	Pip	105	0.290200	0.709800
Ivo	71	Pip	106	0.396046	0.603954
Ivo	71	Pip	107	-0.242788	1.242788
Ivo	71	Pip	108	-0.794950	1.794950
Ivo	71	Pip	109	0.295283	0.704717
Ivo	71	Pip	110	0.180823	0.819177
Ivo	71	Pip	111	0.050473	0.949527
Ivo	71	Pip	112	0.307043	0.692957
Ivo	71	Pip	113	0.397916	0.602084
Ivo	71	Pip	114	0.061025	0.938975
Ivo	71	Pip	115	-0.282323	1.282323
Ivo	71	Pip	116	0.305064	0.694936
Ivo	71	Pip	117	-0.283048	1.283048
Ivo	71	Pip	118	0.218318	0.781682
Ivo	71	Pip	119	0.191006	0.808994
Ivo	71	Pip	120	-0.492559	1.492559
Ivo	71	Pip	121	0.362150	0.637850
Ivo	71	Pip	122	-0.248159	1.248159
Ivo	71	Pip	123	0.290288	0.709712
Ivo	71	Pip	124	-0.794950	1.794950
Ivo	71	Pip	125	0.316626	0.683374
Ivo	71	Pip	126	0.344390	0.655610
Ivo	71	Pip	127	0.364743	0.635257
Ivo	71	Pip	128	0.242781	0.757219
Ivo	71	Pip	129	-0.144763	1.144763
Ivo	71	Pip	130	0.011509	0.988491
Ivo	71	Pip	131	0.328955	0.671045
Ivo	71	Pip	132	0.449994	0.550006
Ivo	71	Pip	133	0.343230	0.656770
Ivo	72	Bly	1	-0.853227	1.853227
Ivo	72	Bly	2	0.142207	0.857793
Ivo	72	Bly	3	0.552697	0.447303
Ivo	72	Bly	4	0.451432	0.548568
Ivo	72	Bly	5	0.425331	0.574669
Ivo	72	Bly	6	-0.853227	1.853227
Ivo	72	Bly	7	0.566413	0.433587
Ivo	72	Bly	8	-0.661395	1.661395
Ivo	72	Bly	9	0.633146	0.366854
Ivo	72	Bly	10	0.740647	0.259353
Ivo	72	Bly	11	0.657427	0.342573
Ivo	72	Bly	12	0.634532	0.365468
Ivo	72	Bly	13	-0.108482	1.108482
Ivo	72	Bly	14	0.712263	0.287737
Ivo	72	Bly	15	0.529071	0.470929
Ivo	72	Bly	16	0.433814	0.566186
Ivo	72	Bly	17	0.703554	0.296446
Ivo	72	Bly	18	0.493036	0.506964
Ivo	72	Bly	19	0.017176	0.982824
Ivo	72	Bly	20	0.091043	0.908957
Ivo	72	Bly	21	0.320071	0.679929
Ivo	72	Bly	22	-0.853227	1.853227
Ivo	72	Bly	23	0.515200	0.484800
Ivo	72	Bly	24	0.645300	0.354700
Ivo	72	Bly	25	0.051345	0.948655
Ivo	72	Bly	26	0.748611	0.251389
Ivo	72	Bly	27	0.381683	0.618317
Ivo	72	Bly	28	0.157611	0.842389
Ivo	72	Bly	29	0.470596	0.529404
Ivo	72	Bly	30	0.468408	0.531592
Ivo	72	Bly	31	0.527648	0.472352
Ivo	72	Bly	32	0.349151	0.650849
Ivo	72	Bly	33	0.040364	0.959636
Ivo	72	Bre	34	0.540095	0.459905
Ivo	72	Bre	35	0.666672	0.333328
Ivo	72	Bre	36	-0.796210	1.796210
Ivo	72	Bre	37	0.663697	0.336303
Ivo	72	Bre	38	0.529303	0.470697
Ivo	72	Bre	39	0.591268	0.408732
Ivo	72	Bre	40	0.111213	0.888787
Ivo	72	Bre	41	0.600752	0.399248
Ivo	72	Bre	42	0.574890	0.425110
Ivo	72	Bre	43	-0.512175	1.512175
Ivo	72	Bre	44	0.692898	0.307102
Ivo	72	Bre	45	0.560201	0.439799
Ivo	72	Bre	46	0.679561	0.320439
Ivo	72	Bre	47	0.678995	0.321005
Ivo	72	Bre	48	0.655078	0.344922
Ivo	72	Bre	49	0.446614	0.553386
Ivo	72	Bre	50	0.449867	0.550133
Ivo	72	Bre	51	0.758688	0.241312
Ivo	72	Bre	52	0.592845	0.407155
Ivo	72	Bre	53	0.735702	0.264298
Ivo	72	Bre	54	0.635768	0.364232
Ivo	72	Bre	55	0.530862	0.469138
Ivo	72	Bre	56	-0.894290	1.894290
Ivo	72	Bre	57	0.576251	0.423749
Ivo	72	Bre	58	0.429546	0.570454
Ivo	72	Bre	59	0.548484	0.451516
Ivo	72	Bre	60	0.551008	0.448992
Ivo	72	Bre	61	0.666518	0.333482
Ivo	72	Bre	62	0.643369	0.356631
Ivo	72	Bre	63	0.501272	0.498728
Ivo	72	Bre	64	0.651445	0.348555
Ivo	72	Bre	65	0.640590	0.359410
Ivo	72	Bre	66	0.632634	0.367366
Ivo	72	Ivo	67	0.402580	0.597420
Ivo	72	Ivo	68	0.752693	0.247307
Ivo	72	Ivo	69	0.175991	0.824009
Ivo	72	Ivo	70	0.544491	0.455509
Ivo	72	Ivo	71	0.431322	0.568678
Ivo	72	Ivo	73	0.753438	0.246562
Ivo	72	Ivo	74	0.817084	0.182916
Ivo	72	Ivo	75	0.769118	0.230882
Ivo	72	Ivo	76	0.671856	0.328144
Ivo	72	Ivo	77	0.562582	0.437418
Ivo	72	Ivo	78	0.703136	0.296864
Ivo	72	Ivo	79	0.432692	0.567308
Ivo	72	Ivo	80	0.043257	0.956743
Ivo	72	Ivo	81	0.594386	0.405614
Ivo	72	Ivo	82	0.813249	0.186751
Ivo	72	Ivo	83	0.682615	0.317385
Ivo	72	Ivo	84	0.640919	0.359081
Ivo	72	Ivo	85	0.594860	0.405140
Ivo	72	Ivo	86	0.777450	0.222550
Ivo	72	Ivo	87	0.448490	0.551510
Ivo	72	Ivo	88	0.696036	0.303964
Ivo	72	Ivo	89	0.542852	0.457148
Ivo	72	Ivo	90	0.542264	0.457736
Ivo	72	Ivo	91	0.677597	0.322403
Ivo	72	Ivo	92	0.541785	0.458215
Ivo	72	Ivo	93	0.381132	0.618868
Ivo	72	Ivo	94	0.158445	0.841555
Ivo	72	Ivo	95	0.601299	0.398701
Ivo	72	Ivo	96	0.515360	0.484640
Ivo	72	Ivo	97	0.336636	0.663364
Ivo	72	Pip	98	0.601808	0.398192
Ivo	72	Pip	99	0.404389	0.595611
Ivo	72	Pip	100	0.191758	0.808242
Ivo	72	Pip	101	0.641920	0.358080
Ivo	72	Pip	102	0.007071	0.992929
Ivo	72	Pip	103	0.650710	0.349290
Ivo	72	Pip	104	0.518868	0.481132
Ivo	72	Pip	105	0.513281	0.486719
Ivo	72	Pip	106	0.536644	0.463356
Ivo	72	Pip	107	-0.083134	1.083134
Ivo	72	Pip	108	-0.853227	1.853227
Ivo	72	Pip	109	0.561026	0.438974
Ivo	72	Pip	110	0.446565	0.553435
Ivo	72	Pip	111	0.237674	0.762326
Ivo	72	Pip	112	0.608665	0.391335
Ivo	72	Pip	113	0.697370	0.302630
Ivo	72	Pip	114	0.118933	0.881067
Ivo	72	Pip	115	-0.248420	1.248420
Ivo	72	Pip	116	0.562609	0.437391
Ivo	72	Pip	117	-0.025502	1.025502
Ivo	72	Pip	118	0.554818	0.445182
Ivo	72	Pip	119	0.313588	0.686412
Ivo	72	Pip	120	-0.199384	1.199384
Ivo	72	Pip	121	0.627893	0.372107
Ivo	72	Pip	122	-0.076553	1.076553
Ivo	72	Pip	123	0.591911	0.408089
Ivo	72	Pip	124	-0.853227	1.853227
Ivo	72	Pip	125	0.618248	0.381752
Ivo	72	Pip	126	0.602349	0.397651
Ivo	72	Pip	127	0.665363	0.334637
Ivo	72	Pip	128	0.465863	0.534137
Ivo	72	Pip	129	0.076902	0.923098
Ivo	72	Pip	130	0.305688	0.694312
Ivo	72	Pip	131	0.623134	0.376866
Ivo	72	Pip	132	0.651994	0.348006
Ivo	72	Pip	133	0.608972	0.391028
Ivo	73	Bly	1	-0.851371	1.851371
Ivo	73	Bly	2	0.089398	0.910602
Ivo	73	Bly	3	0.550842	0.449158
Ivo	73	Bly	4	0.430124	0.569876
Ivo	73	Bly	5	0.416429	0.583571
Ivo	73	Bly	6	-0.851371	1.851371
Ivo	73	Bly	7	0.684137	0.315863
Ivo	73	Bly	8	-0.697715	1.697715
Ivo	73	Bly	9	0.386584	0.613416
Ivo	73	Bly	10	0.637425	0.362575
Ivo	73	Bly	11	0.525944	0.474056
Ivo	73	Bly	12	0.626187	0.373813
Ivo	73	Bly	13	-0.094365	1.094365
Ivo	73	Bly	14	0.748582	0.251418
Ivo	73	Bly	15	0.425507	0.574493
Ivo	73	Bly	16	0.293135	0.706865
Ivo	73	Bly	17	0.492872	0.507128
Ivo	73	Bly	18	0.322527	0.677473
Ivo	73	Bly	19	0.057886	0.942114
Ivo	73	Bly	20	-0.028513	1.028513
Ivo	73	Bly	21	0.183684	0.816316
Ivo	73	Bly	22	-0.851371	1.851371
Ivo	73	Bly	23	0.412114	0.587886
Ivo	73	Bly	24	0.398738	0.601262
Ivo	73	Bly	25	-0.057935	1.057935
Ivo	73	Bly	26	0.573012	0.426988
Ivo	73	Bly	27	0.346702	0.653298
Ivo	73	Bly	28	0.024217	0.975783
Ivo	73	Bly	29	0.331148	0.668852
Ivo	73	Bly	30	0.328210	0.671790
Ivo	73	Bly	31	0.504670	0.495330
Ivo	73	Bly	32	0.328804	0.671196
Ivo	73	Bly	33	-0.017078	1.017078
Ivo	73	Bre	34	0.440342	0.559658
Ivo	73	Bre	35	0.680789	0.319211
Ivo	73	Bre	36	-0.794354	1.794354
Ivo	73	Bre	37	0.558372	0.441628
Ivo	73	Bre	38	0.423977	0.576023
Ivo	73	Bre	39	0.562819	0.437181
Ivo	73	Bre	40	0.125330	0.874670
Ivo	73	Bre	41	0.494673	0.505327
Ivo	73	Bre	42	0.469565	0.530435
Ivo	73	Bre	43	-0.532522	1.532522
Ivo	73	Bre	44	0.589813	0.410187
Ivo	73	Bre	45	0.501341	0.498659
Ivo	73	Bre	46	0.651113	0.348887
Ivo	73	Bre	47	0.685948	0.314052
Ivo	73	Bre	48	0.673232	0.326768
Ivo	73	Bre	49	0.444758	0.555242
Ivo	73	Bre	50	0.381246	0.618754
Ivo	73	Bre	51	0.618969	0.381031
Ivo	73	Bre	52	0.649825	0.350175
Ivo	73	Bre	53	0.667081	0.332919
Ivo	73	Bre	54	0.567146	0.432854
Ivo	73	Bre	55	0.494542	0.505458
Ivo	73	Bre	56	-0.892435	1.892435
Ivo	73	Bre	57	0.547802	0.452198
Ivo	73	Bre	58	0.442929	0.557071
Ivo	73	Bre	59	0.479039	0.520961
Ivo	73	Bre	60	0.504382	0.495618
Ivo	73	Bre	61	0.563432	0.436568
Ivo	73	Bre	62	0.574747	0.425253
Ivo	73	Bre	63	0.497195	0.502805
Ivo	73	Bre	64	0.628466	0.371534
Ivo	73	Bre	65	0.571969	0.428031
Ivo	73	Bre	66	0.564012	0.435988
Ivo	73	Ivo	67	0.305220	0.694780
Ivo	73	Ivo	68	0.542493	0.457507
Ivo	73	Ivo	69	0.232971	0.767029
Ivo	73	Ivo	70	0.461569	0.538431
Ivo	73	Ivo	71	0.257273	0.742727
Ivo	73	Ivo	72	0.753438	0.246562
Ivo	73	Ivo	74	0.720547	0.279453
Ivo	73	Ivo	75	0.630015	0.369985
Ivo	73	Ivo	76	0.635536	0.364464
Ivo	73	Ivo	77	0.387254	0.612746
Ivo	73	Ivo	78	0.596814	0.403186
Ivo	73	Ivo	79	0.404737	0.595263
Ivo	73	Ivo	80	0.047335	0.952665
Ivo	73	Ivo	81	0.497367	0.502633
Ivo	73	Ivo	82	0.704721	0.295279
Ivo	73	Ivo	83	0.690693	0.309307
Ivo	73	Ivo	84	0.544518	0.455482
Ivo	73	Ivo	85	0.583736	0.416264
Ivo	73	Ivo	86	0.530888	0.469112
Ivo	73	Ivo	87	0.305534	0.694466
Ivo	73	Ivo	88	0.660450	0.339550
Ivo	73	Ivo	89	0.426360	0.573640
Ivo	73	Ivo	90	0.425772	0.574228
Ivo	73	Ivo	91	0.595498	0.404502
Ivo	73	Ivo	92	0.495224	0.504776
Ivo	73	Ivo	93	0.474475	0.525525
Ivo	73	Ivo	94	0.131566	0.868434
Ivo	73	Ivo	95	0.540301	0.459699
Ivo	73	Ivo	96	0.557968	0.442032
Ivo	73	Ivo	97	0.296279	0.703721
Ivo	73	Pip	98	0.495730	0.504270
Ivo	73	Pip	99	0.308897	0.691103
Ivo	73	Pip	100	0.132146	0.867854
Ivo	73	Pip	101	0.599311	0.400689
Ivo	73	Pip	102	-0.015907	1.015907
Ivo	73	Pip	103	0.509093	0.490907
Ivo	73	Pip	104	0.476260	0.523740
Ivo	73	Pip	105	0.413869	0.586131
Ivo	73	Pip	106	0.431660	0.568340
Ivo	73	Pip	107	-0.105651	1.105651
Ivo	73	Pip	108	-0.851371	1.851371
Ivo	73	Pip	109	0.419408	0.580592
Ivo	73	Pip	110	0.340350	0.659650
Ivo	73	Pip	111	0.202693	0.797307
Ivo	73	Pip	112	0.439133	0.560867
Ivo	73	Pip	113	0.592386	0.407614
Ivo	73	Pip	114	0.093922	0.906078
Ivo	73	Pip	115	-0.305401	1.305401
Ivo	73	Pip	116	0.493165	0.506835
Ivo	73	Pip	117	-0.096364	1.096364
Ivo	73	Pip	118	0.452895	0.547105
Ivo	73	Pip	119	0.247546	0.752454
Ivo	73	Pip	120	-0.230825	1.230825
Ivo	73	Pip	121	0.451811	0.548189
Ivo	73	Pip	122	-0.115042	1.115042
Ivo	73	Pip	123	0.485696	0.514304
Ivo	73	Pip	124	-0.851371	1.851371
Ivo	73	Pip	125	0.476153	0.523847
Ivo	73	Pip	126	0.497365	0.502635
Ivo	73	Pip	127	0.529318	0.470682
Ivo	73	Pip	128	0.438847	0.561153
Ivo	73	Pip	129	0.019459	0.980541
Ivo	73	Pip	130	0.282212	0.717788
Ivo	73	Pip	131	0.446916	0.553084
Ivo	73	Pip	132	0.510377	0.489623
Ivo	73	Pip	133	0.432754	0.567246
Ivo	74	Bly	1	-0.848876	1.848876
Ivo	74	Bly	2	0.067630	0.932370
Ivo	74	Bly	3	0.620051	0.379949
Ivo	74	Bly	4	0.456543	0.543457
Ivo	74	Bly	5	0.386634	0.613366
Ivo	74	Bly	6	-0.848876	1.848876
Ivo	74	Bly	7	0.642351	0.357649
Ivo	74	Bly	8	-0.700092	1.700092
Ivo	74	Bly	9	0.595692	0.404308
Ivo	74	Bly	10	0.844363	0.155637
Ivo	74	Bly	11	0.732275	0.267725
Ivo	74	Bly	12	0.709109	0.290891
Ivo	74	Bly	13	0.038553	0.961447
Ivo	74	Bly	14	0.822665	0.177335
Ivo	74	Bly	15	0.493025	0.506975
Ivo	74	Bly	16	0.429463	0.570537
Ivo	74	Bly	17	0.663323	0.336677
Ivo	74	Bly	18	0.452804	0.547196
Ivo	74	Bly	19	0.092632	0.907368
Ivo	74	Bly	20	-0.018751	1.018751
Ivo	74	Bly	21	0.174396	0.825604
Ivo	74	Bly	22	-0.848876	1.848876
Ivo	74	Bly	23	0.586621	0.413379
Ivo	74	Bly	24	0.536259	0.463741
Ivo	74	Bly	25	0.018581	0.981419
Ivo	74	Bly	26	0.746277	0.253723
Ivo	74	Bly	27	0.485670	0.514330
Ivo	74	Bly	28	0.156519	0.843481
Ivo	74	Bly	29	0.431899	0.568101
Ivo	74	Bly	30	0.537660	0.462340
Ivo	74	Bly	31	0.631636	0.368364
Ivo	74	Bly	32	0.388977	0.611023
Ivo	74	Bly	33	0.038791	0.961209
Ivo	74	Bre	34	0.537914	0.462086
Ivo	74	Bre	35	0.742002	0.257998
Ivo	74	Bre	36	-0.791859	1.791859
Ivo	74	Bre	37	0.626040	0.373960
Ivo	74	Bre	38	0.491646	0.508354
Ivo	74	Bre	39	0.624032	0.375968
Ivo	74	Bre	40	0.186543	0.813457
Ivo	74	Bre	41	0.561937	0.438063
Ivo	74	Bre	42	0.572709	0.427291
Ivo	74	Bre	43	-0.471191	1.471191
Ivo	74	Bre	44	0.691198	0.308802
Ivo	74	Bre	45	0.590314	0.409686
Ivo	74	Bre	46	0.748206	0.251794
Ivo	74	Bre	47	0.711006	0.288994
Ivo	74	Bre	48	0.723723	0.276277
Ivo	74	Bre	49	0.476727	0.523273
Ivo	74	Bre	50	0.518512	0.481488
Ivo	74	Bre	51	0.719602	0.280398
Ivo	74	Bre	52	0.588494	0.411506
Ivo	74	Bre	53	0.732238	0.267762
Ivo	74	Bre	54	0.667779	0.332221
Ivo	74	Bre	55	0.492047	0.507953
Ivo	74	Bre	56	-0.889939	1.889939
Ivo	74	Bre	57	0.609015	0.390985
Ivo	74	Bre	58	0.461557	0.538443
Ivo	74	Bre	59	0.546303	0.453697
Ivo	74	Bre	60	0.546657	0.453343
Ivo	74	Bre	61	0.700698	0.299302
Ivo	74	Bre	62	0.639500	0.360500
Ivo	74	Bre	63	0.499342	0.500658
Ivo	74	Bre	64	0.647094	0.352906
Ivo	74	Bre	65	0.672602	0.327398
Ivo	74	Bre	66	0.664645	0.335355
Ivo	74	Ivo	67	0.514670	0.485330
Ivo	74	Ivo	68	0.714968	0.285032
Ivo	74	Ivo	69	0.206104	0.793896
Ivo	74	Ivo	70	0.542427	0.457573
Ivo	74	Ivo	71	0.392625	0.607375
Ivo	74	Ivo	72	0.817084	0.182916
Ivo	74	Ivo	73	0.720547	0.279453
Ivo	74	Ivo	75	0.802000	0.198000
Ivo	74	Ivo	76	0.561685	0.438315
Ivo	74	Ivo	77	0.632106	0.367894
Ivo	74	Ivo	78	0.736026	0.263974
Ivo	74	Ivo	79	0.395517	0.604483
Ivo	74	Ivo	80	0.079303	0.920697
Ivo	74	Ivo	81	0.705058	0.294942
Ivo	74	Ivo	82	0.818360	0.181640
Ivo	74	Ivo	83	0.687727	0.312273
Ivo	74	Ivo	84	0.682914	0.317086
Ivo	74	Ivo	85	0.592407	0.407593
Ivo	74	Ivo	86	0.630415	0.369585
Ivo	74	Ivo	87	0.446916	0.553084
Ivo	74	Ivo	88	0.701148	0.298852
Ivo	74	Ivo	89	0.577912	0.422088
Ivo	74	Ivo	90	0.574547	0.425453
Ivo	74	Ivo	91	0.675262	0.324738
Ivo	74	Ivo	92	0.539332	0.460668
Ivo	74	Ivo	93	0.377263	0.622737
Ivo	74	Ivo	94	0.198947	0.801053
Ivo	74	Ivo	95	0.678164	0.321836
Ivo	74	Ivo	96	0.592106	0.407894
Ivo	74	Ivo	97	0.269553	0.730447
Ivo	74	Pip	98	0.563112	0.436888
Ivo	74	Pip	99	0.400157	0.599843
Ivo	74	Pip	100	0.153062	0.846938
Ivo	74	Pip	101	0.637687	0.362313
Ivo	74	Pip	102	0.111059	0.888941
Ivo	74	Pip	103	0.646477	0.353523
Ivo	74	Pip	104	0.478755	0.521245
Ivo	74	Pip	105	0.581388	0.418612
Ivo	74	Pip	106	0.603998	0.396002
Ivo	74	Pip	107	-0.044320	1.044320
Ivo	74	Pip	108	-0.848876	1.848876
Ivo	74	Pip	109	0.556793	0.443207
Ivo	74	Pip	110	0.442332	0.557668
Ivo	74	Pip	111	0.341661	0.658339
Ivo	74	Pip	112	0.610365	0.389635
Ivo	74	Pip	113	0.659426	0.340574
Ivo	74	Pip	114	0.186287	0.813713
Ivo	74	Pip	115	-0.244070	1.244070
Ivo	74	Pip	116	0.561788	0.438212
Ivo	74	Pip	117	0.044022	0.955978
Ivo	74	Pip	118	0.513952	0.486048
Ivo	74	Pip	119	0.274891	0.725109
Ivo	74	Pip	120	-0.238081	1.238081
Ivo	74	Pip	121	0.589196	0.410804
Ivo	74	Pip	122	-0.153300	1.153300
Ivo	74	Pip	123	0.623384	0.376616
Ivo	74	Pip	124	-0.848876	1.848876
Ivo	74	Pip	125	0.577382	0.422618
Ivo	74	Pip	126	0.598869	0.401131
Ivo	74	Pip	127	0.661130	0.338870
Ivo	74	Pip	128	0.576535	0.423465
Ivo	74	Pip	129	0.040374	0.959626
Ivo	74	Pip	130	0.345264	0.654736
Ivo	74	Pip	131	0.620144	0.379856
Ivo	74	Pip	132	0.613528	0.386472
Ivo	74	Pip	133	0.676326	0.323674
Ivo	75	Bly	1	-0.815137	1.815137
Ivo	75	Bly	2	0.141359	0.858641
Ivo	75	Bly	3	0.464617	0.535383
Ivo	75	Bly	4	0.329301	0.670699
Ivo	75	Bly	5	0.389605	0.610395
Ivo	75	Bly	6	-0.815137	1.815137
Ivo	75	Bly	7	0.515109	0.484891
Ivo	75	Bly	8	-0.718504	1.718504
Ivo	75	Bly	9	0.511015	0.488985
Ivo	75	Bly	10	0.723807	0.276193
Ivo	75	Bly	11	0.569153	0.430847
Ivo	75	Bly	12	0.545986	0.454014
Ivo	75	Bly	13	0.056964	0.943036
Ivo	75	Bly	14	0.660546	0.339454
Ivo	75	Bly	15	0.445059	0.554941
Ivo	75	Bly	16	0.274029	0.725971
Ivo	75	Bly	17	0.543770	0.456230
Ivo	75	Bly	18	0.333251	0.666749
Ivo	75	Bly	19	-0.070490	1.070490
Ivo	75	Bly	20	-0.037163	1.037163
Ivo	75	Bly	21	0.126430	0.873570
Ivo	75	Bly	22	-0.815137	1.815137
Ivo	75	Bly	23	0.431187	0.568813
Ivo	75	Bly	24	0.488292	0.511708
Ivo	75	Bly	25	-0.107831	1.107831
Ivo	75	Bly	26	0.662430	0.337570
Ivo	75	Bly	27	0.365114	0.634886
Ivo	75	Bly	28	0.182620	0.817380
Ivo	75	Bly	29	0.348053	0.651947
Ivo	75	Bly	30	0.382226	0.617774
Ivo	75	Bly	31	0.597897	0.402103
Ivo	75	Bly	32	0.321805	0.678195
Ivo	75	Bly	33	-0.081766	1.081766
Ivo	75	Bre	34	0.417357	0.582643
Ivo	75	Bre	35	0.614760	0.385240
Ivo	75	Bre	36	-0.758120	1.758120
Ivo	75	Bre	37	0.540959	0.459041
Ivo	75	Bre	38	0.406565	0.593435
Ivo	75	Bre	39	0.504478	0.495522
Ivo	75	Bre	40	0.083260	0.916740
Ivo	75	Bre	41	0.406503	0.593497
Ivo	75	Bre	42	0.452152	0.547848
Ivo	75	Bre	43	-0.437452	1.437452
Ivo	75	Bre	44	0.606522	0.393478
Ivo	75	Bre	45	0.469757	0.530243
Ivo	75	Bre	46	0.627649	0.372351
Ivo	75	Bre	47	0.555573	0.444427
Ivo	75	Bre	48	0.568289	0.431711
Ivo	75	Bre	49	0.356170	0.643830
Ivo	75	Bre	50	0.397955	0.602045
Ivo	75	Bre	51	0.599045	0.400955
Ivo	75	Bre	52	0.467937	0.532063
Ivo	75	Bre	53	0.647157	0.352843
Ivo	75	Bre	54	0.547223	0.452777
Ivo	75	Bre	55	0.336613	0.663387
Ivo	75	Bre	56	-0.856200	1.856200
Ivo	75	Bre	57	0.489461	0.510539
Ivo	75	Bre	58	0.341001	0.658999
Ivo	75	Bre	59	0.390869	0.609131
Ivo	75	Bre	60	0.391223	0.608777
Ivo	75	Bre	61	0.545265	0.454735
Ivo	75	Bre	62	0.554823	0.445177
Ivo	75	Bre	63	0.380019	0.619981
Ivo	75	Bre	64	0.526537	0.473463
Ivo	75	Bre	65	0.552045	0.447955
Ivo	75	Bre	66	0.544088	0.455912
Ivo	75	Ivo	67	0.375506	0.624494
Ivo	75	Ivo	68	0.595415	0.404585
Ivo	75	Ivo	69	0.085547	0.914453
Ivo	75	Ivo	70	0.517416	0.482584
Ivo	75	Ivo	71	0.308778	0.691222
Ivo	75	Ivo	72	0.769118	0.230882
Ivo	75	Ivo	73	0.630015	0.369985
Ivo	75	Ivo	74	0.802000	0.198000
Ivo	75	Ivo	76	0.512485	0.487515
Ivo	75	Ivo	77	0.535508	0.464492
Ivo	75	Ivo	78	0.674306	0.325694
Ivo	75	Ivo	79	0.311439	0.688561
Ivo	75	Ivo	80	-0.024983	1.024983
Ivo	75	Ivo	81	0.601775	0.398225
Ivo	75	Ivo	82	0.656241	0.343759
Ivo	75	Ivo	83	0.560485	0.439515
Ivo	75	Ivo	84	0.556907	0.443093
Ivo	75	Ivo	85	0.436973	0.563027
Ivo	75	Ivo	86	0.581446	0.418554
Ivo	75	Ivo	87	0.326359	0.673641
Ivo	75	Ivo	88	0.539029	0.460971
Ivo	75	Ivo	89	0.422478	0.577522
Ivo	75	Ivo	90	0.419113	0.580887
Ivo	75	Ivo	91	0.591415	0.408585
Ivo	75	Ivo	92	0.383898	0.616102
Ivo	75	Ivo	93	0.257710	0.742290
Ivo	75	Ivo	94	0.166248	0.833752
Ivo	75	Ivo	95	0.645464	0.354536
Ivo	75	Ivo	96	0.428984	0.571016
Ivo	75	Ivo	97	0.213897	0.786103
Ivo	75	Pip	98	0.514142	0.485858
Ivo	75	Pip	99	0.438005	0.561995
Ivo	75	Pip	100	0.104092	0.895908
Ivo	75	Pip	101	0.588717	0.411283
Ivo	75	Pip	102	0.055937	0.944063
Ivo	75	Pip	103	0.562631	0.437369
Ivo	75	Pip	104	0.430789	0.569211
Ivo	75	Pip	105	0.527270	0.472730
Ivo	75	Pip	106	0.514000	0.486000
Ivo	75	Pip	107	-0.076016	1.076016
Ivo	75	Pip	108	-0.815137	1.815137
Ivo	75	Pip	109	0.472946	0.527054
Ivo	75	Pip	110	0.358486	0.641514
Ivo	75	Pip	111	0.251663	0.748337
Ivo	75	Pip	112	0.605647	0.394353
Ivo	75	Pip	113	0.646337	0.353663
Ivo	75	Pip	114	0.030853	0.969147
Ivo	75	Pip	115	-0.210331	1.210331
Ivo	75	Pip	116	0.442235	0.557765
Ivo	75	Pip	117	-0.076535	1.076535
Ivo	75	Pip	118	0.464982	0.535018
Ivo	75	Pip	119	0.343298	0.656702
Ivo	75	Pip	120	-0.169674	1.169674
Ivo	75	Pip	121	0.505349	0.494651
Ivo	75	Pip	122	-0.079571	1.079571
Ivo	75	Pip	123	0.538708	0.461292
Ivo	75	Pip	124	-0.815137	1.815137
Ivo	75	Pip	125	0.615230	0.384770
Ivo	75	Pip	126	0.651215	0.348785
Ivo	75	Pip	127	0.577283	0.422717
Ivo	75	Pip	128	0.536111	0.463889
Ivo	75	Pip	129	-0.008595	1.008595
Ivo	75	Pip	130	0.335398	0.664602
Ivo	75	Pip	131	0.500590	0.499410
Ivo	75	Pip	132	0.529450	0.470550
Ivo	75	Pip	133	0.555769	0.444231
Ivo	76	Bly	1	-1.054731	2.054731
Ivo	76	Bly	2	0.010166	0.989834
Ivo	76	Bly	3	0.597547	0.402453
Ivo	76	Bly	4	0.425505	0.574495
Ivo	76	Bly	5	0.302184	0.697816
Ivo	76	Bly	6	-1.054731	2.054731
Ivo	76	Bly	7	0.527487	0.472513
Ivo	76	Bly	8	-0.557404	1.557404
Ivo	76	Bly	9	0.549233	0.450767
Ivo	76	Bly	10	0.598115	0.401885
Ivo	76	Bly	11	0.561498	0.438502
Ivo	76	Bly	12	0.538602	0.461398
Ivo	76	Bly	13	-0.251015	1.251015
Ivo	76	Bly	14	0.498220	0.501780
Ivo	76	Bly	15	0.434203	0.565797
Ivo	76	Bly	16	0.336377	0.663623
Ivo	76	Bly	17	0.489511	0.510489
Ivo	76	Bly	18	0.278993	0.721007
Ivo	76	Bly	19	0.214544	0.785456
Ivo	76	Bly	20	0.063148	0.936852
Ivo	76	Bly	21	0.188570	0.811430
Ivo	76	Bly	22	-1.054731	2.054731
Ivo	76	Bly	23	0.337790	0.662210
Ivo	76	Bly	24	0.395146	0.604854
Ivo	76	Bly	25	-0.150159	1.150159
Ivo	76	Bly	26	0.498457	0.501543
Ivo	76	Bly	27	0.309153	0.690847
Ivo	76	Bly	28	-0.019798	1.019798
Ivo	76	Bly	29	0.387852	0.612148
Ivo	76	Bly	30	0.419620	0.580380
Ivo	76	Bly	31	0.501722	0.498278
Ivo	76	Bly	32	0.182233	0.817767
Ivo	76	Bly	33	0.109691	0.890309
Ivo	76	Bre	34	0.562818	0.437182
Ivo	76	Bre	35	0.524140	0.475860
Ivo	76	Bre	36	-0.997714	1.997714
Ivo	76	Bre	37	0.591168	0.408832
Ivo	76	Bre	38	0.456773	0.543227
Ivo	76	Bre	39	0.413858	0.586142
Ivo	76	Bre	40	-0.066197	1.066197
Ivo	76	Bre	41	0.456712	0.543288
Ivo	76	Bre	42	0.502361	0.497639
Ivo	76	Bre	43	-0.594920	1.594920
Ivo	76	Bre	44	0.550366	0.449634
Ivo	76	Bre	45	0.653962	0.346038
Ivo	76	Bre	46	0.537029	0.462971
Ivo	76	Bre	47	0.571589	0.428411
Ivo	76	Bre	48	0.524272	0.475728
Ivo	76	Bre	49	0.597378	0.402622
Ivo	76	Bre	50	0.378373	0.621627
Ivo	76	Bre	51	0.579522	0.420478
Ivo	76	Bre	52	0.672572	0.327428
Ivo	76	Bre	53	0.593170	0.406830
Ivo	76	Bre	54	0.493236	0.506764
Ivo	76	Bre	55	0.704441	0.295559
Ivo	76	Bre	56	-1.013668	2.013668
Ivo	76	Bre	57	0.398841	0.601159
Ivo	76	Bre	58	0.474657	0.525343
Ivo	76	Bre	59	0.489727	0.510273
Ivo	76	Bre	60	0.538854	0.461146
Ivo	76	Bre	61	0.489108	0.510892
Ivo	76	Bre	62	0.571874	0.428126
Ivo	76	Bre	63	0.336401	0.663599
Ivo	76	Bre	64	0.674168	0.325832
Ivo	76	Bre	65	0.498058	0.501942
Ivo	76	Bre	66	0.490101	0.509899
Ivo	76	Ivo	67	0.443213	0.556787
Ivo	76	Ivo	68	0.538651	0.461349
Ivo	76	Ivo	69	0.177728	0.822272
Ivo	76	Ivo	70	0.475239	0.524761
Ivo	76	Ivo	71	0.217801	0.782199
Ivo	76	Ivo	72	0.671856	0.328144
Ivo	76	Ivo	73	0.635536	0.364464
Ivo	76	Ivo	74	0.561685	0.438315
Ivo	76	Ivo	75	0.512485	0.487515
Ivo	76	Ivo	77	0.515949	0.484051
Ivo	76	Ivo	78	0.634870	0.365130
Ivo	76	Ivo	79	0.384012	0.615988
Ivo	76	Ivo	80	0.161526	0.838474
Ivo	76	Ivo	81	0.416976	0.583024
Ivo	76	Ivo	82	0.684489	0.315511
Ivo	76	Ivo	83	0.776376	0.223624
Ivo	76	Ivo	84	0.427398	0.572602
Ivo	76	Ivo	85	0.491717	0.508283
Ivo	76	Ivo	86	0.562173	0.437827
Ivo	76	Ivo	87	0.365979	0.634021
Ivo	76	Ivo	88	0.575631	0.424369
Ivo	76	Ivo	89	0.336103	0.663897
Ivo	76	Ivo	90	0.286865	0.713135
Ivo	76	Ivo	91	0.592117	0.407883
Ivo	76	Ivo	92	0.459995	0.540005
Ivo	76	Ivo	93	0.579146	0.420854
Ivo	76	Ivo	94	0.096407	0.903593
Ivo	76	Ivo	95	0.541308	0.458692
Ivo	76	Ivo	96	0.563700	0.436300
Ivo	76	Ivo	97	0.253611	0.746389
Ivo	76	Pip	98	0.456534	0.543466
Ivo	76	Pip	99	0.472008	0.527992
Ivo	76	Pip	100	0.319116	0.680884
Ivo	76	Pip	101	0.426643	0.573357
Ivo	76	Pip	102	0.076397	0.923603
Ivo	76	Pip	103	0.400556	0.599444
Ivo	76	Pip	104	0.268714	0.731286
Ivo	76	Pip	105	0.335872	0.664128
Ivo	76	Pip	106	0.407885	0.592115
Ivo	76	Pip	107	-0.155909	1.155909
Ivo	76	Pip	108	-1.054731	2.054731
Ivo	76	Pip	109	0.310871	0.689129
Ivo	76	Pip	110	0.443793	0.556207
Ivo	76	Pip	111	0.356296	0.643704
Ivo	76	Pip	112	0.511029	0.488971
Ivo	76	Pip	113	0.518726	0.481274
Ivo	76	Pip	114	0.068099	0.931901
Ivo	76	Pip	115	-0.449925	1.449925
Ivo	76	Pip	116	0.455203	0.544797
Ivo	76	Pip	117	-0.002779	1.002779
Ivo	76	Pip	118	0.458193	0.541807
Ivo	76	Pip	119	0.310816	0.689184
Ivo	76	Pip	120	-0.332932	1.332932
Ivo	76	Pip	121	0.377738	0.622262
Ivo	76	Pip	122	0.001467	0.998533
Ivo	76	Pip	123	0.482748	0.517252
Ivo	76	Pip	124	-1.054731	2.054731
Ivo	76	Pip	125	0.544012	0.455988
Ivo	76	Pip	126	0.423705	0.576295
Ivo	76	Pip	127	0.415208	0.584792
Ivo	76	Pip	128	0.464371	0.535629
Ivo	76	Pip	129	0.014864	0.985136
Ivo	76	Pip	130	0.232686	0.767314
Ivo	76	Pip	131	0.504344	0.495656
Ivo	76	Pip	132	0.437951	0.562049
Ivo	76	Pip	133	0.429806	0.570194
Ivo	77	Bly	1	-0.736104	1.736104
Ivo	77	Bly	2	-0.143346	1.143346
Ivo	77	Bly	3	0.447822	0.552178
Ivo	77	Bly	4	0.337839	0.662161
Ivo	77	Bly	5	0.345097	0.654903
Ivo	77	Bly	6	-0.736104	1.736104
Ivo	77	Bly	7	0.472397	0.527603
Ivo	77	Bly	8	-0.609685	1.609685
Ivo	77	Bly	9	0.514432	0.485568
Ivo	77	Bly	10	0.597025	0.402975
Ivo	77	Bly	11	0.555105	0.444895
Ivo	77	Bly	12	0.542179	0.457821
Ivo	77	Bly	13	-0.069404	1.069404
Ivo	77	Bly	14	0.567361	0.432639
Ivo	77	Bly	15	0.466416	0.533584
Ivo	77	Bly	16	0.380208	0.619792
Ivo	77	Bly	17	0.659165	0.340835
Ivo	77	Bly	18	0.356947	0.643053
Ivo	77	Bly	19	-0.122163	1.122163
Ivo	77	Bly	20	0.071656	0.928344
Ivo	77	Bly	21	0.184149	0.815851
Ivo	77	Bly	22	-0.736104	1.736104
Ivo	77	Bly	23	0.550629	0.449371
Ivo	77	Bly	24	0.562044	0.437956
Ivo	77	Bly	25	0.032371	0.967629
Ivo	77	Bly	26	0.568003	0.431997
Ivo	77	Bly	27	0.402501	0.597499
Ivo	77	Bly	28	0.049084	0.950916
Ivo	77	Bly	29	0.645279	0.354721
Ivo	77	Bly	30	0.562320	0.437680
Ivo	77	Bly	31	0.459407	0.540593
Ivo	77	Bly	32	0.226973	0.773027
Ivo	77	Bly	33	-0.137721	1.137721
Ivo	77	Bre	34	0.483992	0.516008
Ivo	77	Bre	35	0.533301	0.466699
Ivo	77	Bre	36	-0.679087	1.679087
Ivo	77	Bre	37	0.606720	0.393280
Ivo	77	Bre	38	0.518928	0.481072
Ivo	77	Bre	39	0.457897	0.542103
Ivo	77	Bre	40	0.036678	0.963322
Ivo	77	Bre	41	0.542616	0.457384
Ivo	77	Bre	42	0.608709	0.391291
Ivo	77	Bre	43	-0.276293	1.276293
Ivo	77	Bre	44	0.643372	0.356628
Ivo	77	Bre	45	0.464687	0.535313
Ivo	77	Bre	46	0.582071	0.417929
Ivo	77	Bre	47	0.547512	0.452488
Ivo	77	Bre	48	0.594829	0.405171
Ivo	77	Bre	49	0.351100	0.648900
Ivo	77	Bre	50	0.352377	0.647623
Ivo	77	Bre	51	0.625172	0.374828
Ivo	77	Bre	52	0.500108	0.499892
Ivo	77	Bre	53	0.566103	0.433897
Ivo	77	Bre	54	0.501645	0.498355
Ivo	77	Bre	55	0.575573	0.424427
Ivo	77	Bre	56	-0.695041	1.695041
Ivo	77	Bre	57	0.480121	0.519879
Ivo	77	Bre	58	0.299569	0.700431
Ivo	77	Bre	59	0.676006	0.323994
Ivo	77	Bre	60	0.513593	0.486407
Ivo	77	Bre	61	0.606269	0.393731
Ivo	77	Bre	62	0.473365	0.526635
Ivo	77	Bre	63	0.507333	0.492667
Ivo	77	Bre	64	0.521467	0.478533
Ivo	77	Bre	65	0.506467	0.493533
Ivo	77	Bre	66	0.582354	0.417646
Ivo	77	Ivo	67	0.631728	0.368272
Ivo	77	Ivo	68	0.539335	0.460665
Ivo	77	Ivo	69	-0.044115	1.044115
Ivo	77	Ivo	70	0.485926	0.514074
Ivo	77	Ivo	71	0.388468	0.611532
Ivo	77	Ivo	72	0.562582	0.437418
Ivo	77	Ivo	73	0.387254	0.612746
Ivo	77	Ivo	74	0.632106	0.367894
Ivo	77	Ivo	75	0.535508	0.464492
Ivo	77	Ivo	76	0.515949	0.484051
Ivo	77	Ivo	78	0.672313	0.327687
Ivo	77	Ivo	79	0.357975	0.642025
Ivo	77	Ivo	80	-0.072520	1.072520
Ivo	77	Ivo	81	0.510352	0.489648
Ivo	77	Ivo	82	0.599282	0.400718
Ivo	77	Ivo	83	0.507395	0.492605
Ivo	77	Ivo	84	0.655011	0.344989
Ivo	77	Ivo	85	0.348146	0.651854
Ivo	77	Ivo	86	0.638121	0.361879
Ivo	77	Ivo	87	0.239017	0.760983
Ivo	77	Ivo	88	0.600514	0.399486
Ivo	77	Ivo	89	0.626479	0.373521
Ivo	77	Ivo	90	0.594184	0.405816
Ivo	77	Ivo	91	0.508578	0.491422
Ivo	77	Ivo	92	0.426379	0.573621
Ivo	77	Ivo	93	0.250798	0.749202
Ivo	77	Ivo	94	0.204615	0.795385
Ivo	77	Ivo	95	0.575627	0.424373
Ivo	77	Ivo	96	0.436588	0.563412
Ivo	77	Ivo	97	0.150396	0.849604
Ivo	77	Pip	98	0.506550	0.493450
Ivo	77	Pip	99	0.189181	0.810819
Ivo	77	Pip	100	0.260135	0.739865
Ivo	77	Pip	101	0.507914	0.492086
Ivo	77	Pip	102	0.082661	0.917339
Ivo	77	Pip	103	0.516705	0.483295
Ivo	77	Pip	104	0.348982	0.651018
Ivo	77	Pip	105	0.458923	0.541077
Ivo	77	Pip	106	0.665157	0.334843
Ivo	77	Pip	107	-0.008087	1.008087
Ivo	77	Pip	108	-0.736104	1.736104
Ivo	77	Pip	109	0.427020	0.572980
Ivo	77	Pip	110	0.464056	0.535944
Ivo	77	Pip	111	0.439894	0.560106
Ivo	77	Pip	112	0.403426	0.596574
Ivo	77	Pip	113	0.529653	0.470347
Ivo	77	Pip	114	0.187823	0.812177
Ivo	77	Pip	115	-0.131298	1.131298
Ivo	77	Pip	116	0.508388	0.491612
Ivo	77	Pip	117	0.050224	0.949776
Ivo	77	Pip	118	0.388325	0.611675
Ivo	77	Pip	119	0.283202	0.716798
Ivo	77	Pip	120	-0.325945	1.325945
Ivo	77	Pip	121	0.493887	0.506113
Ivo	77	Pip	122	-0.228300	1.228300
Ivo	77	Pip	123	0.459011	0.540989
Ivo	77	Pip	124	-0.736104	1.736104
Ivo	77	Pip	125	0.413009	0.586991
Ivo	77	Pip	126	0.511004	0.488996
Ivo	77	Pip	127	0.496757	0.503243
Ivo	77	Pip	128	0.411504	0.588496
Ivo	77	Pip	129	0.046441	0.953559
Ivo	77	Pip	130	0.180232	0.819768
Ivo	77	Pip	131	0.546328	0.453672
Ivo	77	Pip	132	0.525663	0.474337
Ivo	77	Pip	133	0.511953	0.488047
Ivo	78	Bly	1	-0.926344	1.926344
Ivo	78	Bly	2	0.000698	0.999302
Ivo	78	Bly	3	0.662642	0.337358
Ivo	78	Bly	4	0.381509	0.618491
Ivo	78	Bly	5	0.339659	0.660341
Ivo	78	Bly	6	-0.926344	1.926344
Ivo	78	Bly	7	0.638844	0.361156
Ivo	78	Bly	8	-0.576434	1.576434
Ivo	78	Bly	9	0.526590	0.473410
Ivo	78	Bly	10	0.694466	0.305534
Ivo	78	Bly	11	0.574005	0.425995
Ivo	78	Bly	12	0.644315	0.355685
Ivo	78	Bly	13	-0.085105	1.085105
Ivo	78	Bly	14	0.558691	0.441309
Ivo	78	Bly	15	0.352684	0.647316
Ivo	78	Bly	16	0.364231	0.635769
Ivo	78	Bly	17	0.605947	0.394053
Ivo	78	Bly	18	0.340969	0.659031
Ivo	78	Bly	19	0.127534	0.872466
Ivo	78	Bly	20	0.009654	0.990346
Ivo	78	Bly	21	0.107051	0.892949
Ivo	78	Bly	22	-0.926344	1.926344
Ivo	78	Bly	23	0.446280	0.553720
Ivo	78	Bly	24	0.478883	0.521117
Ivo	78	Bly	25	-0.044727	1.044727
Ivo	78	Bly	26	0.559333	0.440667
Ivo	78	Bly	27	0.428707	0.571293
Ivo	78	Bly	28	0.111647	0.888353
Ivo	78	Bly	29	0.449904	0.550096
Ivo	78	Bly	30	0.443922	0.556078
Ivo	78	Bly	31	0.566817	0.433183
Ivo	78	Bly	32	0.254936	0.745064
Ivo	78	Bly	33	0.054972	0.945028
Ivo	78	Bre	34	0.556208	0.443792
Ivo	78	Bre	35	0.559508	0.440492
Ivo	78	Bre	36	-0.869327	1.869327
Ivo	78	Bre	37	0.595685	0.404315
Ivo	78	Bre	38	0.507894	0.492106
Ivo	78	Bre	39	0.449227	0.550773
Ivo	78	Bre	40	0.028008	0.971992
Ivo	78	Bre	41	0.496705	0.503295
Ivo	78	Bre	42	0.542354	0.457646
Ivo	78	Bre	43	-0.548659	1.548659
Ivo	78	Bre	44	0.632337	0.367663
Ivo	78	Bre	45	0.657381	0.342619
Ivo	78	Bre	46	0.608278	0.391722
Ivo	78	Bre	47	0.572835	0.427165
Ivo	78	Bre	48	0.595521	0.404479
Ivo	78	Bre	49	0.600798	0.399202
Ivo	78	Bre	50	0.378584	0.621416
Ivo	78	Bre	51	0.650771	0.349229
Ivo	78	Bre	52	0.712565	0.287435
Ivo	78	Bre	53	0.628944	0.371056
Ivo	78	Bre	54	0.564485	0.435515
Ivo	78	Bre	55	0.615705	0.384295
Ivo	78	Bre	56	-0.967407	1.967407
Ivo	78	Bre	57	0.434210	0.565790
Ivo	78	Bre	58	0.443612	0.556388
Ivo	78	Bre	59	0.527673	0.472327
Ivo	78	Bre	60	0.532244	0.467756
Ivo	78	Bre	61	0.560358	0.439642
Ivo	78	Bre	62	0.536205	0.463795
Ivo	78	Bre	63	0.359001	0.640999
Ivo	78	Bre	64	0.714161	0.285839
Ivo	78	Bre	65	0.569307	0.430693
Ivo	78	Bre	66	0.607953	0.392047
Ivo	78	Ivo	67	0.560960	0.439040
Ivo	78	Ivo	68	0.564658	0.435342
Ivo	78	Ivo	69	0.283572	0.716428
Ivo	78	Ivo	70	0.602938	0.397062
Ivo	78	Ivo	71	0.371883	0.628117
Ivo	78	Ivo	72	0.703136	0.296864
Ivo	78	Ivo	73	0.596814	0.403186
Ivo	78	Ivo	74	0.736026	0.263974
Ivo	78	Ivo	75	0.674306	0.325694
Ivo	78	Ivo	76	0.634870	0.365130
Ivo	78	Ivo	77	0.672313	0.327687
Ivo	78	Ivo	79	0.348382	0.651618
Ivo	78	Ivo	80	0.173041	0.826959
Ivo	78	Ivo	81	0.536283	0.463717
Ivo	78	Ivo	82	0.710496	0.289504
Ivo	78	Ivo	83	0.700089	0.299911
Ivo	78	Ivo	84	0.500008	0.499992
Ivo	78	Ivo	85	0.640956	0.359044
Ivo	78	Ivo	86	0.644550	0.355450
Ivo	78	Ivo	87	0.481421	0.518579
Ivo	78	Ivo	88	0.648240	0.351760
Ivo	78	Ivo	89	0.512680	0.487320
Ivo	78	Ivo	90	0.517171	0.482829
Ivo	78	Ivo	91	0.586238	0.413762
Ivo	78	Ivo	92	0.531375	0.468625
Ivo	78	Ivo	93	0.383492	0.616508
Ivo	78	Ivo	94	0.138260	0.861740
Ivo	78	Ivo	95	0.629764	0.370236
Ivo	78	Ivo	96	0.635080	0.364920
Ivo	78	Ivo	97	0.253636	0.746364
Ivo	78	Pip	98	0.532757	0.467243
Ivo	78	Pip	99	0.345241	0.654759
Ivo	78	Pip	100	0.230098	0.769902
Ivo	78	Pip	101	0.534121	0.465879
Ivo	78	Pip	102	0.141493	0.858507
Ivo	78	Pip	103	0.508035	0.491965
Ivo	78	Pip	104	0.340312	0.659688
Ivo	78	Pip	105	0.442945	0.557055
Ivo	78	Pip	106	0.548792	0.451208
Ivo	78	Pip	107	-0.202854	1.202854
Ivo	78	Pip	108	-0.926344	1.926344
Ivo	78	Pip	109	0.418350	0.581650
Ivo	78	Pip	110	0.303890	0.696110
Ivo	78	Pip	111	0.251868	0.748132
Ivo	78	Pip	112	0.500867	0.499133
Ivo	78	Pip	113	0.555860	0.444140
Ivo	78	Pip	114	0.133194	0.866806
Ivo	78	Pip	115	-0.321538	1.321538
Ivo	78	Pip	116	0.457810	0.542190
Ivo	78	Pip	117	0.027852	0.972148
Ivo	78	Pip	118	0.534416	0.465584
Ivo	78	Pip	119	0.136449	0.863551
Ivo	78	Pip	120	-0.376523	1.376523
Ivo	78	Pip	121	0.485217	0.514783
Ivo	78	Pip	122	-0.075832	1.075832
Ivo	78	Pip	123	0.519819	0.480181
Ivo	78	Pip	124	-0.926344	1.926344
Ivo	78	Pip	125	0.510450	0.489550
Ivo	78	Pip	126	0.495304	0.504696
Ivo	78	Pip	127	0.522687	0.477313
Ivo	78	Pip	128	0.430404	0.569596
Ivo	78	Pip	129	0.056622	0.943378
Ivo	78	Pip	130	0.164255	0.835745
Ivo	78	Pip	131	0.481701	0.518299
Ivo	78	Pip	132	0.475085	0.524915
Ivo	78	Pip	133	0.572760	0.427240
Ivo	79	Bly	1	-0.804541	1.804541
Ivo	79	Bly	2	-0.189207	1.189207
Ivo	79	Bly	3	0.217604	0.782396
Ivo	79	Bly	4	0.227931	0.772069
Ivo	79	Bly	5	0.128794	0.871206
Ivo	79	Bly	6	-0.804541	1.804541
Ivo	79	Bly	7	0.391383	0.608617
Ivo	79	Bly	8	-0.951503	1.951503
Ivo	79	Bly	9	0.332547	0.667453
Ivo	79	Bly	10	0.360436	0.639564
Ivo	79	Bly	11	0.348907	0.651093
Ivo	79	Bly	12	0.459119	0.540881
Ivo	79	Bly	13	-0.092490	1.092490
Ivo	79	Bly	14	0.431061	0.568939
Ivo	79	Bly	15	0.267788	0.732212
Ivo	79	Bly	16	0.135647	0.864353
Ivo	79	Bly	17	0.451990	0.548010
Ivo	79	Bly	18	0.188438	0.811562
Ivo	79	Bly	19	-0.318300	1.318300
Ivo	79	Bly	20	-0.282301	1.282301
Ivo	79	Bly	21	-0.013100	1.013100
Ivo	79	Bly	22	-0.804541	1.804541
Ivo	79	Bly	23	0.290028	0.709972
Ivo	79	Bly	24	0.431942	0.568058
Ivo	79	Bly	25	-0.087454	1.087454
Ivo	79	Bly	26	0.401660	0.598340
Ivo	79	Bly	27	0.241069	0.758931
Ivo	79	Bly	28	-0.101330	1.101330
Ivo	79	Bly	29	0.391721	0.608279
Ivo	79	Bly	30	0.287700	0.712300
Ivo	79	Bly	31	0.265732	0.734268
Ivo	79	Bly	32	0.118739	0.881261
Ivo	79	Bly	33	-0.294729	1.294729
Ivo	79	Bre	34	0.283857	0.716143
Ivo	79	Bre	35	0.446796	0.553204
Ivo	79	Bre	36	-0.747523	1.747523
Ivo	79	Bre	37	0.367287	0.632713
Ivo	79	Bre	38	0.314372	0.685628
Ivo	79	Bre	39	0.369343	0.630657
Ivo	79	Bre	40	-0.034346	1.034346
Ivo	79	Bre	41	0.267708	0.732292
Ivo	79	Bre	42	0.278479	0.721521
Ivo	79	Bre	43	-0.530239	1.530239
Ivo	79	Bre	44	0.479452	0.520548
Ivo	79	Bre	45	0.308636	0.691364
Ivo	79	Bre	46	0.459685	0.540315
Ivo	79	Bre	47	0.422486	0.577514
Ivo	79	Bre	48	0.481805	0.518195
Ivo	79	Bre	49	0.123246	0.876754
Ivo	79	Bre	50	0.281998	0.718002
Ivo	79	Bre	51	0.425372	0.574628
Ivo	79	Bre	52	0.365239	0.634761
Ivo	79	Bre	53	0.439020	0.560980
Ivo	79	Bre	54	0.339086	0.660914
Ivo	79	Bre	55	0.326547	0.673453
Ivo	79	Bre	56	-0.763477	1.763477
Ivo	79	Bre	57	0.356374	0.643626
Ivo	79	Bre	58	0.177418	0.822582
Ivo	79	Bre	59	0.333553	0.666447
Ivo	79	Bre	60	0.276800	0.723200
Ivo	79	Bre	61	0.406469	0.593531
Ivo	79	Bre	62	0.346687	0.653313
Ivo	79	Bre	63	0.338998	0.661002
Ivo	79	Bre	64	0.365003	0.634997
Ivo	79	Bre	65	0.343908	0.656092
Ivo	79	Bre	66	0.382554	0.617446
Ivo	79	Ivo	67	0.154860	0.845140
Ivo	79	Ivo	68	0.479538	0.520462
Ivo	79	Ivo	69	-0.178639	1.178639
Ivo	79	Ivo	70	0.097053	0.902947
Ivo	79	Ivo	71	0.106720	0.893280
Ivo	79	Ivo	72	0.432692	0.567308
Ivo	79	Ivo	73	0.404737	0.595263
Ivo	79	Ivo	74	0.395517	0.604483
Ivo	79	Ivo	75	0.311439	0.688561
Ivo	79	Ivo	76	0.384012	0.615988
Ivo	79	Ivo	77	0.357975	0.642025
Ivo	79	Ivo	78	0.348382	0.651618
Ivo	79	Ivo	80	-0.289838	1.289838
Ivo	79	Ivo	81	0.251372	0.748628
Ivo	79	Ivo	82	0.455511	0.544489
Ivo	79	Ivo	83	0.371481	0.628519
Ivo	79	Ivo	84	0.414130	0.585870
Ivo	79	Ivo	85	0.323578	0.676422
Ivo	79	Ivo	86	0.452758	0.547242
Ivo	79	Ivo	87	0.082010	0.917990
Ivo	79	Ivo	88	0.403165	0.596835
Ivo	79	Ivo	89	0.225238	0.774762
Ivo	79	Ivo	90	0.342674	0.657326
Ivo	79	Ivo	91	0.261274	0.738726
Ivo	79	Ivo	92	0.130186	0.869814
Ivo	79	Ivo	93	0.223364	0.776636
Ivo	79	Ivo	94	-0.223112	1.223112
Ivo	79	Ivo	95	0.256105	0.743895
Ivo	79	Ivo	96	0.256370	0.743630
Ivo	79	Ivo	97	-0.075925	1.075925
Ivo	79	Pip	98	0.302024	0.697976
Ivo	79	Pip	99	0.032802	0.967198
Ivo	79	Pip	100	0.067306	0.932694
Ivo	79	Pip	101	0.406267	0.593733
Ivo	79	Pip	102	-0.173365	1.173365
Ivo	79	Pip	103	0.350926	0.649074
Ivo	79	Pip	104	0.283215	0.716785
Ivo	79	Pip	105	0.326414	0.673586
Ivo	79	Pip	106	0.319574	0.680426
Ivo	79	Pip	107	-0.149940	1.149940
Ivo	79	Pip	108	-0.804541	1.804541
Ivo	79	Pip	109	0.261241	0.738759
Ivo	79	Pip	110	0.228907	0.771093
Ivo	79	Pip	111	0.092761	0.907239
Ivo	79	Pip	112	0.235322	0.764678
Ivo	79	Pip	113	0.434219	0.565781
Ivo	79	Pip	114	-0.098137	1.098137
Ivo	79	Pip	115	-0.258570	1.258570
Ivo	79	Pip	116	0.335570	0.664430
Ivo	79	Pip	117	-0.252542	1.252542
Ivo	79	Pip	118	0.186770	0.813230
Ivo	79	Pip	119	0.064300	0.935700
Ivo	79	Pip	120	-0.231261	1.231261
Ivo	79	Pip	121	0.328108	0.671892
Ivo	79	Pip	122	-0.449897	1.449897
Ivo	79	Pip	123	0.328238	0.671762
Ivo	79	Pip	124	-0.804541	1.804541
Ivo	79	Pip	125	0.244905	0.755095
Ivo	79	Pip	126	0.304321	0.695679
Ivo	79	Pip	127	0.370874	0.629126
Ivo	79	Pip	128	0.201897	0.798103
Ivo	79	Pip	129	-0.139646	1.139646
Ivo	79	Pip	130	0.082188	0.917812
Ivo	79	Pip	131	0.359461	0.640539
Ivo	79	Pip	132	0.388321	0.611679
Ivo	79	Pip	133	0.345299	0.654701
Ivo	80	Bly	1	-1.604732	2.604732
Ivo	80	Bly	2	-0.480550	1.480550
Ivo	80	Bly	3	0.102910	0.897090
Ivo	80	Bly	4	-0.176193	1.176193
Ivo	80	Bly	5	-0.264689	1.264689
Ivo	80	Bly	6	-1.604732	2.604732
Ivo	80	Bly	7	0.005072	0.994928
Ivo	80	Bly	8	-1.064035	2.064035
Ivo	80	Bly	9	-0.001490	1.001490
Ivo	80	Bly	10	0.029854	0.970146
Ivo	80	Bly	11	-0.004733	1.004733
Ivo	80	Bly	12	-0.021739	1.021739
Ivo	80	Bly	13	-0.719060	1.719060
Ivo	80	Bly	14	-0.026722	1.026722
Ivo	80	Bly	15	-0.322792	1.322792
Ivo	80	Bly	16	-0.202694	1.202694
Ivo	80	Bly	17	-0.112260	1.112260
Ivo	80	Bly	18	-0.249355	1.249355
Ivo	80	Bly	19	-0.111681	1.111681
Ivo	80	Bly	20	-0.448423	1.448423
Ivo	80	Bly	21	-0.462620	1.462620
Ivo	80	Bly	22	-1.604732	2.604732
Ivo	80	Bly	23	-0.044930	1.044930
Ivo	80	Bly	24	-0.171008	1.171008
Ivo	80	Bly	25	-0.617558	1.617558
Ivo	80	Bly	26	0.071819	0.928181
Ivo	80	Bly	27	-0.224230	1.224230
Ivo	80	Bly	28	-0.634214	1.634214
Ivo	80	Bly	29	-0.120000	1.120000
Ivo	80	Bly	30	-0.172352	1.172352
Ivo	80	Bly	31	0.012739	0.987261
Ivo	80	Bly	32	-0.401756	1.401756
Ivo	80	Bly	33	-0.468344	1.468344
Ivo	80	Bre	34	-0.082227	1.082227
Ivo	80	Bre	35	-0.106577	1.106577
Ivo	80	Bre	36	-1.547715	2.547715
Ivo	80	Bre	37	-0.042750	1.042750
Ivo	80	Bre	38	-0.142267	1.142267
Ivo	80	Bre	39	-0.189870	1.189870
Ivo	80	Bre	40	-0.338539	1.338539
Ivo	80	Bre	41	-0.105097	1.105097
Ivo	80	Bre	42	-0.096081	1.096081
Ivo	80	Bre	43	-1.216048	2.216048
Ivo	80	Bre	44	-0.122703	1.122703
Ivo	80	Bre	45	0.159325	0.840675
Ivo	80	Bre	46	-0.065695	1.065695
Ivo	80	Bre	47	-0.031136	1.031136
Ivo	80	Bre	48	-0.078453	1.078453
Ivo	80	Bre	49	0.204281	0.795719
Ivo	80	Bre	50	-0.144995	1.144995
Ivo	80	Bre	51	-0.021033	1.021033
Ivo	80	Bre	52	0.108594	0.891406
Ivo	80	Bre	53	-0.045030	1.045030
Ivo	80	Bre	54	-0.109489	1.109489
Ivo	80	Bre	55	0.059396	0.940604
Ivo	80	Bre	56	-1.563669	2.563669
Ivo	80	Bre	57	-0.239764	1.239764
Ivo	80	Bre	58	-0.054444	1.054444
Ivo	80	Bre	59	-0.157164	1.157164
Ivo	80	Bre	60	-0.106404	1.106404
Ivo	80	Bre	61	-0.148080	1.148080
Ivo	80	Bre	62	0.047303	0.952697
Ivo	80	Bre	63	-0.314560	1.314560
Ivo	80	Bre	64	0.110190	0.889810
Ivo	80	Bre	65	0.009368	0.990632
Ivo	80	Bre	66	-0.112623	1.112623
Ivo	80	Ivo	67	0.004288	0.995712
Ivo	80	Ivo	68	-0.063091	1.063091
Ivo	80	Ivo	69	-0.155275	1.155275
Ivo	80	Ivo	70	-0.029425	1.029425
Ivo	80	Ivo	71	-0.420199	1.420199
Ivo	80	Ivo	72	0.043257	0.956743
Ivo	80	Ivo	73	0.047335	0.952665
Ivo	80	Ivo	74	0.079303	0.920697
Ivo	80	Ivo	75	-0.024983	1.024983
Ivo	80	Ivo	76	0.161526	0.838474
Ivo	80	Ivo	77	-0.072520	1.072520
Ivo	80	Ivo	78	0.173041	0.826959
Ivo	80	Ivo	79	-0.289838	1.289838
Ivo	80	Ivo	81	-0.120440	1.120440
Ivo	80	Ivo	82	0.019309	0.980691
Ivo	80	Ivo	83	0.149942	0.850058
Ivo	80	Ivo	84	-0.127697	1.127697
Ivo	80	Ivo	85	0.261159	0.738841
Ivo	80	Ivo	86	-0.074040	1.074040
Ivo	80	Ivo	87	0.172053	0.827947
Ivo	80	Ivo	88	-0.089550	1.089550
Ivo	80	Ivo	89	-0.232799	1.232799
Ivo	80	Ivo	90	-0.203175	1.203175
Ivo	80	Ivo	91	-0.042013	1.042013
Ivo	80	Ivo	92	-0.063747	1.063747
Ivo	80	Ivo	93	0.057478	0.942522
Ivo	80	Ivo	94	-0.293682	1.293682
Ivo	80	Ivo	95	0.161778	0.838222
Ivo	80	Ivo	96	0.114619	0.885381
Ivo	80	Ivo	97	-0.223330	1.223330
Ivo	80	Pip	98	-0.030878	1.030878
Ivo	80	Pip	99	0.011501	0.988499
Ivo	80	Pip	100	-0.263548	1.263548
Ivo	80	Pip	101	-0.105966	1.105966
Ivo	80	Pip	102	-0.424311	1.424311
Ivo	80	Pip	103	-0.056462	1.056462
Ivo	80	Pip	104	-0.334452	1.334452
Ivo	80	Pip	105	-0.158184	1.158184
Ivo	80	Pip	106	-0.174331	1.174331
Ivo	80	Pip	107	-0.677335	1.677335
Ivo	80	Pip	108	-1.604732	2.604732
Ivo	80	Pip	109	-0.146146	1.146146
Ivo	80	Pip	110	-0.143154	1.143154
Ivo	80	Pip	111	-0.197132	1.197132
Ivo	80	Pip	112	0.049974	0.950026
Ivo	80	Pip	113	-0.045270	1.045270
Ivo	80	Pip	114	-0.283310	1.283310
Ivo	80	Pip	115	-0.999926	1.999926
Ivo	80	Pip	116	-0.148495	1.148495
Ivo	80	Pip	117	-0.459961	1.459961
Ivo	80	Pip	118	0.083035	0.916965
Ivo	80	Pip	119	-0.272152	1.272152
Ivo	80	Pip	120	-0.606356	1.606356
Ivo	80	Pip	121	-0.018041	1.018041
Ivo	80	Pip	122	-0.238279	1.238279
Ivo	80	Pip	123	0.025325	0.974675
Ivo	80	Pip	124	-1.604732	2.604732
Ivo	80	Pip	125	0.086994	0.913006
Ivo	80	Pip	126	-0.181417	1.181417
Ivo	80	Pip	127	-0.076686	1.076686
Ivo	80	Pip	128	0.012881	0.987119
Ivo	80	Pip	129	-0.293195	1.293195
Ivo	80	Pip	130	-0.216635	1.216635
Ivo	80	Pip	131	-0.082795	1.082795
Ivo	80	Pip	132	-0.089411	1.089411
Ivo	80	Pip	133	0.008264	0.991736
Ivo	81	Bly	1	-0.898305	1.898305
Ivo	81	Bly	2	-0.000485	1.000485
Ivo	81	Bly	3	0.480175	0.519825
Ivo	81	Bly	4	0.384641	0.615359
Ivo	81	Bly	5	0.241925	0.758075
Ivo	81	Bly	6	-0.898305	1.898305
Ivo	81	Bly	7	0.574800	0.425200
Ivo	81	Bly	8	-0.839968	1.839968
Ivo	81	Bly	9	0.450983	0.549017
Ivo	81	Bly	10	0.663292	0.336708
Ivo	81	Bly	11	0.624492	0.375508
Ivo	81	Bly	12	0.564964	0.435036
Ivo	81	Bly	13	-0.010876	1.010876
Ivo	81	Bly	14	0.677474	0.322526
Ivo	81	Bly	15	0.348880	0.651120
Ivo	81	Bly	16	0.321680	0.678320
Ivo	81	Bly	17	0.591420	0.408580
Ivo	81	Bly	18	0.380902	0.619098
Ivo	81	Bly	19	-0.087957	1.087957
Ivo	81	Bly	20	-0.199341	1.199341
Ivo	81	Bly	21	0.296982	0.703018
Ivo	81	Bly	22	-0.898305	1.898305
Ivo	81	Bly	23	0.442476	0.557524
Ivo	81	Bly	24	0.428475	0.571525
Ivo	81	Bly	25	-0.089202	1.089202
Ivo	81	Bly	26	0.529325	0.470675
Ivo	81	Bly	27	0.377887	0.622113
Ivo	81	Bly	28	0.074998	0.925002
Ivo	81	Bly	29	0.324116	0.675884
Ivo	81	Bly	30	0.357634	0.642366
Ivo	81	Bly	31	0.564567	0.435433
Ivo	81	Bly	32	0.380262	0.619738
Ivo	81	Bly	33	-0.105918	1.105918
Ivo	81	Bre	34	0.394250	0.605750
Ivo	81	Bre	35	0.633737	0.366263
Ivo	81	Bre	36	-0.841288	1.841288
Ivo	81	Bre	37	0.482377	0.517623
Ivo	81	Bre	38	0.347982	0.652018
Ivo	81	Bre	39	0.519555	0.480445
Ivo	81	Bre	40	0.177828	0.822172
Ivo	81	Bre	41	0.454154	0.545846
Ivo	81	Bre	42	0.429045	0.570955
Ivo	81	Bre	43	-0.520620	1.520620
Ivo	81	Bre	44	0.582934	0.417066
Ivo	81	Bre	45	0.446650	0.553350
Ivo	81	Bre	46	0.604061	0.395939
Ivo	81	Bre	47	0.566861	0.433139
Ivo	81	Bre	48	0.579578	0.420422
Ivo	81	Bre	49	0.296137	0.703863
Ivo	81	Bre	50	0.374367	0.625633
Ivo	81	Bre	51	0.575457	0.424543
Ivo	81	Bre	52	0.444830	0.555170
Ivo	81	Bre	53	0.588093	0.411907
Ivo	81	Bre	54	0.523634	0.476366
Ivo	81	Bre	55	0.348383	0.651617
Ivo	81	Bre	56	-0.939368	1.939368
Ivo	81	Bre	57	0.541464	0.458536
Ivo	81	Bre	58	0.280486	0.719514
Ivo	81	Bre	59	0.438520	0.561480
Ivo	81	Bre	60	0.402994	0.597006
Ivo	81	Bre	61	0.556553	0.443447
Ivo	81	Bre	62	0.531235	0.468765
Ivo	81	Bre	63	0.355196	0.644804
Ivo	81	Bre	64	0.539311	0.460689
Ivo	81	Bre	65	0.569170	0.430830
Ivo	81	Bre	66	0.520500	0.479500
Ivo	81	Ivo	67	0.314926	0.685074
Ivo	81	Ivo	68	0.574611	0.425389
Ivo	81	Ivo	69	0.214819	0.785181
Ivo	81	Ivo	70	0.342684	0.657316
Ivo	81	Ivo	71	0.247916	0.752084
Ivo	81	Ivo	72	0.594386	0.405614
Ivo	81	Ivo	73	0.497367	0.502633
Ivo	81	Ivo	74	0.705058	0.294942
Ivo	81	Ivo	75	0.601775	0.398225
Ivo	81	Ivo	76	0.416976	0.583024
Ivo	81	Ivo	77	0.510352	0.489648
Ivo	81	Ivo	78	0.536283	0.463717
Ivo	81	Ivo	79	0.251372	0.748628
Ivo	81	Ivo	80	-0.120440	1.120440
Ivo	81	Ivo	82	0.673651	0.326349
Ivo	81	Ivo	83	0.543018	0.456982
Ivo	81	Ivo	84	0.579483	0.420517
Ivo	81	Ivo	85	0.297466	0.702534
Ivo	81	Ivo	86	0.527465	0.472535
Ivo	81	Ivo	87	0.188336	0.811664
Ivo	81	Ivo	88	0.634078	0.365922
Ivo	81	Ivo	89	0.319332	0.680668
Ivo	81	Ivo	90	0.352894	0.647106
Ivo	81	Ivo	91	0.499024	0.500976
Ivo	81	Ivo	92	0.244390	0.755610
Ivo	81	Ivo	93	0.236906	0.763094
Ivo	81	Ivo	94	0.153788	0.846212
Ivo	81	Ivo	95	0.520048	0.479952
Ivo	81	Ivo	96	0.297165	0.702835
Ivo	81	Ivo	97	0.046854	0.953146
Ivo	81	Pip	98	0.455329	0.544671
Ivo	81	Pip	99	0.219567	0.780433
Ivo	81	Pip	100	0.045279	0.954721
Ivo	81	Pip	101	0.529904	0.470096
Ivo	81	Pip	102	0.043990	0.956010
Ivo	81	Pip	103	0.579408	0.420592
Ivo	81	Pip	104	0.447566	0.552434
Ivo	81	Pip	105	0.550199	0.449801
Ivo	81	Pip	106	0.536929	0.463071
Ivo	81	Pip	107	-0.093748	1.093748
Ivo	81	Pip	108	-0.898305	1.898305
Ivo	81	Pip	109	0.449010	0.550990
Ivo	81	Pip	110	0.334549	0.665451
Ivo	81	Pip	111	0.274592	0.725408
Ivo	81	Pip	112	0.470489	0.529511
Ivo	81	Pip	113	0.587523	0.412477
Ivo	81	Pip	114	0.119218	0.880782
Ivo	81	Pip	115	-0.293499	1.293499
Ivo	81	Pip	116	0.530600	0.469400
Ivo	81	Pip	117	-0.058928	1.058928
Ivo	81	Pip	118	0.374076	0.625924
Ivo	81	Pip	119	0.130182	0.869818
Ivo	81	Pip	120	-0.382790	1.382790
Ivo	81	Pip	121	0.522127	0.477873
Ivo	81	Pip	122	-0.298009	1.298009
Ivo	81	Pip	123	0.592196	0.407804
Ivo	81	Pip	124	-0.898305	1.898305
Ivo	81	Pip	125	0.437506	0.562494
Ivo	81	Pip	126	0.567681	0.432319
Ivo	81	Pip	127	0.594061	0.405939
Ivo	81	Pip	128	0.467707	0.532293
Ivo	81	Pip	129	-0.026695	1.026695
Ivo	81	Pip	130	0.314075	0.685925
Ivo	81	Pip	131	0.588955	0.411045
Ivo	81	Pip	132	0.582339	0.417661
Ivo	81	Pip	133	0.609257	0.390743
Ivo	82	Bly	1	-0.823345	1.823345
Ivo	82	Bly	2	0.107320	0.892680
Ivo	82	Bly	3	0.638047	0.361953
Ivo	82	Bly	4	0.530697	0.469303
Ivo	82	Bly	5	0.353811	0.646189
Ivo	82	Bly	6	-0.823345	1.823345
Ivo	82	Bly	7	0.645679	0.354321
Ivo	82	Bly	8	-0.647632	1.647632
Ivo	82	Bly	9	0.633212	0.366788
Ivo	82	Bly	10	0.777347	0.222653
Ivo	82	Bly	11	0.699452	0.300548
Ivo	82	Bly	12	0.676556	0.323444
Ivo	82	Bly	13	-0.029217	1.029217
Ivo	82	Bly	14	0.813731	0.186269
Ivo	82	Bly	15	0.494184	0.505816
Ivo	82	Bly	16	0.396639	0.603361
Ivo	82	Bly	17	0.666380	0.333620
Ivo	82	Bly	18	0.455861	0.544139
Ivo	82	Bly	19	0.145092	0.854908
Ivo	82	Bly	20	0.019523	0.980477
Ivo	82	Bly	21	0.248551	0.751449
Ivo	82	Bly	22	-0.823345	1.823345
Ivo	82	Bly	23	0.551899	0.448101
Ivo	82	Bly	24	0.573779	0.426221
Ivo	82	Bly	25	0.081227	0.918773
Ivo	82	Bly	26	0.677091	0.322909
Ivo	82	Bly	27	0.418382	0.581618
Ivo	82	Bly	28	0.194311	0.805689
Ivo	82	Bly	29	0.435709	0.564291
Ivo	82	Bly	30	0.468474	0.531526
Ivo	82	Bly	31	0.564348	0.435652
Ivo	82	Bly	32	0.392305	0.607695
Ivo	82	Bly	33	0.125714	0.874286
Ivo	82	Bre	34	0.588204	0.411796
Ivo	82	Bre	35	0.708696	0.291304
Ivo	82	Bre	36	-0.766328	1.766328
Ivo	82	Bre	37	0.627681	0.372319
Ivo	82	Bre	38	0.493286	0.506714
Ivo	82	Bre	39	0.590726	0.409274
Ivo	82	Bre	40	0.153238	0.846762
Ivo	82	Bre	41	0.563577	0.436423
Ivo	82	Bre	42	0.574349	0.425651
Ivo	82	Bre	43	-0.504496	1.504496
Ivo	82	Bre	44	0.692357	0.307643
Ivo	82	Bre	45	0.608309	0.391691
Ivo	82	Bre	46	0.679020	0.320980
Ivo	82	Bre	47	0.678454	0.321546
Ivo	82	Bre	48	0.654537	0.345463
Ivo	82	Bre	49	0.494722	0.505278
Ivo	82	Bre	50	0.449326	0.550674
Ivo	82	Bre	51	0.721513	0.278487
Ivo	82	Bre	52	0.699789	0.300211
Ivo	82	Bre	53	0.699686	0.300314
Ivo	82	Bre	54	0.635227	0.364773
Ivo	82	Bre	55	0.578970	0.421030
Ivo	82	Bre	56	-0.864409	1.864409
Ivo	82	Bre	57	0.575709	0.424291
Ivo	82	Bre	58	0.429005	0.570995
Ivo	82	Bre	59	0.547943	0.452057
Ivo	82	Bre	60	0.657952	0.342048
Ivo	82	Bre	61	0.665977	0.334023
Ivo	82	Bre	62	0.642828	0.357172
Ivo	82	Bre	63	0.523456	0.476544
Ivo	82	Bre	64	0.699553	0.300447
Ivo	82	Bre	65	0.640049	0.359951
Ivo	82	Bre	66	0.632092	0.367908
Ivo	82	Ivo	67	0.452506	0.547494
Ivo	82	Ivo	68	0.752760	0.247240
Ivo	82	Ivo	69	0.204945	0.795055
Ivo	82	Ivo	70	0.480264	0.519736
Ivo	82	Ivo	71	0.396435	0.603565
Ivo	82	Ivo	72	0.813249	0.186751
Ivo	82	Ivo	73	0.704721	0.295279
Ivo	82	Ivo	74	0.818360	0.181640
Ivo	82	Ivo	75	0.656241	0.343759
Ivo	82	Ivo	76	0.684489	0.315511
Ivo	82	Ivo	77	0.599282	0.400718
Ivo	82	Ivo	78	0.710496	0.289504
Ivo	82	Ivo	79	0.455511	0.544489
Ivo	82	Ivo	80	0.019309	0.980691
Ivo	82	Ivo	81	0.673651	0.326349
Ivo	82	Ivo	83	0.869366	0.130634
Ivo	82	Ivo	84	0.684073	0.315927
Ivo	82	Ivo	85	0.623814	0.376186
Ivo	82	Ivo	86	0.668689	0.331311
Ivo	82	Ivo	87	0.370566	0.629434
Ivo	82	Ivo	88	0.775302	0.224698
Ivo	82	Ivo	89	0.560398	0.439602
Ivo	82	Ivo	90	0.522569	0.477431
Ivo	82	Ivo	91	0.642710	0.357290
Ivo	82	Ivo	92	0.463253	0.536747
Ivo	82	Ivo	93	0.488077	0.511923
Ivo	82	Ivo	94	0.166124	0.833876
Ivo	82	Ivo	95	0.657628	0.342372
Ivo	82	Ivo	96	0.528045	0.471955
Ivo	82	Ivo	97	0.229083	0.770917
Ivo	82	Pip	98	0.530288	0.469712
Ivo	82	Pip	99	0.381519	0.618481
Ivo	82	Pip	100	0.168888	0.831112
Ivo	82	Pip	101	0.629235	0.370765
Ivo	82	Pip	102	0.092421	0.907579
Ivo	82	Pip	103	0.579190	0.420810
Ivo	82	Pip	104	0.506184	0.493816
Ivo	82	Pip	105	0.549981	0.450019
Ivo	82	Pip	106	0.573344	0.426656
Ivo	82	Pip	107	-0.112089	1.112089
Ivo	82	Pip	108	-0.823345	1.823345
Ivo	82	Pip	109	0.489505	0.510495
Ivo	82	Pip	110	0.375045	0.624955
Ivo	82	Pip	111	0.323023	0.676977
Ivo	82	Pip	112	0.579711	0.420289
Ivo	82	Pip	113	0.662482	0.337518
Ivo	82	Pip	114	0.118999	0.881001
Ivo	82	Pip	115	-0.277375	1.277375
Ivo	82	Pip	116	0.599309	0.400691
Ivo	82	Pip	117	0.059848	0.940152
Ivo	82	Pip	118	0.531947	0.468053
Ivo	82	Pip	119	0.242068	0.757932
Ivo	82	Pip	120	-0.270904	1.270904
Ivo	82	Pip	121	0.556372	0.443628
Ivo	82	Pip	122	-0.099424	1.099424
Ivo	82	Pip	123	0.591977	0.408023
Ivo	82	Pip	124	-0.823345	1.823345
Ivo	82	Pip	125	0.546728	0.453272
Ivo	82	Pip	126	0.567462	0.432538
Ivo	82	Pip	127	0.593842	0.406158
Ivo	82	Pip	128	0.545128	0.454872
Ivo	82	Pip	129	0.042015	0.957985
Ivo	82	Pip	130	0.348320	0.651680
Ivo	82	Pip	131	0.623200	0.376800
Ivo	82	Pip	132	0.616585	0.383415
Ivo	82	Pip	133	0.609038	0.390962
Ivo	83	Bly	1	-0.953979	1.953979
Ivo	83	Bly	2	0.058166	0.941834
Ivo	83	Bly	3	0.662765	0.337235
Ivo	83	Bly	4	0.504943	0.495057
Ivo	83	Bly	5	0.293180	0.706820
Ivo	83	Bly	6	-0.953979	1.953979
Ivo	83	Bly	7	0.635272	0.364728
Ivo	83	Bly	8	-0.622914	1.622914
Ivo	83	Bly	9	0.537456	0.462544
Ivo	83	Bly	10	0.681590	0.318410
Ivo	83	Bly	11	0.603695	0.396305
Ivo	83	Bly	12	0.627403	0.372597
Ivo	83	Bly	13	-0.124973	1.124973
Ivo	83	Bly	14	0.683098	0.316902
Ivo	83	Bly	15	0.433553	0.566447
Ivo	83	Bly	16	0.374755	0.625245
Ivo	83	Bly	17	0.535746	0.464254
Ivo	83	Bly	18	0.363974	0.636026
Ivo	83	Bly	19	0.275725	0.724275
Ivo	83	Bly	20	-0.002362	1.002362
Ivo	83	Bly	21	0.187920	0.812080
Ivo	83	Bly	22	-0.953979	1.953979
Ivo	83	Bly	23	0.421266	0.578734
Ivo	83	Bly	24	0.443146	0.556854
Ivo	83	Bly	25	-0.049407	1.049407
Ivo	83	Bly	26	0.546457	0.453543
Ivo	83	Bly	27	0.392629	0.607371
Ivo	83	Bly	28	0.063677	0.936323
Ivo	83	Bly	29	0.343822	0.656178
Ivo	83	Bly	30	0.407843	0.592157
Ivo	83	Bly	31	0.623944	0.376056
Ivo	83	Bly	32	0.261671	0.738329
Ivo	83	Bly	33	0.146563	0.853437
Ivo	83	Bre	34	0.601197	0.398803
Ivo	83	Bre	35	0.612940	0.387060
Ivo	83	Bre	36	-0.896962	1.896962
Ivo	83	Bre	37	0.640674	0.359326
Ivo	83	Bre	38	0.506279	0.493721
Ivo	83	Bre	39	0.460093	0.539907
Ivo	83	Bre	40	0.022604	0.977396
Ivo	83	Bre	41	0.541693	0.458307
Ivo	83	Bre	42	0.587342	0.412658
Ivo	83	Bre	43	-0.635130	1.635130
Ivo	83	Bre	44	0.596601	0.403399
Ivo	83	Bre	45	0.738943	0.261057
Ivo	83	Bre	46	0.583264	0.416736
Ivo	83	Bre	47	0.617823	0.382177
Ivo	83	Bre	48	0.570506	0.429494
Ivo	83	Bre	49	0.625356	0.374644
Ivo	83	Bre	50	0.424607	0.575393
Ivo	83	Bre	51	0.625757	0.374243
Ivo	83	Bre	52	0.759385	0.240615
Ivo	83	Bre	53	0.603929	0.396071
Ivo	83	Bre	54	0.539470	0.460530
Ivo	83	Bre	55	0.603689	0.396311
Ivo	83	Bre	56	-0.995042	1.995042
Ivo	83	Bre	57	0.445076	0.554924
Ivo	83	Bre	58	0.559638	0.440362
Ivo	83	Bre	59	0.526059	0.473941
Ivo	83	Bre	60	0.636068	0.363932
Ivo	83	Bre	61	0.535343	0.464657
Ivo	83	Bre	62	0.618109	0.381891
Ivo	83	Bre	63	0.392822	0.607178
Ivo	83	Bre	64	0.759149	0.240851
Ivo	83	Bre	65	0.544293	0.455707
Ivo	83	Bre	66	0.536336	0.463664
Ivo	83	Ivo	67	0.430622	0.569378
Ivo	83	Ivo	68	0.622126	0.377874
Ivo	83	Ivo	69	0.264541	0.735459
Ivo	83	Ivo	70	0.419633	0.580367
Ivo	83	Ivo	71	0.265801	0.734199
Ivo	83	Ivo	72	0.682615	0.317385
Ivo	83	Ivo	73	0.690693	0.309307
Ivo	83	Ivo	74	0.687727	0.312273
Ivo	83	Ivo	75	0.560485	0.439515
Ivo	83	Ivo	76	0.776376	0.223624
Ivo	83	Ivo	77	0.507395	0.492605
Ivo	83	Ivo	78	0.700089	0.299911
Ivo	83	Ivo	79	0.371481	0.628519
Ivo	83	Ivo	80	0.149942	0.850058
Ivo	83	Ivo	81	0.543018	0.456982
Ivo	83	Ivo	82	0.869366	0.130634
Ivo	83	Ivo	84	0.553439	0.446561
Ivo	83	Ivo	85	0.539784	0.460216
Ivo	83	Ivo	86	0.572932	0.427068
Ivo	83	Ivo	87	0.392450	0.607550
Ivo	83	Ivo	88	0.644668	0.355332
Ivo	83	Ivo	89	0.468511	0.531489
Ivo	83	Ivo	90	0.391936	0.608064
Ivo	83	Ivo	91	0.621861	0.378139
Ivo	83	Ivo	92	0.441369	0.558631
Ivo	83	Ivo	93	0.583833	0.416167
Ivo	83	Ivo	94	0.179117	0.820883
Ivo	83	Ivo	95	0.670621	0.329379
Ivo	83	Ivo	96	0.587640	0.412360
Ivo	83	Ivo	97	0.242076	0.757924
Ivo	83	Pip	98	0.543281	0.456719
Ivo	83	Pip	99	0.473406	0.526594
Ivo	83	Pip	100	0.228484	0.771516
Ivo	83	Pip	101	0.533478	0.466522
Ivo	83	Pip	102	0.152017	0.847983
Ivo	83	Pip	103	0.448556	0.551444
Ivo	83	Pip	104	0.375550	0.624450
Ivo	83	Pip	105	0.419347	0.580653
Ivo	83	Pip	106	0.442710	0.557290
Ivo	83	Pip	107	-0.242723	1.242723
Ivo	83	Pip	108	-0.953979	1.953979
Ivo	83	Pip	109	0.358871	0.641129
Ivo	83	Pip	110	0.314414	0.685586
Ivo	83	Pip	111	0.262393	0.737607
Ivo	83	Pip	112	0.554992	0.445008
Ivo	83	Pip	113	0.566726	0.433274
Ivo	83	Pip	114	0.143718	0.856282
Ivo	83	Pip	115	-0.408009	1.408009
Ivo	83	Pip	116	0.538678	0.461322
Ivo	83	Pip	117	0.072841	0.927159
Ivo	83	Pip	118	0.544940	0.455060
Ivo	83	Pip	119	0.181437	0.818563
Ivo	83	Pip	120	-0.331535	1.331535
Ivo	83	Pip	121	0.425738	0.574262
Ivo	83	Pip	122	0.031210	0.968790
Ivo	83	Pip	123	0.566223	0.433777
Ivo	83	Pip	124	-0.953979	1.953979
Ivo	83	Pip	125	0.592012	0.407988
Ivo	83	Pip	126	0.471705	0.528295
Ivo	83	Pip	127	0.463209	0.536791
Ivo	83	Pip	128	0.590412	0.409588
Ivo	83	Pip	129	0.101611	0.898389
Ivo	83	Pip	130	0.358727	0.641273
Ivo	83	Pip	131	0.492567	0.507433
Ivo	83	Pip	132	0.485951	0.514049
Ivo	83	Pip	133	0.513282	0.486718
Ivo	84	Bly	1	-0.703003	1.703003
Ivo	84	Bly	2	0.010198	0.989802
Ivo	84	Bly	3	0.456546	0.543454
Ivo	84	Bly	4	0.569641	0.430359
Ivo	84	Bly	5	0.422460	0.577540
Ivo	84	Bly	6	-0.703003	1.703003
Ivo	84	Bly	7	0.620717	0.379283
Ivo	84	Bly	8	-0.580198	1.580198
Ivo	84	Bly	9	0.571490	0.428510
Ivo	84	Bly	10	0.605267	0.394733
Ivo	84	Bly	11	0.639778	0.360222
Ivo	84	Bly	12	0.622500	0.377500
Ivo	84	Bly	13	-0.023765	1.023765
Ivo	84	Bly	14	0.654050	0.345950
Ivo	84	Bly	15	0.604267	0.395733
Ivo	84	Bly	16	0.343237	0.656763
Ivo	84	Bly	17	0.650219	0.349781
Ivo	84	Bly	18	0.355856	0.644144
Ivo	84	Bly	19	-0.077505	1.077505
Ivo	84	Bly	20	0.094893	0.905107
Ivo	84	Bly	21	0.283207	0.716793
Ivo	84	Bly	22	-0.703003	1.703003
Ivo	84	Bly	23	0.623231	0.376769
Ivo	84	Bly	24	0.665581	0.334419
Ivo	84	Bly	25	0.093973	0.906027
Ivo	84	Bly	26	0.681729	0.318271
Ivo	84	Bly	27	0.399581	0.600419
Ivo	84	Bly	28	0.144043	0.855957
Ivo	84	Bly	29	0.543442	0.456558
Ivo	84	Bly	30	0.539699	0.460301
Ivo	84	Bly	31	0.545388	0.454612
Ivo	84	Bly	32	0.403072	0.596928
Ivo	84	Bly	33	-0.096500	1.096500
Ivo	84	Bre	34	0.488516	0.511484
Ivo	84	Bre	35	0.691380	0.308620
Ivo	84	Bre	36	-0.645986	1.645986
Ivo	84	Bre	37	0.611243	0.388757
Ivo	84	Bre	38	0.511726	0.488274
Ivo	84	Bre	39	0.612075	0.387925
Ivo	84	Bre	40	0.176635	0.823365
Ivo	84	Bre	41	0.547140	0.452860
Ivo	84	Bre	42	0.613233	0.386767
Ivo	84	Bre	43	-0.359812	1.359812
Ivo	84	Bre	44	0.712282	0.287718
Ivo	84	Bre	45	0.469624	0.530376
Ivo	84	Bre	46	0.661704	0.338296
Ivo	84	Bre	47	0.627145	0.372855
Ivo	84	Bre	48	0.674461	0.325539
Ivo	84	Bre	49	0.284234	0.715766
Ivo	84	Bre	50	0.432010	0.567990
Ivo	84	Bre	51	0.704804	0.295196
Ivo	84	Bre	52	0.504632	0.495368
Ivo	84	Bre	53	0.645736	0.354264
Ivo	84	Bre	54	0.581277	0.418723
Ivo	84	Bre	55	0.497970	0.502030
Ivo	84	Bre	56	-0.744066	1.744066
Ivo	84	Bre	57	0.636348	0.363652
Ivo	84	Bre	58	0.338406	0.661594
Ivo	84	Bre	59	0.620154	0.379846
Ivo	84	Bre	60	0.518116	0.481884
Ivo	84	Bre	61	0.685901	0.314099
Ivo	84	Bre	62	0.588878	0.411122
Ivo	84	Bre	63	0.609304	0.390696
Ivo	84	Bre	64	0.525991	0.474009
Ivo	84	Bre	65	0.626813	0.373187
Ivo	84	Bre	66	0.615384	0.384616
Ivo	84	Ivo	67	0.446804	0.553196
Ivo	84	Ivo	68	0.728007	0.271993
Ivo	84	Ivo	69	-0.035774	1.035774
Ivo	84	Ivo	70	0.435082	0.564918
Ivo	84	Ivo	71	0.342826	0.657174
Ivo	84	Ivo	72	0.640919	0.359081
Ivo	84	Ivo	73	0.544518	0.455482
Ivo	84	Ivo	74	0.682914	0.317086
Ivo	84	Ivo	75	0.556907	0.443093
Ivo	84	Ivo	76	0.427398	0.572602
Ivo	84	Ivo	77	0.655011	0.344989
Ivo	84	Ivo	78	0.500008	0.499992
Ivo	84	Ivo	79	0.414130	0.585870
Ivo	84	Ivo	80	-0.127697	1.127697
Ivo	84	Ivo	81	0.579483	0.420517
Ivo	84	Ivo	82	0.684073	0.315927
Ivo	84	Ivo	83	0.553439	0.446561
Ivo	84	Ivo	85	0.425730	0.574270
Ivo	84	Ivo	86	0.746108	0.253892
Ivo	84	Ivo	87	0.280238	0.719762
Ivo	84	Ivo	88	0.716342	0.283658
Ivo	84	Ivo	89	0.538397	0.461603
Ivo	84	Ivo	90	0.625759	0.374241
Ivo	84	Ivo	91	0.547456	0.452544
Ivo	84	Ivo	92	0.430339	0.569661
Ivo	84	Ivo	93	0.284103	0.715897
Ivo	84	Ivo	94	0.273512	0.726488
Ivo	84	Ivo	95	0.640173	0.359827
Ivo	84	Ivo	96	0.593199	0.406801
Ivo	84	Ivo	97	0.308143	0.691857
Ivo	84	Pip	98	0.622806	0.377194
Ivo	84	Pip	99	0.272380	0.727620
Ivo	84	Pip	100	0.233476	0.766524
Ivo	84	Pip	101	0.587326	0.412674
Ivo	84	Pip	102	0.161612	0.838388
Ivo	84	Pip	103	0.712422	0.287578
Ivo	84	Pip	104	0.504989	0.495011
Ivo	84	Pip	105	0.612501	0.387499
Ivo	84	Pip	106	0.646888	0.353112
Ivo	84	Pip	107	0.072112	0.927888
Ivo	84	Pip	108	-0.703003	1.703003
Ivo	84	Pip	109	0.582023	0.417977
Ivo	84	Pip	110	0.488283	0.511717
Ivo	84	Pip	111	0.426815	0.573185
Ivo	84	Pip	112	0.604783	0.395217
Ivo	84	Pip	113	0.755001	0.244999
Ivo	84	Pip	114	0.308682	0.691318
Ivo	84	Pip	115	-0.098197	1.098197
Ivo	84	Pip	116	0.655716	0.344284
Ivo	84	Pip	117	0.163639	0.836361
Ivo	84	Pip	118	0.473492	0.526508
Ivo	84	Pip	119	0.187468	0.812532
Ivo	84	Pip	120	-0.250189	1.250189
Ivo	84	Pip	121	0.648890	0.351110
Ivo	84	Pip	122	-0.154997	1.154997
Ivo	84	Pip	123	0.654497	0.345503
Ivo	84	Pip	124	-0.703003	1.703003
Ivo	84	Pip	125	0.571800	0.428200
Ivo	84	Pip	126	0.625103	0.374897
Ivo	84	Pip	127	0.657596	0.342404
Ivo	84	Pip	128	0.530008	0.469992
Ivo	84	Pip	129	0.195967	0.804033
Ivo	84	Pip	130	0.410840	0.589160
Ivo	84	Pip	131	0.685720	0.314280
Ivo	84	Pip	132	0.713705	0.286295
Ivo	84	Pip	133	0.671558	0.328442
Ivo	85	Bly	1	-1.081689	2.081689
Ivo	85	Bly	2	-0.101707	1.101707
Ivo	85	Bly	3	0.478791	0.521209
Ivo	85	Bly	4	0.235992	0.764008
Ivo	85	Bly	5	0.194555	0.805445
Ivo	85	Bly	6	-1.081689	2.081689
Ivo	85	Bly	7	0.444339	0.555661
Ivo	85	Bly	8	-0.682295	1.682295
Ivo	85	Bly	9	0.334470	0.665530
Ivo	85	Bly	10	0.515970	0.484030
Ivo	85	Bly	11	0.396388	0.603612
Ivo	85	Bly	12	0.503060	0.496940
Ivo	85	Bly	13	-0.334163	1.334163
Ivo	85	Bly	14	0.473908	0.526092
Ivo	85	Bly	15	0.278406	0.721594
Ivo	85	Bly	16	0.217621	0.782379
Ivo	85	Bly	17	0.451481	0.548519
Ivo	85	Bly	18	0.194360	0.805640
Ivo	85	Bly	19	0.044809	0.955191
Ivo	85	Bly	20	-0.139733	1.139733
Ivo	85	Bly	21	-0.003589	1.003589
Ivo	85	Bly	22	-1.081689	2.081689
Ivo	85	Bly	23	0.486037	0.513963
Ivo	85	Bly	24	0.321640	0.678360
Ivo	85	Bly	25	-0.177598	1.177598
Ivo	85	Bly	26	0.450591	0.549409
Ivo	85	Bly	27	0.202123	0.797877
Ivo	85	Bly	28	-0.056344	1.056344
Ivo	85	Bly	29	0.219450	0.780550
Ivo	85	Bly	30	0.288577	0.711423
Ivo	85	Bly	31	0.313212	0.686788
Ivo	85	Bly	32	0.052481	0.947519
Ivo	85	Bly	33	-0.090545	1.090545
Ivo	85	Bre	34	0.374308	0.625692
Ivo	85	Bre	35	0.452717	0.547283
Ivo	85	Bre	36	-1.024672	2.024672
Ivo	85	Bre	37	0.413785	0.586215
Ivo	85	Bre	38	0.314268	0.685732
Ivo	85	Bre	39	0.412190	0.587810
Ivo	85	Bre	40	-0.102742	1.102742
Ivo	85	Bre	41	0.349682	0.650318
Ivo	85	Bre	42	0.360454	0.639546
Ivo	85	Bre	43	-0.762840	1.762840
Ivo	85	Bre	44	0.478943	0.521057
Ivo	85	Bre	45	0.475894	0.524106
Ivo	85	Bre	46	0.501487	0.498513
Ivo	85	Bre	47	0.500921	0.499079
Ivo	85	Bre	48	0.523607	0.476393
Ivo	85	Bre	49	0.520850	0.479150
Ivo	85	Bre	50	0.385827	0.614173
Ivo	85	Bre	51	0.543980	0.456020
Ivo	85	Bre	52	0.589501	0.410499
Ivo	85	Bre	53	0.522152	0.477848
Ivo	85	Bre	54	0.457694	0.542306
Ivo	85	Bre	55	0.468682	0.531318
Ivo	85	Bre	56	-1.122752	2.122752
Ivo	85	Bre	57	0.362296	0.637704
Ivo	85	Bre	58	0.332952	0.667048
Ivo	85	Bre	59	0.368925	0.631075
Ivo	85	Bre	60	0.444057	0.555943
Ivo	85	Bre	61	0.488443	0.511557
Ivo	85	Bre	62	0.543448	0.456552
Ivo	85	Bre	63	0.380800	0.619200
Ivo	85	Bre	64	0.532261	0.467739
Ivo	85	Bre	65	0.576550	0.423450
Ivo	85	Bre	66	0.454559	0.545441
Ivo	85	Ivo	67	0.271671	0.728329
Ivo	85	Ivo	68	0.490379	0.509621
Ivo	85	Ivo	69	0.204034	0.795966
Ivo	85	Ivo	70	0.442111	0.557889
Ivo	85	Ivo	71	0.180176	0.819824
Ivo	85	Ivo	72	0.594860	0.405140
Ivo	85	Ivo	73	0.583736	0.416264
Ivo	85	Ivo	74	0.592407	0.407593
Ivo	85	Ivo	75	0.436973	0.563027
Ivo	85	Ivo	76	0.491717	0.508283
Ivo	85	Ivo	77	0.348146	0.651854
Ivo	85	Ivo	78	0.640956	0.359044
Ivo	85	Ivo	79	0.323578	0.676422
Ivo	85	Ivo	80	0.261159	0.738841
Ivo	85	Ivo	81	0.297466	0.702534
Ivo	85	Ivo	82	0.623814	0.376186
Ivo	85	Ivo	83	0.539784	0.460216
Ivo	85	Ivo	84	0.425730	0.574270
Ivo	85	Ivo	86	0.454794	0.545206
Ivo	85	Ivo	87	0.664344	0.335656
Ivo	85	Ivo	88	0.456120	0.543880
Ivo	85	Ivo	89	0.422129	0.577871
Ivo	85	Ivo	90	0.421541	0.578459
Ivo	85	Ivo	91	0.438336	0.561664
Ivo	85	Ivo	92	0.498704	0.501296
Ivo	85	Ivo	93	0.444534	0.555466
Ivo	85	Ivo	94	-0.060147	1.060147
Ivo	85	Ivo	95	0.431675	0.568325
Ivo	85	Ivo	96	0.524419	0.475581
Ivo	85	Ivo	97	0.184602	0.815398
Ivo	85	Pip	98	0.314029	0.685971
Ivo	85	Pip	99	0.208372	0.791628
Ivo	85	Pip	100	-0.000768	1.000768
Ivo	85	Pip	101	0.378099	0.621901
Ivo	85	Pip	102	-0.077235	1.077235
Ivo	85	Pip	103	0.362931	0.637069
Ivo	85	Pip	104	0.219167	0.780833
Ivo	85	Pip	105	0.297841	0.702159
Ivo	85	Pip	106	0.357085	0.642915
Ivo	85	Pip	107	-0.370432	1.370432
Ivo	85	Pip	108	-1.081689	2.081689
Ivo	85	Pip	109	0.273246	0.726754
Ivo	85	Pip	110	0.158785	0.841215
Ivo	85	Pip	111	0.106764	0.893236
Ivo	85	Pip	112	0.320886	0.679114
Ivo	85	Pip	113	0.410343	0.589657
Ivo	85	Pip	114	0.027333	0.972667
Ivo	85	Pip	115	-0.535719	1.535719
Ivo	85	Pip	116	0.347170	0.652830
Ivo	85	Pip	117	-0.078422	1.078422
Ivo	85	Pip	118	0.358801	0.641199
Ivo	85	Pip	119	0.104966	0.895034
Ivo	85	Pip	120	-0.522041	1.522041
Ivo	85	Pip	121	0.476529	0.523471
Ivo	85	Pip	122	-0.080154	1.080154
Ivo	85	Pip	123	0.339837	0.660163
Ivo	85	Pip	124	-1.081689	2.081689
Ivo	85	Pip	125	0.330469	0.669531
Ivo	85	Pip	126	0.280445	0.719555
Ivo	85	Pip	127	0.342706	0.657294
Ivo	85	Pip	128	0.250423	0.749577
Ivo	85	Pip	129	0.122809	0.877191
Ivo	85	Pip	130	0.053615	0.946385
Ivo	85	Pip	131	0.371061	0.628939
Ivo	85	Pip	132	0.364445	0.635555
Ivo	85	Pip	133	0.392779	0.607221
Ivo	86	Bly	1	-0.742148	1.742148
Ivo	86	Bly	2	0.107733	0.892267
Ivo	86	Bly	3	0.484731	0.515269
Ivo	86	Bly	4	0.513543	0.486457
Ivo	86	Bly	5	0.451520	0.548480
Ivo	86	Bly	6	-0.742148	1.742148
Ivo	86	Bly	7	0.580973	0.419027
Ivo	86	Bly	8	-0.557251	1.557251
Ivo	86	Bly	9	0.604560	0.395440
Ivo	86	Bly	10	0.666845	0.333155
Ivo	86	Bly	11	0.655045	0.344955
Ivo	86	Bly	12	0.678753	0.321247
Ivo	86	Bly	13	-0.100142	1.100142
Ivo	86	Bly	14	0.567703	0.432297
Ivo	86	Bly	15	0.559052	0.440948
Ivo	86	Bly	16	0.408663	0.591337
Ivo	86	Bly	17	0.726367	0.273633
Ivo	86	Bly	18	0.385402	0.614598
Ivo	86	Bly	19	-0.022132	1.022132
Ivo	86	Bly	20	0.154473	0.845527
Ivo	86	Bly	21	0.347620	0.652380
Ivo	86	Bly	22	-0.742148	1.742148
Ivo	86	Bly	23	0.543820	0.456180
Ivo	86	Bly	24	0.684643	0.315357
Ivo	86	Bly	25	0.198304	0.801696
Ivo	86	Bly	26	0.674426	0.325574
Ivo	86	Bly	27	0.438012	0.561988
Ivo	86	Bly	28	0.134862	0.865138
Ivo	86	Bly	29	0.563784	0.436216
Ivo	86	Bly	30	0.578125	0.421875
Ivo	86	Bly	31	0.565980	0.434020
Ivo	86	Bly	32	0.316725	0.683275
Ivo	86	Bly	33	-0.033438	1.033438
Ivo	86	Bre	34	0.587063	0.412937
Ivo	86	Bre	35	0.640518	0.359482
Ivo	86	Bre	36	-0.685131	1.685131
Ivo	86	Bre	37	0.710665	0.289335
Ivo	86	Bre	38	0.622873	0.377127
Ivo	86	Bre	39	0.534024	0.465976
Ivo	86	Bre	40	0.090896	0.909104
Ivo	86	Bre	41	0.612842	0.387158
Ivo	86	Bre	42	0.621858	0.378142
Ivo	86	Bre	43	-0.435591	1.435591
Ivo	86	Bre	44	0.750588	0.249412
Ivo	86	Bre	45	0.569927	0.430073
Ivo	86	Bre	46	0.689288	0.310712
Ivo	86	Bre	47	0.691086	0.308914
Ivo	86	Bre	48	0.667169	0.332831
Ivo	86	Bre	49	0.419414	0.580586
Ivo	86	Bre	50	0.459594	0.540406
Ivo	86	Bre	51	0.805655	0.194345
Ivo	86	Bre	52	0.639812	0.360188
Ivo	86	Bre	53	0.745429	0.254571
Ivo	86	Bre	54	0.645495	0.354505
Ivo	86	Bre	55	0.542952	0.457048
Ivo	86	Bre	56	-0.783212	1.783212
Ivo	86	Bre	57	0.593174	0.406826
Ivo	86	Bre	58	0.402347	0.597653
Ivo	86	Bre	59	0.660949	0.339051
Ivo	86	Bre	60	0.563099	0.436901
Ivo	86	Bre	61	0.678608	0.321392
Ivo	86	Bre	62	0.617215	0.382785
Ivo	86	Bre	63	0.567134	0.432866
Ivo	86	Bre	64	0.661171	0.338829
Ivo	86	Bre	65	0.691031	0.308969
Ivo	86	Bre	66	0.726204	0.273796
Ivo	86	Ivo	67	0.346358	0.653642
Ivo	86	Ivo	68	0.720583	0.279417
Ivo	86	Ivo	69	0.058693	0.941307
Ivo	86	Ivo	70	0.441666	0.558334
Ivo	86	Ivo	71	0.453089	0.546911
Ivo	86	Ivo	72	0.777450	0.222550
Ivo	86	Ivo	73	0.530888	0.469112
Ivo	86	Ivo	74	0.630415	0.369585
Ivo	86	Ivo	75	0.581446	0.418554
Ivo	86	Ivo	76	0.562173	0.437827
Ivo	86	Ivo	77	0.638121	0.361879
Ivo	86	Ivo	78	0.644550	0.355450
Ivo	86	Ivo	79	0.452758	0.547242
Ivo	86	Ivo	80	-0.074040	1.074040
Ivo	86	Ivo	81	0.527465	0.472535
Ivo	86	Ivo	82	0.668689	0.331311
Ivo	86	Ivo	83	0.572932	0.427068
Ivo	86	Ivo	84	0.746108	0.253892
Ivo	86	Ivo	85	0.454794	0.545206
Ivo	86	Ivo	87	0.343300	0.656700
Ivo	86	Ivo	88	0.712960	0.287040
Ivo	86	Ivo	89	0.440027	0.559973
Ivo	86	Ivo	90	0.611233	0.388767
Ivo	86	Ivo	91	0.609631	0.390369
Ivo	86	Ivo	92	0.438959	0.561041
Ivo	86	Ivo	93	0.277286	0.722714
Ivo	86	Ivo	94	0.197092	0.802908
Ivo	86	Ivo	95	0.561991	0.438009
Ivo	86	Ivo	96	0.481906	0.518094
Ivo	86	Ivo	97	0.232807	0.767193
Ivo	86	Pip	98	0.646029	0.353971
Ivo	86	Pip	99	0.365081	0.634919
Ivo	86	Pip	100	0.282582	0.717418
Ivo	86	Pip	101	0.686141	0.313859
Ivo	86	Pip	102	0.092006	0.907994
Ivo	86	Pip	103	0.700768	0.299232
Ivo	86	Pip	104	0.533045	0.466955
Ivo	86	Pip	105	0.527458	0.472542
Ivo	86	Pip	106	0.687076	0.312924
Ivo	86	Pip	107	-0.109671	1.109671
Ivo	86	Pip	108	-0.742148	1.742148
Ivo	86	Pip	109	0.570369	0.429631
Ivo	86	Pip	110	0.455909	0.544091
Ivo	86	Pip	111	0.287731	0.712269
Ivo	86	Pip	112	0.656674	0.343326
Ivo	86	Pip	113	0.705710	0.294290
Ivo	86	Pip	114	0.206232	0.793768
Ivo	86	Pip	115	-0.137342	1.137342
Ivo	86	Pip	116	0.576787	0.423213
Ivo	86	Pip	117	0.059433	0.940567
Ivo	86	Pip	118	0.602827	0.397173
Ivo	86	Pip	119	0.286006	0.713994
Ivo	86	Pip	120	-0.226966	1.226966
Ivo	86	Pip	121	0.677950	0.322050
Ivo	86	Pip	122	-0.151742	1.151742
Ivo	86	Pip	123	0.640965	0.359035
Ivo	86	Pip	124	-0.742148	1.742148
Ivo	86	Pip	125	0.666257	0.333743
Ivo	86	Pip	126	0.651403	0.348597
Ivo	86	Pip	127	0.715420	0.284580
Ivo	86	Pip	128	0.437277	0.562723
Ivo	86	Pip	129	0.161837	0.838163
Ivo	86	Pip	130	0.319865	0.680135
Ivo	86	Pip	131	0.637311	0.362689
Ivo	86	Pip	132	0.666171	0.333829
Ivo	86	Pip	133	0.693906	0.306094
Ivo	87	Bly	1	-1.249383	2.249383
Ivo	87	Bly	2	-0.212592	1.212592
Ivo	87	Bly	3	0.284379	0.715621
Ivo	87	Bly	4	0.125106	0.874894
Ivo	87	Bly	5	0.317132	0.682868
Ivo	87	Bly	6	-1.249383	2.249383
Ivo	87	Bly	7	0.297091	0.702909
Ivo	87	Bly	8	-0.876707	1.876707
Ivo	87	Bly	9	0.296851	0.703149
Ivo	87	Bly	10	0.368722	0.631278
Ivo	87	Bly	11	0.284894	0.715106
Ivo	87	Bly	12	0.318572	0.681428
Ivo	87	Bly	13	-0.444777	1.444777
Ivo	87	Bly	14	0.306214	0.693786
Ivo	87	Bly	15	0.132915	0.867085
Ivo	87	Bly	16	0.107884	0.892116
Ivo	87	Bly	17	0.341744	0.658256
Ivo	87	Bly	18	0.084623	0.915377
Ivo	87	Bly	19	-0.043688	1.043688
Ivo	87	Bly	20	-0.248862	1.248862
Ivo	87	Bly	21	-0.112718	1.112718
Ivo	87	Bly	22	-1.249383	2.249383
Ivo	87	Bly	23	0.340545	0.659455
Ivo	87	Bly	24	0.249144	0.750856
Ivo	87	Bly	25	-0.345563	1.345563
Ivo	87	Bly	26	0.341733	0.658267
Ivo	87	Bly	27	0.127871	0.872129
Ivo	87	Bly	28	-0.238468	1.238468
Ivo	87	Bly	29	0.073687	0.926313
Ivo	87	Bly	30	0.179719	0.820281
Ivo	87	Bly	31	0.238960	0.761040
Ivo	87	Bly	32	-0.129643	1.129643
Ivo	87	Bly	33	-0.250080	1.250080
Ivo	87	Bre	34	0.214165	0.785835
Ivo	87	Bre	35	0.304862	0.695138
Ivo	87	Bre	36	-1.192366	2.192366
Ivo	87	Bre	37	0.302292	0.697708
Ivo	87	Bre	38	0.202775	0.797225
Ivo	87	Bre	39	0.229457	0.770543
Ivo	87	Bre	40	-0.285474	1.285474
Ivo	87	Bre	41	0.239945	0.760055
Ivo	87	Bre	42	0.248961	0.751039
Ivo	87	Bre	43	-0.908331	1.908331
Ivo	87	Bre	44	0.331088	0.668912
Ivo	87	Bre	45	0.350155	0.649845
Ivo	87	Bre	46	0.353632	0.646368
Ivo	87	Bre	47	0.281555	0.718445
Ivo	87	Bre	48	0.340874	0.659126
Ivo	87	Bre	49	0.395111	0.604889
Ivo	87	Bre	50	0.309010	0.690990
Ivo	87	Bre	51	0.396125	0.603875
Ivo	87	Bre	52	0.333888	0.666112
Ivo	87	Bre	53	0.337664	0.662336
Ivo	87	Bre	54	0.273205	0.726795
Ivo	87	Bre	55	0.237028	0.762972
Ivo	87	Bre	56	-1.290446	2.290446
Ivo	87	Bre	57	0.179563	0.820437
Ivo	87	Bre	58	0.219501	0.780499
Ivo	87	Bre	59	0.222554	0.777446
Ivo	87	Bre	60	0.153568	0.846432
Ivo	87	Bre	61	0.305711	0.694289
Ivo	87	Bre	62	0.429997	0.570003
Ivo	87	Bre	63	0.139231	0.860769
Ivo	87	Bre	64	0.335485	0.664515
Ivo	87	Bre	65	0.392062	0.607938
Ivo	87	Bre	66	0.270071	0.729929
Ivo	87	Ivo	67	0.308964	0.691036
Ivo	87	Ivo	68	0.344888	0.655112
Ivo	87	Ivo	69	-0.051579	1.051579
Ivo	87	Ivo	70	0.284332	0.715668
Ivo	87	Ivo	71	0.034413	0.965587
Ivo	87	Ivo	72	0.448490	0.551510
Ivo	87	Ivo	73	0.305534	0.694466
Ivo	87	Ivo	74	0.446916	0.553084
Ivo	87	Ivo	75	0.326359	0.673641
Ivo	87	Ivo	76	0.365979	0.634021
Ivo	87	Ivo	77	0.239017	0.760983
Ivo	87	Ivo	78	0.481421	0.518579
Ivo	87	Ivo	79	0.082010	0.917990
Ivo	87	Ivo	80	0.172053	0.827947
Ivo	87	Ivo	81	0.188336	0.811664
Ivo	87	Ivo	82	0.370566	0.629434
Ivo	87	Ivo	83	0.392450	0.607550
Ivo	87	Ivo	84	0.280238	0.719762
Ivo	87	Ivo	85	0.664344	0.335656
Ivo	87	Ivo	86	0.343300	0.656700
Ivo	87	Ivo	88	0.310358	0.689642
Ivo	87	Ivo	89	0.254164	0.745836
Ivo	87	Ivo	90	0.216335	0.783665
Ivo	87	Ivo	91	0.327249	0.672751
Ivo	87	Ivo	92	0.279338	0.720662
Ivo	87	Ivo	93	0.188720	0.811280
Ivo	87	Ivo	94	-0.134399	1.134399
Ivo	87	Ivo	95	0.272411	0.727589
Ivo	87	Ivo	96	0.327914	0.672086
Ivo	87	Ivo	97	0.268182	0.731818
Ivo	87	Pip	98	0.374770	0.625230
Ivo	87	Pip	99	0.291502	0.708498
Ivo	87	Pip	100	0.011323	0.988677
Ivo	87	Pip	101	0.281644	0.718356
Ivo	87	Pip	102	-0.101777	1.101777
Ivo	87	Pip	103	0.290435	0.709565
Ivo	87	Pip	104	0.087835	0.912165
Ivo	87	Pip	105	0.188712	0.811288
Ivo	87	Pip	106	0.211322	0.788678
Ivo	87	Pip	107	-0.479290	1.479290
Ivo	87	Pip	108	-1.249383	2.249383
Ivo	87	Pip	109	0.200750	0.799250
Ivo	87	Pip	110	0.184650	0.815350
Ivo	87	Pip	111	0.047345	0.952655
Ivo	87	Pip	112	0.317671	0.682329
Ivo	87	Pip	113	0.336091	0.663909
Ivo	87	Pip	114	0.053197	0.946803
Ivo	87	Pip	115	-0.644577	1.644577
Ivo	87	Pip	116	0.336400	0.663600
Ivo	87	Pip	117	-0.102963	1.102963
Ivo	87	Pip	118	0.235899	0.764101
Ivo	87	Pip	119	0.032470	0.967530
Ivo	87	Pip	120	-0.594537	1.594537
Ivo	87	Pip	121	0.404033	0.595967
Ivo	87	Pip	122	-0.033658	1.033658
Ivo	87	Pip	123	0.302219	0.697781
Ivo	87	Pip	124	-1.249383	2.249383
Ivo	87	Pip	125	0.327254	0.672746
Ivo	87	Pip	126	0.206193	0.793807
Ivo	87	Pip	127	0.270210	0.729790
Ivo	87	Pip	128	0.247208	0.752792
Ivo	87	Pip	129	0.341989	0.658011
Ivo	87	Pip	130	0.052157	0.947843
Ivo	87	Pip	131	0.298565	0.701435
Ivo	87	Pip	132	0.291949	0.708051
Ivo	87	Pip	133	0.355160	0.644840
Ivo	88	Bly	1	-0.755201	1.755201
Ivo	88	Bly	2	0.070994	0.929006
Ivo	88	Bly	3	0.569902	0.430098
Ivo	88	Bly	4	0.490583	0.509417
Ivo	88	Bly	5	0.368375	0.631625
Ivo	88	Bly	6	-0.755201	1.755201
Ivo	88	Bly	7	0.833136	0.166864
Ivo	88	Bly	8	-0.678536	1.678536
Ivo	88	Bly	9	0.562603	0.437397
Ivo	88	Bly	10	0.708784	0.291216
Ivo	88	Bly	11	0.619165	0.380835
Ivo	88	Bly	12	0.636443	0.363557
Ivo	88	Bly	13	0.060523	0.939477
Ivo	88	Bly	14	0.712456	0.287544
Ivo	88	Bly	15	0.451138	0.548862
Ivo	88	Bly	16	0.365003	0.634997
Ivo	88	Bly	17	0.669937	0.330063
Ivo	88	Bly	18	0.415747	0.584253
Ivo	88	Bly	19	0.036233	0.963767
Ivo	88	Bly	20	-0.003445	1.003445
Ivo	88	Bly	21	0.257402	0.742598
Ivo	88	Bly	22	-0.755201	1.755201
Ivo	88	Bly	23	0.554863	0.445137
Ivo	88	Bly	24	0.540096	0.459904
Ivo	88	Bly	25	0.025948	0.974052
Ivo	88	Bly	26	0.594479	0.405521
Ivo	88	Bly	27	0.419299	0.580701
Ivo	88	Bly	28	0.157985	0.842015
Ivo	88	Bly	29	0.473867	0.526133
Ivo	88	Bly	30	0.434790	0.565210
Ivo	88	Bly	31	0.524776	0.475224
Ivo	88	Bly	32	0.427506	0.572494
Ivo	88	Bly	33	0.008502	0.991498
Ivo	88	Bre	34	0.536681	0.463319
Ivo	88	Bre	35	0.703183	0.296817
Ivo	88	Bre	36	-0.698184	1.698184
Ivo	88	Bre	37	0.619236	0.380764
Ivo	88	Bre	38	0.531444	0.468556
Ivo	88	Bre	39	0.589001	0.410999
Ivo	88	Bre	40	0.188438	0.811562
Ivo	88	Bre	41	0.555132	0.444868
Ivo	88	Bre	42	0.565904	0.434096
Ivo	88	Bre	43	-0.377516	1.377516
Ivo	88	Bre	44	0.730515	0.269485
Ivo	88	Bre	45	0.479373	0.520627
Ivo	88	Bre	46	0.673507	0.326493
Ivo	88	Bre	47	0.675581	0.324419
Ivo	88	Bre	48	0.686265	0.313735
Ivo	88	Bre	49	0.385864	0.614136
Ivo	88	Bre	50	0.403640	0.596360
Ivo	88	Bre	51	0.713068	0.286932
Ivo	88	Bre	52	0.606262	0.393738
Ivo	88	Bre	53	0.654000	0.346000
Ivo	88	Bre	54	0.589541	0.410459
Ivo	88	Bre	55	0.544279	0.455721
Ivo	88	Bre	56	-0.796264	1.796264
Ivo	88	Bre	57	0.648151	0.351849
Ivo	88	Bre	58	0.311792	0.688208
Ivo	88	Bre	59	0.586101	0.413899
Ivo	88	Bre	60	0.507421	0.492579
Ivo	88	Bre	61	0.657532	0.342468
Ivo	88	Bre	62	0.597142	0.402858
Ivo	88	Bre	63	0.496348	0.503652
Ivo	88	Bre	64	0.570617	0.429383
Ivo	88	Bre	65	0.635077	0.364923
Ivo	88	Bre	66	0.670250	0.329750
Ivo	88	Ivo	67	0.370487	0.629513
Ivo	88	Ivo	68	0.713502	0.286498
Ivo	88	Ivo	69	0.037251	0.962749
Ivo	88	Ivo	70	0.408646	0.591354
Ivo	88	Ivo	71	0.363066	0.636934
Ivo	88	Ivo	72	0.696036	0.303964
Ivo	88	Ivo	73	0.660450	0.339550
Ivo	88	Ivo	74	0.701148	0.298852
Ivo	88	Ivo	75	0.539029	0.460971
Ivo	88	Ivo	76	0.575631	0.424369
Ivo	88	Ivo	77	0.600514	0.399486
Ivo	88	Ivo	78	0.648240	0.351760
Ivo	88	Ivo	79	0.403165	0.596835
Ivo	88	Ivo	80	-0.089550	1.089550
Ivo	88	Ivo	81	0.634078	0.365922
Ivo	88	Ivo	82	0.775302	0.224698
Ivo	88	Ivo	83	0.644668	0.355332
Ivo	88	Ivo	84	0.716342	0.283658
Ivo	88	Ivo	85	0.456120	0.543880
Ivo	88	Ivo	86	0.712960	0.287040
Ivo	88	Ivo	87	0.310358	0.689642
Ivo	88	Ivo	89	0.456191	0.543809
Ivo	88	Ivo	90	0.550541	0.449459
Ivo	88	Ivo	91	0.623215	0.376785
Ivo	88	Ivo	92	0.440286	0.559714
Ivo	88	Ivo	93	0.361096	0.638904
Ivo	88	Ivo	94	0.161467	0.838533
Ivo	88	Ivo	95	0.491766	0.508234
Ivo	88	Ivo	96	0.456427	0.543573
Ivo	88	Ivo	97	0.206116	0.793884
Ivo	88	Pip	98	0.484602	0.515398
Ivo	88	Pip	99	0.264306	0.735694
Ivo	88	Pip	100	0.086554	0.913446
Ivo	88	Pip	101	0.613536	0.386464
Ivo	88	Pip	102	0.004198	0.995802
Ivo	88	Pip	103	0.622867	0.377133
Ivo	88	Pip	104	0.482548	0.517452
Ivo	88	Pip	105	0.550581	0.449419
Ivo	88	Pip	106	0.614975	0.385025
Ivo	88	Pip	107	-0.068952	1.068952
Ivo	88	Pip	108	-0.755201	1.755201
Ivo	88	Pip	109	0.492469	0.507531
Ivo	88	Pip	110	0.294758	0.705242
Ivo	88	Pip	111	0.269402	0.730598
Ivo	88	Pip	112	0.551862	0.448138
Ivo	88	Pip	113	0.665446	0.334554
Ivo	88	Pip	114	0.151268	0.848732
Ivo	88	Pip	115	-0.199044	1.199044
Ivo	88	Pip	116	0.642987	0.357013
Ivo	88	Pip	117	0.006226	0.993774
Ivo	88	Pip	118	0.495621	0.504379
Ivo	88	Pip	119	0.165028	0.834972
Ivo	88	Pip	120	-0.264694	1.264694
Ivo	88	Pip	121	0.551400	0.448600
Ivo	88	Pip	122	-0.159632	1.159632
Ivo	88	Pip	123	0.552404	0.447596
Ivo	88	Pip	124	-0.755201	1.755201
Ivo	88	Pip	125	0.518879	0.481121
Ivo	88	Pip	126	0.562490	0.437510
Ivo	88	Pip	127	0.643092	0.356908
Ivo	88	Pip	128	0.427916	0.572084
Ivo	88	Pip	129	0.002442	0.997558
Ivo	88	Pip	130	0.348920	0.651080
Ivo	88	Pip	131	0.583628	0.416372
Ivo	88	Pip	132	0.611613	0.388387
Ivo	88	Pip	133	0.569465	0.430535
Ivo	89	Bly	1	-0.933785	1.933785
Ivo	89	Bly	2	-0.241066	1.241066
Ivo	89	Bly	3	0.350515	0.649485
Ivo	89	Bly	4	0.221225	0.778775
Ivo	89	Bly	5	0.194019	0.805981
Ivo	89	Bly	6	-0.933785	1.933785
Ivo	89	Bly	7	0.362951	0.637049
Ivo	89	Bly	8	-0.760763	1.760763
Ivo	89	Bly	9	0.404986	0.595014
Ivo	89	Bly	10	0.464841	0.535159
Ivo	89	Bly	11	0.422921	0.577079
Ivo	89	Bly	12	0.409995	0.590005
Ivo	89	Bly	13	-0.272150	1.272150
Ivo	89	Bly	14	0.494013	0.505987
Ivo	89	Bly	15	0.349802	0.650198
Ivo	89	Bly	16	0.282901	0.717099
Ivo	89	Bly	17	0.515255	0.484745
Ivo	89	Bly	18	0.259640	0.740360
Ivo	89	Bly	19	-0.219883	1.219883
Ivo	89	Bly	20	-0.044958	1.044958
Ivo	89	Bly	21	0.067535	0.932465
Ivo	89	Bly	22	-0.933785	1.933785
Ivo	89	Bly	23	0.434015	0.565985
Ivo	89	Bly	24	0.398827	0.601173
Ivo	89	Bly	25	-0.106474	1.106474
Ivo	89	Bly	26	0.470696	0.529304
Ivo	89	Bly	27	0.258591	0.741409
Ivo	89	Bly	28	-0.107472	1.107472
Ivo	89	Bly	29	0.419242	0.580758
Ivo	89	Bly	30	0.364639	0.635361
Ivo	89	Bly	31	0.327222	0.672778
Ivo	89	Bly	32	0.035953	0.964047
Ivo	89	Bly	33	-0.200565	1.200565
Ivo	89	Bre	34	0.386272	0.613728
Ivo	89	Bre	35	0.435581	0.564419
Ivo	89	Bre	36	-0.876768	1.876768
Ivo	89	Bre	37	0.508999	0.491001
Ivo	89	Bre	38	0.409482	0.590518
Ivo	89	Bre	39	0.395054	0.604946
Ivo	89	Bre	40	-0.119878	1.119878
Ivo	89	Bre	41	0.444896	0.555104
Ivo	89	Bre	42	0.510989	0.489011
Ivo	89	Bre	43	-0.614936	1.614936
Ivo	89	Bre	44	0.499048	0.500952
Ivo	89	Bre	45	0.367380	0.632620
Ivo	89	Bre	46	0.484351	0.515649
Ivo	89	Bre	47	0.449792	0.550208
Ivo	89	Bre	48	0.497109	0.502891
Ivo	89	Bre	49	0.218916	0.781084
Ivo	89	Bre	50	0.254657	0.745343
Ivo	89	Bre	51	0.527452	0.472548
Ivo	89	Bre	52	0.461224	0.538776
Ivo	89	Bre	53	0.468383	0.531617
Ivo	89	Bre	54	0.403924	0.596076
Ivo	89	Bre	55	0.395726	0.604274
Ivo	89	Bre	56	-0.974849	1.974849
Ivo	89	Bre	57	0.382401	0.617599
Ivo	89	Bre	58	0.236726	0.763274
Ivo	89	Bre	59	0.512788	0.487212
Ivo	89	Bre	60	0.474708	0.525292
Ivo	89	Bre	61	0.508549	0.491451
Ivo	89	Bre	62	0.375645	0.624355
Ivo	89	Bre	63	0.449554	0.550446
Ivo	89	Bre	64	0.423747	0.576253
Ivo	89	Bre	65	0.408747	0.591253
Ivo	89	Bre	66	0.438031	0.561969
Ivo	89	Ivo	67	0.424846	0.575154
Ivo	89	Ivo	68	0.476492	0.523508
Ivo	89	Ivo	69	-0.039474	1.039474
Ivo	89	Ivo	70	0.372896	0.627104
Ivo	89	Ivo	71	0.244558	0.755442
Ivo	89	Ivo	72	0.542852	0.457148
Ivo	89	Ivo	73	0.426360	0.573640
Ivo	89	Ivo	74	0.577912	0.422088
Ivo	89	Ivo	75	0.422478	0.577522
Ivo	89	Ivo	76	0.336103	0.663897
Ivo	89	Ivo	77	0.626479	0.373521
Ivo	89	Ivo	78	0.512680	0.487320
Ivo	89	Ivo	79	0.225238	0.774762
Ivo	89	Ivo	80	-0.232799	1.232799
Ivo	89	Ivo	81	0.319332	0.680668
Ivo	89	Ivo	82	0.560398	0.439602
Ivo	89	Ivo	83	0.468511	0.531489
Ivo	89	Ivo	84	0.538397	0.461603
Ivo	89	Ivo	85	0.422129	0.577871
Ivo	89	Ivo	86	0.440027	0.559973
Ivo	89	Ivo	87	0.254164	0.745836
Ivo	89	Ivo	88	0.456191	0.543809
Ivo	89	Ivo	90	0.533329	0.466671
Ivo	89	Ivo	91	0.410858	0.589142
Ivo	89	Ivo	92	0.406649	0.593351
Ivo	89	Ivo	93	0.164664	0.835336
Ivo	89	Ivo	94	0.313132	0.686868
Ivo	89	Ivo	95	0.384607	0.615393
Ivo	89	Ivo	96	0.451735	0.548265
Ivo	89	Ivo	97	0.165543	0.834457
Ivo	89	Pip	98	0.409243	0.590757
Ivo	89	Pip	99	0.056996	0.943004
Ivo	89	Pip	100	0.068563	0.931437
Ivo	89	Pip	101	0.434566	0.565434
Ivo	89	Pip	102	-0.014646	1.014646
Ivo	89	Pip	103	0.419398	0.580602
Ivo	89	Pip	104	0.275634	0.724366
Ivo	89	Pip	105	0.361616	0.638384
Ivo	89	Pip	106	0.467476	0.532524
Ivo	89	Pip	107	-0.246356	1.246356
Ivo	89	Pip	108	-0.933785	1.933785
Ivo	89	Pip	109	0.329713	0.670287
Ivo	89	Pip	110	0.284623	0.715377
Ivo	89	Pip	111	0.260460	0.739540
Ivo	89	Pip	112	0.306119	0.693881
Ivo	89	Pip	113	0.466810	0.533190
Ivo	89	Pip	114	0.090516	0.909484
Ivo	89	Pip	115	-0.387815	1.387815
Ivo	89	Pip	116	0.445544	0.554456
Ivo	89	Pip	117	-0.012619	1.012619
Ivo	89	Pip	118	0.256141	0.743859
Ivo	89	Pip	119	0.103356	0.896644
Ivo	89	Pip	120	-0.423666	1.423666
Ivo	89	Pip	121	0.396580	0.603420
Ivo	89	Pip	122	-0.325608	1.325608
Ivo	89	Pip	123	0.361704	0.638296
Ivo	89	Pip	124	-0.933785	1.933785
Ivo	89	Pip	125	0.315702	0.684298
Ivo	89	Pip	126	0.378820	0.621180
Ivo	89	Pip	127	0.364572	0.635428
Ivo	89	Pip	128	0.314197	0.685803
Ivo	89	Pip	129	-0.016403	1.016403
Ivo	89	Pip	130	0.117389	0.882611
Ivo	89	Pip	131	0.483485	0.516515
Ivo	89	Pip	132	0.462820	0.537180
Ivo	89	Pip	133	0.414646	0.585354
Ivo	90	Bly	1	-0.594913	1.594913
Ivo	90	Bly	2	-0.244401	1.244401
Ivo	90	Bly	3	0.308403	0.691597
Ivo	90	Bly	4	0.358377	0.641623
Ivo	90	Bly	5	0.278919	0.721081
Ivo	90	Bly	6	-0.594913	1.594913
Ivo	90	Bly	7	0.418554	0.581446
Ivo	90	Bly	8	-0.698373	1.698373
Ivo	90	Bly	9	0.449394	0.550606
Ivo	90	Bly	10	0.510126	0.489874
Ivo	90	Bly	11	0.486310	0.513690
Ivo	90	Bly	12	0.473384	0.526616
Ivo	90	Bly	13	-0.150750	1.150750
Ivo	90	Bly	14	0.490648	0.509352
Ivo	90	Bly	15	0.460813	0.539187
Ivo	90	Bly	16	0.427256	0.572744
Ivo	90	Bly	17	0.590753	0.409247
Ivo	90	Bly	18	0.249788	0.750212
Ivo	90	Bly	19	-0.261964	1.261964
Ivo	90	Bly	20	-0.017032	1.017032
Ivo	90	Bly	21	0.224765	0.775235
Ivo	90	Bly	22	-0.594913	1.594913
Ivo	90	Bly	23	0.543415	0.456585
Ivo	90	Bly	24	0.548088	0.451912
Ivo	90	Bly	25	0.225656	0.774344
Ivo	90	Bly	26	0.501826	0.498174
Ivo	90	Bly	27	0.338755	0.661245
Ivo	90	Bly	28	-0.110807	1.110807
Ivo	90	Bly	29	0.553297	0.446703
Ivo	90	Bly	30	0.549304	0.450696
Ivo	90	Bly	31	0.356531	0.643469
Ivo	90	Bly	32	0.104009	0.895991
Ivo	90	Bly	33	-0.189743	1.189743
Ivo	90	Bre	34	0.383863	0.616137
Ivo	90	Bre	35	0.471919	0.528081
Ivo	90	Bre	36	-0.537896	1.537896
Ivo	90	Bre	37	0.506591	0.493409
Ivo	90	Bre	38	0.453676	0.546324
Ivo	90	Bre	39	0.394466	0.605534
Ivo	90	Bre	40	-0.083540	1.083540
Ivo	90	Bre	41	0.442488	0.557512
Ivo	90	Bre	42	0.508580	0.491420
Ivo	90	Bre	43	-0.416115	1.416115
Ivo	90	Bre	44	0.581990	0.418010
Ivo	90	Bre	45	0.399436	0.600564
Ivo	90	Bre	46	0.520690	0.479310
Ivo	90	Bre	47	0.486130	0.513870
Ivo	90	Bre	48	0.533447	0.466553
Ivo	90	Bre	49	0.214046	0.785954
Ivo	90	Bre	50	0.290995	0.709005
Ivo	90	Bre	51	0.563790	0.436210
Ivo	90	Bre	52	0.458816	0.541184
Ivo	90	Bre	53	0.504722	0.495278
Ivo	90	Bre	54	0.545820	0.454180
Ivo	90	Bre	55	0.393318	0.606682
Ivo	90	Bre	56	-0.635976	1.635976
Ivo	90	Bre	57	0.418739	0.581261
Ivo	90	Bre	58	0.197391	0.802609
Ivo	90	Bre	59	0.611894	0.388106
Ivo	90	Bre	60	0.472300	0.527700
Ivo	90	Bre	61	0.544887	0.455113
Ivo	90	Bre	62	0.411983	0.588017
Ivo	90	Bre	63	0.597807	0.402193
Ivo	90	Bre	64	0.421339	0.578661
Ivo	90	Bre	65	0.445085	0.554915
Ivo	90	Bre	66	0.520972	0.479028
Ivo	90	Ivo	67	0.430477	0.569523
Ivo	90	Ivo	68	0.522947	0.477053
Ivo	90	Ivo	69	-0.009850	1.009850
Ivo	90	Ivo	70	0.419321	0.580679
Ivo	90	Ivo	71	0.295678	0.704322
Ivo	90	Ivo	72	0.542264	0.457736
Ivo	90	Ivo	73	0.425772	0.574228
Ivo	90	Ivo	74	0.574547	0.425453
Ivo	90	Ivo	75	0.419113	0.580887
Ivo	90	Ivo	76	0.286865	0.713135
Ivo	90	Ivo	77	0.594184	0.405816
Ivo	90	Ivo	78	0.517171	0.482829
Ivo	90	Ivo	79	0.342674	0.657326
Ivo	90	Ivo	80	-0.203175	1.203175
Ivo	90	Ivo	81	0.352894	0.647106
Ivo	90	Ivo	82	0.522569	0.477431
Ivo	90	Ivo	83	0.391936	0.608064
Ivo	90	Ivo	84	0.625759	0.374241
Ivo	90	Ivo	85	0.421541	0.578459
Ivo	90	Ivo	86	0.611233	0.388767
Ivo	90	Ivo	87	0.216335	0.783665
Ivo	90	Ivo	88	0.550541	0.449459
Ivo	90	Ivo	89	0.533329	0.466671
Ivo	90	Ivo	91	0.292375	0.707625
Ivo	90	Ivo	92	0.367315	0.632685
Ivo	90	Ivo	93	0.125330	0.874670
Ivo	90	Ivo	94	0.005978	0.994022
Ivo	90	Ivo	95	0.376990	0.623010
Ivo	90	Ivo	96	0.496684	0.503316
Ivo	90	Ivo	97	0.183212	0.816788
Ivo	90	Pip	98	0.438552	0.561448
Ivo	90	Pip	99	0.136776	0.863224
Ivo	90	Pip	100	0.118365	0.881635
Ivo	90	Pip	101	0.551271	0.448729
Ivo	90	Pip	102	0.029759	0.970241
Ivo	90	Pip	103	0.536103	0.463897
Ivo	90	Pip	104	0.343690	0.656310
Ivo	90	Pip	105	0.387763	0.612237
Ivo	90	Pip	106	0.545348	0.454652
Ivo	90	Pip	107	-0.128511	1.128511
Ivo	90	Pip	108	-0.594913	1.594913
Ivo	90	Pip	109	0.446419	0.553581
Ivo	90	Pip	110	0.304029	0.695971
Ivo	90	Pip	111	0.294962	0.705038
Ivo	90	Pip	112	0.385898	0.614102
Ivo	90	Pip	113	0.549051	0.450949
Ivo	90	Pip	114	0.176829	0.823171
Ivo	90	Pip	115	-0.203150	1.203150
Ivo	90	Pip	116	0.542882	0.457118
Ivo	90	Pip	117	-0.059682	1.059682
Ivo	90	Pip	118	0.297174	0.702826
Ivo	90	Pip	119	0.009464	0.990536
Ivo	90	Pip	120	-0.420258	1.420258
Ivo	90	Pip	121	0.464636	0.535364
Ivo	90	Pip	122	-0.326482	1.326482
Ivo	90	Pip	123	0.429760	0.570240
Ivo	90	Pip	124	-0.594913	1.594913
Ivo	90	Pip	125	0.395481	0.604519
Ivo	90	Pip	126	0.404968	0.595032
Ivo	90	Pip	127	0.481278	0.518722
Ivo	90	Pip	128	0.303419	0.696581
Ivo	90	Pip	129	-0.063465	1.063465
Ivo	90	Pip	130	0.109073	0.890927
Ivo	90	Pip	131	0.426519	0.573481
Ivo	90	Pip	132	0.454504	0.545496
Ivo	90	Pip	133	0.482701	0.517299
Ivo	91	Bly	1	-0.923293	1.923293
Ivo	91	Bly	2	0.124836	0.875164
Ivo	91	Bly	3	0.588967	0.411033
Ivo	91	Bly	4	0.280893	0.719107
Ivo	91	Bly	5	0.369879	0.630121
Ivo	91	Bly	6	-0.923293	1.923293
Ivo	91	Bly	7	0.603164	0.396836
Ivo	91	Bly	8	-0.558846	1.558846
Ivo	91	Bly	9	0.425974	0.574026
Ivo	91	Bly	10	0.676814	0.323186
Ivo	91	Bly	11	0.605425	0.394575
Ivo	91	Bly	12	0.618892	0.381108
Ivo	91	Bly	13	-0.088298	1.088298
Ivo	91	Bly	14	0.575917	0.424083
Ivo	91	Bly	15	0.453730	0.546270
Ivo	91	Bly	16	0.305935	0.694065
Ivo	91	Bly	17	0.501049	0.498951
Ivo	91	Bly	18	0.329277	0.670723
Ivo	91	Bly	19	0.161760	0.838240
Ivo	91	Bly	20	0.116245	0.883755
Ivo	91	Bly	21	0.171735	0.828265
Ivo	91	Bly	22	-0.923293	1.923293
Ivo	91	Bly	23	0.458811	0.541189
Ivo	91	Bly	24	0.438128	0.561872
Ivo	91	Bly	25	-0.061111	1.061111
Ivo	91	Bly	26	0.613682	0.386318
Ivo	91	Bly	27	0.281488	0.718512
Ivo	91	Bly	28	0.122984	0.877016
Ivo	91	Bly	29	0.374684	0.625316
Ivo	91	Bly	30	0.375386	0.624614
Ivo	91	Bly	31	0.506915	0.493085
Ivo	91	Bly	32	0.255688	0.744312
Ivo	91	Bly	33	-0.094294	1.094294
Ivo	91	Bre	34	0.406942	0.593058
Ivo	91	Bre	35	0.529718	0.470282
Ivo	91	Bre	36	-0.866276	1.866276
Ivo	91	Bre	37	0.530545	0.469455
Ivo	91	Bre	38	0.396150	0.603850
Ivo	91	Bre	39	0.553863	0.446137
Ivo	91	Bre	40	0.014973	0.985027
Ivo	91	Bre	41	0.430966	0.569034
Ivo	91	Bre	42	0.441738	0.558262
Ivo	91	Bre	43	-0.545608	1.545608
Ivo	91	Bre	44	0.521480	0.478520
Ivo	91	Bre	45	0.610540	0.389460
Ivo	91	Bre	46	0.578488	0.421512
Ivo	91	Bre	47	0.577922	0.422078
Ivo	91	Bre	48	0.554005	0.445995
Ivo	91	Bre	49	0.553956	0.446044
Ivo	91	Bre	50	0.497822	0.502178
Ivo	91	Bre	51	0.586517	0.413483
Ivo	91	Bre	52	0.551160	0.448840
Ivo	91	Bre	53	0.634629	0.365371
Ivo	91	Bre	54	0.593530	0.406470
Ivo	91	Bre	55	0.454713	0.545287
Ivo	91	Bre	56	-0.964357	1.964357
Ivo	91	Bre	57	0.538846	0.461154
Ivo	91	Bre	58	0.516247	0.483753
Ivo	91	Bre	59	0.415331	0.584669
Ivo	91	Bre	60	0.452319	0.547681
Ivo	91	Bre	61	0.530981	0.469019
Ivo	91	Bre	62	0.577453	0.422547
Ivo	91	Bre	63	0.424571	0.575429
Ivo	91	Bre	64	0.552756	0.447244
Ivo	91	Bre	65	0.580231	0.419769
Ivo	91	Bre	66	0.531560	0.468440
Ivo	91	Ivo	67	0.228678	0.771322
Ivo	91	Ivo	68	0.622597	0.377403
Ivo	91	Ivo	69	0.134306	0.865694
Ivo	91	Ivo	70	0.388846	0.611154
Ivo	91	Ivo	71	0.338571	0.661429
Ivo	91	Ivo	72	0.677597	0.322403
Ivo	91	Ivo	73	0.595498	0.404502
Ivo	91	Ivo	74	0.675262	0.324738
Ivo	91	Ivo	75	0.591415	0.408585
Ivo	91	Ivo	76	0.592117	0.407883
Ivo	91	Ivo	77	0.508578	0.491422
Ivo	91	Ivo	78	0.586238	0.413762
Ivo	91	Ivo	79	0.261274	0.738726
Ivo	91	Ivo	80	-0.042013	1.042013
Ivo	91	Ivo	81	0.499024	0.500976
Ivo	91	Ivo	82	0.642710	0.357290
Ivo	91	Ivo	83	0.621861	0.378139
Ivo	91	Ivo	84	0.547456	0.452544
Ivo	91	Ivo	85	0.438336	0.561664
Ivo	91	Ivo	86	0.609631	0.390369
Ivo	91	Ivo	87	0.327249	0.672751
Ivo	91	Ivo	88	0.623215	0.376785
Ivo	91	Ivo	89	0.410858	0.589142
Ivo	91	Ivo	90	0.292375	0.707625
Ivo	91	Ivo	92	0.424008	0.575992
Ivo	91	Ivo	93	0.451680	0.548320
Ivo	91	Ivo	94	0.162083	0.837917
Ivo	91	Ivo	95	0.541750	0.458250
Ivo	91	Ivo	96	0.397583	0.602417
Ivo	91	Ivo	97	0.146616	0.853384
Ivo	91	Pip	98	0.469263	0.530737
Ivo	91	Pip	99	0.338599	0.661401
Ivo	91	Pip	100	0.093677	0.906323
Ivo	91	Pip	101	0.505092	0.494908
Ivo	91	Pip	102	0.028245	0.971755
Ivo	91	Pip	103	0.554596	0.445404
Ivo	91	Pip	104	0.386874	0.613126
Ivo	91	Pip	105	0.537818	0.462182
Ivo	91	Pip	106	0.597061	0.402939
Ivo	91	Pip	107	-0.219480	1.219480
Ivo	91	Pip	108	-0.923293	1.923293
Ivo	91	Pip	109	0.483034	0.516966
Ivo	91	Pip	110	0.309737	0.690263
Ivo	91	Pip	111	0.220101	0.779899
Ivo	91	Pip	112	0.583589	0.416411
Ivo	91	Pip	113	0.561295	0.438705
Ivo	91	Pip	114	0.061566	0.938434
Ivo	91	Pip	115	-0.318487	1.318487
Ivo	91	Pip	116	0.474692	0.525308
Ivo	91	Pip	117	-0.004328	1.004328
Ivo	91	Pip	118	0.497451	0.502549
Ivo	91	Pip	119	0.218668	0.781332
Ivo	91	Pip	120	-0.294304	1.294304
Ivo	91	Pip	121	0.497315	0.502685
Ivo	91	Pip	122	0.037424	0.962576
Ivo	91	Pip	123	0.459916	0.540084
Ivo	91	Pip	124	-0.923293	1.923293
Ivo	91	Pip	125	0.593172	0.406828
Ivo	91	Pip	126	0.626886	0.373114
Ivo	91	Pip	127	0.569249	0.430751
Ivo	91	Pip	128	0.520723	0.479277
Ivo	91	Pip	129	0.063612	0.936388
Ivo	91	Pip	130	0.286639	0.713361
Ivo	91	Pip	131	0.533047	0.466953
Ivo	91	Pip	132	0.561907	0.438093
Ivo	91	Pip	133	0.512858	0.487142
Ivo	92	Bly	1	-1.191236	2.191236
Ivo	92	Bly	2	-0.201385	1.201385
Ivo	92	Bly	3	0.404336	0.595664
Ivo	92	Bly	4	0.264645	0.735355
Ivo	92	Bly	5	0.176606	0.823394
Ivo	92	Bly	6	-1.191236	2.191236
Ivo	92	Bly	7	0.348530	0.651470
Ivo	92	Bly	8	-0.672907	1.672907
Ivo	92	Bly	9	0.361213	0.638787
Ivo	92	Bly	10	0.462894	0.537106
Ivo	92	Bly	11	0.389915	0.610085
Ivo	92	Bly	12	0.403382	0.596618
Ivo	92	Bly	13	-0.422116	1.422116
Ivo	92	Bly	14	0.361997	0.638003
Ivo	92	Bly	15	0.365790	0.634210
Ivo	92	Bly	16	0.353114	0.646886
Ivo	92	Bly	17	0.400770	0.599230
Ivo	92	Bly	18	0.145154	0.854846
Ivo	92	Bly	19	-0.084582	1.084582
Ivo	92	Bly	20	-0.035092	1.035092
Ivo	92	Bly	21	0.015702	0.984298
Ivo	92	Bly	22	-1.191236	2.191236
Ivo	92	Bly	23	0.284050	0.715950
Ivo	92	Bly	24	0.289008	0.710992
Ivo	92	Bly	25	-0.287146	1.287146
Ivo	92	Bly	26	0.362639	0.637361
Ivo	92	Bly	27	0.184174	0.815826
Ivo	92	Bly	28	-0.109419	1.109419
Ivo	92	Bly	29	0.262806	0.737194
Ivo	92	Bly	30	0.385323	0.614677
Ivo	92	Bly	31	0.322283	0.677717
Ivo	92	Bly	32	0.046009	0.953991
Ivo	92	Bly	33	-0.070327	1.070327
Ivo	92	Bre	34	0.551994	0.448006
Ivo	92	Bre	35	0.399642	0.600358
Ivo	92	Bre	36	-1.134219	2.134219
Ivo	92	Bre	37	0.574793	0.425207
Ivo	92	Bre	38	0.372306	0.627694
Ivo	92	Bre	39	0.411055	0.588945
Ivo	92	Bre	40	-0.155817	1.155817
Ivo	92	Bre	41	0.597508	0.402492
Ivo	92	Bre	42	0.663600	0.336400
Ivo	92	Bre	43	-0.813551	1.813551
Ivo	92	Bre	44	0.463109	0.536891
Ivo	92	Bre	45	0.401438	0.598562
Ivo	92	Bre	46	0.448412	0.551588
Ivo	92	Bre	47	0.555089	0.444911
Ivo	92	Bre	48	0.461169	0.538831
Ivo	92	Bre	49	0.344855	0.655145
Ivo	92	Bre	50	0.305535	0.694465
Ivo	92	Bre	51	0.528146	0.471854
Ivo	92	Bre	52	0.528327	0.471673
Ivo	92	Bre	53	0.469077	0.530923
Ivo	92	Bre	54	0.404618	0.595382
Ivo	92	Bre	55	0.636361	0.363639
Ivo	92	Bre	56	-1.232299	2.232299
Ivo	92	Bre	57	0.433279	0.566721
Ivo	92	Bre	58	0.307146	0.692854
Ivo	92	Bre	59	0.426963	0.573037
Ivo	92	Bre	60	0.686321	0.313679
Ivo	92	Bre	61	0.472609	0.527391
Ivo	92	Bre	62	0.376339	0.623661
Ivo	92	Bre	63	0.271252	0.728748
Ivo	92	Bre	64	0.492682	0.507318
Ivo	92	Bre	65	0.409441	0.590559
Ivo	92	Bre	66	0.525543	0.474457
Ivo	92	Ivo	67	0.382983	0.617017
Ivo	92	Ivo	68	0.439668	0.560332
Ivo	92	Ivo	69	0.105619	0.894381
Ivo	92	Ivo	70	0.617646	0.382354
Ivo	92	Ivo	71	0.129464	0.870536
Ivo	92	Ivo	72	0.541785	0.458215
Ivo	92	Ivo	73	0.495224	0.504776
Ivo	92	Ivo	74	0.539332	0.460668
Ivo	92	Ivo	75	0.383898	0.616102
Ivo	92	Ivo	76	0.459995	0.540005
Ivo	92	Ivo	77	0.426379	0.573621
Ivo	92	Ivo	78	0.531375	0.468625
Ivo	92	Ivo	79	0.130186	0.869814
Ivo	92	Ivo	80	-0.063747	1.063747
Ivo	92	Ivo	81	0.244390	0.755610
Ivo	92	Ivo	82	0.463253	0.536747
Ivo	92	Ivo	83	0.441369	0.558631
Ivo	92	Ivo	84	0.430339	0.569661
Ivo	92	Ivo	85	0.498704	0.501296
Ivo	92	Ivo	86	0.438959	0.561041
Ivo	92	Ivo	87	0.279338	0.720662
Ivo	92	Ivo	88	0.440286	0.559714
Ivo	92	Ivo	89	0.406649	0.593351
Ivo	92	Ivo	90	0.367315	0.632685
Ivo	92	Ivo	91	0.424008	0.575992
Ivo	92	Ivo	93	0.311242	0.688758
Ivo	92	Ivo	94	0.240297	0.759703
Ivo	92	Ivo	95	0.494020	0.505980
Ivo	92	Ivo	96	0.657221	0.342779
Ivo	92	Ivo	97	0.496111	0.503889
Ivo	92	Pip	98	0.402918	0.597082
Ivo	92	Pip	99	0.176650	0.823350
Ivo	92	Pip	100	0.094792	0.905208
Ivo	92	Pip	101	0.266188	0.733812
Ivo	92	Pip	102	0.169872	0.830128
Ivo	92	Pip	103	0.274978	0.725022
Ivo	92	Pip	104	0.107256	0.892744
Ivo	92	Pip	105	0.209889	0.790111
Ivo	92	Pip	106	0.269132	0.730868
Ivo	92	Pip	107	-0.288368	1.288368
Ivo	92	Pip	108	-1.191236	2.191236
Ivo	92	Pip	109	0.185293	0.814707
Ivo	92	Pip	110	0.462399	0.537601
Ivo	92	Pip	111	0.142089	0.857911
Ivo	92	Pip	112	0.279536	0.720464
Ivo	92	Pip	113	0.322390	0.677610
Ivo	92	Pip	114	0.227510	0.772490
Ivo	92	Pip	115	-0.586430	1.586430
Ivo	92	Pip	116	0.329220	0.670780
Ivo	92	Pip	117	0.234014	0.765986
Ivo	92	Pip	118	0.365825	0.634175
Ivo	92	Pip	119	0.054462	0.945538
Ivo	92	Pip	120	-0.458510	1.458510
Ivo	92	Pip	121	0.252160	0.747840
Ivo	92	Pip	122	-0.148887	1.148887
Ivo	92	Pip	123	0.321888	0.678112
Ivo	92	Pip	124	-1.191236	2.191236
Ivo	92	Pip	125	0.312519	0.687481
Ivo	92	Pip	126	0.227370	0.772630
Ivo	92	Pip	127	0.289631	0.710369
Ivo	92	Pip	128	0.232473	0.767527
Ivo	92	Pip	129	0.121513	0.878487
Ivo	92	Pip	130	0.122483	0.877517
Ivo	92	Pip	131	0.329711	0.670289
Ivo	92	Pip	132	0.276492	0.723508
Ivo	92	Pip	133	0.304827	0.695173
Ivo	93	Bly	1	-1.177212	2.177212
Ivo	93	Bly	2	-0.162267	1.162267
Ivo	93	Bly	3	0.491100	0.508900
Ivo	93	Bly	4	0.210472	0.789528
Ivo	93	Bly	5	0.046337	0.953663
Ivo	93	Bly	6	-1.177212	2.177212
Ivo	93	Bly	7	0.422526	0.577474
Ivo	93	Bly	8	-0.751053	1.751053
Ivo	93	Bly	9	0.198732	0.801268
Ivo	93	Bly	10	0.378815	0.621185
Ivo	93	Bly	11	0.224769	0.775231
Ivo	93	Bly	12	0.284839	0.715161
Ivo	93	Bly	13	-0.435437	1.435437
Ivo	93	Bly	14	0.372634	0.627366
Ivo	93	Bly	15	0.166068	0.833932
Ivo	93	Bly	16	0.108149	0.891851
Ivo	93	Bly	17	0.269140	0.730860
Ivo	93	Bly	18	0.097369	0.902631
Ivo	93	Bly	19	-0.048974	1.048974
Ivo	93	Bly	20	-0.162387	1.162387
Ivo	93	Bly	21	-0.115927	1.115927
Ivo	93	Bly	22	-1.177212	2.177212
Ivo	93	Bly	23	0.153781	0.846219
Ivo	93	Bly	24	0.139299	0.860701
Ivo	93	Bly	25	-0.309002	1.309002
Ivo	93	Bly	26	0.278973	0.721027
Ivo	93	Bly	27	0.088369	0.911631
Ivo	93	Bly	28	-0.197970	1.197970
Ivo	93	Bly	29	0.122102	0.877898
Ivo	93	Bly	30	0.140359	0.859641
Ivo	93	Bly	31	0.325521	0.674479
Ivo	93	Bly	32	-0.042543	1.042543
Ivo	93	Bly	33	-0.192161	1.192161
Ivo	93	Bre	34	0.264837	0.735163
Ivo	93	Bre	35	0.304840	0.695160
Ivo	93	Bre	36	-1.120195	2.120195
Ivo	93	Bre	37	0.304314	0.695686
Ivo	93	Bre	38	0.291614	0.708386
Ivo	93	Bre	39	0.305027	0.694973
Ivo	93	Bre	40	-0.209905	1.209905
Ivo	93	Bre	41	0.327028	0.672972
Ivo	93	Bre	42	0.250982	0.749018
Ivo	93	Bre	43	-0.863054	1.863054
Ivo	93	Bre	44	0.296603	0.703397
Ivo	93	Bre	45	0.471924	0.528076
Ivo	93	Bre	46	0.317730	0.682270
Ivo	93	Bre	47	0.387166	0.612834
Ivo	93	Bre	48	0.339849	0.660151
Ivo	93	Bre	49	0.380464	0.619536
Ivo	93	Bre	50	0.159073	0.840927
Ivo	93	Bre	51	0.325759	0.674241
Ivo	93	Bre	52	0.514493	0.485507
Ivo	93	Bre	53	0.338395	0.661605
Ivo	93	Bre	54	0.273936	0.726064
Ivo	93	Bre	55	0.441337	0.558663
Ivo	93	Bre	56	-1.136148	2.136148
Ivo	93	Bre	57	0.255133	0.744867
Ivo	93	Bre	58	0.328982	0.671018
Ivo	93	Bre	59	0.259453	0.740547
Ivo	93	Bre	60	0.369050	0.630950
Ivo	93	Bre	61	0.270222	0.729778
Ivo	93	Bre	62	0.352575	0.647425
Ivo	93	Bre	63	0.162578	0.837422
Ivo	93	Bre	64	0.457253	0.542747
Ivo	93	Bre	65	0.319473	0.680527
Ivo	93	Bre	66	0.270802	0.729198
Ivo	93	Ivo	67	0.166336	0.833664
Ivo	93	Ivo	68	0.395356	0.604644
Ivo	93	Ivo	69	0.097639	0.902361
Ivo	93	Ivo	70	0.215903	0.784097
Ivo	93	Ivo	71	-0.038046	1.038046
Ivo	93	Ivo	72	0.381132	0.618868
Ivo	93	Ivo	73	0.474475	0.525525
Ivo	93	Ivo	74	0.377263	0.622737
Ivo	93	Ivo	75	0.257710	0.742290
Ivo	93	Ivo	76	0.579146	0.420854
Ivo	93	Ivo	77	0.250798	0.749202
Ivo	93	Ivo	78	0.383492	0.616508
Ivo	93	Ivo	79	0.223364	0.776636
Ivo	93	Ivo	80	0.057478	0.942522
Ivo	93	Ivo	81	0.236906	0.763094
Ivo	93	Ivo	82	0.488077	0.511923
Ivo	93	Ivo	83	0.583833	0.416167
Ivo	93	Ivo	84	0.284103	0.715897
Ivo	93	Ivo	85	0.444534	0.555466
Ivo	93	Ivo	86	0.277286	0.722714
Ivo	93	Ivo	87	0.188720	0.811280
Ivo	93	Ivo	88	0.361096	0.638904
Ivo	93	Ivo	89	0.164664	0.835336
Ivo	93	Ivo	90	0.125330	0.874670
Ivo	93	Ivo	91	0.451680	0.548320
Ivo	93	Ivo	92	0.311242	0.688758
Ivo	93	Ivo	94	-0.196336	1.196336
Ivo	93	Ivo	95	0.368806	0.631194
Ivo	93	Ivo	96	0.336958	0.663042
Ivo	93	Ivo	97	0.033021	0.966979
Ivo	93	Pip	98	0.204557	0.795443
Ivo	93	Pip	99	0.212259	0.787741
Ivo	93	Pip	100	0.006350	0.993650
Ivo	93	Pip	101	0.194342	0.805658
Ivo	93	Pip	102	-0.111529	1.111529
Ivo	93	Pip	103	0.219887	0.780113
Ivo	93	Pip	104	0.112004	0.887996
Ivo	93	Pip	105	0.190678	0.809322
Ivo	93	Pip	106	0.214042	0.785958
Ivo	93	Pip	107	-0.436182	1.436182
Ivo	93	Pip	108	-1.177212	2.177212
Ivo	93	Pip	109	0.089489	0.910511
Ivo	93	Pip	110	0.127158	0.872842
Ivo	93	Pip	111	0.115850	0.884150
Ivo	93	Pip	112	0.248880	0.751120
Ivo	93	Pip	113	0.262466	0.737534
Ivo	93	Pip	114	-0.006961	1.006961
Ivo	93	Pip	115	-0.718059	1.718059
Ivo	93	Pip	116	0.275546	0.724454
Ivo	93	Pip	117	-0.112715	1.112715
Ivo	93	Pip	118	0.324507	0.675493
Ivo	93	Pip	119	-0.040696	1.040696
Ivo	93	Pip	120	-0.368500	1.368500
Ivo	93	Pip	121	0.162606	0.837394
Ivo	93	Pip	122	0.129238	0.870762
Ivo	93	Pip	123	0.302677	0.697323
Ivo	93	Pip	124	-1.177212	2.177212
Ivo	93	Pip	125	0.328466	0.671534
Ivo	93	Pip	126	0.173282	0.826718
Ivo	93	Pip	127	0.199663	0.800337
Ivo	93	Pip	128	0.330404	0.669596
Ivo	93	Pip	129	-0.196399	1.196399
Ivo	93	Pip	130	0.087493	0.912507
Ivo	93	Pip	131	0.263898	0.736102
Ivo	93	Pip	132	0.257282	0.742718
Ivo	93	Pip	133	0.249736	0.750264
Ivo	94	Bly	1	-1.205999	2.205999
Ivo	94	Bly	2	-0.401518	1.401518
Ivo	94	Bly	3	0.082814	0.917186
Ivo	94	Bly	4	0.066878	0.933122
Ivo	94	Bly	5	0.039799	0.960201
Ivo	94	Bly	6	-1.205999	2.205999
Ivo	94	Bly	7	0.104107	0.895893
Ivo	94	Bly	8	-0.913390	1.913390
Ivo	94	Bly	9	0.168236	0.831764
Ivo	94	Bly	10	0.192058	0.807942
Ivo	94	Bly	11	0.272607	0.727393
Ivo	94	Bly	12	0.125762	0.874238
Ivo	94	Bly	13	-0.485822	1.485822
Ivo	94	Bly	14	0.170083	0.829917
Ivo	94	Bly	15	0.110186	0.889814
Ivo	94	Bly	16	0.036552	0.963448
Ivo	94	Bly	17	0.084208	0.915792
Ivo	94	Bly	18	-0.124805	1.124805
Ivo	94	Bly	19	-0.369345	1.369345
Ivo	94	Bly	20	-0.272763	1.272763
Ivo	94	Bly	21	-0.205679	1.205679
Ivo	94	Bly	22	-1.205999	2.205999
Ivo	94	Bly	23	0.082538	0.917462
Ivo	94	Bly	24	0.010930	0.989070
Ivo	94	Bly	25	-0.395617	1.395617
Ivo	94	Bly	26	0.198360	0.801640
Ivo	94	Bly	27	-0.025669	1.025669
Ivo	94	Bly	28	-0.339200	1.339200
Ivo	94	Bly	29	0.087534	0.912466
Ivo	94	Bly	30	0.068254	0.931746
Ivo	94	Bly	31	0.240365	0.759635
Ivo	94	Bly	32	-0.012382	1.012382
Ivo	94	Bly	33	-0.426083	1.426083
Ivo	94	Bre	34	0.160738	0.839262
Ivo	94	Bre	35	0.171887	0.828113
Ivo	94	Bre	36	-1.148982	2.148982
Ivo	94	Bre	37	0.340430	0.659570
Ivo	94	Bre	38	0.137943	0.862057
Ivo	94	Bre	39	0.118590	0.881410
Ivo	94	Bre	40	-0.318899	1.318899
Ivo	94	Bre	41	0.194265	0.805735
Ivo	94	Bre	42	0.306944	0.693056
Ivo	94	Bre	43	-0.815219	1.815219
Ivo	94	Bre	44	0.192789	0.807211
Ivo	94	Bre	45	0.094830	0.905170
Ivo	94	Bre	46	0.178092	0.821908
Ivo	94	Bre	47	0.178658	0.821342
Ivo	94	Bre	48	0.155972	0.844028
Ivo	94	Bre	49	-0.018757	1.018757
Ivo	94	Bre	50	0.062432	0.937568
Ivo	94	Bre	51	0.173602	0.826398
Ivo	94	Bre	52	0.130251	0.869749
Ivo	94	Bre	53	0.197599	0.802401
Ivo	94	Bre	54	0.156501	0.843499
Ivo	94	Bre	55	0.203407	0.796593
Ivo	94	Bre	56	-1.247063	2.247063
Ivo	94	Bre	57	0.140814	0.859186
Ivo	94	Bre	58	-0.034408	1.034408
Ivo	94	Bre	59	0.158128	0.841872
Ivo	94	Bre	60	0.223554	0.776446
Ivo	94	Bre	61	0.167412	0.832588
Ivo	94	Bre	62	0.183420	0.816580
Ivo	94	Bre	63	0.061002	0.938998
Ivo	94	Bre	64	0.187491	0.812509
Ivo	94	Bre	65	0.257236	0.742764
Ivo	94	Bre	66	0.131772	0.868228
Ivo	94	Ivo	67	0.131907	0.868093
Ivo	94	Ivo	68	0.138818	0.861182
Ivo	94	Ivo	69	-0.292162	1.292162
Ivo	94	Ivo	70	0.333918	0.666082
Ivo	94	Ivo	71	-0.114903	1.114903
Ivo	94	Ivo	72	0.158445	0.841555
Ivo	94	Ivo	73	0.131566	0.868434
Ivo	94	Ivo	74	0.198947	0.801053
Ivo	94	Ivo	75	0.166248	0.833752
Ivo	94	Ivo	76	0.096407	0.903593
Ivo	94	Ivo	77	0.204615	0.795385
Ivo	94	Ivo	78	0.138260	0.861740
Ivo	94	Ivo	79	-0.223112	1.223112
Ivo	94	Ivo	80	-0.293682	1.293682
Ivo	94	Ivo	81	0.153788	0.846212
Ivo	94	Ivo	82	0.166124	0.833876
Ivo	94	Ivo	83	0.179117	0.820883
Ivo	94	Ivo	84	0.273512	0.726488
Ivo	94	Ivo	85	-0.060147	1.060147
Ivo	94	Ivo	86	0.197092	0.802908
Ivo	94	Ivo	87	-0.134399	1.134399
Ivo	94	Ivo	88	0.161467	0.838533
Ivo	94	Ivo	89	0.313132	0.686868
Ivo	94	Ivo	90	0.005978	0.994022
Ivo	94	Ivo	91	0.162083	0.837917
Ivo	94	Ivo	92	0.240297	0.759703
Ivo	94	Ivo	93	-0.196336	1.196336
Ivo	94	Ivo	95	0.394144	0.605856
Ivo	94	Ivo	96	0.251610	0.748390
Ivo	94	Ivo	97	0.085965	0.914035
Ivo	94	Pip	98	0.339871	0.660129
Ivo	94	Pip	99	0.011734	0.988266
Ivo	94	Pip	100	0.076714	0.923286
Ivo	94	Pip	101	0.162426	0.837574
Ivo	94	Pip	102	0.155385	0.844615
Ivo	94	Pip	103	0.217767	0.782233
Ivo	94	Pip	104	0.009331	0.990669
Ivo	94	Pip	105	0.160524	0.839476
Ivo	94	Pip	106	0.062987	0.937013
Ivo	94	Pip	107	-0.321254	1.321254
Ivo	94	Pip	108	-1.205999	2.205999
Ivo	94	Pip	109	0.146204	0.853796
Ivo	94	Pip	110	0.329873	0.670127
Ivo	94	Pip	111	0.127325	0.872675
Ivo	94	Pip	112	0.192653	0.807347
Ivo	94	Pip	113	0.224878	0.775122
Ivo	94	Pip	114	0.047938	0.952062
Ivo	94	Pip	115	-0.601193	1.601193
Ivo	94	Pip	116	0.125244	0.874756
Ivo	94	Pip	117	0.018975	0.981025
Ivo	94	Pip	118	0.158387	0.841613
Ivo	94	Pip	119	-0.039207	1.039207
Ivo	94	Pip	120	-0.590899	1.590899
Ivo	94	Pip	121	0.154236	0.845764
Ivo	94	Pip	122	-0.494258	1.494258
Ivo	94	Pip	123	0.307400	0.692600
Ivo	94	Pip	124	-1.205999	2.205999
Ivo	94	Pip	125	0.183070	0.816930
Ivo	94	Pip	126	0.164322	0.835678
Ivo	94	Pip	127	0.197819	0.802181
Ivo	94	Pip	128	0.105803	0.894197
Ivo	94	Pip	129	0.144148	0.855852
Ivo	94	Pip	130	-0.119632	1.119632
Ivo	94	Pip	131	0.131848	0.868152
Ivo	94	Pip	132	0.148706	0.851294
Ivo	94	Pip	133	0.290339	0.709661
Ivo	95	Bly	1	-0.893341	1.893341
Ivo	95	Bly	2	0.042732	0.957268
Ivo	95	Bly	3	0.533604	0.466396
Ivo	95	Bly	4	0.427249	0.572751
Ivo	95	Bly	5	0.353336	0.646664
Ivo	95	Bly	6	-0.893341	1.893341
Ivo	95	Bly	7	0.472128	0.527872
Ivo	95	Bly	8	-0.527290	1.527290
Ivo	95	Bly	9	0.496395	0.503605
Ivo	95	Bly	10	0.635394	0.364606
Ivo	95	Bly	11	0.632978	0.367022
Ivo	95	Bly	12	0.569098	0.430902
Ivo	95	Bly	13	-0.077086	1.077086
Ivo	95	Bly	14	0.578819	0.421181
Ivo	95	Bly	15	0.425233	0.574767
Ivo	95	Bly	16	0.328830	0.671170
Ivo	95	Bly	17	0.453941	0.546059
Ivo	95	Bly	18	0.282169	0.717831
Ivo	95	Bly	19	0.075557	0.924443
Ivo	95	Bly	20	0.027411	0.972589
Ivo	95	Bly	21	0.141098	0.858902
Ivo	95	Bly	22	-0.893341	1.893341
Ivo	95	Bly	23	0.377239	0.622761
Ivo	95	Bly	24	0.453784	0.546216
Ivo	95	Bly	25	-0.084720	1.084720
Ivo	95	Bly	26	0.642976	0.357024
Ivo	95	Bly	27	0.346704	0.653296
Ivo	95	Bly	28	0.040467	0.959533
Ivo	95	Bly	29	0.422666	0.577334
Ivo	95	Bly	30	0.432775	0.567225
Ivo	95	Bly	31	0.606625	0.393375
Ivo	95	Bly	32	0.309036	0.690964
Ivo	95	Bly	33	-0.017062	1.017062
Ivo	95	Bre	34	0.520808	0.479192
Ivo	95	Bre	35	0.533033	0.466967
Ivo	95	Bre	36	-0.836324	1.836324
Ivo	95	Bre	37	0.595760	0.404240
Ivo	95	Bre	38	0.461366	0.538634
Ivo	95	Bre	39	0.380185	0.619815
Ivo	95	Bre	40	0.001533	0.998467
Ivo	95	Bre	41	0.461304	0.538696
Ivo	95	Bre	42	0.562274	0.437726
Ivo	95	Bre	43	-0.550150	1.550150
Ivo	95	Bre	44	0.516693	0.483307
Ivo	95	Bre	45	0.538744	0.461256
Ivo	95	Bre	46	0.539237	0.460763
Ivo	95	Bre	47	0.537163	0.462837
Ivo	95	Bre	48	0.479877	0.520123
Ivo	95	Bre	49	0.425157	0.574843
Ivo	95	Bre	50	0.309543	0.690457
Ivo	95	Bre	51	0.545097	0.454903
Ivo	95	Bre	52	0.536924	0.463076
Ivo	95	Bre	53	0.558745	0.441255
Ivo	95	Bre	54	0.458810	0.541190
Ivo	95	Bre	55	0.495385	0.504615
Ivo	95	Bre	56	-0.934404	1.934404
Ivo	95	Bre	57	0.365168	0.634832
Ivo	95	Bre	58	0.361338	0.638662
Ivo	95	Bre	59	0.445670	0.554330
Ivo	95	Bre	60	0.515531	0.484469
Ivo	95	Bre	61	0.491316	0.508684
Ivo	95	Bre	62	0.430531	0.569469
Ivo	95	Bre	63	0.326071	0.673929
Ivo	95	Bre	64	0.595524	0.404476
Ivo	95	Bre	65	0.463633	0.536367
Ivo	95	Bre	66	0.455676	0.544324
Ivo	95	Ivo	67	0.539567	0.460433
Ivo	95	Ivo	68	0.540080	0.459920
Ivo	95	Ivo	69	0.229742	0.770258
Ivo	95	Ivo	70	0.637442	0.362558
Ivo	95	Ivo	71	0.254830	0.745170
Ivo	95	Ivo	72	0.601299	0.398701
Ivo	95	Ivo	73	0.540301	0.459699
Ivo	95	Ivo	74	0.678164	0.321836
Ivo	95	Ivo	75	0.645464	0.354536
Ivo	95	Ivo	76	0.541308	0.458692
Ivo	95	Ivo	77	0.575627	0.424373
Ivo	95	Ivo	78	0.629764	0.370236
Ivo	95	Ivo	79	0.256105	0.743895
Ivo	95	Ivo	80	0.161778	0.838222
Ivo	95	Ivo	81	0.520048	0.479952
Ivo	95	Ivo	82	0.657628	0.342372
Ivo	95	Ivo	83	0.670621	0.329379
Ivo	95	Ivo	84	0.640173	0.359827
Ivo	95	Ivo	85	0.431675	0.568325
Ivo	95	Ivo	86	0.561991	0.438009
Ivo	95	Ivo	87	0.272411	0.727589
Ivo	95	Ivo	88	0.491766	0.508234
Ivo	95	Ivo	89	0.384607	0.615393
Ivo	95	Ivo	90	0.376990	0.623010
Ivo	95	Ivo	91	0.541750	0.458250
Ivo	95	Ivo	92	0.494020	0.505980
Ivo	95	Ivo	93	0.368806	0.631194
Ivo	95	Ivo	94	0.394144	0.605856
Ivo	95	Ivo	96	0.627540	0.372460
Ivo	95	Ivo	97	0.371419	0.628581
Ivo	95	Pip	98	0.644151	0.355849
Ivo	95	Pip	99	0.534625	0.465375
Ivo	95	Pip	100	0.303608	0.696392
Ivo	95	Pip	101	0.534799	0.465201
Ivo	95	Pip	102	0.190018	0.809982
Ivo	95	Pip	103	0.549426	0.450574
Ivo	95	Pip	104	0.340990	0.659010
Ivo	95	Pip	105	0.412750	0.587250
Ivo	95	Pip	106	0.394647	0.605353
Ivo	95	Pip	107	-0.027214	1.027214
Ivo	95	Pip	108	-0.893341	1.893341
Ivo	95	Pip	109	0.459742	0.540258
Ivo	95	Pip	110	0.470605	0.529395
Ivo	95	Pip	111	0.346997	0.653003
Ivo	95	Pip	112	0.548191	0.451809
Ivo	95	Pip	113	0.597252	0.402748
Ivo	95	Pip	114	0.259709	0.740291
Ivo	95	Pip	115	-0.288535	1.288535
Ivo	95	Pip	116	0.456903	0.543097
Ivo	95	Pip	117	0.200971	0.799029
Ivo	95	Pip	118	0.687167	0.312833
Ivo	95	Pip	119	0.207129	0.792871
Ivo	95	Pip	120	-0.265129	1.265129
Ivo	95	Pip	121	0.485895	0.514105
Ivo	95	Pip	122	0.075237	0.924763
Ivo	95	Pip	123	0.559626	0.440374
Ivo	95	Pip	124	-0.893341	1.893341
Ivo	95	Pip	125	0.585211	0.414789
Ivo	95	Pip	126	0.495981	0.504019
Ivo	95	Pip	127	0.564079	0.435921
Ivo	95	Pip	128	0.512777	0.487223
Ivo	95	Pip	129	0.176735	0.823265
Ivo	95	Pip	130	0.246628	0.753372
Ivo	95	Pip	131	0.451506	0.548494
Ivo	95	Pip	132	0.480365	0.519635
Ivo	95	Pip	133	0.542565	0.457435
Ivo	96	Bly	1	-1.019301	2.019301
Ivo	96	Bly	2	-0.189825	1.189825
Ivo	96	Bly	3	0.508041	0.491959
Ivo	96	Bly	4	0.475538	0.524462
Ivo	96	Bly	5	0.256186	0.743814
Ivo	96	Bly	6	-1.019301	2.019301
Ivo	96	Bly	7	0.481029	0.518971
Ivo	96	Bly	8	-0.522194	1.522194
Ivo	96	Bly	9	0.566173	0.433827
Ivo	96	Bly	10	0.471347	0.528653
Ivo	96	Bly	11	0.552775	0.447225
Ivo	96	Bly	12	0.535497	0.464503
Ivo	96	Bly	13	-0.265092	1.265092
Ivo	96	Bly	14	0.414771	0.585229
Ivo	96	Bly	15	0.460665	0.539335
Ivo	96	Bly	16	0.398199	0.601801
Ivo	96	Bly	17	0.445855	0.554145
Ivo	96	Bly	18	0.190240	0.809760
Ivo	96	Bly	19	0.096183	0.903817
Ivo	96	Bly	20	0.098358	0.901642
Ivo	96	Bly	21	0.108438	0.891562
Ivo	96	Bly	22	-1.019301	2.019301
Ivo	96	Bly	23	0.378925	0.621075
Ivo	96	Bly	24	0.383883	0.616117
Ivo	96	Bly	25	-0.151844	1.151844
Ivo	96	Bly	26	0.442219	0.557781
Ivo	96	Bly	27	0.264137	0.735863
Ivo	96	Bly	28	-0.101349	1.101349
Ivo	96	Bly	29	0.355542	0.644458
Ivo	96	Bly	30	0.514692	0.485308
Ivo	96	Bly	31	0.489180	0.510820
Ivo	96	Bly	32	0.096645	0.903355
Ivo	96	Bly	33	-0.018562	1.018562
Ivo	96	Bre	34	0.558912	0.441088
Ivo	96	Bre	35	0.487293	0.512707
Ivo	96	Bre	36	-0.962284	1.962284
Ivo	96	Bre	37	0.619879	0.380121
Ivo	96	Bre	38	0.452269	0.547731
Ivo	96	Bre	39	0.369323	0.630677
Ivo	96	Bre	40	-0.103043	1.103043
Ivo	96	Bre	41	0.520898	0.479102
Ivo	96	Bre	42	0.621868	0.378132
Ivo	96	Bre	43	-0.676110	1.676110
Ivo	96	Bre	44	0.508195	0.491805
Ivo	96	Bre	45	0.540021	0.459979
Ivo	96	Bre	46	0.493498	0.506502
Ivo	96	Bre	47	0.528665	0.471335
Ivo	96	Bre	48	0.517981	0.482019
Ivo	96	Bre	49	0.448560	0.551440
Ivo	96	Bre	50	0.263803	0.736197
Ivo	96	Bre	51	0.536598	0.463402
Ivo	96	Bre	52	0.632033	0.367967
Ivo	96	Bre	53	0.477530	0.522470
Ivo	96	Bre	54	0.413071	0.586929
Ivo	96	Bre	55	0.705189	0.294811
Ivo	96	Bre	56	-1.060364	2.060364
Ivo	96	Bre	57	0.356670	0.643330
Ivo	96	Bre	58	0.397078	0.602922
Ivo	96	Bre	59	0.521838	0.478162
Ivo	96	Bre	60	0.621728	0.378272
Ivo	96	Bre	61	0.482818	0.517182
Ivo	96	Bre	62	0.384791	0.615209
Ivo	96	Bre	63	0.366127	0.633873
Ivo	96	Bre	64	0.596388	0.403612
Ivo	96	Bre	65	0.417893	0.582107
Ivo	96	Bre	66	0.447177	0.552823
Ivo	96	Ivo	67	0.609787	0.390213
Ivo	96	Ivo	68	0.532404	0.467596
Ivo	96	Ivo	69	0.206543	0.793457
Ivo	96	Ivo	70	0.648304	0.351696
Ivo	96	Ivo	71	0.187706	0.812294
Ivo	96	Ivo	72	0.515360	0.484640
Ivo	96	Ivo	73	0.557968	0.442032
Ivo	96	Ivo	74	0.592106	0.407894
Ivo	96	Ivo	75	0.428984	0.571016
Ivo	96	Ivo	76	0.563700	0.436300
Ivo	96	Ivo	77	0.436588	0.563412
Ivo	96	Ivo	78	0.635080	0.364920
Ivo	96	Ivo	79	0.256370	0.743630
Ivo	96	Ivo	80	0.114619	0.885381
Ivo	96	Ivo	81	0.297165	0.702835
Ivo	96	Ivo	82	0.528045	0.471955
Ivo	96	Ivo	83	0.587640	0.412360
Ivo	96	Ivo	84	0.593199	0.406801
Ivo	96	Ivo	85	0.524419	0.475581
Ivo	96	Ivo	86	0.481906	0.518094
Ivo	96	Ivo	87	0.327914	0.672086
Ivo	96	Ivo	88	0.456427	0.543573
Ivo	96	Ivo	89	0.451735	0.548265
Ivo	96	Ivo	90	0.496684	0.503316
Ivo	96	Ivo	91	0.397583	0.602417
Ivo	96	Ivo	92	0.657221	0.342779
Ivo	96	Ivo	93	0.336958	0.663042
Ivo	96	Ivo	94	0.251610	0.748390
Ivo	96	Ivo	95	0.627540	0.372460
Ivo	96	Ivo	97	0.429817	0.570183
Ivo	96	Pip	98	0.558089	0.441911
Ivo	96	Pip	99	0.314207	0.685793
Ivo	96	Pip	100	0.345216	0.654784
Ivo	96	Pip	101	0.345768	0.654232
Ivo	96	Pip	102	0.268749	0.731251
Ivo	96	Pip	103	0.395272	0.604728
Ivo	96	Pip	104	0.151959	0.848041
Ivo	96	Pip	105	0.330183	0.669817
Ivo	96	Pip	106	0.312079	0.687921
Ivo	96	Pip	107	-0.075719	1.075719
Ivo	96	Pip	108	-1.019301	2.019301
Ivo	96	Pip	109	0.305587	0.694413
Ivo	96	Pip	110	0.431146	0.568854
Ivo	96	Pip	111	0.311033	0.688967
Ivo	96	Pip	112	0.440640	0.559360
Ivo	96	Pip	113	0.477561	0.522439
Ivo	96	Pip	114	0.229599	0.770401
Ivo	96	Pip	115	-0.414495	1.414495
Ivo	96	Pip	116	0.408800	0.591200
Ivo	96	Pip	117	0.121480	0.878520
Ivo	96	Pip	118	0.420146	0.579854
Ivo	96	Pip	119	0.099165	0.900835
Ivo	96	Pip	120	-0.373093	1.373093
Ivo	96	Pip	121	0.331741	0.668259
Ivo	96	Pip	122	-0.099904	1.099904
Ivo	96	Pip	123	0.477059	0.522941
Ivo	96	Pip	124	-1.019301	2.019301
Ivo	96	Pip	125	0.431057	0.568943
Ivo	96	Pip	126	0.306950	0.693050
Ivo	96	Pip	127	0.375047	0.624953
Ivo	96	Pip	128	0.430210	0.569790
Ivo	96	Pip	129	0.171740	0.828260
Ivo	96	Pip	130	0.198525	0.801475
Ivo	96	Pip	131	0.450005	0.549995
Ivo	96	Pip	132	0.396786	0.603214
Ivo	96	Pip	133	0.459998	0.540002
Ivo	97	Bly	1	-1.261667	2.261667
Ivo	97	Bly	2	-0.371657	1.371657
Ivo	97	Bly	3	0.126596	0.873404
Ivo	97	Bly	4	0.140943	0.859057
Ivo	97	Bly	5	0.202159	0.797841
Ivo	97	Bly	6	-1.261667	2.261667
Ivo	97	Bly	7	0.147752	0.852248
Ivo	97	Bly	8	-0.514047	1.514047
Ivo	97	Bly	9	0.163486	0.836514
Ivo	97	Bly	10	0.148793	0.851207
Ivo	97	Bly	11	0.232089	0.767911
Ivo	97	Bly	12	0.131846	0.868154
Ivo	97	Bly	13	-0.586260	1.586260
Ivo	97	Bly	14	0.128098	0.871902
Ivo	97	Bly	15	0.184701	0.815299
Ivo	97	Bly	16	0.311210	0.688790
Ivo	97	Bly	17	0.195544	0.804456
Ivo	97	Bly	18	-0.060072	1.060072
Ivo	97	Bly	19	-0.319756	1.319756
Ivo	97	Bly	20	-0.143527	1.143527
Ivo	97	Bly	21	-0.097566	1.097566
Ivo	97	Bly	22	-1.261667	2.261667
Ivo	97	Bly	23	0.006582	0.993418
Ivo	97	Bly	24	0.155370	0.844630
Ivo	97	Bly	25	-0.393728	1.393728
Ivo	97	Bly	26	0.156757	0.843243
Ivo	97	Bly	27	-0.022055	1.022055
Ivo	97	Bly	28	-0.422517	1.422517
Ivo	97	Bly	29	0.113657	0.886343
Ivo	97	Bly	30	0.096766	0.903234
Ivo	97	Bly	31	0.121891	0.878109
Ivo	97	Bly	32	-0.188412	1.188412
Ivo	97	Bly	33	-0.400007	1.400007
Ivo	97	Bre	34	0.224071	0.775929
Ivo	97	Bre	35	0.200620	0.799380
Ivo	97	Bre	36	-1.204650	2.204650
Ivo	97	Bre	37	0.301070	0.698930
Ivo	97	Bre	38	0.201553	0.798447
Ivo	97	Bre	39	0.082650	0.917350
Ivo	97	Bre	40	-0.389716	1.389716
Ivo	97	Bre	41	0.166614	0.833386
Ivo	97	Bre	42	0.267584	0.732416
Ivo	97	Bre	43	-0.883982	1.883982
Ivo	97	Bre	44	0.221521	0.778479
Ivo	97	Bre	45	0.158576	0.841424
Ivo	97	Bre	46	0.170944	0.829056
Ivo	97	Bre	47	0.206111	0.793889
Ivo	97	Bre	48	0.148824	0.851176
Ivo	97	Bre	49	0.067116	0.932884
Ivo	97	Bre	50	-0.058751	1.058751
Ivo	97	Bre	51	0.214044	0.785956
Ivo	97	Bre	52	0.250588	0.749412
Ivo	97	Bre	53	0.190451	0.809549
Ivo	97	Bre	54	0.090517	0.909483
Ivo	97	Bre	55	0.255652	0.744348
Ivo	97	Bre	56	-1.302730	2.302730
Ivo	97	Bre	57	0.069997	0.930003
Ivo	97	Bre	58	0.027921	0.972079
Ivo	97	Bre	59	0.185857	0.814143
Ivo	97	Bre	60	0.218794	0.781206
Ivo	97	Bre	61	0.160264	0.839736
Ivo	97	Bre	62	0.098118	0.901882
Ivo	97	Bre	63	0.086899	0.913101
Ivo	97	Bre	64	0.214943	0.785057
Ivo	97	Bre	65	0.095339	0.904661
Ivo	97	Bre	66	0.124624	0.875376
Ivo	97	Ivo	67	0.420229	0.579771
Ivo	97	Ivo	68	0.161447	0.838553
Ivo	97	Ivo	69	-0.131406	1.131406
Ivo	97	Ivo	70	0.345157	0.654843
Ivo	97	Ivo	71	-0.076688	1.076688
Ivo	97	Ivo	72	0.336636	0.663364
Ivo	97	Ivo	73	0.296279	0.703721
Ivo	97	Ivo	74	0.269553	0.730447
Ivo	97	Ivo	75	0.213897	0.786103
Ivo	97	Ivo	76	0.253611	0.746389
Ivo	97	Ivo	77	0.150396	0.849604
Ivo	97	Ivo	78	0.253636	0.746364
Ivo	97	Ivo	79	-0.075925	1.075925
Ivo	97	Ivo	80	-0.223330	1.223330
Ivo	97	Ivo	81	0.046854	0.953146
Ivo	97	Ivo	82	0.229083	0.770917
Ivo	97	Ivo	83	0.242076	0.757924
Ivo	97	Ivo	84	0.308143	0.691857
Ivo	97	Ivo	85	0.184602	0.815398
Ivo	97	Ivo	86	0.232807	0.767193
Ivo	97	Ivo	87	0.268182	0.731818
Ivo	97	Ivo	88	0.206116	0.793884
Ivo	97	Ivo	89	0.165543	0.834457
Ivo	97	Ivo	90	0.183212	0.816788
Ivo	97	Ivo	91	0.146616	0.853384
Ivo	97	Ivo	92	0.496111	0.503889
Ivo	97	Ivo	93	0.033021	0.966979
Ivo	97	Ivo	94	0.085965	0.914035
Ivo	97	Ivo	95	0.371419	0.628581
Ivo	97	Ivo	96	0.429817	0.570183
Ivo	97	Pip	98	0.240898	0.759102
Ivo	97	Pip	99	0.047845	0.952155
Ivo	97	Pip	100	-0.010225	1.010225
Ivo	97	Pip	101	0.096669	0.903331
Ivo	97	Pip	102	-0.006732	1.006732
Ivo	97	Pip	103	0.146173	0.853827
Ivo	97	Pip	104	-0.061260	1.061260
Ivo	97	Pip	105	0.045377	0.954623
Ivo	97	Pip	106	-0.008607	1.008607
Ivo	97	Pip	107	-0.443182	1.443182
Ivo	97	Pip	108	-1.261667	2.261667
Ivo	97	Pip	109	0.056488	0.943512
Ivo	97	Pip	110	0.265501	0.734499
Ivo	97	Pip	111	-0.001300	1.001300
Ivo	97	Pip	112	0.191540	0.808460
Ivo	97	Pip	113	0.264343	0.735657
Ivo	97	Pip	114	-0.002696	1.002696
Ivo	97	Pip	115	-0.656861	1.656861
Ivo	97	Pip	116	0.180998	0.819002
Ivo	97	Pip	117	-0.018319	1.018319
Ivo	97	Pip	118	0.200387	0.799613
Ivo	97	Pip	119	-0.149934	1.149934
Ivo	97	Pip	120	-0.622193	1.622193
Ivo	97	Pip	121	0.082641	0.917359
Ivo	97	Pip	122	-0.330385	1.330385
Ivo	97	Pip	123	0.192253	0.807747
Ivo	97	Pip	124	-1.261667	2.261667
Ivo	97	Pip	125	0.181957	0.818043
Ivo	97	Pip	126	0.093731	0.906269
Ivo	97	Pip	127	0.125948	0.874052
Ivo	97	Pip	128	0.145404	0.854596
Ivo	97	Pip	129	0.154565	0.845435
Ivo	97	Pip	130	-0.086281	1.086281
Ivo	97	Pip	131	0.165200	0.834800
Ivo	97	Pip	132	0.147456	0.852544
Ivo	97	Pip	133	0.139312	0.860688
Pip	98	Bly	1	-0.841709	1.841709
Pip	98	Bly	2	-0.035502	1.035502
Pip	98	Bly	3	0.483707	0.516293
Pip	98	Bly	4	0.502845	0.497155
Pip	98	Bly	5	0.505807	0.494193
Pip	98	Bly	6	-0.841709	1.841709
Pip	98	Bly	7	0.499360	0.500640
Pip	98	Bly	8	-0.608574	1.608574
Pip	98	Bly	9	0.599873	0.400127
Pip	98	Bly	10	0.598788	0.401212
Pip	98	Bly	11	0.627095	0.372905
Pip	98	Bly	12	0.573455	0.426545
Pip	98	Bly	13	-0.108690	1.108690
Pip	98	Bly	14	0.570881	0.429119
Pip	98	Bly	15	0.539245	0.460755
Pip	98	Bly	16	0.551718	0.448282
Pip	98	Bly	17	0.608736	0.391264
Pip	98	Bly	18	0.390362	0.609638
Pip	98	Bly	19	-0.051783	1.051783
Pip	98	Bly	20	0.109400	0.890600
Pip	98	Bly	21	0.223087	0.776913
Pip	98	Bly	22	-0.841709	1.841709
Pip	98	Bly	23	0.493640	0.506360
Pip	98	Bly	24	0.517378	0.482622
Pip	98	Bly	25	0.027510	0.972490
Pip	98	Bly	26	0.676601	0.323399
Pip	98	Bly	27	0.499467	0.500533
Pip	98	Bly	28	-0.044252	1.044252
Pip	98	Bly	29	0.520108	0.479892
Pip	98	Bly	30	0.583420	0.416580
Pip	98	Bly	31	0.643307	0.356693
Pip	98	Bly	32	0.242555	0.757445
Pip	98	Bly	33	-0.031078	1.031078
Pip	98	Bre	34	0.519563	0.480437
Pip	98	Bre	35	0.571990	0.428010
Pip	98	Bre	36	-0.784692	1.784692
Pip	98	Bre	37	0.745858	0.254142
Pip	98	Bre	38	0.578248	0.421752
Pip	98	Bre	39	0.459660	0.540340
Pip	98	Bre	40	-0.018346	1.018346
Pip	98	Bre	41	0.683916	0.316084
Pip	98	Bre	42	0.657051	0.342949
Pip	98	Bre	43	-0.535151	1.535151
Pip	98	Bre	44	0.598217	0.401783
Pip	98	Bre	45	0.572376	0.427624
Pip	98	Bre	46	0.620761	0.379239
Pip	98	Bre	47	0.584086	0.415914
Pip	98	Bre	48	0.561400	0.438600
Pip	98	Bre	49	0.386986	0.613014
Pip	98	Bre	50	0.391066	0.608934
Pip	98	Bre	51	0.663254	0.336746
Pip	98	Bre	52	0.535679	0.464321
Pip	98	Bre	53	0.640268	0.359732
Pip	98	Bre	54	0.540334	0.459666
Pip	98	Bre	55	0.506911	0.493089
Pip	98	Bre	56	-0.882772	1.882772
Pip	98	Bre	57	0.446692	0.553308
Pip	98	Bre	58	0.406212	0.593788
Pip	98	Bre	59	0.598433	0.401567
Pip	98	Bre	60	0.527058	0.472942
Pip	98	Bre	61	0.572840	0.427160
Pip	98	Bre	62	0.512054	0.487946
Pip	98	Bre	63	0.442472	0.557528
Pip	98	Bre	64	0.630160	0.369840
Pip	98	Bre	65	0.545156	0.454844
Pip	98	Bre	66	0.537200	0.462800
Pip	98	Ivo	67	0.379551	0.620449
Pip	98	Ivo	68	0.539104	0.460896
Pip	98	Ivo	69	0.066978	0.933022
Pip	98	Ivo	70	0.475216	0.524784
Pip	98	Ivo	71	0.336066	0.663934
Pip	98	Ivo	72	0.601808	0.398192
Pip	98	Ivo	73	0.495730	0.504270
Pip	98	Ivo	74	0.563112	0.436888
Pip	98	Ivo	75	0.514142	0.485858
Pip	98	Ivo	76	0.456534	0.543466
Pip	98	Ivo	77	0.506550	0.493450
Pip	98	Ivo	78	0.532757	0.467243
Pip	98	Ivo	79	0.302024	0.697976
Pip	98	Ivo	80	-0.030878	1.030878
Pip	98	Ivo	81	0.455329	0.544671
Pip	98	Ivo	82	0.530288	0.469712
Pip	98	Ivo	83	0.543281	0.456719
Pip	98	Ivo	84	0.622806	0.377194
Pip	98	Ivo	85	0.314029	0.685971
Pip	98	Ivo	86	0.646029	0.353971
Pip	98	Ivo	87	0.374770	0.625230
Pip	98	Ivo	88	0.484602	0.515398
Pip	98	Ivo	89	0.409243	0.590757
Pip	98	Ivo	90	0.438552	0.561448
Pip	98	Ivo	91	0.469263	0.530737
Pip	98	Ivo	92	0.402918	0.597082
Pip	98	Ivo	93	0.204557	0.795443
Pip	98	Ivo	94	0.339871	0.660129
Pip	98	Ivo	95	0.644151	0.355849
Pip	98	Ivo	96	0.558089	0.441911
Pip	98	Ivo	97	0.240898	0.759102
Pip	98	Pip	99	0.506855	0.493145
Pip	98	Pip	100	0.520885	0.479115
Pip	98	Pip	101	0.689318	0.310682
Pip	98	Pip	102	0.370662	0.629338
Pip	98	Pip	103	0.738822	0.261178
Pip	98	Pip	104	0.495509	0.504491
Pip	98	Pip	105	0.530912	0.469088
Pip	98	Pip	106	0.547409	0.452591
Pip	98	Pip	107	0.037190	0.962810
Pip	98	Pip	108	-0.841709	1.841709
Pip	98	Pip	109	0.649138	0.350862
Pip	98	Pip	110	0.736532	0.263468
Pip	98	Pip	111	0.494149	0.505851
Pip	98	Pip	112	0.587614	0.412386
Pip	98	Pip	113	0.750014	0.249986
Pip	98	Pip	114	0.414155	0.585845
Pip	98	Pip	115	-0.236902	1.236902
Pip	98	Pip	116	0.708026	0.291974
Pip	98	Pip	117	0.234253	0.765747
Pip	98	Pip	118	0.607639	0.392361
Pip	98	Pip	119	0.290122	0.709878
Pip	98	Pip	120	-0.147536	1.147536
Pip	98	Pip	121	0.675291	0.324709
Pip	98	Pip	122	0.027022	0.972978
Pip	98	Pip	123	0.714422	0.285578
Pip	98	Pip	124	-0.841709	1.841709
Pip	98	Pip	125	0.667200	0.332800
Pip	98	Pip	126	0.613867	0.386133
Pip	98	Pip	127	0.683997	0.316003
Pip	98	Pip	128	0.551448	0.448552
Pip	98	Pip	129	0.406029	0.593971
Pip	98	Pip	130	0.358858	0.641142
Pip	98	Pip	131	0.606301	0.393699
Pip	98	Pip	132	0.669761	0.330239
Pip	98	Pip	133	0.697361	0.302639
Pip	99	Bly	1	-1.179365	2.179365
Pip	99	Bly	2	-0.022927	1.022927
Pip	99	Bly	3	0.377058	0.622942
Pip	99	Bly	4	0.197743	0.802257
Pip	99	Bly	5	0.243244	0.756756
Pip	99	Bly	6	-1.179365	2.179365
Pip	99	Bly	7	0.285304	0.714696
Pip	99	Bly	8	-0.671697	1.671697
Pip	99	Bly	9	0.346088	0.653912
Pip	99	Bly	10	0.483280	0.516720
Pip	99	Bly	11	0.403472	0.596528
Pip	99	Bly	12	0.303230	0.696770
Pip	99	Bly	13	-0.278462	1.278462
Pip	99	Bly	14	0.372122	0.627878
Pip	99	Bly	15	0.155327	0.844673
Pip	99	Bly	16	0.223103	0.776897
Pip	99	Bly	17	0.257031	0.742969
Pip	99	Bly	18	0.081189	0.918811
Pip	99	Bly	19	0.154481	0.845519
Pip	99	Bly	20	-0.161642	1.161642
Pip	99	Bly	21	0.027515	0.972485
Pip	99	Bly	22	-1.179365	2.179365
Pip	99	Bly	23	0.190661	0.809339
Pip	99	Bly	24	0.201553	0.798447
Pip	99	Bly	25	-0.324195	1.324195
Pip	99	Bly	26	0.444381	0.555619
Pip	99	Bly	27	0.182302	0.817698
Pip	99	Bly	28	-0.201456	1.201456
Pip	99	Bly	29	0.095055	0.904945
Pip	99	Bly	30	0.280783	0.719217
Pip	99	Bly	31	0.502219	0.497781
Pip	99	Bly	32	-0.015668	1.015668
Pip	99	Bly	33	-0.108749	1.108749
Pip	99	Bre	34	0.329798	0.670202
Pip	99	Bre	35	0.255026	0.744974
Pip	99	Bre	36	-1.122348	2.122348
Pip	99	Bre	37	0.358147	0.641853
Pip	99	Bre	38	0.223753	0.776247
Pip	99	Bre	39	0.179421	0.820579
Pip	99	Bre	40	-0.335310	1.335310
Pip	99	Bre	41	0.260325	0.739675
Pip	99	Bre	42	0.269340	0.730660
Pip	99	Bre	43	-0.872808	1.872808
Pip	99	Bre	44	0.281465	0.718535
Pip	99	Bre	45	0.453236	0.546764
Pip	99	Bre	46	0.338473	0.661527
Pip	99	Bre	47	0.336399	0.663601
Pip	99	Bre	48	0.325715	0.674285
Pip	99	Bre	49	0.339649	0.660351
Pip	99	Bre	50	0.145139	0.854861
Pip	99	Bre	51	0.346502	0.653498
Pip	99	Bre	52	0.380378	0.619622
Pip	99	Bre	53	0.357980	0.642020
Pip	99	Bre	54	0.258046	0.741954
Pip	99	Bre	55	0.295657	0.704343
Pip	99	Bre	56	-1.220428	2.220428
Pip	99	Bre	57	0.164404	0.835596
Pip	99	Bre	58	0.434540	0.565460
Pip	99	Bre	59	0.173380	0.826620
Pip	99	Bre	60	0.268987	0.731013
Pip	99	Bre	61	0.256088	0.743912
Pip	99	Bre	62	0.300804	0.699196
Pip	99	Bre	63	0.090842	0.909158
Pip	99	Bre	64	0.438978	0.561022
Pip	99	Bre	65	0.262868	0.737132
Pip	99	Bre	66	0.254912	0.745088
Pip	99	Ivo	67	0.157158	0.842842
Pip	99	Ivo	68	0.306808	0.693192
Pip	99	Ivo	69	0.233592	0.766408
Pip	99	Ivo	70	0.336345	0.663655
Pip	99	Ivo	71	0.021287	0.978713
Pip	99	Ivo	72	0.404389	0.595611
Pip	99	Ivo	73	0.308897	0.691103
Pip	99	Ivo	74	0.400157	0.599843
Pip	99	Ivo	75	0.438005	0.561995
Pip	99	Ivo	76	0.472008	0.527992
Pip	99	Ivo	77	0.189181	0.810819
Pip	99	Ivo	78	0.345241	0.654759
Pip	99	Ivo	79	0.032802	0.967198
Pip	99	Ivo	80	0.011501	0.988499
Pip	99	Ivo	81	0.219567	0.780433
Pip	99	Ivo	82	0.381519	0.618481
Pip	99	Ivo	83	0.473406	0.526594
Pip	99	Ivo	84	0.272380	0.727620
Pip	99	Ivo	85	0.208372	0.791628
Pip	99	Ivo	86	0.365081	0.634919
Pip	99	Ivo	87	0.291502	0.708498
Pip	99	Ivo	88	0.264306	0.735694
Pip	99	Ivo	89	0.056996	0.943004
Pip	99	Ivo	90	0.136776	0.863224
Pip	99	Ivo	91	0.338599	0.661401
Pip	99	Ivo	92	0.176650	0.823350
Pip	99	Ivo	93	0.212259	0.787741
Pip	99	Ivo	94	0.011734	0.988266
Pip	99	Ivo	95	0.534625	0.465375
Pip	99	Ivo	96	0.314207	0.685793
Pip	99	Ivo	97	0.047845	0.952155
Pip	99	Pip	98	0.506855	0.493145
Pip	99	Pip	100	0.238660	0.761340
Pip	99	Pip	101	0.455680	0.544320
Pip	99	Pip	102	0.088437	0.911563
Pip	99	Pip	103	0.470307	0.529693
Pip	99	Pip	104	0.178544	0.821456
Pip	99	Pip	105	0.248348	0.751652
Pip	99	Pip	106	0.195567	0.804433
Pip	99	Pip	107	-0.287492	1.287492
Pip	99	Pip	108	-1.179365	2.179365
Pip	99	Pip	109	0.380623	0.619377
Pip	99	Pip	110	0.397801	0.602199
Pip	99	Pip	111	0.272237	0.727763
Pip	99	Pip	112	0.630965	0.369035
Pip	99	Pip	113	0.481499	0.518501
Pip	99	Pip	114	0.229439	0.770561
Pip	99	Pip	115	-0.623209	1.623209
Pip	99	Pip	116	0.405047	0.594953
Pip	99	Pip	117	0.052787	0.947213
Pip	99	Pip	118	0.569301	0.430699
Pip	99	Pip	119	0.178104	0.821896
Pip	99	Pip	120	-0.210827	1.210827
Pip	99	Pip	121	0.323662	0.676338
Pip	99	Pip	122	0.399941	0.600059
Pip	99	Pip	123	0.431857	0.568143
Pip	99	Pip	124	-1.179365	2.179365
Pip	99	Pip	125	0.663947	0.336053
Pip	99	Pip	126	0.331579	0.668421
Pip	99	Pip	127	0.484960	0.515040
Pip	99	Pip	128	0.463665	0.536335
Pip	99	Pip	129	-0.005913	1.005913
Pip	99	Pip	130	0.234149	0.765851
Pip	99	Pip	131	0.370340	0.629660
Pip	99	Pip	132	0.352596	0.647404
Pip	99	Pip	133	0.414796	0.585204
Pip	100	Bly	1	-1.168567	2.168567
Pip	100	Bly	2	-0.250450	1.250450
Pip	100	Bly	3	0.363982	0.636018
Pip	100	Bly	4	0.253432	0.746568
Pip	100	Bly	5	0.026692	0.973308
Pip	100	Bly	6	-1.168567	2.168567
Pip	100	Bly	7	0.182379	0.817621
Pip	100	Bly	8	-0.805578	1.805578
Pip	100	Bly	9	0.331679	0.668321
Pip	100	Bly	10	0.188738	0.811262
Pip	100	Bly	11	0.229184	0.770816
Pip	100	Bly	12	0.175544	0.824456
Pip	100	Bly	13	-0.506738	1.506738
Pip	100	Bly	14	0.126230	0.873770
Pip	100	Bly	15	0.234849	0.765151
Pip	100	Bly	16	0.153807	0.846193
Pip	100	Bly	17	0.210825	0.789175
Pip	100	Bly	18	-0.054152	1.054152
Pip	100	Bly	19	-0.171479	1.171479
Pip	100	Bly	20	-0.148393	1.148393
Pip	100	Bly	21	-0.081309	1.081309
Pip	100	Bly	22	-1.168567	2.168567
Pip	100	Bly	23	0.048989	0.951011
Pip	100	Bly	24	0.209252	0.790748
Pip	100	Bly	25	-0.264747	1.264747
Pip	100	Bly	26	0.197486	0.802514
Pip	100	Bly	27	0.215453	0.784547
Pip	100	Bly	28	-0.454302	1.454302
Pip	100	Bly	29	0.330697	0.669303
Pip	100	Bly	30	0.337766	0.662234
Pip	100	Bly	31	0.393894	0.606106
Pip	100	Bly	32	-0.189956	1.189956
Pip	100	Bly	33	-0.299273	1.299273
Pip	100	Bre	34	0.204765	0.795235
Pip	100	Bre	35	0.161804	0.838196
Pip	100	Bre	36	-1.111550	2.111550
Pip	100	Bre	37	0.301208	0.698792
Pip	100	Bre	38	0.180200	0.819800
Pip	100	Bre	39	0.049474	0.950526
Pip	100	Bre	40	-0.428532	1.428532
Pip	100	Bre	41	0.239265	0.760735
Pip	100	Bre	42	0.267721	0.732279
Pip	100	Bre	43	-0.779883	1.779883
Pip	100	Bre	44	0.200169	0.799831
Pip	100	Bre	45	0.257579	0.742421
Pip	100	Bre	46	0.210574	0.789426
Pip	100	Bre	47	0.208500	0.791500
Pip	100	Bre	48	0.197817	0.802183
Pip	100	Bre	49	0.072189	0.927811
Pip	100	Bre	50	-0.019120	1.019120
Pip	100	Bre	51	0.218603	0.781397
Pip	100	Bre	52	0.255346	0.744654
Pip	100	Bre	53	0.230082	0.769918
Pip	100	Bre	54	0.130147	0.869853
Pip	100	Bre	55	0.376165	0.623835
Pip	100	Bre	56	-1.127504	2.127504
Pip	100	Bre	57	0.036506	0.963494
Pip	100	Bre	58	0.191263	0.808737
Pip	100	Bre	59	0.249035	0.750965
Pip	100	Bre	60	0.302045	0.697955
Pip	100	Bre	61	0.128189	0.871811
Pip	100	Bre	62	0.101868	0.898132
Pip	100	Bre	63	0.103475	0.896525
Pip	100	Bre	64	0.349826	0.650174
Pip	100	Bre	65	0.134970	0.865030
Pip	100	Bre	66	0.173616	0.826384
Pip	100	Ivo	67	0.262990	0.737010
Pip	100	Ivo	68	0.129054	0.870946
Pip	100	Ivo	69	-0.247819	1.247819
Pip	100	Ivo	70	0.295310	0.704690
Pip	100	Ivo	71	-0.061845	1.061845
Pip	100	Ivo	72	0.191758	0.808242
Pip	100	Ivo	73	0.132146	0.867854
Pip	100	Ivo	74	0.153062	0.846938
Pip	100	Ivo	75	0.104092	0.895908
Pip	100	Ivo	76	0.319116	0.680884
Pip	100	Ivo	77	0.260135	0.739865
Pip	100	Ivo	78	0.230098	0.769902
Pip	100	Ivo	79	0.067306	0.932694
Pip	100	Ivo	80	-0.263548	1.263548
Pip	100	Ivo	81	0.045279	0.954721
Pip	100	Ivo	82	0.168888	0.831112
Pip	100	Ivo	83	0.228484	0.771516
Pip	100	Ivo	84	0.233476	0.766524
Pip	100	Ivo	85	-0.000768	1.000768
Pip	100	Ivo	86	0.282582	0.717418
Pip	100	Ivo	87	0.011323	0.988677
Pip	100	Ivo	88	0.086554	0.913446
Pip	100	Ivo	89	0.068563	0.931437
Pip	100	Ivo	90	0.118365	0.881635
Pip	100	Ivo	91	0.093677	0.906323
Pip	100	Ivo	92	0.094792	0.905208
Pip	100	Ivo	93	0.006350	0.993650
Pip	100	Ivo	94	0.076714	0.923286
Pip	100	Ivo	95	0.303608	0.696392
Pip	100	Ivo	96	0.345216	0.654784
Pip	100	Ivo	97	-0.010225	1.010225
Pip	100	Pip	98	0.520885	0.479115
Pip	100	Pip	99	0.238660	0.761340
Pip	100	Pip	101	0.244668	0.755332
Pip	100	Pip	102	0.442861	0.557139
Pip	100	Pip	103	0.294172	0.705828
Pip	100	Pip	104	0.050858	0.949142
Pip	100	Pip	105	0.234897	0.765103
Pip	100	Pip	106	0.198012	0.801988
Pip	100	Pip	107	-0.174760	1.174760
Pip	100	Pip	108	-1.168567	2.168567
Pip	100	Pip	109	0.204487	0.795513
Pip	100	Pip	110	0.559183	0.440817
Pip	100	Pip	111	0.501887	0.498113
Pip	100	Pip	112	0.224167	0.775833
Pip	100	Pip	113	0.339828	0.660172
Pip	100	Pip	114	0.484141	0.515859
Pip	100	Pip	115	-0.563761	1.563761
Pip	100	Pip	116	0.320380	0.679620
Pip	100	Pip	117	0.283746	0.716254
Pip	100	Pip	118	0.360273	0.639727
Pip	100	Pip	119	0.091915	0.908085
Pip	100	Pip	120	-0.511120	1.511120
Pip	100	Pip	121	0.196176	0.803824
Pip	100	Pip	122	-0.118420	1.118420
Pip	100	Pip	123	0.418406	0.581594
Pip	100	Pip	124	-1.168567	2.168567
Pip	100	Pip	125	0.257150	0.742850
Pip	100	Pip	126	0.169217	0.830783
Pip	100	Pip	127	0.273947	0.726053
Pip	100	Pip	128	0.141398	0.858602
Pip	100	Pip	129	0.292975	0.707025
Pip	100	Pip	130	-0.016728	1.016728
Pip	100	Pip	131	0.325968	0.674032
Pip	100	Pip	132	0.259575	0.740425
Pip	100	Pip	133	0.401345	0.598655
Pip	101	Bly	1	-0.635045	1.635045
Pip	101	Bly	2	0.079246	0.920754
Pip	101	Bly	3	0.449333	0.550667
Pip	101	Bly	4	0.437536	0.562464
Pip	101	Bly	5	0.481211	0.518789
Pip	101	Bly	6	-0.635045	1.635045
Pip	101	Bly	7	0.623811	0.376189
Pip	101	Bly	8	-0.718126	1.718126
Pip	101	Bly	9	0.496301	0.503699
Pip	101	Bly	10	0.756690	0.243310
Pip	101	Bly	11	0.626492	0.373508
Pip	101	Bly	12	0.653739	0.346261
Pip	101	Bly	13	0.073602	0.926398
Pip	101	Bly	14	0.779142	0.220858
Pip	101	Bly	15	0.406384	0.593616
Pip	101	Bly	16	0.463437	0.536563
Pip	101	Bly	17	0.613971	0.386029
Pip	101	Bly	18	0.431699	0.568301
Pip	101	Bly	19	-0.085957	1.085957
Pip	101	Bly	20	-0.034829	1.034829
Pip	101	Bly	21	0.281818	0.718182
Pip	101	Bly	22	-0.635045	1.635045
Pip	101	Bly	23	0.582201	0.417799
Pip	101	Bly	24	0.576384	0.423616
Pip	101	Bly	25	0.145351	0.854649
Pip	101	Bly	26	0.716512	0.283488
Pip	101	Bly	27	0.503839	0.496161
Pip	101	Bly	28	0.089803	0.910197
Pip	101	Bly	29	0.486596	0.513404
Pip	101	Bly	30	0.485236	0.514764
Pip	101	Bly	31	0.568419	0.431581
Pip	101	Bly	32	0.376610	0.623390
Pip	101	Bly	33	-0.047197	1.047197
Pip	101	Bre	34	0.525774	0.474226
Pip	101	Bre	35	0.740510	0.259490
Pip	101	Bre	36	-0.578028	1.578028
Pip	101	Bre	37	0.643804	0.356196
Pip	101	Bre	38	0.509410	0.490590
Pip	101	Bre	39	0.574208	0.425792
Pip	101	Bre	40	0.150174	0.849826
Pip	101	Bre	41	0.581862	0.418138
Pip	101	Bre	42	0.554997	0.445003
Pip	101	Bre	43	-0.387324	1.387324
Pip	101	Bre	44	0.673005	0.326995
Pip	101	Bre	45	0.538002	0.461998
Pip	101	Bre	46	0.770186	0.229814
Pip	101	Bre	47	0.663508	0.336492
Pip	101	Bre	48	0.710825	0.289175
Pip	101	Bre	49	0.387489	0.612511
Pip	101	Bre	50	0.465642	0.534358
Pip	101	Bre	51	0.738042	0.261958
Pip	101	Bre	52	0.595018	0.404982
Pip	101	Bre	53	0.749521	0.250479
Pip	101	Bre	54	0.649586	0.350414
Pip	101	Bre	55	0.404858	0.595142
Pip	101	Bre	56	-0.676108	1.676108
Pip	101	Bre	57	0.649888	0.350112
Pip	101	Bre	58	0.371838	0.628162
Pip	101	Bre	59	0.494917	0.505083
Pip	101	Bre	60	0.483627	0.516373
Pip	101	Bre	61	0.647628	0.352372
Pip	101	Bre	62	0.621306	0.378694
Pip	101	Bre	63	0.581391	0.418609
Pip	101	Bre	64	0.630662	0.369338
Pip	101	Bre	65	0.654409	0.345591
Pip	101	Bre	66	0.646452	0.353548
Pip	101	Ivo	67	0.235321	0.764679
Pip	101	Ivo	68	0.544338	0.455662
Pip	101	Ivo	69	0.050926	0.949074
Pip	101	Ivo	70	0.377232	0.622768
Pip	101	Ivo	71	0.341300	0.658700
Pip	101	Ivo	72	0.641920	0.358080
Pip	101	Ivo	73	0.599311	0.400689
Pip	101	Ivo	74	0.637687	0.362313
Pip	101	Ivo	75	0.588717	0.411283
Pip	101	Ivo	76	0.426643	0.573357
Pip	101	Ivo	77	0.507914	0.492086
Pip	101	Ivo	78	0.534121	0.465879
Pip	101	Ivo	79	0.406267	0.593733
Pip	101	Ivo	80	-0.105966	1.105966
Pip	101	Ivo	81	0.529904	0.470096
Pip	101	Ivo	82	0.629235	0.370765
Pip	101	Ivo	83	0.533478	0.466522
Pip	101	Ivo	84	0.587326	0.412674
Pip	101	Ivo	85	0.378099	0.621901
Pip	101	Ivo	86	0.686141	0.313859
Pip	101	Ivo	87	0.281644	0.718356
Pip	101	Ivo	88	0.613536	0.386464
Pip	101	Ivo	89	0.434566	0.565434
Pip	101	Ivo	90	0.551271	0.448729
Pip	101	Ivo	91	0.505092	0.494908
Pip	101	Ivo	92	0.266188	0.733812
Pip	101	Ivo	93	0.194342	0.805658
Pip	101	Ivo	94	0.162426	0.837574
Pip	101	Ivo	95	0.534799	0.465201
Pip	101	Ivo	96	0.345768	0.654232
Pip	101	Ivo	97	0.096669	0.903331
Pip	101	Pip	98	0.689318	0.310682
Pip	101	Pip	99	0.455680	0.544320
Pip	101	Pip	100	0.244668	0.755332
Pip	101	Pip	102	0.094445	0.905555
Pip	101	Pip	103	0.874905	0.125095
Pip	101	Pip	104	0.722864	0.277136
Pip	101	Pip	105	0.604746	0.395254
Pip	101	Pip	106	0.587108	0.412892
Pip	101	Pip	107	0.110676	0.889324
Pip	101	Pip	108	-0.635045	1.635045
Pip	101	Pip	109	0.731449	0.268551
Pip	101	Pip	110	0.499061	0.500939
Pip	101	Pip	111	0.359448	0.640552
Pip	101	Pip	112	0.669925	0.330075
Pip	101	Pip	113	0.832326	0.167674
Pip	101	Pip	114	0.240707	0.759293
Pip	101	Pip	115	-0.137724	1.137724
Pip	101	Pip	116	0.628224	0.371776
Pip	101	Pip	117	0.026127	0.973873
Pip	101	Pip	118	0.656251	0.343749
Pip	101	Pip	119	0.334867	0.665133
Pip	101	Pip	120	-0.006407	1.006407
Pip	101	Pip	121	0.715202	0.284798
Pip	101	Pip	122	-0.097776	1.097776
Pip	101	Pip	123	0.678080	0.321920
Pip	101	Pip	124	-0.635045	1.635045
Pip	101	Pip	125	0.679508	0.320492
Pip	101	Pip	126	0.776891	0.223109
Pip	101	Pip	127	0.895129	0.104871
Pip	101	Pip	128	0.515106	0.484894
Pip	101	Pip	129	0.095347	0.904653
Pip	101	Pip	130	0.416460	0.583540
Pip	101	Pip	131	0.693734	0.306266
Pip	101	Pip	132	0.703423	0.296577
Pip	101	Pip	133	0.731022	0.268978
Pip	102	Bly	1	-1.306700	2.306700
Pip	102	Bly	2	-0.357790	1.357790
Pip	102	Bly	3	0.167621	0.832379
Pip	102	Bly	4	0.176966	0.823034
Pip	102	Bly	5	-0.123531	1.123531
Pip	102	Bly	6	-1.306700	2.306700
Pip	102	Bly	7	0.100024	0.899976
Pip	102	Bly	8	-0.819761	1.819761
Pip	102	Bly	9	0.123326	0.876674
Pip	102	Bly	10	0.146736	0.853264
Pip	102	Bly	11	0.229089	0.770911
Pip	102	Bly	12	0.175449	0.824551
Pip	102	Bly	13	-0.553436	1.553436
Pip	102	Bly	14	0.047594	0.952406
Pip	102	Bly	15	0.038145	0.961855
Pip	102	Bly	16	0.117079	0.882921
Pip	102	Bly	17	0.127494	0.872506
Pip	102	Bly	18	-0.090881	1.090881
Pip	102	Bly	19	-0.247946	1.247946
Pip	102	Bly	20	-0.274387	1.274387
Pip	102	Bly	21	-0.314646	1.314646
Pip	102	Bly	22	-1.306700	2.306700
Pip	102	Bly	23	0.014430	0.985570
Pip	102	Bly	24	-0.022038	1.022038
Pip	102	Bly	25	-0.510223	1.510223
Pip	102	Bly	26	0.047263	0.952737
Pip	102	Bly	27	0.126848	0.873152
Pip	102	Bly	28	-0.490055	1.490055
Pip	102	Bly	29	0.039728	0.960272
Pip	102	Bly	30	0.205785	0.794215
Pip	102	Bly	31	0.392605	0.607395
Pip	102	Bly	32	-0.227357	1.227357
Pip	102	Bly	33	-0.375739	1.375739
Pip	102	Bre	34	0.128299	0.871701
Pip	102	Bre	35	0.085337	0.914663
Pip	102	Bre	36	-1.249683	2.249683
Pip	102	Bre	37	0.189265	0.810735
Pip	102	Bre	38	0.021655	0.978345
Pip	102	Bre	39	0.013721	0.986279
Pip	102	Bre	40	-0.464285	1.464285
Pip	102	Bre	41	0.126165	0.873835
Pip	102	Bre	42	0.191255	0.808745
Pip	102	Bre	43	-0.963509	1.963509
Pip	102	Bre	44	0.077099	0.922901
Pip	102	Bre	45	0.215576	0.784424
Pip	102	Bre	46	0.134107	0.865893
Pip	102	Bre	47	0.132033	0.867967
Pip	102	Bre	48	0.121350	0.878650
Pip	102	Bre	49	0.030186	0.969814
Pip	102	Bre	50	-0.095587	1.095587
Pip	102	Bre	51	0.105503	0.894497
Pip	102	Bre	52	0.178879	0.821121
Pip	102	Bre	53	0.118139	0.881861
Pip	102	Bre	54	0.053681	0.946319
Pip	102	Bre	55	0.217571	0.782429
Pip	102	Bre	56	-1.347763	2.347763
Pip	102	Bre	57	0.000753	0.999247
Pip	102	Bre	58	0.114796	0.885204
Pip	102	Bre	59	0.077315	0.922685
Pip	102	Bre	60	0.225579	0.774421
Pip	102	Bre	61	0.051723	0.948277
Pip	102	Bre	62	0.025401	0.974599
Pip	102	Bre	63	-0.057753	1.057753
Pip	102	Bre	64	0.273360	0.726640
Pip	102	Bre	65	0.099217	0.900783
Pip	102	Bre	66	0.050546	0.949454
Pip	102	Ivo	67	0.043608	0.956392
Pip	102	Ivo	68	0.056668	0.943332
Pip	102	Ivo	69	-0.289822	1.289822
Pip	102	Ivo	70	0.181721	0.818279
Pip	102	Ivo	71	-0.180130	1.180130
Pip	102	Ivo	72	0.007071	0.992929
Pip	102	Ivo	73	-0.015907	1.015907
Pip	102	Ivo	74	0.111059	0.888941
Pip	102	Ivo	75	0.055937	0.944063
Pip	102	Ivo	76	0.076397	0.923603
Pip	102	Ivo	77	0.082661	0.917339
Pip	102	Ivo	78	0.141493	0.858507
Pip	102	Ivo	79	-0.173365	1.173365
Pip	102	Ivo	80	-0.424311	1.424311
Pip	102	Ivo	81	0.043990	0.956010
Pip	102	Ivo	82	0.092421	0.907579
Pip	102	Ivo	83	0.152017	0.847983
Pip	102	Ivo	84	0.161612	0.838388
Pip	102	Ivo	85	-0.077235	1.077235
Pip	102	Ivo	86	0.092006	0.907994
Pip	102	Ivo	87	-0.101777	1.101777
Pip	102	Ivo	88	0.004198	0.995802
Pip	102	Ivo	89	-0.014646	1.014646
Pip	102	Ivo	90	0.029759	0.970241
Pip	102	Ivo	91	0.028245	0.971755
Pip	102	Ivo	92	0.169872	0.830128
Pip	102	Ivo	93	-0.111529	1.111529
Pip	102	Ivo	94	0.155385	0.844615
Pip	102	Ivo	95	0.190018	0.809982
Pip	102	Ivo	96	0.268749	0.731251
Pip	102	Ivo	97	-0.006732	1.006732
Pip	102	Pip	98	0.370662	0.629338
Pip	102	Pip	99	0.088437	0.911563
Pip	102	Pip	100	0.442861	0.557139
Pip	102	Pip	101	0.094445	0.905555
Pip	102	Pip	103	0.184663	0.815337
Pip	102	Pip	104	-0.058651	1.058651
Pip	102	Pip	105	0.340951	0.659049
Pip	102	Pip	106	0.208813	0.791187
Pip	102	Pip	107	-0.455760	1.455760
Pip	102	Pip	108	-1.306700	2.306700
Pip	102	Pip	109	0.054264	0.945736
Pip	102	Pip	110	0.429730	0.570270
Pip	102	Pip	111	0.477164	0.522836
Pip	102	Pip	112	0.114658	0.885342
Pip	102	Pip	113	0.191774	0.808226
Pip	102	Pip	114	0.251147	0.748853
Pip	102	Pip	115	-0.701893	1.701893
Pip	102	Pip	116	0.326534	0.673466
Pip	102	Pip	117	0.545913	0.454087
Pip	102	Pip	118	0.250764	0.749236
Pip	102	Pip	119	-0.116205	1.116205
Pip	102	Pip	120	-0.588464	1.588464
Pip	102	Pip	121	0.086667	0.913333
Pip	102	Pip	122	-0.226735	1.226735
Pip	102	Pip	123	0.380484	0.619516
Pip	102	Pip	124	-1.306700	2.306700
Pip	102	Pip	125	0.147641	0.852359
Pip	102	Pip	126	0.203684	0.796316
Pip	102	Pip	127	0.164438	0.835562
Pip	102	Pip	128	0.141303	0.858697
Pip	102	Pip	129	0.184017	0.815983
Pip	102	Pip	130	0.018229	0.981771
Pip	102	Pip	131	0.246839	0.753161
Pip	102	Pip	132	0.193621	0.806379
Pip	102	Pip	133	0.363423	0.636577
Pip	103	Bly	1	-0.690386	1.690386
Pip	103	Bly	2	0.053701	0.946299
Pip	103	Bly	3	0.533714	0.466286
Pip	103	Bly	4	0.446867	0.553133
Pip	103	Bly	5	0.484705	0.515295
Pip	103	Bly	6	-0.690386	1.690386
Pip	103	Bly	7	0.633143	0.366857
Pip	103	Bly	8	-0.593031	1.593031
Pip	103	Bly	9	0.545805	0.454195
Pip	103	Bly	10	0.730604	0.269396
Pip	103	Bly	11	0.641119	0.358881
Pip	103	Bly	12	0.587480	0.412520
Pip	103	Bly	13	0.042220	0.957780
Pip	103	Bly	14	0.688924	0.311076
Pip	103	Bly	15	0.450051	0.549949
Pip	103	Bly	16	0.507105	0.492895
Pip	103	Bly	17	0.657638	0.342362
Pip	103	Bly	18	0.435194	0.564806
Pip	103	Bly	19	-0.112044	1.112044
Pip	103	Bly	20	0.049553	0.950447
Pip	103	Bly	21	0.285313	0.714687
Pip	103	Bly	22	-0.690386	1.690386
Pip	103	Bly	23	0.625868	0.374132
Pip	103	Bly	24	0.620051	0.379949
Pip	103	Bly	25	0.130183	0.869817
Pip	103	Bly	26	0.760179	0.239821
Pip	103	Bly	27	0.512630	0.487370
Pip	103	Bly	28	0.099134	0.900866
Pip	103	Bly	29	0.530263	0.469737
Pip	103	Bly	30	0.528904	0.471096
Pip	103	Bly	31	0.623760	0.376240
Pip	103	Bly	32	0.385942	0.614058
Pip	103	Bly	33	-0.038407	1.038407
Pip	103	Bre	34	0.459515	0.540485
Pip	103	Bre	35	0.674250	0.325750
Pip	103	Bre	36	-0.633369	1.633369
Pip	103	Bre	37	0.617718	0.382282
Pip	103	Bre	38	0.518200	0.481800
Pip	103	Bre	39	0.618417	0.381583
Pip	103	Bre	40	0.159505	0.840495
Pip	103	Bre	41	0.590653	0.409347
Pip	103	Bre	42	0.528911	0.471089
Pip	103	Bre	43	-0.383829	1.383829
Pip	103	Bre	44	0.646919	0.353081
Pip	103	Bre	45	0.546792	0.453208
Pip	103	Bre	46	0.703926	0.296074
Pip	103	Bre	47	0.632126	0.367874
Pip	103	Bre	48	0.679443	0.320557
Pip	103	Bre	49	0.361402	0.638598
Pip	103	Bre	50	0.439555	0.560445
Pip	103	Bre	51	0.711955	0.288045
Pip	103	Bre	52	0.510095	0.489905
Pip	103	Bre	53	0.723434	0.276566
Pip	103	Bre	54	0.623500	0.376500
Pip	103	Bre	55	0.413648	0.586352
Pip	103	Bre	56	-0.731449	1.731449
Pip	103	Bre	57	0.659220	0.340780
Pip	103	Bre	58	0.380628	0.619372
Pip	103	Bre	59	0.538585	0.461415
Pip	103	Bre	60	0.433581	0.566419
Pip	103	Bre	61	0.656419	0.343581
Pip	103	Bre	62	0.595220	0.404780
Pip	103	Bre	63	0.526050	0.473950
Pip	103	Bre	64	0.604576	0.395424
Pip	103	Bre	65	0.669036	0.330964
Pip	103	Bre	66	0.620365	0.379635
Pip	103	Ivo	67	0.319703	0.680297
Pip	103	Ivo	68	0.628720	0.371280
Pip	103	Ivo	69	0.006717	0.993283
Pip	103	Ivo	70	0.386023	0.613977
Pip	103	Ivo	71	0.384968	0.615032
Pip	103	Ivo	72	0.650710	0.349290
Pip	103	Ivo	73	0.509093	0.490907
Pip	103	Ivo	74	0.646477	0.353523
Pip	103	Ivo	75	0.562631	0.437369
Pip	103	Ivo	76	0.400556	0.599444
Pip	103	Ivo	77	0.516705	0.483295
Pip	103	Ivo	78	0.508035	0.491965
Pip	103	Ivo	79	0.350926	0.649074
Pip	103	Ivo	80	-0.056462	1.056462
Pip	103	Ivo	81	0.579408	0.420592
Pip	103	Ivo	82	0.579190	0.420810
Pip	103	Ivo	83	0.448556	0.551444
Pip	103	Ivo	84	0.712422	0.287578
Pip	103	Ivo	85	0.362931	0.637069
Pip	103	Ivo	86	0.700768	0.299232
Pip	103	Ivo	87	0.290435	0.709565
Pip	103	Ivo	88	0.622867	0.377133
Pip	103	Ivo	89	0.419398	0.580602
Pip	103	Ivo	90	0.536103	0.463897
Pip	103	Ivo	91	0.554596	0.445404
Pip	103	Ivo	92	0.274978	0.725022
Pip	103	Ivo	93	0.219887	0.780113
Pip	103	Ivo	94	0.217767	0.782233
Pip	103	Ivo	95	0.549426	0.450574
Pip	103	Ivo	96	0.395272	0.604728
Pip	103	Ivo	97	0.146173	0.853827
Pip	103	Pip	98	0.738822	0.261178
Pip	103	Pip	99	0.470307	0.529693
Pip	103	Pip	100	0.294172	0.705828
Pip	103	Pip	101	0.874905	0.125095
Pip	103	Pip	102	0.184663	0.815337
Pip	103	Pip	104	0.673360	0.326640
Pip	103	Pip	105	0.689669	0.310331
Pip	103	Pip	106	0.671489	0.328511
Pip	103	Pip	107	0.154884	0.845116
Pip	103	Pip	108	-0.690386	1.690386
Pip	103	Pip	109	0.815831	0.184169
Pip	103	Pip	110	0.583443	0.416557
Pip	103	Pip	111	0.484543	0.515457
Pip	103	Pip	112	0.760144	0.239856
Pip	103	Pip	113	0.881830	0.118170
Pip	103	Pip	114	0.365802	0.634198
Pip	103	Pip	115	-0.134230	1.134230
Pip	103	Pip	116	0.712606	0.287394
Pip	103	Pip	117	0.116345	0.883655
Pip	103	Pip	118	0.671419	0.328581
Pip	103	Pip	119	0.303485	0.696515
Pip	103	Pip	120	0.002925	0.997075
Pip	103	Pip	121	0.799584	0.200416
Pip	103	Pip	122	-0.048272	1.048272
Pip	103	Pip	123	0.768298	0.231702
Pip	103	Pip	124	-0.690386	1.690386
Pip	103	Pip	125	0.769727	0.230273
Pip	103	Pip	126	0.791518	0.208482
Pip	103	Pip	127	0.945175	0.054825
Pip	103	Pip	128	0.564611	0.435389
Pip	103	Pip	129	0.185565	0.814435
Pip	103	Pip	130	0.501383	0.498617
Pip	103	Pip	131	0.818829	0.181171
Pip	103	Pip	132	0.828518	0.171482
Pip	103	Pip	133	0.821240	0.178760
Pip	104	Bly	1	-0.714567	1.714567
Pip	104	Bly	2	-0.037968	1.037968
Pip	104	Bly	3	0.296438	0.703562
Pip	104	Bly	4	0.279607	0.720393
Pip	104	Bly	5	0.322279	0.677721
Pip	104	Bly	6	-0.714567	1.714567
Pip	104	Bly	7	0.423270	0.576730
Pip	104	Bly	8	-0.871021	1.871021
Pip	104	Bly	9	0.338372	0.661628
Pip	104	Bly	10	0.479554	0.520446
Pip	104	Bly	11	0.432683	0.567317
Pip	104	Bly	12	0.459930	0.540070
Pip	104	Bly	13	-0.040797	1.040797
Pip	104	Bly	14	0.621413	0.378587
Pip	104	Bly	15	0.283332	0.716668
Pip	104	Bly	16	0.221179	0.778821
Pip	104	Bly	17	0.490919	0.509081
Pip	104	Bly	18	0.633444	0.366556
Pip	104	Bly	19	-0.279767	1.279767
Pip	104	Bly	20	-0.193761	1.193761
Pip	104	Bly	21	0.075440	0.924560
Pip	104	Bly	22	-0.714567	1.714567
Pip	104	Bly	23	0.339942	0.660058
Pip	104	Bly	24	0.453332	0.546668
Pip	104	Bly	25	-0.013581	1.013581
Pip	104	Bly	26	0.522903	0.477097
Pip	104	Bly	27	0.275353	0.724647
Pip	104	Bly	28	0.007465	0.992535
Pip	104	Bly	29	0.327663	0.672337
Pip	104	Bly	30	0.291627	0.708373
Pip	104	Bly	31	0.415323	0.584677
Pip	104	Bly	32	0.294273	0.705727
Pip	104	Bly	33	-0.289656	1.289656
Pip	104	Bre	34	0.297288	0.702712
Pip	104	Bre	35	0.582581	0.417419
Pip	104	Bre	36	-0.657550	1.657550
Pip	104	Bre	37	0.415318	0.584682
Pip	104	Bre	38	0.280923	0.719077
Pip	104	Bre	39	0.457193	0.542807
Pip	104	Bre	40	0.067836	0.932164
Pip	104	Bre	41	0.388253	0.611747
Pip	104	Bre	42	0.326511	0.673489
Pip	104	Bre	43	-0.466846	1.466846
Pip	104	Bre	44	0.480400	0.519600
Pip	104	Bre	45	0.309516	0.690484
Pip	104	Bre	46	0.541700	0.458300
Pip	104	Bre	47	0.469899	0.530101
Pip	104	Bre	48	0.517216	0.482784
Pip	104	Bre	49	0.159003	0.840997
Pip	104	Bre	50	0.271833	0.728167
Pip	104	Bre	51	0.509556	0.490444
Pip	104	Bre	52	0.366531	0.633469
Pip	104	Bre	53	0.521034	0.478966
Pip	104	Bre	54	0.421100	0.578900
Pip	104	Bre	55	0.211249	0.788751
Pip	104	Bre	56	-0.755630	1.755630
Pip	104	Bre	57	0.532874	0.467126
Pip	104	Bre	58	0.143351	0.856649
Pip	104	Bre	59	0.335985	0.664015
Pip	104	Bre	60	0.324695	0.675305
Pip	104	Bre	61	0.454019	0.545981
Pip	104	Bre	62	0.428701	0.571299
Pip	104	Bre	63	0.387782	0.612218
Pip	104	Bre	64	0.402176	0.597824
Pip	104	Bre	65	0.466636	0.533364
Pip	104	Bre	66	0.417966	0.582034
Pip	104	Ivo	67	0.076389	0.923611
Pip	104	Ivo	68	0.462001	0.537999
Pip	104	Ivo	69	-0.142883	1.142883
Pip	104	Ivo	70	0.218300	0.781700
Pip	104	Ivo	71	0.541842	0.458158
Pip	104	Ivo	72	0.518868	0.481132
Pip	104	Ivo	73	0.476260	0.523740
Pip	104	Ivo	74	0.478755	0.521245
Pip	104	Ivo	75	0.430789	0.569211
Pip	104	Ivo	76	0.268714	0.731286
Pip	104	Ivo	77	0.348982	0.651018
Pip	104	Ivo	78	0.340312	0.659688
Pip	104	Ivo	79	0.283215	0.716785
Pip	104	Ivo	80	-0.334452	1.334452
Pip	104	Ivo	81	0.447566	0.552434
Pip	104	Ivo	82	0.506184	0.493816
Pip	104	Ivo	83	0.375550	0.624450
Pip	104	Ivo	84	0.504989	0.495011
Pip	104	Ivo	85	0.219167	0.780833
Pip	104	Ivo	86	0.533045	0.466955
Pip	104	Ivo	87	0.087835	0.912165
Pip	104	Ivo	88	0.482548	0.517452
Pip	104	Ivo	89	0.275634	0.724366
Pip	104	Ivo	90	0.343690	0.656310
Pip	104	Ivo	91	0.386874	0.613126
Pip	104	Ivo	92	0.107256	0.892744
Pip	104	Ivo	93	0.112004	0.887996
Pip	104	Ivo	94	0.009331	0.990669
Pip	104	Ivo	95	0.340990	0.659010
Pip	104	Ivo	96	0.151959	0.848041
Pip	104	Ivo	97	-0.061260	1.061260
Pip	104	Pip	98	0.495509	0.504491
Pip	104	Pip	99	0.178544	0.821456
Pip	104	Pip	100	0.050858	0.949142
Pip	104	Pip	101	0.722864	0.277136
Pip	104	Pip	102	-0.058651	1.058651
Pip	104	Pip	103	0.673360	0.326640
Pip	104	Pip	105	0.487732	0.512268
Pip	104	Pip	106	0.468889	0.531111
Pip	104	Pip	107	0.031153	0.968847
Pip	104	Pip	108	-0.714567	1.714567
Pip	104	Pip	109	0.489190	0.510810
Pip	104	Pip	110	0.340129	0.659871
Pip	104	Pip	111	0.206552	0.793448
Pip	104	Pip	112	0.433503	0.566497
Pip	104	Pip	113	0.591070	0.408930
Pip	104	Pip	114	0.087811	0.912189
Pip	104	Pip	115	-0.260776	1.260776
Pip	104	Pip	116	0.462560	0.537440
Pip	104	Pip	117	-0.126968	1.126968
Pip	104	Pip	118	0.419829	0.580171
Pip	104	Pip	119	0.175935	0.824065
Pip	104	Pip	120	-0.248665	1.248665
Pip	104	Pip	121	0.562307	0.437693
Pip	104	Pip	122	-0.339032	1.339032
Pip	104	Pip	123	0.526188	0.473812
Pip	104	Pip	124	-0.714567	1.714567
Pip	104	Pip	125	0.443086	0.556914
Pip	104	Pip	126	0.624999	0.375001
Pip	104	Pip	127	0.693584	0.306416
Pip	104	Pip	128	0.322501	0.677499
Pip	104	Pip	129	-0.057748	1.057748
Pip	104	Pip	130	0.299446	0.700554
Pip	104	Pip	131	0.576719	0.423281
Pip	104	Pip	132	0.586408	0.413592
Pip	104	Pip	133	0.543250	0.456750
Pip	105	Bly	1	-0.817321	1.817321
Pip	105	Bly	2	0.071068	0.928932
Pip	105	Bly	3	0.468625	0.531375
Pip	105	Bly	4	0.457831	0.542169
Pip	105	Bly	5	0.316968	0.683032
Pip	105	Bly	6	-0.817321	1.817321
Pip	105	Bly	7	0.560856	0.439144
Pip	105	Bly	8	-0.622364	1.622364
Pip	105	Bly	9	0.479963	0.520037
Pip	105	Bly	10	0.616865	0.383135
Pip	105	Bly	11	0.695928	0.304072
Pip	105	Bly	12	0.682461	0.317539
Pip	105	Bly	13	0.036060	0.963940
Pip	105	Bly	14	0.628654	0.371346
Pip	105	Bly	15	0.349256	0.650744
Pip	105	Bly	16	0.398640	0.601360
Pip	105	Bly	17	0.633704	0.366296
Pip	105	Bly	18	0.451432	0.548568
Pip	105	Bly	19	-0.099143	1.099143
Pip	105	Bly	20	-0.016414	1.016414
Pip	105	Bly	21	0.139407	0.860593
Pip	105	Bly	22	-0.817321	1.817321
Pip	105	Bly	23	0.519436	0.480564
Pip	105	Bly	24	0.428851	0.571149
Pip	105	Bly	25	-0.096898	1.096898
Pip	105	Bly	26	0.552269	0.447731
Pip	105	Bly	27	0.412940	0.587060
Pip	105	Bly	28	0.056327	0.943673
Pip	105	Bly	29	0.358986	0.641014
Pip	105	Bly	30	0.469089	0.530911
Pip	105	Bly	31	0.558671	0.441329
Pip	105	Bly	32	0.272423	0.727577
Pip	105	Bly	33	-0.152146	1.152146
Pip	105	Bre	34	0.434598	0.565402
Pip	105	Bre	35	0.596843	0.403157
Pip	105	Bre	36	-0.760304	1.760304
Pip	105	Bre	37	0.482552	0.517448
Pip	105	Bre	38	0.383035	0.616965
Pip	105	Bre	39	0.594780	0.405220
Pip	105	Bre	40	0.082097	0.917903
Pip	105	Bre	41	0.454329	0.545671
Pip	105	Bre	42	0.429221	0.570779
Pip	105	Bre	43	-0.474130	1.474130
Pip	105	Bre	44	0.583109	0.416891
Pip	105	Bre	45	0.559693	0.440307
Pip	105	Bre	46	0.644409	0.355591
Pip	105	Bre	47	0.607210	0.392790
Pip	105	Bre	48	0.619926	0.380074
Pip	105	Bre	49	0.374303	0.625697
Pip	105	Bre	50	0.417855	0.582145
Pip	105	Bre	51	0.575632	0.424368
Pip	105	Bre	52	0.445006	0.554994
Pip	105	Bre	53	0.588268	0.411732
Pip	105	Bre	54	0.523810	0.476190
Pip	105	Bre	55	0.348559	0.651441
Pip	105	Bre	56	-0.858384	1.858384
Pip	105	Bre	57	0.581812	0.418188
Pip	105	Bre	58	0.393529	0.606471
Pip	105	Bre	59	0.438895	0.561105
Pip	105	Bre	60	0.368492	0.631508
Pip	105	Bre	61	0.556729	0.443271
Pip	105	Bre	62	0.531410	0.468590
Pip	105	Bre	63	0.430422	0.569578
Pip	105	Bre	64	0.539486	0.460514
Pip	105	Bre	65	0.569346	0.430654
Pip	105	Bre	66	0.520675	0.479325
Pip	105	Ivo	67	0.254614	0.745386
Pip	105	Ivo	68	0.562878	0.437122
Pip	105	Ivo	69	0.019618	0.980382
Pip	105	Ivo	70	0.363381	0.636619
Pip	105	Ivo	71	0.290200	0.709800
Pip	105	Ivo	72	0.513281	0.486719
Pip	105	Ivo	73	0.413869	0.586131
Pip	105	Ivo	74	0.581388	0.418612
Pip	105	Ivo	75	0.527270	0.472730
Pip	105	Ivo	76	0.335872	0.664128
Pip	105	Ivo	77	0.458923	0.541077
Pip	105	Ivo	78	0.442945	0.557055
Pip	105	Ivo	79	0.326414	0.673586
Pip	105	Ivo	80	-0.158184	1.158184
Pip	105	Ivo	81	0.550199	0.449801
Pip	105	Ivo	82	0.549981	0.450019
Pip	105	Ivo	83	0.419347	0.580653
Pip	105	Ivo	84	0.612501	0.387499
Pip	105	Ivo	85	0.297841	0.702159
Pip	105	Ivo	86	0.527458	0.472542
Pip	105	Ivo	87	0.188712	0.811288
Pip	105	Ivo	88	0.550581	0.449419
Pip	105	Ivo	89	0.361616	0.638384
Pip	105	Ivo	90	0.387763	0.612237
Pip	105	Ivo	91	0.537818	0.462182
Pip	105	Ivo	92	0.209889	0.790111
Pip	105	Ivo	93	0.190678	0.809322
Pip	105	Ivo	94	0.160524	0.839476
Pip	105	Ivo	95	0.412750	0.587250
Pip	105	Ivo	96	0.330183	0.669817
Pip	105	Ivo	97	0.045377	0.954623
Pip	105	Pip	98	0.530912	0.469088
Pip	105	Pip	99	0.248348	0.751652
Pip	105	Pip	100	0.234897	0.765103
Pip	105	Pip	101	0.604746	0.395254
Pip	105	Pip	102	0.340951	0.659049
Pip	105	Pip	103	0.689669	0.310331
Pip	105	Pip	104	0.487732	0.512268
Pip	105	Pip	106	0.757132	0.242868
Pip	105	Pip	107	-0.079394	1.079394
Pip	105	Pip	108	-0.817321	1.817321
Pip	105	Pip	109	0.559271	0.440729
Pip	105	Pip	110	0.410133	0.589867
Pip	105	Pip	111	0.606230	0.393770
Pip	105	Pip	112	0.538184	0.461816
Pip	105	Pip	113	0.697784	0.302216
Pip	105	Pip	114	0.343513	0.656487
Pip	105	Pip	115	-0.212515	1.212515
Pip	105	Pip	116	0.642054	0.357946
Pip	105	Pip	117	0.172597	0.827403
Pip	105	Pip	118	0.489632	0.510368
Pip	105	Pip	119	0.277691	0.722309
Pip	105	Pip	120	-0.159890	1.159890
Pip	105	Pip	121	0.591673	0.408327
Pip	105	Pip	122	-0.114453	1.114453
Pip	105	Pip	123	0.816491	0.183509
Pip	105	Pip	124	-0.817321	1.817321
Pip	105	Pip	125	0.547767	0.452233
Pip	105	Pip	126	0.787683	0.212317
Pip	105	Pip	127	0.709617	0.290383
Pip	105	Pip	128	0.655299	0.344701
Pip	105	Pip	129	0.090797	0.909203
Pip	105	Pip	130	0.529285	0.470715
Pip	105	Pip	131	0.741123	0.258877
Pip	105	Pip	132	0.734508	0.265492
Pip	105	Pip	133	0.833552	0.166448
Pip	106	Bly	1	-0.687139	1.687139
Pip	106	Bly	2	0.054258	0.945742
Pip	106	Bly	3	0.493192	0.506808
Pip	106	Bly	4	0.454079	0.545921
Pip	106	Bly	5	0.387777	0.612223
Pip	106	Bly	6	-0.687139	1.687139
Pip	106	Bly	7	0.590573	0.409427
Pip	106	Bly	8	-0.536090	1.536090
Pip	106	Bly	9	0.521232	0.478768
Pip	106	Bly	10	0.641431	0.358569
Pip	106	Bly	11	0.677824	0.322176
Pip	106	Bly	12	0.701532	0.298468
Pip	106	Bly	13	0.063820	0.936180
Pip	106	Bly	14	0.575134	0.424866
Pip	106	Bly	15	0.438406	0.561594
Pip	106	Bly	16	0.386574	0.613426
Pip	106	Bly	17	0.667036	0.332964
Pip	106	Bly	18	0.363312	0.636688
Pip	106	Bly	19	-0.039900	1.039900
Pip	106	Bly	20	0.104537	0.895463
Pip	106	Bly	21	0.190341	0.809659
Pip	106	Bly	22	-0.687139	1.687139
Pip	106	Bly	23	0.595741	0.404259
Pip	106	Bly	24	0.515955	0.484045
Pip	106	Bly	25	0.111370	0.888630
Pip	106	Bly	26	0.574803	0.425197
Pip	106	Bly	27	0.482077	0.517923
Pip	106	Bly	28	0.039518	0.960482
Pip	106	Bly	29	0.548083	0.451917
Pip	106	Bly	30	0.606046	0.393954
Pip	106	Bly	31	0.540567	0.459433
Pip	106	Bly	32	0.290214	0.709786
Pip	106	Bly	33	-0.092902	1.092902
Pip	106	Bre	34	0.382359	0.617641
Pip	106	Bre	35	0.578000	0.422000
Pip	106	Bre	36	-0.630122	1.630122
Pip	106	Bre	37	0.505086	0.494914
Pip	106	Bre	38	0.452172	0.547828
Pip	106	Bre	39	0.541261	0.458739
Pip	106	Bre	40	0.063255	0.936745
Pip	106	Bre	41	0.476863	0.523137
Pip	106	Bre	42	0.451755	0.548245
Pip	106	Bre	43	-0.343949	1.343949
Pip	106	Bre	44	0.616365	0.383635
Pip	106	Bre	45	0.584259	0.415741
Pip	106	Bre	46	0.626770	0.373230
Pip	106	Bre	47	0.591603	0.408397
Pip	106	Bre	48	0.602287	0.397713
Pip	106	Bre	49	0.398869	0.601131
Pip	106	Bre	50	0.475066	0.524934
Pip	106	Bre	51	0.634799	0.365201
Pip	106	Bre	52	0.469572	0.530428
Pip	106	Bre	53	0.647436	0.352564
Pip	106	Bre	54	0.582977	0.417023
Pip	106	Bre	55	0.373125	0.626875
Pip	106	Bre	56	-0.728203	1.728203
Pip	106	Bre	57	0.528293	0.471707
Pip	106	Bre	58	0.418095	0.581905
Pip	106	Bre	59	0.645130	0.354870
Pip	106	Bre	60	0.427736	0.572264
Pip	106	Bre	61	0.579263	0.420737
Pip	106	Bre	62	0.554697	0.445303
Pip	106	Bre	63	0.515204	0.484796
Pip	106	Bre	64	0.564053	0.435947
Pip	106	Bre	65	0.628513	0.371487
Pip	106	Bre	66	0.626446	0.373554
Pip	106	Ivo	67	0.331763	0.668237
Pip	106	Ivo	68	0.586241	0.413759
Pip	106	Ivo	69	0.038148	0.961852
Pip	106	Ivo	70	0.271957	0.728043
Pip	106	Ivo	71	0.396046	0.603954
Pip	106	Ivo	72	0.536644	0.463356
Pip	106	Ivo	73	0.431660	0.568340
Pip	106	Ivo	74	0.603998	0.396002
Pip	106	Ivo	75	0.514000	0.486000
Pip	106	Ivo	76	0.407885	0.592115
Pip	106	Ivo	77	0.665157	0.334843
Pip	106	Ivo	78	0.548792	0.451208
Pip	106	Ivo	79	0.319574	0.680426
Pip	106	Ivo	80	-0.174331	1.174331
Pip	106	Ivo	81	0.536929	0.463071
Pip	106	Ivo	82	0.573344	0.426656
Pip	106	Ivo	83	0.442710	0.557290
Pip	106	Ivo	84	0.646888	0.353112
Pip	106	Ivo	85	0.357085	0.642915
Pip	106	Ivo	86	0.687076	0.312924
Pip	106	Ivo	87	0.211322	0.788678
Pip	106	Ivo	88	0.614975	0.385025
Pip	106	Ivo	89	0.467476	0.532524
Pip	106	Ivo	90	0.545348	0.454652
Pip	106	Ivo	91	0.597061	0.402939
Pip	106	Ivo	92	0.269132	0.730868
Pip	106	Ivo	93	0.214042	0.785958
Pip	106	Ivo	94	0.062987	0.937013
Pip	106	Ivo	95	0.394647	0.605353
Pip	106	Ivo	96	0.312079	0.687921
Pip	106	Ivo	97	-0.008607	1.008607
Pip	106	Pip	98	0.547409	0.452591
Pip	106	Pip	99	0.195567	0.804433
Pip	106	Pip	100	0.198012	0.801988
Pip	106	Pip	101	0.587108	0.412892
Pip	106	Pip	102	0.208813	0.791187
Pip	106	Pip	103	0.671489	0.328511
Pip	106	Pip	104	0.468889	0.531111
Pip	106	Pip	105	0.757132	0.242868
Pip	106	Pip	107	-0.090300	1.090300
Pip	106	Pip	108	-0.687139	1.687139
Pip	106	Pip	109	0.541091	0.458909
Pip	106	Pip	110	0.440679	0.559321
Pip	106	Pip	111	0.522666	0.477334
Pip	106	Pip	112	0.522037	0.477963
Pip	106	Pip	113	0.643723	0.356277
Pip	106	Pip	114	0.211299	0.788701
Pip	106	Pip	115	-0.082333	1.082333
Pip	106	Pip	116	0.628708	0.371292
Pip	106	Pip	117	0.075060	0.924940
Pip	106	Pip	118	0.433312	0.566688
Pip	106	Pip	119	0.308778	0.691222
Pip	106	Pip	120	-0.218243	1.218243
Pip	106	Pip	121	0.614207	0.385793
Pip	106	Pip	122	-0.166481	1.166481
Pip	106	Pip	123	0.613795	0.386205
Pip	106	Pip	124	-0.687139	1.687139
Pip	106	Pip	125	0.531620	0.468380
Pip	106	Pip	126	0.774337	0.225663
Pip	106	Pip	127	0.616664	0.383336
Pip	106	Pip	128	0.566638	0.433362
Pip	106	Pip	129	0.072693	0.927307
Pip	106	Pip	130	0.400452	0.599548
Pip	106	Pip	131	0.701112	0.298888
Pip	106	Pip	132	0.680447	0.319553
Pip	106	Pip	133	0.666737	0.333263
Pip	107	Bly	1	-0.097413	1.097413
Pip	107	Bly	2	-0.680685	1.680685
Pip	107	Bly	3	-0.311401	1.311401
Pip	107	Bly	4	-0.002289	1.002289
Pip	107	Bly	5	-0.158029	1.158029
Pip	107	Bly	6	-0.097413	1.097413
Pip	107	Bly	7	-0.056992	1.056992
Pip	107	Bly	8	-1.293104	2.293104
Pip	107	Bly	9	0.025096	0.974904
Pip	107	Bly	10	-0.037436	1.037436
Pip	107	Bly	11	-0.039437	1.039437
Pip	107	Bly	12	-0.063144	1.063144
Pip	107	Bly	13	0.536753	0.463247
Pip	107	Bly	14	0.039503	0.960497
Pip	107	Bly	15	-0.080899	1.080899
Pip	107	Bly	16	-0.182601	1.182601
Pip	107	Bly	17	0.015973	0.984027
Pip	107	Bly	18	-0.200976	1.200976
Pip	107	Bly	19	-0.792600	1.792600
Pip	107	Bly	20	-0.575130	1.575130
Pip	107	Bly	21	-0.344596	1.344596
Pip	107	Bly	22	-0.097413	1.097413
Pip	107	Bly	23	-0.092382	1.092382
Pip	107	Bly	24	0.065635	0.934365
Pip	107	Bly	25	-0.498537	1.498537
Pip	107	Bly	26	-0.007860	1.007860
Pip	107	Bly	27	-0.217455	1.217455
Pip	107	Bly	28	-0.540053	1.540053
Pip	107	Bly	29	-0.003575	1.003575
Pip	107	Bly	30	-0.026002	1.026002
Pip	107	Bly	31	-0.186679	1.186679
Pip	107	Bly	32	0.187598	0.812402
Pip	107	Bly	33	-0.761529	1.761529
Pip	107	Bre	34	-0.165932	1.165932
Pip	107	Bre	35	0.059507	0.940493
Pip	107	Bre	36	-0.040396	1.040396
Pip	107	Bre	37	-0.118592	1.118592
Pip	107	Bre	38	-0.286202	1.286202
Pip	107	Bre	39	-0.114284	1.114284
Pip	107	Bre	40	-0.362799	1.362799
Pip	107	Bre	41	-0.145657	1.145657
Pip	107	Bre	42	-0.152078	1.152078
Pip	107	Bre	43	0.291271	0.708729
Pip	107	Bre	44	-0.085241	1.085241
Pip	107	Bre	45	-0.257610	1.257610
Pip	107	Bre	46	-0.023941	1.023941
Pip	107	Bre	47	-0.095741	1.095741
Pip	107	Bre	48	-0.048424	1.048424
Pip	107	Bre	49	-0.443000	1.443000
Pip	107	Bre	50	-0.293808	1.293808
Pip	107	Bre	51	-0.056085	1.056085
Pip	107	Bre	52	-0.294307	1.294307
Pip	107	Bre	53	-0.044606	1.044606
Pip	107	Bre	54	-0.144540	1.144540
Pip	107	Bre	55	-0.138611	1.138611
Pip	107	Bre	56	-0.056350	1.056350
Pip	107	Bre	57	-0.073481	1.073481
Pip	107	Bre	58	-0.387412	1.387412
Pip	107	Bre	59	-0.132701	1.132701
Pip	107	Bre	60	-0.166127	1.166127
Pip	107	Bre	61	-0.111621	1.111621
Pip	107	Bre	62	-0.136939	1.136939
Pip	107	Bre	63	-0.103378	1.103378
Pip	107	Bre	64	-0.199826	1.199826
Pip	107	Bre	65	-0.139718	1.139718
Pip	107	Bre	66	-0.147675	1.147675
Pip	107	Ivo	67	-0.066131	1.066131
Pip	107	Ivo	68	0.014631	0.985369
Pip	107	Ivo	69	-0.763008	1.763008
Pip	107	Ivo	70	-0.105061	1.105061
Pip	107	Ivo	71	-0.242788	1.242788
Pip	107	Ivo	72	-0.083134	1.083134
Pip	107	Ivo	73	-0.105651	1.105651
Pip	107	Ivo	74	-0.044320	1.044320
Pip	107	Ivo	75	-0.076016	1.076016
Pip	107	Ivo	76	-0.155909	1.155909
Pip	107	Ivo	77	-0.008087	1.008087
Pip	107	Ivo	78	-0.202854	1.202854
Pip	107	Ivo	79	-0.149940	1.149940
Pip	107	Ivo	80	-0.677335	1.677335
Pip	107	Ivo	81	-0.093748	1.093748
Pip	107	Ivo	82	-0.112089	1.112089
Pip	107	Ivo	83	-0.242723	1.242723
Pip	107	Ivo	84	0.072112	0.927888
Pip	107	Ivo	85	-0.370432	1.370432
Pip	107	Ivo	86	-0.109671	1.109671
Pip	107	Ivo	87	-0.479290	1.479290
Pip	107	Ivo	88	-0.068952	1.068952
Pip	107	Ivo	89	-0.246356	1.246356
Pip	107	Ivo	90	-0.128511	1.128511
Pip	107	Ivo	91	-0.219480	1.219480
Pip	107	Ivo	92	-0.288368	1.288368
Pip	107	Ivo	93	-0.436182	1.436182
Pip	107	Ivo	94	-0.321254	1.321254
Pip	107	Ivo	95	-0.027214	1.027214
Pip	107	Ivo	96	-0.075719	1.075719
Pip	107	Ivo	97	-0.443182	1.443182
Pip	107	Pip	98	0.037190	0.962810
Pip	107	Pip	99	-0.287492	1.287492
Pip	107	Pip	100	-0.174760	1.174760
Pip	107	Pip	101	0.110676	0.889324
Pip	107	Pip	102	-0.455760	1.455760
Pip	107	Pip	103	0.154884	0.845116
Pip	107	Pip	104	0.031153	0.968847
Pip	107	Pip	105	-0.079394	1.079394
Pip	107	Pip	106	-0.090300	1.090300
Pip	107	Pip	108	-0.097413	1.097413
Pip	107	Pip	109	0.103608	0.896392
Pip	107	Pip	110	0.114510	0.885490
Pip	107	Pip	111	-0.035693	1.035693
Pip	107	Pip	112	0.004197	0.995803
Pip	107	Pip	113	0.113309	0.886691
Pip	107	Pip	114	-0.377390	1.377390
Pip	107	Pip	115	0.155449	0.844551
Pip	107	Pip	116	-0.096629	1.096629
Pip	107	Pip	117	-0.499990	1.499990
Pip	107	Pip	118	-0.133524	1.133524
Pip	107	Pip	119	-0.248688	1.248688
Pip	107	Pip	120	-0.714701	1.714701
Pip	107	Pip	121	0.041286	0.958714
Pip	107	Pip	122	-0.761472	1.761472
Pip	107	Pip	123	-0.040937	1.040937
Pip	107	Pip	124	-0.097413	1.097413
Pip	107	Pip	125	-0.075389	1.075389
Pip	107	Pip	126	-0.017717	1.017717
Pip	107	Pip	127	0.140232	0.859768
Pip	107	Pip	128	-0.161345	1.161345
Pip	107	Pip	129	-0.395903	1.395903
Pip	107	Pip	130	-0.225114	1.225114
Pip	107	Pip	131	0.104846	0.895154
Pip	107	Pip	132	0.019283	0.980717
Pip	107	Pip	133	-0.023876	1.023876
Pip	108	Bly	1	1.000000	0.000000
Pip	108	Bly	2	-1.485241	2.485241
Pip	108	Bly	3	-1.115958	2.115958
Pip	108	Bly	4	-0.719109	1.719109
Pip	108	Bly	5	-0.723335	1.723335
Pip	108	Bly	6	1.000000	0.000000
Pip	108	Bly	7	-0.814945	1.814945
Pip	108	Bly	8	-1.143569	2.143569
Pip	108	Bly	9	-0.853803	1.853803
Pip	108	Bly	10	-0.841992	1.841992
Pip	108	Bly	11	-0.854938	1.854938
Pip	108	Bly	12	-0.791329	1.791329
Pip	108	Bly	13	-0.087113	1.087113
Pip	108	Bly	14	-0.706218	1.706218
Pip	108	Bly	15	-0.557026	1.557026
Pip	108	Bly	16	-0.919924	1.919924
Pip	108	Bly	17	-0.628368	1.628368
Pip	108	Bly	18	-0.929160	1.929160
Pip	108	Bly	19	-1.643760	2.643760
Pip	108	Bly	20	-0.338778	1.338778
Pip	108	Bly	21	-0.844810	1.844810
Pip	108	Bly	22	1.000000	0.000000
Pip	108	Bly	23	-0.766796	1.766796
Pip	108	Bly	24	-0.659405	1.659405
Pip	108	Bly	25	-0.046010	1.046010
Pip	108	Bly	26	-0.777953	1.777953
Pip	108	Bly	27	-0.975408	1.975408
Pip	108	Bly	28	-1.251310	2.251310
Pip	108	Bly	29	-0.678088	1.678088
Pip	108	Bly	30	-0.648477	1.648477
Pip	108	Bly	31	-1.031949	2.031949
Pip	108	Bly	32	-0.629097	1.629097
Pip	108	Bly	33	-1.578224	2.578224
Pip	108	Bre	34	-0.945387	1.945387
Pip	108	Bre	35	-0.745050	1.745050
Pip	108	Bre	36	0.942983	0.057017
Pip	108	Bre	37	-0.919536	1.919536
Pip	108	Bre	38	-0.717048	1.717048
Pip	108	Bre	39	-0.796977	1.796977
Pip	108	Bre	40	-1.061798	2.061798
Pip	108	Bre	41	-0.859783	1.859783
Pip	108	Bre	42	-1.008343	2.008343
Pip	108	Bre	43	0.492599	0.507401
Pip	108	Bre	44	-0.771489	1.771489
Pip	108	Bre	45	-1.062166	2.062166
Pip	108	Bre	46	-0.828497	1.828497
Pip	108	Bre	47	-0.863056	1.863056
Pip	108	Bre	48	-0.815740	1.815740
Pip	108	Bre	49	-1.141999	2.141999
Pip	108	Bre	50	-0.914006	1.914006
Pip	108	Bre	51	-0.788936	1.788936
Pip	108	Bre	52	-1.002786	2.002786
Pip	108	Bre	53	-0.849162	1.849162
Pip	108	Bre	54	-0.784704	1.784704
Pip	108	Bre	55	-1.123605	2.123605
Pip	108	Bre	56	0.958937	0.041063
Pip	108	Bre	57	-0.781960	1.781960
Pip	108	Bre	58	-1.191968	2.191968
Pip	108	Bre	59	-0.702151	1.702151
Pip	108	Bre	60	-1.044623	2.044623
Pip	108	Bre	61	-0.746112	1.746112
Pip	108	Bre	62	-0.941496	1.941496
Pip	108	Bre	63	-0.544755	1.544755
Pip	108	Bre	64	-1.004383	2.004383
Pip	108	Bre	65	-0.944274	1.944274
Pip	108	Bre	66	-0.868387	1.868387
Pip	108	Ivo	67	-0.977143	1.977143
Pip	108	Ivo	68	-0.718221	1.718221
Pip	108	Ivo	69	-1.486415	2.486415
Pip	108	Ivo	70	-1.007928	2.007928
Pip	108	Ivo	71	-0.794950	1.794950
Pip	108	Ivo	72	-0.853227	1.853227
Pip	108	Ivo	73	-0.851371	1.851371
Pip	108	Ivo	74	-0.848876	1.848876
Pip	108	Ivo	75	-0.815137	1.815137
Pip	108	Ivo	76	-1.054731	2.054731
Pip	108	Ivo	77	-0.736104	1.736104
Pip	108	Ivo	78	-0.926344	1.926344
Pip	108	Ivo	79	-0.804541	1.804541
Pip	108	Ivo	80	-1.604732	2.604732
Pip	108	Ivo	81	-0.898305	1.898305
Pip	108	Ivo	82	-0.823345	1.823345
Pip	108	Ivo	83	-0.953979	1.953979
Pip	108	Ivo	84	-0.703003	1.703003
Pip	108	Ivo	85	-1.081689	2.081689
Pip	108	Ivo	86	-0.742148	1.742148
Pip	108	Ivo	87	-1.249383	2.249383
Pip	108	Ivo	88	-0.755201	1.755201
Pip	108	Ivo	89	-0.933785	1.933785
Pip	108	Ivo	90	-0.594913	1.594913
Pip	108	Ivo	91	-0.923293	1.923293
Pip	108	Ivo	92	-1.191236	2.191236
Pip	108	Ivo	93	-1.177212	2.177212
Pip	108	Ivo	94	-1.205999	2.205999
Pip	108	Ivo	95	-0.893341	1.893341
Pip	108	Ivo	96	-1.019301	2.019301
Pip	108	Ivo	97	-1.261667	2.261667
Pip	108	Pip	98	-0.841709	1.841709
Pip	108	Pip	99	-1.179365	2.179365
Pip	108	Pip	100	-1.168567	2.168567
Pip	108	Pip	101	-0.635045	1.635045
Pip	108	Pip	102	-1.306700	2.306700
Pip	108	Pip	103	-0.690386	1.690386
Pip	108	Pip	104	-0.714567	1.714567
Pip	108	Pip	105	-0.817321	1.817321
Pip	108	Pip	106	-0.687139	1.687139
Pip	108	Pip	107	-0.097413	1.097413
Pip	108	Pip	109	-0.568792	1.568792
Pip	108	Pip	110	-0.982903	1.982903
Pip	108	Pip	111	-0.900667	1.900667
Pip	108	Pip	112	-0.887677	1.887677
Pip	108	Pip	113	-0.731962	1.731962
Pip	108	Pip	114	-1.230339	2.230339
Pip	108	Pip	115	0.395194	0.604806
Pip	108	Pip	116	-0.767810	1.767810
Pip	108	Pip	117	-1.405277	2.405277
Pip	108	Pip	118	-0.978794	1.978794
Pip	108	Pip	119	-1.074631	2.074631
Pip	108	Pip	120	-1.436205	2.436205
Pip	108	Pip	121	-0.728807	1.728807
Pip	108	Pip	122	-1.620156	2.620156
Pip	108	Pip	123	-0.886207	1.886207
Pip	108	Pip	124	1.000000	0.000000
Pip	108	Pip	125	-0.920659	1.920659
Pip	108	Pip	126	-0.714931	1.714931
Pip	108	Pip	127	-0.705038	1.705038
Pip	108	Pip	128	-0.877890	1.877890
Pip	108	Pip	129	-1.288215	2.288215
Pip	108	Pip	130	-0.963041	1.963041
Pip	108	Pip	131	-0.745119	1.745119
Pip	108	Pip	132	-0.691900	1.691900
Pip	108	Pip	133	-0.869146	1.869146
Pip	109	Bly	1	-0.568792	1.568792
Pip	109	Bly	2	-0.076698	1.076698
Pip	109	Bly	3	0.403316	0.596684
Pip	109	Bly	4	0.357183	0.642817
Pip	109	Bly	5	0.453857	0.546143
Pip	109	Bly	6	-0.568792	1.568792
Pip	109	Bly	7	0.502744	0.497256
Pip	109	Bly	8	-0.550559	1.550559
Pip	109	Bly	9	0.456121	0.543879
Pip	109	Bly	10	0.640919	0.359081
Pip	109	Bly	11	0.551435	0.448565
Pip	109	Bly	12	0.497795	0.502205
Pip	109	Bly	13	-0.009057	1.009057
Pip	109	Bly	14	0.599239	0.400761
Pip	109	Bly	15	0.419202	0.580798
Pip	109	Bly	16	0.417420	0.582580
Pip	109	Bly	17	0.567953	0.432047
Pip	109	Bly	18	0.345509	0.654491
Pip	109	Bly	19	-0.201729	1.201729
Pip	109	Bly	20	0.132738	0.867262
Pip	109	Bly	21	0.254464	0.745536
Pip	109	Bly	22	-0.568792	1.568792
Pip	109	Bly	23	0.536184	0.463816
Pip	109	Bly	24	0.476595	0.523405
Pip	109	Bly	25	0.045563	0.954437
Pip	109	Bly	26	0.670495	0.329505
Pip	109	Bly	27	0.422945	0.577055
Pip	109	Bly	28	-0.026199	1.026199
Pip	109	Bly	29	0.440578	0.559422
Pip	109	Bly	30	0.439219	0.560781
Pip	109	Bly	31	0.493361	0.506639
Pip	109	Bly	32	0.293952	0.706048
Pip	109	Bly	33	-0.128091	1.128091
Pip	109	Bre	34	0.369830	0.630170
Pip	109	Bre	35	0.530795	0.469205
Pip	109	Bre	36	-0.625809	1.625809
Pip	109	Bre	37	0.528033	0.471967
Pip	109	Bre	38	0.428516	0.571484
Pip	109	Bre	39	0.546854	0.453146
Pip	109	Bre	40	-0.024664	1.024664
Pip	109	Bre	41	0.500968	0.499032
Pip	109	Bre	42	0.439226	0.560774
Pip	109	Bre	43	-0.262235	1.262235
Pip	109	Bre	44	0.557234	0.442766
Pip	109	Bre	45	0.457108	0.542892
Pip	109	Bre	46	0.614242	0.385758
Pip	109	Bre	47	0.542441	0.457559
Pip	109	Bre	48	0.589758	0.410242
Pip	109	Bre	49	0.271717	0.728283
Pip	109	Bre	50	0.349871	0.650129
Pip	109	Bre	51	0.622271	0.377729
Pip	109	Bre	52	0.420410	0.579590
Pip	109	Bre	53	0.633749	0.366251
Pip	109	Bre	54	0.592651	0.407349
Pip	109	Bre	55	0.323963	0.676037
Pip	109	Bre	56	-0.609856	1.609856
Pip	109	Bre	57	0.533886	0.466114
Pip	109	Bre	58	0.290943	0.709057
Pip	109	Bre	59	0.448900	0.551100
Pip	109	Bre	60	0.343897	0.656103
Pip	109	Bre	61	0.566734	0.433266
Pip	109	Bre	62	0.505535	0.494465
Pip	109	Bre	63	0.495202	0.504798
Pip	109	Bre	64	0.514891	0.485109
Pip	109	Bre	65	0.538637	0.461363
Pip	109	Bre	66	0.530681	0.469319
Pip	109	Ivo	67	0.230018	0.769982
Pip	109	Ivo	68	0.498321	0.501679
Pip	109	Ivo	69	-0.082967	1.082967
Pip	109	Ivo	70	0.296338	0.703662
Pip	109	Ivo	71	0.295283	0.704717
Pip	109	Ivo	72	0.561026	0.438974
Pip	109	Ivo	73	0.419408	0.580592
Pip	109	Ivo	74	0.556793	0.443207
Pip	109	Ivo	75	0.472946	0.527054
Pip	109	Ivo	76	0.310871	0.689129
Pip	109	Ivo	77	0.427020	0.572980
Pip	109	Ivo	78	0.418350	0.581650
Pip	109	Ivo	79	0.261241	0.738759
Pip	109	Ivo	80	-0.146146	1.146146
Pip	109	Ivo	81	0.449010	0.550990
Pip	109	Ivo	82	0.489505	0.510495
Pip	109	Ivo	83	0.358871	0.641129
Pip	109	Ivo	84	0.582023	0.417977
Pip	109	Ivo	85	0.273246	0.726754
Pip	109	Ivo	86	0.570369	0.429631
Pip	109	Ivo	87	0.200750	0.799250
Pip	109	Ivo	88	0.492469	0.507531
Pip	109	Ivo	89	0.329713	0.670287
Pip	109	Ivo	90	0.446419	0.553581
Pip	109	Ivo	91	0.483034	0.516966
Pip	109	Ivo	92	0.185293	0.814707
Pip	109	Ivo	93	0.089489	0.910511
Pip	109	Ivo	94	0.146204	0.853796
Pip	109	Ivo	95	0.459742	0.540258
Pip	109	Ivo	96	0.305587	0.694413
Pip	109	Ivo	97	0.056488	0.943512
Pip	109	Pip	98	0.649138	0.350862
Pip	109	Pip	99	0.380623	0.619377
Pip	109	Pip	100	0.204487	0.795513
Pip	109	Pip	101	0.731449	0.268551
Pip	109	Pip	102	0.054264	0.945736
Pip	109	Pip	103	0.815831	0.184169
Pip	109	Pip	104	0.489190	0.510810
Pip	109	Pip	105	0.559271	0.440729
Pip	109	Pip	106	0.541091	0.458909
Pip	109	Pip	107	0.103608	0.896392
Pip	109	Pip	108	-0.568792	1.568792
Pip	109	Pip	110	0.493758	0.506242
Pip	109	Pip	111	0.354144	0.645856
Pip	109	Pip	112	0.629745	0.370255
Pip	109	Pip	113	0.792145	0.207855
Pip	109	Pip	114	0.235403	0.764597
Pip	109	Pip	115	-0.126670	1.126670
Pip	109	Pip	116	0.582207	0.417793
Pip	109	Pip	117	-0.014053	1.014053
Pip	109	Pip	118	0.541021	0.458979
Pip	109	Pip	119	0.213800	0.786200
Pip	109	Pip	120	-0.140531	1.140531
Pip	109	Pip	121	0.669185	0.330815
Pip	109	Pip	122	-0.137957	1.137957
Pip	109	Pip	123	0.637900	0.362100
Pip	109	Pip	124	-0.568792	1.568792
Pip	109	Pip	125	0.639328	0.360672
Pip	109	Pip	126	0.607348	0.392652
Pip	109	Pip	127	0.761005	0.238995
Pip	109	Pip	128	0.474926	0.525074
Pip	109	Pip	129	0.055167	0.944833
Pip	109	Pip	130	0.317213	0.682787
Pip	109	Pip	131	0.634659	0.365341
Pip	109	Pip	132	0.698120	0.301880
Pip	109	Pip	133	0.690842	0.309158
Pip	110	Bly	1	-0.982903	1.982903
Pip	110	Bly	2	-0.191158	1.191158
Pip	110	Bly	3	0.324181	0.675819
Pip	110	Bly	4	0.359328	0.640672
Pip	110	Bly	5	0.315963	0.684037
Pip	110	Bly	6	-0.982903	1.982903
Pip	110	Bly	7	0.270357	0.729643
Pip	110	Bly	8	-0.707311	1.707311
Pip	110	Bly	9	0.505006	0.494994
Pip	110	Bly	10	0.443132	0.556868
Pip	110	Bly	11	0.483577	0.516423
Pip	110	Bly	12	0.383335	0.616665
Pip	110	Bly	13	-0.298947	1.298947
Pip	110	Bly	14	0.415501	0.584499
Pip	110	Bly	15	0.432651	0.567349
Pip	110	Bly	16	0.404331	0.595669
Pip	110	Bly	17	0.453493	0.546507
Pip	110	Bly	18	0.196372	0.803628
Pip	110	Bly	19	-0.199583	1.199583
Pip	110	Bly	20	0.010663	0.989337
Pip	110	Bly	21	0.116494	0.883506
Pip	110	Bly	22	-0.982903	1.982903
Pip	110	Bly	23	0.303796	0.696204
Pip	110	Bly	24	0.417456	0.582544
Pip	110	Bly	25	-0.079083	1.079083
Pip	110	Bly	26	0.486757	0.513243
Pip	110	Bly	27	0.309210	0.690790
Pip	110	Bly	28	-0.199496	1.199496
Pip	110	Bly	29	0.477615	0.522385
Pip	110	Bly	30	0.523430	0.476570
Pip	110	Bly	31	0.448904	0.551096
Pip	110	Bly	32	0.099314	0.900686
Pip	110	Bly	33	-0.174596	1.174596
Pip	110	Bre	34	0.337298	0.662702
Pip	110	Bre	35	0.381734	0.618266
Pip	110	Bre	36	-0.925886	1.925886
Pip	110	Bre	37	0.482390	0.517610
Pip	110	Bre	38	0.314780	0.685220
Pip	110	Bre	39	0.304280	0.695720
Pip	110	Bre	40	-0.173725	1.173725
Pip	110	Bre	41	0.455325	0.544675
Pip	110	Bre	42	0.448904	0.551096
Pip	110	Bre	43	-0.594219	1.594219
Pip	110	Bre	44	0.373496	0.626504
Pip	110	Bre	45	0.377973	0.622027
Pip	110	Bre	46	0.430504	0.569496
Pip	110	Bre	47	0.463307	0.536693
Pip	110	Bre	48	0.406020	0.593980
Pip	110	Bre	49	0.192583	0.807417
Pip	110	Bre	50	0.200809	0.799191
Pip	110	Bre	51	0.438533	0.561467
Pip	110	Bre	52	0.341276	0.658724
Pip	110	Bre	53	0.450011	0.549989
Pip	110	Bre	54	0.350077	0.649923
Pip	110	Bre	55	0.496972	0.503028
Pip	110	Bre	56	-0.941840	1.941840
Pip	110	Bre	57	0.291312	0.708688
Pip	110	Bre	58	0.211809	0.788191
Pip	110	Bre	59	0.418492	0.581508
Pip	110	Bre	60	0.469456	0.530544
Pip	110	Bre	61	0.382996	0.617004
Pip	110	Bre	62	0.321797	0.678203
Pip	110	Bre	63	0.301278	0.698722
Pip	110	Bre	64	0.435756	0.564244
Pip	110	Bre	65	0.354899	0.645101
Pip	110	Bre	66	0.346943	0.653057
Pip	110	Ivo	67	0.418261	0.581739
Pip	110	Ivo	68	0.383861	0.616139
Pip	110	Ivo	69	-0.127425	1.127425
Pip	110	Ivo	70	0.421897	0.578103
Pip	110	Ivo	71	0.180823	0.819177
Pip	110	Ivo	72	0.446565	0.553435
Pip	110	Ivo	73	0.340350	0.659650
Pip	110	Ivo	74	0.442332	0.557668
Pip	110	Ivo	75	0.358486	0.641514
Pip	110	Ivo	76	0.443793	0.556207
Pip	110	Ivo	77	0.464056	0.535944
Pip	110	Ivo	78	0.303890	0.696110
Pip	110	Ivo	79	0.228907	0.771093
Pip	110	Ivo	80	-0.143154	1.143154
Pip	110	Ivo	81	0.334549	0.665451
Pip	110	Ivo	82	0.375045	0.624955
Pip	110	Ivo	83	0.314414	0.685586
Pip	110	Ivo	84	0.488283	0.511717
Pip	110	Ivo	85	0.158785	0.841215
Pip	110	Ivo	86	0.455909	0.544091
Pip	110	Ivo	87	0.184650	0.815350
Pip	110	Ivo	88	0.294758	0.705242
Pip	110	Ivo	89	0.284623	0.715377
Pip	110	Ivo	90	0.304029	0.695971
Pip	110	Ivo	91	0.309737	0.690263
Pip	110	Ivo	92	0.462399	0.537601
Pip	110	Ivo	93	0.127158	0.872842
Pip	110	Ivo	94	0.329873	0.670127
Pip	110	Ivo	95	0.470605	0.529395
Pip	110	Ivo	96	0.431146	0.568854
Pip	110	Ivo	97	0.265501	0.734499
Pip	110	Pip	98	0.736532	0.263468
Pip	110	Pip	99	0.397801	0.602199
Pip	110	Pip	100	0.559183	0.440817
Pip	110	Pip	101	0.499061	0.500939
Pip	110	Pip	102	0.429730	0.570270
Pip	110	Pip	103	0.583443	0.416557
Pip	110	Pip	104	0.340129	0.659871
Pip	110	Pip	105	0.410133	0.589867
Pip	110	Pip	106	0.440679	0.559321
Pip	110	Pip	107	0.114510	0.885490
Pip	110	Pip	108	-0.982903	1.982903
Pip	110	Pip	109	0.493758	0.506242
Pip	110	Pip	111	0.571469	0.428531
Pip	110	Pip	112	0.478561	0.521439
Pip	110	Pip	113	0.559758	0.440242
Pip	110	Pip	114	0.321952	0.678048
Pip	110	Pip	115	-0.378097	1.378097
Pip	110	Pip	116	0.518183	0.481817
Pip	110	Pip	117	0.258719	0.741281
Pip	110	Pip	118	0.413236	0.586764
Pip	110	Pip	119	0.346722	0.653278
Pip	110	Pip	120	-0.256313	1.256313
Pip	110	Pip	121	0.485447	0.514553
Pip	110	Pip	122	-0.112060	1.112060
Pip	110	Pip	123	0.558765	0.441235
Pip	110	Pip	124	-0.982903	1.982903
Pip	110	Pip	125	0.511544	0.488456
Pip	110	Pip	126	0.423610	0.576390
Pip	110	Pip	127	0.563218	0.436782
Pip	110	Pip	128	0.395791	0.604209
Pip	110	Pip	129	0.384029	0.615971
Pip	110	Pip	130	0.238079	0.761921
Pip	110	Pip	131	0.580775	0.419225
Pip	110	Pip	132	0.514382	0.485618
Pip	110	Pip	133	0.541704	0.458296
Pip	111	Bly	1	-0.900667	1.900667
Pip	111	Bly	2	-0.322702	1.322702
Pip	111	Bly	3	0.347551	0.652449
Pip	111	Bly	4	0.258657	0.741343
Pip	111	Bly	5	0.141672	0.858328
Pip	111	Bly	6	-0.900667	1.900667
Pip	111	Bly	7	0.279677	0.720323
Pip	111	Bly	8	-0.591182	1.591182
Pip	111	Bly	9	0.299609	0.700391
Pip	111	Bly	10	0.377138	0.622862
Pip	111	Bly	11	0.424814	0.575186
Pip	111	Bly	12	0.324572	0.675428
Pip	111	Bly	13	-0.230930	1.230930
Pip	111	Bly	14	0.347474	0.652526
Pip	111	Bly	15	0.249305	0.750695
Pip	111	Bly	16	0.275519	0.724481
Pip	111	Bly	17	0.450276	0.549724
Pip	111	Bly	18	0.135652	0.864348
Pip	111	Bly	19	-0.251605	1.251605
Pip	111	Bly	20	-0.033881	1.033881
Pip	111	Bly	21	-0.000717	1.000717
Pip	111	Bly	22	-0.900667	1.900667
Pip	111	Bly	23	0.314310	0.685690
Pip	111	Bly	24	0.208565	0.791435
Pip	111	Bly	25	-0.230971	1.230971
Pip	111	Bly	26	0.347143	0.652857
Pip	111	Bly	27	0.277817	0.722183
Pip	111	Bly	28	-0.259453	1.259453
Pip	111	Bly	29	0.396961	0.603039
Pip	111	Bly	30	0.451621	0.548379
Pip	111	Bly	31	0.388947	0.611053
Pip	111	Bly	32	0.037846	0.962154
Pip	111	Bly	33	-0.226617	1.226617
Pip	111	Bre	34	0.319954	0.680046
Pip	111	Bre	35	0.315663	0.684337
Pip	111	Bre	36	-0.843650	1.843650
Pip	111	Bre	37	0.347429	0.652571
Pip	111	Bre	38	0.247911	0.752089
Pip	111	Bre	39	0.313601	0.686399
Pip	111	Bre	40	-0.199082	1.199082
Pip	111	Bre	41	0.319206	0.680794
Pip	111	Bre	42	0.349418	0.650582
Pip	111	Bre	43	-0.475350	1.475350
Pip	111	Bre	44	0.342103	0.657897
Pip	111	Bre	45	0.360629	0.639371
Pip	111	Bre	46	0.399110	0.600890
Pip	111	Bre	47	0.397313	0.602687
Pip	111	Bre	48	0.374627	0.625373
Pip	111	Bre	49	0.175239	0.824761
Pip	111	Bre	50	0.134739	0.865261
Pip	111	Bre	51	0.370506	0.629494
Pip	111	Bre	52	0.323932	0.676068
Pip	111	Bre	53	0.383142	0.616858
Pip	111	Bre	54	0.318684	0.681316
Pip	111	Bre	55	0.411535	0.588465
Pip	111	Bre	56	-0.859604	1.859604
Pip	111	Bre	57	0.300633	0.699367
Pip	111	Bre	58	0.145815	0.854185
Pip	111	Bre	59	0.352422	0.647578
Pip	111	Bre	60	0.349342	0.650658
Pip	111	Bre	61	0.351603	0.648397
Pip	111	Bre	62	0.290404	0.709596
Pip	111	Bre	63	0.290777	0.709223
Pip	111	Bre	64	0.418412	0.581588
Pip	111	Bre	65	0.364220	0.635780
Pip	111	Bre	66	0.315549	0.684451
Pip	111	Ivo	67	0.366240	0.633760
Pip	111	Ivo	68	0.287270	0.712730
Pip	111	Ivo	69	-0.179446	1.179446
Pip	111	Ivo	70	0.344231	0.655769
Pip	111	Ivo	71	0.050473	0.949527
Pip	111	Ivo	72	0.237674	0.762326
Pip	111	Ivo	73	0.202693	0.797307
Pip	111	Ivo	74	0.341661	0.658339
Pip	111	Ivo	75	0.251663	0.748337
Pip	111	Ivo	76	0.356296	0.643704
Pip	111	Ivo	77	0.439894	0.560106
Pip	111	Ivo	78	0.251868	0.748132
Pip	111	Ivo	79	0.092761	0.907239
Pip	111	Ivo	80	-0.197132	1.197132
Pip	111	Ivo	81	0.274592	0.725408
Pip	111	Ivo	82	0.323023	0.676977
Pip	111	Ivo	83	0.262393	0.737607
Pip	111	Ivo	84	0.426815	0.573185
Pip	111	Ivo	85	0.106764	0.893236
Pip	111	Ivo	86	0.287731	0.712269
Pip	111	Ivo	87	0.047345	0.952655
Pip	111	Ivo	88	0.269402	0.730598
Pip	111	Ivo	89	0.260460	0.739540
Pip	111	Ivo	90	0.294962	0.705038
Pip	111	Ivo	91	0.220101	0.779899
Pip	111	Ivo	92	0.142089	0.857911
Pip	111	Ivo	93	0.115850	0.884150
Pip	111	Ivo	94	0.127325	0.872675
Pip	111	Ivo	95	0.346997	0.653003
Pip	111	Ivo	96	0.311033	0.688967
Pip	111	Ivo	97	-0.001300	1.001300
Pip	111	Pip	98	0.494149	0.505851
Pip	111	Pip	99	0.272237	0.727763
Pip	111	Pip	100	0.501887	0.498113
Pip	111	Pip	101	0.359448	0.640552
Pip	111	Pip	102	0.477164	0.522836
Pip	111	Pip	103	0.484543	0.515457
Pip	111	Pip	104	0.206552	0.793448
Pip	111	Pip	105	0.606230	0.393770
Pip	111	Pip	106	0.522666	0.477334
Pip	111	Pip	107	-0.035693	1.035693
Pip	111	Pip	108	-0.900667	1.900667
Pip	111	Pip	109	0.354144	0.645856
Pip	111	Pip	110	0.571469	0.428531
Pip	111	Pip	112	0.345060	0.654940
Pip	111	Pip	113	0.456777	0.543223
Pip	111	Pip	114	0.465677	0.534323
Pip	111	Pip	115	-0.295861	1.295861
Pip	111	Pip	116	0.626414	0.373586
Pip	111	Pip	117	0.286408	0.713592
Pip	111	Pip	118	0.328385	0.671615
Pip	111	Pip	119	0.245173	0.754827
Pip	111	Pip	120	-0.288584	1.288584
Pip	111	Pip	121	0.386547	0.613453
Pip	111	Pip	122	-0.195717	1.195717
Pip	111	Pip	123	0.610886	0.389114
Pip	111	Pip	124	-0.900667	1.900667
Pip	111	Pip	125	0.378043	0.621957
Pip	111	Pip	126	0.468687	0.531313
Pip	111	Pip	127	0.429718	0.570282
Pip	111	Pip	128	0.371705	0.628295
Pip	111	Pip	129	0.074754	0.925246
Pip	111	Pip	130	0.283508	0.716492
Pip	111	Pip	131	0.560769	0.439231
Pip	111	Pip	132	0.493501	0.506499
Pip	111	Pip	133	0.593825	0.406175
Pip	112	Bly	1	-0.887677	1.887677
Pip	112	Bly	2	0.097470	0.902530
Pip	112	Bly	3	0.491670	0.508330
Pip	112	Bly	4	0.456062	0.543938
Pip	112	Bly	5	0.422364	0.577636
Pip	112	Bly	6	-0.887677	1.887677
Pip	112	Bly	7	0.561134	0.438866
Pip	112	Bly	8	-0.588473	1.588473
Pip	112	Bly	9	0.548607	0.451393
Pip	112	Bly	10	0.687555	0.312445
Pip	112	Bly	11	0.613681	0.386319
Pip	112	Bly	12	0.550071	0.449929
Pip	112	Bly	13	-0.033376	1.033376
Pip	112	Bly	14	0.582330	0.417670
Pip	112	Bly	15	0.334447	0.665553
Pip	112	Bly	16	0.402223	0.597777
Pip	112	Bly	17	0.506153	0.493847
Pip	112	Bly	18	0.283709	0.716291
Pip	112	Bly	19	0.040995	0.959005
Pip	112	Bly	20	0.054111	0.945889
Pip	112	Bly	21	0.243268	0.756732
Pip	112	Bly	22	-0.887677	1.887677
Pip	112	Bly	23	0.439783	0.560217
Pip	112	Bly	24	0.450676	0.549324
Pip	112	Bly	25	0.004126	0.995874
Pip	112	Bly	26	0.646900	0.353100
Pip	112	Bly	27	0.361421	0.638579
Pip	112	Bly	28	0.090136	0.909864
Pip	112	Bly	29	0.380811	0.619189
Pip	112	Bly	30	0.459902	0.540098
Pip	112	Bly	31	0.593970	0.406030
Pip	112	Bly	32	0.271888	0.728112
Pip	112	Bly	33	-0.034852	1.034852
Pip	112	Bre	34	0.425390	0.574610
Pip	112	Bre	35	0.511837	0.488163
Pip	112	Bre	36	-0.830659	1.830659
Pip	112	Bre	37	0.502390	0.497610
Pip	112	Bre	38	0.402872	0.597128
Pip	112	Bre	39	0.469257	0.530743
Pip	112	Bre	40	-0.037785	1.037785
Pip	112	Bre	41	0.404567	0.595433
Pip	112	Bre	42	0.413583	0.586417
Pip	112	Bre	43	-0.581119	1.581119
Pip	112	Bre	44	0.495710	0.504290
Pip	112	Bre	45	0.573736	0.426264
Pip	112	Bre	46	0.552718	0.447282
Pip	112	Bre	47	0.517275	0.482725
Pip	112	Bre	48	0.493358	0.506642
Pip	112	Bre	49	0.425272	0.574728
Pip	112	Bre	50	0.359385	0.640615
Pip	112	Bre	51	0.597380	0.402620
Pip	112	Bre	52	0.466001	0.533999
Pip	112	Bre	53	0.608859	0.391141
Pip	112	Bre	54	0.508925	0.491075
Pip	112	Bre	55	0.381280	0.618720
Pip	112	Bre	56	-0.928740	1.928740
Pip	112	Bre	57	0.419363	0.580637
Pip	112	Bre	58	0.408617	0.591383
Pip	112	Bre	59	0.352500	0.647500
Pip	112	Bre	60	0.401213	0.598787
Pip	112	Bre	61	0.470333	0.529667
Pip	112	Bre	62	0.551683	0.448317
Pip	112	Bre	63	0.339965	0.660035
Pip	112	Bre	64	0.524601	0.475399
Pip	112	Bre	65	0.554461	0.445539
Pip	112	Bre	66	0.505790	0.494210
Pip	112	Ivo	67	0.330193	0.669807
Pip	112	Ivo	68	0.586675	0.413325
Pip	112	Ivo	69	-0.000450	1.000450
Pip	112	Ivo	70	0.353947	0.646053
Pip	112	Ivo	71	0.307043	0.692957
Pip	112	Ivo	72	0.608665	0.391335
Pip	112	Ivo	73	0.439133	0.560867
Pip	112	Ivo	74	0.610365	0.389635
Pip	112	Ivo	75	0.605647	0.394353
Pip	112	Ivo	76	0.511029	0.488971
Pip	112	Ivo	77	0.403426	0.596574
Pip	112	Ivo	78	0.500867	0.499133
Pip	112	Ivo	79	0.235322	0.764678
Pip	112	Ivo	80	0.049974	0.950026
Pip	112	Ivo	81	0.470489	0.529511
Pip	112	Ivo	82	0.579711	0.420289
Pip	112	Ivo	83	0.554992	0.445008
Pip	112	Ivo	84	0.604783	0.395217
Pip	112	Ivo	85	0.320886	0.679114
Pip	112	Ivo	86	0.656674	0.343326
Pip	112	Ivo	87	0.317671	0.682329
Pip	112	Ivo	88	0.551862	0.448138
Pip	112	Ivo	89	0.306119	0.693881
Pip	112	Ivo	90	0.385898	0.614102
Pip	112	Ivo	91	0.583589	0.416411
Pip	112	Ivo	92	0.279536	0.720464
Pip	112	Ivo	93	0.248880	0.751120
Pip	112	Ivo	94	0.192653	0.807347
Pip	112	Ivo	95	0.548191	0.451809
Pip	112	Ivo	96	0.440640	0.559360
Pip	112	Ivo	97	0.191540	0.808460
Pip	112	Pip	98	0.587614	0.412386
Pip	112	Pip	99	0.630965	0.369035
Pip	112	Pip	100	0.224167	0.775833
Pip	112	Pip	101	0.669925	0.330075
Pip	112	Pip	102	0.114658	0.885342
Pip	112	Pip	103	0.760144	0.239856
Pip	112	Pip	104	0.433503	0.566497
Pip	112	Pip	105	0.538184	0.461816
Pip	112	Pip	106	0.522037	0.477963
Pip	112	Pip	107	0.004197	0.995803
Pip	112	Pip	108	-0.887677	1.887677
Pip	112	Pip	109	0.629745	0.370255
Pip	112	Pip	110	0.478561	0.521439
Pip	112	Pip	111	0.345060	0.654940
Pip	112	Pip	113	0.730622	0.269378
Pip	112	Pip	114	0.226319	0.773681
Pip	112	Pip	115	-0.331520	1.331520
Pip	112	Pip	116	0.526520	0.473480
Pip	112	Pip	117	0.047620	0.952380
Pip	112	Pip	118	0.664251	0.335749
Pip	112	Pip	119	0.322347	0.677653
Pip	112	Pip	120	-0.066585	1.066585
Pip	112	Pip	121	0.613498	0.386502
Pip	112	Pip	122	0.102416	0.897584
Pip	112	Pip	123	0.651691	0.348309
Pip	112	Pip	124	-0.887677	1.887677
Pip	112	Pip	125	0.920414	0.079586
Pip	112	Pip	126	0.586538	0.413462
Pip	112	Pip	127	0.739919	0.260081
Pip	112	Pip	128	0.685350	0.314650
Pip	112	Pip	129	0.068957	0.931043
Pip	112	Pip	130	0.496549	0.503451
Pip	112	Pip	131	0.660176	0.339824
Pip	112	Pip	132	0.642433	0.357567
Pip	112	Pip	133	0.704632	0.295368
Pip	113	Bly	1	-0.731962	1.731962
Pip	113	Bly	2	0.131157	0.868843
Pip	113	Bly	3	0.505949	0.494051
Pip	113	Bly	4	0.565037	0.434963
Pip	113	Bly	5	0.461020	0.538980
Pip	113	Bly	6	-0.731962	1.731962
Pip	113	Bly	7	0.710599	0.289401
Pip	113	Bly	8	-0.620796	1.620796
Pip	113	Bly	9	0.627342	0.372658
Pip	113	Bly	10	0.778429	0.221571
Pip	113	Bly	11	0.688945	0.311055
Pip	113	Bly	12	0.635305	0.364695
Pip	113	Bly	13	0.072154	0.927846
Pip	113	Bly	14	0.701119	0.298881
Pip	113	Bly	15	0.533344	0.466656
Pip	113	Bly	16	0.483420	0.516580
Pip	113	Bly	17	0.669834	0.330166
Pip	113	Bly	18	0.447389	0.552611
Pip	113	Bly	19	-0.029755	1.029755
Pip	113	Bly	20	0.060332	0.939668
Pip	113	Bly	21	0.331973	0.668027
Pip	113	Bly	22	-0.731962	1.731962
Pip	113	Bly	23	0.673281	0.326719
Pip	113	Bly	24	0.612940	0.387060
Pip	113	Bly	25	0.052727	0.947273
Pip	113	Bly	26	0.736494	0.263506
Pip	113	Bly	27	0.560455	0.439545
Pip	113	Bly	28	0.087942	0.912058
Pip	113	Bly	29	0.543211	0.456789
Pip	113	Bly	30	0.505219	0.494781
Pip	113	Bly	31	0.630871	0.369129
Pip	113	Bly	32	0.340286	0.659714
Pip	113	Bly	33	0.043883	0.956117
Pip	113	Bre	34	0.541804	0.458196
Pip	113	Bre	35	0.738649	0.261351
Pip	113	Bre	36	-0.674944	1.674944
Pip	113	Bre	37	0.700007	0.299993
Pip	113	Bre	38	0.600490	0.399510
Pip	113	Bre	39	0.660996	0.339004
Pip	113	Bre	40	0.148313	0.851687
Pip	113	Bre	41	0.601432	0.398568
Pip	113	Bre	42	0.611200	0.388800
Pip	113	Bre	43	-0.388771	1.388771
Pip	113	Bre	44	0.765088	0.234912
Pip	113	Bre	45	0.594618	0.405382
Pip	113	Bre	46	0.786216	0.213784
Pip	113	Bre	47	0.679538	0.320462
Pip	113	Bre	48	0.726855	0.273145
Pip	113	Bre	49	0.409227	0.590773
Pip	113	Bre	50	0.521845	0.478155
Pip	113	Bre	51	0.757611	0.242389
Pip	113	Bre	52	0.592385	0.407615
Pip	113	Bre	53	0.805723	0.194277
Pip	113	Bre	54	0.705789	0.294211
Pip	113	Bre	55	0.461060	0.538940
Pip	113	Bre	56	-0.773025	1.773025
Pip	113	Bre	57	0.648028	0.351972
Pip	113	Bre	58	0.462917	0.537083
Pip	113	Bre	59	0.585997	0.414003
Pip	113	Bre	60	0.480994	0.519006
Pip	113	Bre	61	0.703831	0.296169
Pip	113	Bre	62	0.713390	0.286610
Pip	113	Bre	63	0.573463	0.426537
Pip	113	Bre	64	0.686865	0.313135
Pip	113	Bre	65	0.710611	0.289389
Pip	113	Bre	66	0.702655	0.297345
Pip	113	Ivo	67	0.332651	0.667349
Pip	113	Ivo	68	0.634665	0.365335
Pip	113	Ivo	69	0.054543	0.945457
Pip	113	Ivo	70	0.398971	0.601029
Pip	113	Ivo	71	0.397916	0.602084
Pip	113	Ivo	72	0.697370	0.302630
Pip	113	Ivo	73	0.592386	0.407614
Pip	113	Ivo	74	0.659426	0.340574
Pip	113	Ivo	75	0.646337	0.353663
Pip	113	Ivo	76	0.518726	0.481274
Pip	113	Ivo	77	0.529653	0.470347
Pip	113	Ivo	78	0.555860	0.444140
Pip	113	Ivo	79	0.434219	0.565781
Pip	113	Ivo	80	-0.045270	1.045270
Pip	113	Ivo	81	0.587523	0.412477
Pip	113	Ivo	82	0.662482	0.337518
Pip	113	Ivo	83	0.566726	0.433274
Pip	113	Ivo	84	0.755001	0.244999
Pip	113	Ivo	85	0.410343	0.589657
Pip	113	Ivo	86	0.705710	0.294290
Pip	113	Ivo	87	0.336091	0.663909
Pip	113	Ivo	88	0.665446	0.334554
Pip	113	Ivo	89	0.466810	0.533190
Pip	113	Ivo	90	0.549051	0.450949
Pip	113	Ivo	91	0.561295	0.438705
Pip	113	Ivo	92	0.322390	0.677610
Pip	113	Ivo	93	0.262466	0.737534
Pip	113	Ivo	94	0.224878	0.775122
Pip	113	Ivo	95	0.597252	0.402748
Pip	113	Ivo	96	0.477561	0.522439
Pip	113	Ivo	97	0.264343	0.735657
Pip	113	Pip	98	0.750014	0.249986
Pip	113	Pip	99	0.481499	0.518501
Pip	113	Pip	100	0.339828	0.660172
Pip	113	Pip	101	0.832326	0.167674
Pip	113	Pip	102	0.191774	0.808226
Pip	113	Pip	103	0.881830	0.118170
Pip	113	Pip	104	0.591070	0.408930
Pip	113	Pip	105	0.697784	0.302216
Pip	113	Pip	106	0.643723	0.356277
Pip	113	Pip	107	0.113309	0.886691
Pip	113	Pip	108	-0.731962	1.731962
Pip	113	Pip	109	0.792145	0.207855
Pip	113	Pip	110	0.559758	0.440242
Pip	113	Pip	111	0.456777	0.543223
Pip	113	Pip	112	0.730622	0.269378
Pip	113	Pip	114	0.301403	0.698597
Pip	113	Pip	115	-0.175805	1.175805
Pip	113	Pip	116	0.755185	0.244815
Pip	113	Pip	117	0.157921	0.842079
Pip	113	Pip	118	0.641897	0.358103
Pip	113	Pip	119	0.314264	0.685736
Pip	113	Pip	120	-0.040067	1.040067
Pip	113	Pip	121	0.735185	0.264815
Pip	113	Pip	122	-0.001199	1.001199
Pip	113	Pip	123	0.774657	0.225343
Pip	113	Pip	124	-0.731962	1.731962
Pip	113	Pip	125	0.740205	0.259795
Pip	113	Pip	126	0.780739	0.219261
Pip	113	Pip	127	0.827005	0.172995
Pip	113	Pip	128	0.648316	0.351684
Pip	113	Pip	129	0.227141	0.772859
Pip	113	Pip	130	0.453558	0.546442
Pip	113	Pip	131	0.771003	0.228997
Pip	113	Pip	132	0.834464	0.165536
Pip	113	Pip	133	0.791718	0.208282
Pip	114	Bly	1	-1.230339	2.230339
Pip	114	Bly	2	-0.353484	1.353484
Pip	114	Bly	3	0.423949	0.576051
Pip	114	Bly	4	0.103283	0.896717
Pip	114	Bly	5	0.022931	0.977069
Pip	114	Bly	6	-1.230339	2.230339
Pip	114	Bly	7	0.209652	0.790348
Pip	114	Bly	8	-0.750618	1.750618
Pip	114	Bly	9	0.132218	0.867782
Pip	114	Bly	10	0.221764	0.778236
Pip	114	Bly	11	0.227532	0.772468
Pip	114	Bly	12	0.173893	0.826107
Pip	114	Bly	13	-0.520392	1.520392
Pip	114	Bly	14	0.228733	0.771267
Pip	114	Bly	15	0.082522	0.917478
Pip	114	Bly	16	0.153617	0.846383
Pip	114	Bly	17	0.234689	0.765311
Pip	114	Bly	18	0.184343	0.815657
Pip	114	Bly	19	-0.370279	1.370279
Pip	114	Bly	20	-0.232627	1.232627
Pip	114	Bly	21	-0.130866	1.130866
Pip	114	Bly	22	-1.230339	2.230339
Pip	114	Bly	23	0.117028	0.882972
Pip	114	Bly	24	0.089824	0.910176
Pip	114	Bly	25	-0.361121	1.361121
Pip	114	Bly	26	0.228402	0.771598
Pip	114	Bly	27	0.122442	0.877558
Pip	114	Bly	28	-0.244234	1.244234
Pip	114	Bly	29	0.186798	0.813202
Pip	114	Bly	30	0.242323	0.757677
Pip	114	Bly	31	0.318922	0.681078
Pip	114	Bly	32	-0.117528	1.117528
Pip	114	Bly	33	-0.297220	1.297220
Pip	114	Bre	34	0.278736	0.721264
Pip	114	Bre	35	0.160289	0.839711
Pip	114	Bre	36	-1.173322	2.173322
Pip	114	Bre	37	0.268042	0.731958
Pip	114	Bre	38	0.168525	0.831475
Pip	114	Bre	39	0.245044	0.754956
Pip	114	Bre	40	-0.354456	1.354456
Pip	114	Bre	41	0.363271	0.636729
Pip	114	Bre	42	0.356850	0.643150
Pip	114	Bre	43	-0.923782	1.923782
Pip	114	Bre	44	0.223969	0.776031
Pip	114	Bre	45	0.241954	0.758046
Pip	114	Bre	46	0.243736	0.756264
Pip	114	Bre	47	0.279180	0.720820
Pip	114	Bre	48	0.303097	0.696903
Pip	114	Bre	49	0.056564	0.943436
Pip	114	Bre	50	0.066183	0.933817
Pip	114	Bre	51	0.289006	0.710994
Pip	114	Bre	52	0.242498	0.757502
Pip	114	Bre	53	0.227768	0.772232
Pip	114	Bre	54	0.163309	0.836691
Pip	114	Bre	55	0.247975	0.752025
Pip	114	Bre	56	-1.271403	2.271403
Pip	114	Bre	57	0.269317	0.730683
Pip	114	Bre	58	0.075790	0.924210
Pip	114	Bre	59	0.224385	0.775615
Pip	114	Bre	60	0.308123	0.691877
Pip	114	Bre	61	0.233469	0.766531
Pip	114	Bre	62	0.135030	0.864970
Pip	114	Bre	63	0.123993	0.876007
Pip	114	Bre	64	0.299738	0.700262
Pip	114	Bre	65	0.208846	0.791154
Pip	114	Bre	66	0.284234	0.715766
Pip	114	Ivo	67	0.107427	0.892573
Pip	114	Ivo	68	0.205770	0.794230
Pip	114	Ivo	69	-0.220131	1.220131
Pip	114	Ivo	70	0.255437	0.744563
Pip	114	Ivo	71	0.061025	0.938975
Pip	114	Ivo	72	0.118933	0.881067
Pip	114	Ivo	73	0.093922	0.906078
Pip	114	Ivo	74	0.186287	0.813713
Pip	114	Ivo	75	0.030853	0.969147
Pip	114	Ivo	76	0.068099	0.931901
Pip	114	Ivo	77	0.187823	0.812177
Pip	114	Ivo	78	0.133194	0.866806
Pip	114	Ivo	79	-0.098137	1.098137
Pip	114	Ivo	80	-0.283310	1.283310
Pip	114	Ivo	81	0.119218	0.880782
Pip	114	Ivo	82	0.118999	0.881001
Pip	114	Ivo	83	0.143718	0.856282
Pip	114	Ivo	84	0.308682	0.691318
Pip	114	Ivo	85	0.027333	0.972667
Pip	114	Ivo	86	0.206232	0.793768
Pip	114	Ivo	87	0.053197	0.946803
Pip	114	Ivo	88	0.151268	0.848732
Pip	114	Ivo	89	0.090516	0.909484
Pip	114	Ivo	90	0.176829	0.823171
Pip	114	Ivo	91	0.061566	0.938434
Pip	114	Ivo	92	0.227510	0.772490
Pip	114	Ivo	93	-0.006961	1.006961
Pip	114	Ivo	94	0.047938	0.952062
Pip	114	Ivo	95	0.259709	0.740291
Pip	114	Ivo	96	0.229599	0.770401
Pip	114	Ivo	97	-0.002696	1.002696
Pip	114	Pip	98	0.414155	0.585845
Pip	114	Pip	99	0.229439	0.770561
Pip	114	Pip	100	0.484141	0.515859
Pip	114	Pip	101	0.240707	0.759293
Pip	114	Pip	102	0.251147	0.748853
Pip	114	Pip	103	0.365802	0.634198
Pip	114	Pip	104	0.087811	0.912189
Pip	114	Pip	105	0.343513	0.656487
Pip	114	Pip	106	0.211299	0.788701
Pip	114	Pip	107	-0.377390	1.377390
Pip	114	Pip	108	-1.230339	2.230339
Pip	114	Pip	109	0.235403	0.764597
Pip	114	Pip	110	0.321952	0.678048
Pip	114	Pip	111	0.465677	0.534323
Pip	114	Pip	112	0.226319	0.773681
Pip	114	Pip	113	0.301403	0.698597
Pip	114	Pip	115	-0.625533	1.625533
Pip	114	Pip	116	0.429133	0.570867
Pip	114	Pip	117	0.439103	0.560897
Pip	114	Pip	118	0.277731	0.722269
Pip	114	Pip	119	0.058906	0.941094
Pip	114	Pip	120	-0.514667	1.514667
Pip	114	Pip	121	0.267806	0.732194
Pip	114	Pip	122	0.015735	0.984265
Pip	114	Pip	123	0.492145	0.507855
Pip	114	Pip	124	-1.230339	2.230339
Pip	114	Pip	125	0.259302	0.740698
Pip	114	Pip	126	0.205969	0.794031
Pip	114	Pip	127	0.310977	0.689023
Pip	114	Pip	128	0.174423	0.825577
Pip	114	Pip	129	0.157894	0.842106
Pip	114	Pip	130	0.144242	0.855758
Pip	114	Pip	131	0.351470	0.648530
Pip	114	Pip	132	0.332852	0.667148
Pip	114	Pip	133	0.475084	0.524916
Pip	115	Bly	1	0.395194	0.604806
Pip	115	Bly	2	-0.880435	1.880435
Pip	115	Bly	3	-0.511151	1.511151
Pip	115	Bly	4	-0.306678	1.306678
Pip	115	Bly	5	-0.118529	1.118529
Pip	115	Bly	6	0.395194	0.604806
Pip	115	Bly	7	-0.258789	1.258789
Pip	115	Bly	8	-0.766832	1.766832
Pip	115	Bly	9	-0.248997	1.248997
Pip	115	Bly	10	-0.285836	1.285836
Pip	115	Bly	11	-0.250132	1.250132
Pip	115	Bly	12	-0.186523	1.186523
Pip	115	Bly	13	0.165749	0.834251
Pip	115	Bly	14	-0.160247	1.160247
Pip	115	Bly	15	0.047780	0.952220
Pip	115	Bly	16	-0.469325	1.469325
Pip	115	Bly	17	-0.023562	1.023562
Pip	115	Bly	18	-0.416533	1.416533
Pip	115	Bly	19	-1.038953	2.038953
Pip	115	Bly	20	-0.048858	1.048858
Pip	115	Bly	21	-0.288654	1.288654
Pip	115	Bly	22	0.395194	0.604806
Pip	115	Bly	23	-0.210639	1.210639
Pip	115	Bly	24	-0.054599	1.054599
Pip	115	Bly	25	-0.070804	1.070804
Pip	115	Bly	26	-0.173147	1.173147
Pip	115	Bly	27	-0.370602	1.370602
Pip	115	Bly	28	-0.646504	1.646504
Pip	115	Bly	29	-0.073282	1.073282
Pip	115	Bly	30	-0.043671	1.043671
Pip	115	Bly	31	-0.427143	1.427143
Pip	115	Bly	32	-0.024291	1.024291
Pip	115	Bly	33	-1.022068	2.022068
Pip	115	Bre	34	-0.340580	1.340580
Pip	115	Bre	35	-0.140244	1.140244
Pip	115	Bre	36	0.452211	0.547789
Pip	115	Bre	37	-0.314729	1.314729
Pip	115	Bre	38	-0.304617	1.304617
Pip	115	Bre	39	-0.192171	1.192171
Pip	115	Bre	40	-0.562549	1.562549
Pip	115	Bre	41	-0.341794	1.341794
Pip	115	Bre	42	-0.403537	1.403537
Pip	115	Bre	43	0.517393	0.482607
Pip	115	Bre	44	-0.166683	1.166683
Pip	115	Bre	45	-0.457360	1.457360
Pip	115	Bre	46	-0.223691	1.223691
Pip	115	Bre	47	-0.258250	1.258250
Pip	115	Bre	48	-0.210933	1.210933
Pip	115	Bre	49	-0.642750	1.642750
Pip	115	Bre	50	-0.309199	1.309199
Pip	115	Bre	51	-0.184130	1.184130
Pip	115	Bre	52	-0.456816	1.456816
Pip	115	Bre	53	-0.244356	1.244356
Pip	115	Bre	54	-0.285455	1.285455
Pip	115	Bre	55	-0.518799	1.518799
Pip	115	Bre	56	0.354131	0.645869
Pip	115	Bre	57	-0.177154	1.177154
Pip	115	Bre	58	-0.587162	1.587162
Pip	115	Bre	59	-0.097345	1.097345
Pip	115	Bre	60	-0.498653	1.498653
Pip	115	Bre	61	-0.141306	1.141306
Pip	115	Bre	62	-0.336690	1.336690
Pip	115	Bre	63	0.001215	0.998785
Pip	115	Bre	64	-0.399576	1.399576
Pip	115	Bre	65	-0.339468	1.339468
Pip	115	Bre	66	-0.263581	1.263581
Pip	115	Ivo	67	-0.372337	1.372337
Pip	115	Ivo	68	-0.113415	1.113415
Pip	115	Ivo	69	-0.940445	1.940445
Pip	115	Ivo	70	-0.403122	1.403122
Pip	115	Ivo	71	-0.282323	1.282323
Pip	115	Ivo	72	-0.248420	1.248420
Pip	115	Ivo	73	-0.305401	1.305401
Pip	115	Ivo	74	-0.244070	1.244070
Pip	115	Ivo	75	-0.210331	1.210331
Pip	115	Ivo	76	-0.449925	1.449925
Pip	115	Ivo	77	-0.131298	1.131298
Pip	115	Ivo	78	-0.321538	1.321538
Pip	115	Ivo	79	-0.258570	1.258570
Pip	115	Ivo	80	-0.999926	1.999926
Pip	115	Ivo	81	-0.293499	1.293499
Pip	115	Ivo	82	-0.277375	1.277375
Pip	115	Ivo	83	-0.408009	1.408009
Pip	115	Ivo	84	-0.098197	1.098197
Pip	115	Ivo	85	-0.535719	1.535719
Pip	115	Ivo	86	-0.137342	1.137342
Pip	115	Ivo	87	-0.644577	1.644577
Pip	115	Ivo	88	-0.199044	1.199044
Pip	115	Ivo	89	-0.387815	1.387815
Pip	115	Ivo	90	-0.203150	1.203150
Pip	115	Ivo	91	-0.318487	1.318487
Pip	115	Ivo	92	-0.586430	1.586430
Pip	115	Ivo	93	-0.718059	1.718059
Pip	115	Ivo	94	-0.601193	1.601193
Pip	115	Ivo	95	-0.288535	1.288535
Pip	115	Ivo	96	-0.414495	1.414495
Pip	115	Ivo	97	-0.656861	1.656861
Pip	115	Pip	98	-0.236902	1.236902
Pip	115	Pip	99	-0.623209	1.623209
Pip	115	Pip	100	-0.563761	1.563761
Pip	115	Pip	101	-0.137724	1.137724
Pip	115	Pip	102	-0.701893	1.701893
Pip	115	Pip	103	-0.134230	1.134230
Pip	115	Pip	104	-0.260776	1.260776
Pip	115	Pip	105	-0.212515	1.212515
Pip	115	Pip	106	-0.082333	1.082333
Pip	115	Pip	107	0.155449	0.844551
Pip	115	Pip	108	0.395194	0.604806
Pip	115	Pip	109	-0.126670	1.126670
Pip	115	Pip	110	-0.378097	1.378097
Pip	115	Pip	111	-0.295861	1.295861
Pip	115	Pip	112	-0.331520	1.331520
Pip	115	Pip	113	-0.175805	1.175805
Pip	115	Pip	114	-0.625533	1.625533
Pip	115	Pip	116	-0.211654	1.211654
Pip	115	Pip	117	-0.800470	1.800470
Pip	115	Pip	118	-0.422638	1.422638
Pip	115	Pip	119	-0.469825	1.469825
Pip	115	Pip	120	-0.880048	1.880048
Pip	115	Pip	121	-0.124000	1.124000
Pip	115	Pip	122	-1.064000	2.064000
Pip	115	Pip	123	-0.281401	1.281401
Pip	115	Pip	124	0.395194	0.604806
Pip	115	Pip	125	-0.364503	1.364503
Pip	115	Pip	126	-0.110125	1.110125
Pip	115	Pip	127	-0.148882	1.148882
Pip	115	Pip	128	-0.359901	1.359901
Pip	115	Pip	129	-0.788966	1.788966
Pip	115	Pip	130	-0.358235	1.358235
Pip	115	Pip	131	-0.140313	1.140313
Pip	115	Pip	132	-0.087094	1.087094
Pip	115	Pip	133	-0.264340	1.264340
Pip	116	Bly	1	-0.767810	1.767810
Pip	116	Bly	2	-0.032231	1.032231
Pip	116	Bly	3	0.519028	0.480972
Pip	116	Bly	4	0.496276	0.503724
Pip	116	Bly	5	0.396263	0.603737
Pip	116	Bly	6	-0.767810	1.767810
Pip	116	Bly	7	0.618798	0.381202
Pip	116	Bly	8	-0.586642	1.586642
Pip	116	Bly	9	0.488578	0.511422
Pip	116	Bly	10	0.645915	0.354085
Pip	116	Bly	11	0.592088	0.407912
Pip	116	Bly	12	0.579163	0.420837
Pip	116	Bly	13	-0.018452	1.018452
Pip	116	Bly	14	0.603482	0.396518
Pip	116	Bly	15	0.525591	0.474409
Pip	116	Bly	16	0.532157	0.467843
Pip	116	Bly	17	0.648568	0.351432
Pip	116	Bly	18	0.426124	0.573876
Pip	116	Bly	19	-0.092266	1.092266
Pip	116	Bly	20	0.053772	0.946228
Pip	116	Bly	21	0.324219	0.675781
Pip	116	Bly	22	-0.767810	1.767810
Pip	116	Bly	23	0.652015	0.347985
Pip	116	Bly	24	0.478179	0.521821
Pip	116	Bly	25	-0.025030	1.025030
Pip	116	Bly	26	0.601734	0.398266
Pip	116	Bly	27	0.497944	0.502056
Pip	116	Bly	28	0.065483	0.934517
Pip	116	Bly	29	0.465455	0.534545
Pip	116	Bly	30	0.610960	0.389040
Pip	116	Bly	31	0.568360	0.431640
Pip	116	Bly	32	0.281715	0.718285
Pip	116	Bly	33	0.015835	0.984165
Pip	116	Bre	34	0.513757	0.486243
Pip	116	Bre	35	0.606135	0.393865
Pip	116	Bre	36	-0.710793	1.710793
Pip	116	Bre	37	0.636484	0.363516
Pip	116	Bre	38	0.536967	0.463033
Pip	116	Bre	39	0.604072	0.395928
Pip	116	Bre	40	0.091390	0.908610
Pip	116	Bre	41	0.608261	0.391739
Pip	116	Bre	42	0.583153	0.416847
Pip	116	Bre	43	-0.424620	1.424620
Pip	116	Bre	44	0.667038	0.332962
Pip	116	Bre	45	0.532106	0.467894
Pip	116	Bre	46	0.653701	0.346299
Pip	116	Bre	47	0.651904	0.348096
Pip	116	Bre	48	0.629218	0.370782
Pip	116	Bre	49	0.346716	0.653284
Pip	116	Bre	50	0.389330	0.610670
Pip	116	Bre	51	0.659561	0.340439
Pip	116	Bre	52	0.529873	0.470127
Pip	116	Bre	53	0.637733	0.362267
Pip	116	Bre	54	0.573275	0.426725
Pip	116	Bre	55	0.467890	0.532110
Pip	116	Bre	56	-0.808873	1.808873
Pip	116	Bre	57	0.591104	0.408896
Pip	116	Bre	58	0.400406	0.599594
Pip	116	Bre	59	0.592827	0.407173
Pip	116	Bre	60	0.453359	0.546641
Pip	116	Bre	61	0.640658	0.359342
Pip	116	Bre	62	0.580875	0.419125
Pip	116	Bre	63	0.531182	0.468818
Pip	116	Bre	64	0.624354	0.375646
Pip	116	Bre	65	0.618811	0.381189
Pip	116	Bre	66	0.570140	0.429860
Pip	116	Ivo	67	0.298767	0.701233
Pip	116	Ivo	68	0.612206	0.387794
Pip	116	Ivo	69	-0.048683	1.048683
Pip	116	Ivo	70	0.334214	0.665786
Pip	116	Ivo	71	0.305064	0.694936
Pip	116	Ivo	72	0.562609	0.437391
Pip	116	Ivo	73	0.493165	0.506835
Pip	116	Ivo	74	0.561788	0.438212
Pip	116	Ivo	75	0.442235	0.557765
Pip	116	Ivo	76	0.455203	0.544797
Pip	116	Ivo	77	0.508388	0.491612
Pip	116	Ivo	78	0.457810	0.542190
Pip	116	Ivo	79	0.335570	0.664430
Pip	116	Ivo	80	-0.148495	1.148495
Pip	116	Ivo	81	0.530600	0.469400
Pip	116	Ivo	82	0.599309	0.400691
Pip	116	Ivo	83	0.538678	0.461322
Pip	116	Ivo	84	0.655716	0.344284
Pip	116	Ivo	85	0.347170	0.652830
Pip	116	Ivo	86	0.576787	0.423213
Pip	116	Ivo	87	0.336400	0.663600
Pip	116	Ivo	88	0.642987	0.357013
Pip	116	Ivo	89	0.445544	0.554456
Pip	116	Ivo	90	0.542882	0.457118
Pip	116	Ivo	91	0.474692	0.525308
Pip	116	Ivo	92	0.329220	0.670780
Pip	116	Ivo	93	0.275546	0.724454
Pip	116	Ivo	94	0.125244	0.874756
Pip	116	Ivo	95	0.456903	0.543097
Pip	116	Ivo	96	0.408800	0.591200
Pip	116	Ivo	97	0.180998	0.819002
Pip	116	Pip	98	0.708026	0.291974
Pip	116	Pip	99	0.405047	0.594953
Pip	116	Pip	100	0.320380	0.679620
Pip	116	Pip	101	0.628224	0.371776
Pip	116	Pip	102	0.326534	0.673466
Pip	116	Pip	103	0.712606	0.287394
Pip	116	Pip	104	0.462560	0.537440
Pip	116	Pip	105	0.642054	0.357946
Pip	116	Pip	106	0.628708	0.371292
Pip	116	Pip	107	-0.096629	1.096629
Pip	116	Pip	108	-0.767810	1.767810
Pip	116	Pip	109	0.582207	0.417793
Pip	116	Pip	110	0.518183	0.481817
Pip	116	Pip	111	0.626414	0.373586
Pip	116	Pip	112	0.526520	0.473480
Pip	116	Pip	113	0.755185	0.244815
Pip	116	Pip	114	0.429133	0.570867
Pip	116	Pip	115	-0.211654	1.211654
Pip	116	Pip	117	0.235677	0.764323
Pip	116	Pip	118	0.507799	0.492201
Pip	116	Pip	119	0.256950	0.743050
Pip	116	Pip	120	-0.138094	1.138094
Pip	116	Pip	121	0.641138	0.358862
Pip	116	Pip	122	-0.035744	1.035744
Pip	116	Pip	123	0.712146	0.287854
Pip	116	Pip	124	-0.767810	1.767810
Pip	116	Pip	125	0.606106	0.393894
Pip	116	Pip	126	0.659259	0.340741
Pip	116	Pip	127	0.657781	0.342219
Pip	116	Pip	128	0.586999	0.413001
Pip	116	Pip	129	0.267774	0.732226
Pip	116	Pip	130	0.467831	0.532169
Pip	116	Pip	131	0.715274	0.284726
Pip	116	Pip	132	0.743259	0.256741
Pip	116	Pip	133	0.659204	0.340796
Pip	117	Bly	1	-1.405277	2.405277
Pip	117	Bly	2	-0.508892	1.508892
Pip	117	Bly	3	0.249053	0.750947
Pip	117	Bly	4	-0.005522	1.005522
Pip	117	Bly	5	-0.191848	1.191848
Pip	117	Bly	6	-1.405277	2.405277
Pip	117	Bly	7	0.019567	0.980433
Pip	117	Bly	8	-0.977851	1.977851
Pip	117	Bly	9	0.022660	0.977340
Pip	117	Bly	10	0.043818	0.956182
Pip	117	Bly	11	0.126171	0.873829
Pip	117	Bly	12	0.025928	0.974072
Pip	117	Bly	13	-0.529574	1.529574
Pip	117	Bly	14	-0.020723	1.020723
Pip	117	Bly	15	-0.119525	1.119525
Pip	117	Bly	16	-0.053931	1.053931
Pip	117	Bly	17	0.024576	0.975424
Pip	117	Bly	18	-0.193799	1.193799
Pip	117	Bly	19	-0.441157	1.441157
Pip	117	Bly	20	-0.429399	1.429399
Pip	117	Bly	21	-0.404223	1.404223
Pip	117	Bly	22	-1.405277	2.405277
Pip	117	Bly	23	-0.019423	1.019423
Pip	117	Bly	24	-0.054611	1.054611
Pip	117	Bly	25	-0.670145	1.670145
Pip	117	Bly	26	0.014826	0.985174
Pip	117	Bly	27	-0.055504	1.055504
Pip	117	Bly	28	-0.522629	1.522629
Pip	117	Bly	29	-0.085593	1.085593
Pip	117	Bly	30	0.013651	0.986349
Pip	117	Bly	31	0.129050	0.870950
Pip	117	Bly	32	-0.295674	1.295674
Pip	117	Bly	33	-0.403978	1.403978
Pip	117	Bre	34	0.274722	0.725278
Pip	117	Bre	35	0.051484	0.948516
Pip	117	Bre	36	-1.348260	2.348260
Pip	117	Bre	37	0.123200	0.876800
Pip	117	Bre	38	0.023682	0.976318
Pip	117	Bre	39	0.066685	0.933315
Pip	117	Bre	40	-0.498138	1.498138
Pip	117	Bre	41	0.111037	0.888963
Pip	117	Bre	42	0.212007	0.787993
Pip	117	Bre	43	-1.062086	2.062086
Pip	117	Bre	44	0.043246	0.956754
Pip	117	Bre	45	0.101936	0.898064
Pip	117	Bre	46	0.100254	0.899746
Pip	117	Bre	47	0.063579	0.936421
Pip	117	Bre	48	0.040894	0.959106
Pip	117	Bre	49	-0.083454	1.083454
Pip	117	Bre	50	-0.042622	1.042622
Pip	117	Bre	51	0.071650	0.928350
Pip	117	Bre	52	0.099703	0.900297
Pip	117	Bre	53	0.084286	0.915714
Pip	117	Bre	54	0.019827	0.980173
Pip	117	Bre	55	0.070302	0.929698
Pip	117	Bre	56	-1.446340	2.446340
Pip	117	Bre	57	0.053717	0.946283
Pip	117	Bre	58	-0.114295	1.114295
Pip	117	Bre	59	0.043462	0.956538
Pip	117	Bre	60	0.211731	0.788269
Pip	117	Bre	61	0.017869	0.982131
Pip	117	Bre	62	-0.008452	1.008452
Pip	117	Bre	63	-0.148611	1.148611
Pip	117	Bre	64	0.158303	0.841697
Pip	117	Bre	65	0.065364	0.934636
Pip	117	Bre	66	0.103511	0.896489
Pip	117	Ivo	67	-0.023430	1.023430
Pip	117	Ivo	68	0.024094	0.975906
Pip	117	Ivo	69	-0.325472	1.325472
Pip	117	Ivo	70	0.124581	0.875419
Pip	117	Ivo	71	-0.283048	1.283048
Pip	117	Ivo	72	-0.025502	1.025502
Pip	117	Ivo	73	-0.096364	1.096364
Pip	117	Ivo	74	0.044022	0.955978
Pip	117	Ivo	75	-0.076535	1.076535
Pip	117	Ivo	76	-0.002779	1.002779
Pip	117	Ivo	77	0.050224	0.949776
Pip	117	Ivo	78	0.027852	0.972148
Pip	117	Ivo	79	-0.252542	1.252542
Pip	117	Ivo	80	-0.459961	1.459961
Pip	117	Ivo	81	-0.058928	1.058928
Pip	117	Ivo	82	0.059848	0.940152
Pip	117	Ivo	83	0.072841	0.927159
Pip	117	Ivo	84	0.163639	0.836361
Pip	117	Ivo	85	-0.078422	1.078422
Pip	117	Ivo	86	0.059433	0.940567
Pip	117	Ivo	87	-0.102963	1.102963
Pip	117	Ivo	88	0.006226	0.993774
Pip	117	Ivo	89	-0.012619	1.012619
Pip	117	Ivo	90	-0.059682	1.059682
Pip	117	Ivo	91	-0.004328	1.004328
Pip	117	Ivo	92	0.234014	0.765986
Pip	117	Ivo	93	-0.112715	1.112715
Pip	117	Ivo	94	0.018975	0.981025
Pip	117	Ivo	95	0.200971	0.799029
Pip	117	Ivo	96	0.121480	0.878520
Pip	117	Ivo	97	-0.018319	1.018319
Pip	117	Pip	98	0.234253	0.765747
Pip	117	Pip	99	0.052787	0.947213
Pip	117	Pip	100	0.283746	0.716254
Pip	117	Pip	101	0.026127	0.973873
Pip	117	Pip	102	0.545913	0.454087
Pip	117	Pip	103	0.116345	0.883655
Pip	117	Pip	104	-0.126968	1.126968
Pip	117	Pip	105	0.172597	0.827403
Pip	117	Pip	106	0.075060	0.924940
Pip	117	Pip	107	-0.499990	1.499990
Pip	117	Pip	108	-1.405277	2.405277
Pip	117	Pip	109	-0.014053	1.014053
Pip	117	Pip	110	0.258719	0.741281
Pip	117	Pip	111	0.286408	0.713592
Pip	117	Pip	112	0.047620	0.952380
Pip	117	Pip	113	0.157921	0.842079
Pip	117	Pip	114	0.439103	0.560897
Pip	117	Pip	115	-0.800470	1.800470
Pip	117	Pip	116	0.235677	0.764323
Pip	117	Pip	118	0.147682	0.852318
Pip	117	Pip	119	-0.250095	1.250095
Pip	117	Pip	120	-0.687752	1.687752
Pip	117	Pip	121	0.018350	0.981650
Pip	117	Pip	122	-0.289602	1.289602
Pip	117	Pip	123	0.277566	0.722434
Pip	117	Pip	124	-1.405277	2.405277
Pip	117	Pip	125	0.080603	0.919397
Pip	117	Pip	126	0.069931	0.930069
Pip	117	Pip	127	0.061520	0.938480
Pip	117	Pip	128	0.038385	0.961615
Pip	117	Pip	129	0.195940	0.804060
Pip	117	Pip	130	-0.028843	1.028843
Pip	117	Pip	131	0.178386	0.821614
Pip	117	Pip	132	0.159768	0.840232
Pip	117	Pip	133	0.260505	0.739495
Pip	118	Bly	1	-0.978794	1.978794
Pip	118	Bly	2	0.189002	0.810998
Pip	118	Bly	3	0.560344	0.439656
Pip	118	Bly	4	0.502378	0.497622
Pip	118	Bly	5	0.356997	0.643003
Pip	118	Bly	6	-0.978794	1.978794
Pip	118	Bly	7	0.508763	0.491237
Pip	118	Bly	8	-0.488411	1.488411
Pip	118	Bly	9	0.413280	0.586720
Pip	118	Bly	10	0.633708	0.366292
Pip	118	Bly	11	0.470664	0.529336
Pip	118	Bly	12	0.493831	0.506169
Pip	118	Bly	13	-0.211312	1.211312
Pip	118	Bly	14	0.526089	0.473911
Pip	118	Bly	15	0.315725	0.684275
Pip	118	Bly	16	0.375645	0.624355
Pip	118	Bly	17	0.417429	0.582571
Pip	118	Bly	18	0.273904	0.726096
Pip	118	Bly	19	0.098374	0.901626
Pip	118	Bly	20	0.027533	0.972467
Pip	118	Bly	21	0.264719	0.735281
Pip	118	Bly	22	-0.978794	1.978794
Pip	118	Bly	23	0.351058	0.648942
Pip	118	Bly	24	0.361951	0.638049
Pip	118	Bly	25	-0.127164	1.127164
Pip	118	Bly	26	0.558176	0.441824
Pip	118	Bly	27	0.456734	0.543266
Pip	118	Bly	28	-0.010356	1.010356
Pip	118	Bly	29	0.330833	0.669167
Pip	118	Bly	30	0.394578	0.605422
Pip	118	Bly	31	0.676088	0.323912
Pip	118	Bly	32	0.169044	0.830956
Pip	118	Bly	33	-0.051527	1.051527
Pip	118	Bre	34	0.522512	0.477488
Pip	118	Bre	35	0.455596	0.544404
Pip	118	Bre	36	-0.921777	1.921777
Pip	118	Bre	37	0.557292	0.442708
Pip	118	Bre	38	0.422897	0.577103
Pip	118	Bre	39	0.420706	0.579294
Pip	118	Bre	40	-0.094026	1.094026
Pip	118	Bre	41	0.459469	0.540531
Pip	118	Bre	42	0.468485	0.531515
Pip	118	Bre	43	-0.672237	1.672237
Pip	118	Bre	44	0.441863	0.558137
Pip	118	Bre	45	0.571373	0.428627
Pip	118	Bre	46	0.539043	0.460957
Pip	118	Bre	47	0.573603	0.426397
Pip	118	Bre	48	0.479683	0.520317
Pip	118	Bre	49	0.457786	0.542214
Pip	118	Bre	50	0.234499	0.765501
Pip	118	Bre	51	0.543533	0.456467
Pip	118	Bre	52	0.569553	0.430447
Pip	118	Bre	53	0.555011	0.444989
Pip	118	Bre	54	0.455077	0.544923
Pip	118	Bre	55	0.438229	0.561771
Pip	118	Bre	56	-1.019858	2.019858
Pip	118	Bre	57	0.405689	0.594311
Pip	118	Bre	58	0.471639	0.528361
Pip	118	Bre	59	0.372525	0.627475
Pip	118	Bre	60	0.458162	0.541838
Pip	118	Bre	61	0.416486	0.583514
Pip	118	Bre	62	0.426797	0.573203
Pip	118	Bre	63	0.291413	0.708587
Pip	118	Bre	64	0.628153	0.371847
Pip	118	Bre	65	0.500613	0.499387
Pip	118	Bre	66	0.451943	0.548057
Pip	118	Ivo	67	0.309699	0.690301
Pip	118	Ivo	68	0.497950	0.502050
Pip	118	Ivo	69	0.181091	0.818909
Pip	118	Ivo	70	0.450140	0.549860
Pip	118	Ivo	71	0.218318	0.781682
Pip	118	Ivo	72	0.554818	0.445182
Pip	118	Ivo	73	0.452895	0.547105
Pip	118	Ivo	74	0.513952	0.486048
Pip	118	Ivo	75	0.464982	0.535018
Pip	118	Ivo	76	0.458193	0.541807
Pip	118	Ivo	77	0.388325	0.611675
Pip	118	Ivo	78	0.534416	0.465584
Pip	118	Ivo	79	0.186770	0.813230
Pip	118	Ivo	80	0.083035	0.916965
Pip	118	Ivo	81	0.374076	0.625924
Pip	118	Ivo	82	0.531947	0.468053
Pip	118	Ivo	83	0.544940	0.455060
Pip	118	Ivo	84	0.473492	0.526508
Pip	118	Ivo	85	0.358801	0.641199
Pip	118	Ivo	86	0.602827	0.397173
Pip	118	Ivo	87	0.235899	0.764101
Pip	118	Ivo	88	0.495621	0.504379
Pip	118	Ivo	89	0.256141	0.743859
Pip	118	Ivo	90	0.297174	0.702826
Pip	118	Ivo	91	0.497451	0.502549
Pip	118	Ivo	92	0.365825	0.634175
Pip	118	Ivo	93	0.324507	0.675493
Pip	118	Ivo	94	0.158387	0.841613
Pip	118	Ivo	95	0.687167	0.312833
Pip	118	Ivo	96	0.420146	0.579854
Pip	118	Ivo	97	0.200387	0.799613
Pip	118	Pip	98	0.607639	0.392361
Pip	118	Pip	99	0.569301	0.430699
Pip	118	Pip	100	0.360273	0.639727
Pip	118	Pip	101	0.656251	0.343749
Pip	118	Pip	102	0.250764	0.749236
Pip	118	Pip	103	0.671419	0.328581
Pip	118	Pip	104	0.419829	0.580171
Pip	118	Pip	105	0.489632	0.510368
Pip	118	Pip	106	0.433312	0.566688
Pip	118	Pip	107	-0.133524	1.133524
Pip	118	Pip	108	-0.978794	1.978794
Pip	118	Pip	109	0.541021	0.458979
Pip	118	Pip	110	0.413236	0.586764
Pip	118	Pip	111	0.328385	0.671615
Pip	118	Pip	112	0.664251	0.335749
Pip	118	Pip	113	0.641897	0.358103
Pip	118	Pip	114	0.277731	0.722269
Pip	118	Pip	115	-0.422638	1.422638
Pip	118	Pip	116	0.507799	0.492201
Pip	118	Pip	117	0.147682	0.852318
Pip	118	Pip	119	0.245254	0.754746
Pip	118	Pip	120	-0.143677	1.143677
Pip	118	Pip	121	0.524774	0.475226
Pip	118	Pip	122	0.205259	0.794741
Pip	118	Pip	123	0.632969	0.367031
Pip	118	Pip	124	-0.978794	1.978794
Pip	118	Pip	125	0.743837	0.256163
Pip	118	Pip	126	0.532691	0.467309
Pip	118	Pip	127	0.726244	0.273756
Pip	118	Pip	128	0.466207	0.533793
Pip	118	Pip	129	0.088982	0.911018
Pip	118	Pip	130	0.317578	0.682422
Pip	118	Pip	131	0.524848	0.475152
Pip	118	Pip	132	0.553708	0.446292
Pip	118	Pip	133	0.615908	0.384092
Pip	119	Bly	1	-1.074631	2.074631
Pip	119	Bly	2	0.070150	0.929850
Pip	119	Bly	3	0.121863	0.878137
Pip	119	Bly	4	0.154007	0.845993
Pip	119	Bly	5	0.240635	0.759365
Pip	119	Bly	6	-1.074631	2.074631
Pip	119	Bly	7	0.105749	0.894251
Pip	119	Bly	8	-0.843000	1.843000
Pip	119	Bly	9	0.228345	0.771655
Pip	119	Bly	10	0.275691	0.724309
Pip	119	Bly	11	0.280404	0.719596
Pip	119	Bly	12	0.261048	0.738952
Pip	119	Bly	13	-0.369293	1.369293
Pip	119	Bly	14	0.288233	0.711767
Pip	119	Bly	15	0.159779	0.840221
Pip	119	Bly	16	0.138903	0.861097
Pip	119	Bly	17	0.256157	0.743843
Pip	119	Bly	18	0.209801	0.790199
Pip	119	Bly	19	-0.332560	1.332560
Pip	119	Bly	20	-0.090562	1.090562
Pip	119	Bly	21	-0.011187	1.011187
Pip	119	Bly	22	-1.074631	2.074631
Pip	119	Bly	23	0.254958	0.745042
Pip	119	Bly	24	0.157355	0.842645
Pip	119	Bly	25	-0.318327	1.318327
Pip	119	Bly	26	0.284439	0.715561
Pip	119	Bly	27	0.069966	0.930034
Pip	119	Bly	28	-0.034889	1.034889
Pip	119	Bly	29	0.183050	0.816950
Pip	119	Bly	30	0.258001	0.741999
Pip	119	Bly	31	0.290641	0.709359
Pip	119	Bly	32	-0.064880	1.064880
Pip	119	Bly	33	-0.342450	1.342450
Pip	119	Bre	34	0.207568	0.792432
Pip	119	Bre	35	0.252003	0.747997
Pip	119	Bre	36	-1.017614	2.017614
Pip	119	Bre	37	0.244395	0.755605
Pip	119	Bre	38	0.110000	0.890000
Pip	119	Bre	39	0.176599	0.823401
Pip	119	Bre	40	-0.036161	1.036161
Pip	119	Bre	41	0.217330	0.782670
Pip	119	Bre	42	0.155588	0.844412
Pip	119	Bre	43	-0.685947	1.685947
Pip	119	Bre	44	0.203593	0.796407
Pip	119	Bre	45	0.138729	0.861271
Pip	119	Bre	46	0.300774	0.699226
Pip	119	Bre	47	0.333577	0.666423
Pip	119	Bre	48	0.276290	0.723710
Pip	119	Bre	49	0.025142	0.974858
Pip	119	Bre	50	0.144941	0.855059
Pip	119	Bre	51	0.268630	0.731370
Pip	119	Bre	52	0.171373	0.828627
Pip	119	Bre	53	0.280108	0.719892
Pip	119	Bre	54	0.180174	0.819826
Pip	119	Bre	55	0.203655	0.796345
Pip	119	Bre	56	-1.033568	2.033568
Pip	119	Bre	57	0.161582	0.838418
Pip	119	Bre	58	0.043955	0.956045
Pip	119	Bre	59	0.213712	0.786288
Pip	119	Bre	60	0.176139	0.823861
Pip	119	Bre	61	0.213093	0.786907
Pip	119	Bre	62	0.265929	0.734071
Pip	119	Bre	63	0.136670	0.863330
Pip	119	Bre	64	0.265854	0.734146
Pip	119	Bre	65	0.299031	0.700969
Pip	119	Bre	66	0.177040	0.822960
Pip	119	Ivo	67	0.119908	0.880092
Pip	119	Ivo	68	0.216007	0.783993
Pip	119	Ivo	69	-0.335580	1.335580
Pip	119	Ivo	70	0.131042	0.868958
Pip	119	Ivo	71	0.191006	0.808994
Pip	119	Ivo	72	0.313588	0.686412
Pip	119	Ivo	73	0.247546	0.752454
Pip	119	Ivo	74	0.274891	0.725109
Pip	119	Ivo	75	0.343298	0.656702
Pip	119	Ivo	76	0.310816	0.689184
Pip	119	Ivo	77	0.283202	0.716798
Pip	119	Ivo	78	0.136449	0.863551
Pip	119	Ivo	79	0.064300	0.935700
Pip	119	Ivo	80	-0.272152	1.272152
Pip	119	Ivo	81	0.130182	0.869818
Pip	119	Ivo	82	0.242068	0.757932
Pip	119	Ivo	83	0.181437	0.818563
Pip	119	Ivo	84	0.187468	0.812532
Pip	119	Ivo	85	0.104966	0.895034
Pip	119	Ivo	86	0.286006	0.713994
Pip	119	Ivo	87	0.032470	0.967530
Pip	119	Ivo	88	0.165028	0.834972
Pip	119	Ivo	89	0.103356	0.896644
Pip	119	Ivo	90	0.009464	0.990536
Pip	119	Ivo	91	0.218668	0.781332
Pip	119	Ivo	92	0.054462	0.945538
Pip	119	Ivo	93	-0.040696	1.040696
Pip	119	Ivo	94	-0.039207	1.039207
Pip	119	Ivo	95	0.207129	0.792871
Pip	119	Ivo	96	0.099165	0.900835
Pip	119	Ivo	97	-0.149934	1.149934
Pip	119	Pip	98	0.290122	0.709878
Pip	119	Pip	99	0.178104	0.821896
Pip	119	Pip	100	0.091915	0.908085
Pip	119	Pip	101	0.334867	0.665133
Pip	119	Pip	102	-0.116205	1.116205
Pip	119	Pip	103	0.303485	0.696515
Pip	119	Pip	104	0.175935	0.824065
Pip	119	Pip	105	0.277691	0.722309
Pip	119	Pip	106	0.308778	0.691222
Pip	119	Pip	107	-0.248688	1.248688
Pip	119	Pip	108	-1.074631	2.074631
Pip	119	Pip	109	0.213800	0.786200
Pip	119	Pip	110	0.346722	0.653278
Pip	119	Pip	111	0.245173	0.754827
Pip	119	Pip	112	0.322347	0.677653
Pip	119	Pip	113	0.314264	0.685736
Pip	119	Pip	114	0.058906	0.941094
Pip	119	Pip	115	-0.469825	1.469825
Pip	119	Pip	116	0.256950	0.743050
Pip	119	Pip	117	-0.250095	1.250095
Pip	119	Pip	118	0.245254	0.754746
Pip	119	Pip	120	-0.195670	1.195670
Pip	119	Pip	121	0.246203	0.753797
Pip	119	Pip	122	-0.209454	1.209454
Pip	119	Pip	123	0.278808	0.721192
Pip	119	Pip	124	-1.074631	2.074631
Pip	119	Pip	125	0.355330	0.644670
Pip	119	Pip	126	0.326586	0.673414
Pip	119	Pip	127	0.358310	0.641690
Pip	119	Pip	128	0.281485	0.718515
Pip	119	Pip	129	-0.078843	1.078843
Pip	119	Pip	130	0.226918	0.773082
Pip	119	Pip	131	0.377189	0.622811
Pip	119	Pip	132	0.310796	0.689204
Pip	119	Pip	133	0.261746	0.738254
Pip	120	Bly	1	-1.436205	2.436205
Pip	120	Bly	2	-0.710116	1.710116
Pip	120	Bly	3	-0.356432	1.356432
Pip	120	Bly	4	-0.318252	1.318252
Pip	120	Bly	5	-0.237736	1.237736
Pip	120	Bly	6	-1.436205	2.436205
Pip	120	Bly	7	-0.289295	1.289295
Pip	120	Bly	8	-1.266204	2.266204
Pip	120	Bly	9	-0.292563	1.292563
Pip	120	Bly	10	-0.153954	1.153954
Pip	120	Bly	11	-0.191854	1.191854
Pip	120	Bly	12	-0.251924	1.251924
Pip	120	Bly	13	-0.745243	1.745243
Pip	120	Bly	14	-0.155462	1.155462
Pip	120	Bly	15	-0.338816	1.338816
Pip	120	Bly	16	-0.290743	1.290743
Pip	120	Bly	17	-0.256815	1.256815
Pip	120	Bly	18	-0.439087	1.439087
Pip	120	Bly	19	-0.578238	1.578238
Pip	120	Bly	20	-0.548443	1.548443
Pip	120	Bly	21	-0.426455	1.426455
Pip	120	Bly	22	-1.436205	2.436205
Pip	120	Bly	23	-0.254121	1.254121
Pip	120	Bly	24	-0.301846	1.301846
Pip	120	Bly	25	-0.763151	1.763151
Pip	120	Bly	26	-0.159256	1.159256
Pip	120	Bly	27	-0.373729	1.373729
Pip	120	Bly	28	-0.365145	1.365145
Pip	120	Bly	29	-0.426098	1.426098
Pip	120	Bly	30	-0.205917	1.205917
Pip	120	Bly	31	-0.181617	1.181617
Pip	120	Bly	32	-0.489480	1.489480
Pip	120	Bly	33	-0.539478	1.539478
Pip	120	Bre	34	-0.270727	1.270727
Pip	120	Bre	35	-0.172597	1.172597
Pip	120	Bre	36	-1.379187	2.379187
Pip	120	Bre	37	-0.199299	1.199299
Pip	120	Bre	38	-0.270667	1.270667
Pip	120	Bre	39	-0.204068	1.204068
Pip	120	Bre	40	-0.728056	1.728056
Pip	120	Bre	41	-0.226365	1.226365
Pip	120	Bre	42	-0.288107	1.288107
Pip	120	Bre	43	-1.129647	2.129647
Pip	120	Bre	44	-0.240101	1.240101
Pip	120	Bre	45	-0.339566	1.339566
Pip	120	Bre	46	-0.142921	1.142921
Pip	120	Bre	47	-0.144718	1.144718
Pip	120	Bre	48	-0.167404	1.167404
Pip	120	Bre	49	-0.453153	1.453153
Pip	120	Bre	50	-0.447465	1.447465
Pip	120	Bre	51	-0.175065	1.175065
Pip	120	Bre	52	-0.306922	1.306922
Pip	120	Bre	53	-0.163586	1.163586
Pip	120	Bre	54	-0.263520	1.263520
Pip	120	Bre	55	-0.356766	1.356766
Pip	120	Bre	56	-1.477268	2.477268
Pip	120	Bre	57	-0.228341	1.228341
Pip	120	Bre	58	-0.434340	1.434340
Pip	120	Bre	59	-0.250282	1.250282
Pip	120	Bre	60	-0.336833	1.336833
Pip	120	Bre	61	-0.230601	1.230601
Pip	120	Bre	62	-0.291800	1.291800
Pip	120	Bre	63	-0.292647	1.292647
Pip	120	Bre	64	-0.212441	1.212441
Pip	120	Bre	65	-0.258698	1.258698
Pip	120	Bre	66	-0.266655	1.266655
Pip	120	Ivo	67	-0.483127	1.483127
Pip	120	Ivo	68	-0.296965	1.296965
Pip	120	Ivo	69	-0.744811	1.744811
Pip	120	Ivo	70	-0.381930	1.381930
Pip	120	Ivo	71	-0.492559	1.492559
Pip	120	Ivo	72	-0.199384	1.199384
Pip	120	Ivo	73	-0.230825	1.230825
Pip	120	Ivo	74	-0.238081	1.238081
Pip	120	Ivo	75	-0.169674	1.169674
Pip	120	Ivo	76	-0.332932	1.332932
Pip	120	Ivo	77	-0.325945	1.325945
Pip	120	Ivo	78	-0.376523	1.376523
Pip	120	Ivo	79	-0.231261	1.231261
Pip	120	Ivo	80	-0.606356	1.606356
Pip	120	Ivo	81	-0.382790	1.382790
Pip	120	Ivo	82	-0.270904	1.270904
Pip	120	Ivo	83	-0.331535	1.331535
Pip	120	Ivo	84	-0.250189	1.250189
Pip	120	Ivo	85	-0.522041	1.522041
Pip	120	Ivo	86	-0.226966	1.226966
Pip	120	Ivo	87	-0.594537	1.594537
Pip	120	Ivo	88	-0.264694	1.264694
Pip	120	Ivo	89	-0.423666	1.423666
Pip	120	Ivo	90	-0.420258	1.420258
Pip	120	Ivo	91	-0.294304	1.294304
Pip	120	Ivo	92	-0.458510	1.458510
Pip	120	Ivo	93	-0.368500	1.368500
Pip	120	Ivo	94	-0.590899	1.590899
Pip	120	Ivo	95	-0.265129	1.265129
Pip	120	Ivo	96	-0.373093	1.373093
Pip	120	Ivo	97	-0.622193	1.622193
Pip	120	Pip	98	-0.147536	1.147536
Pip	120	Pip	99	-0.210827	1.210827
Pip	120	Pip	100	-0.511120	1.511120
Pip	120	Pip	101	-0.006407	1.006407
Pip	120	Pip	102	-0.588464	1.588464
Pip	120	Pip	103	0.002925	0.997075
Pip	120	Pip	104	-0.248665	1.248665
Pip	120	Pip	105	-0.159890	1.159890
Pip	120	Pip	106	-0.218243	1.218243
Pip	120	Pip	107	-0.714701	1.714701
Pip	120	Pip	108	-1.436205	2.436205
Pip	120	Pip	109	-0.140531	1.140531
Pip	120	Pip	110	-0.256313	1.256313
Pip	120	Pip	111	-0.288584	1.288584
Pip	120	Pip	112	-0.066585	1.066585
Pip	120	Pip	113	-0.040067	1.040067
Pip	120	Pip	114	-0.514667	1.514667
Pip	120	Pip	115	-0.880048	1.880048
Pip	120	Pip	116	-0.138094	1.138094
Pip	120	Pip	117	-0.687752	1.687752
Pip	120	Pip	118	-0.143677	1.143677
Pip	120	Pip	119	-0.195670	1.195670
Pip	120	Pip	121	-0.197491	1.197491
Pip	120	Pip	122	-0.501684	1.501684
Pip	120	Pip	123	-0.158774	1.158774
Pip	120	Pip	124	-1.436205	2.436205
Pip	120	Pip	125	-0.033602	1.033602
Pip	120	Pip	126	-0.063337	1.063337
Pip	120	Pip	127	0.023150	0.976850
Pip	120	Pip	128	-0.156096	1.156096
Pip	120	Pip	129	-0.665135	1.665135
Pip	120	Pip	130	-0.156892	1.156892
Pip	120	Pip	131	-0.055272	1.055272
Pip	120	Pip	132	-0.092185	1.092185
Pip	120	Pip	133	-0.175835	1.175835
Pip	121	Bly	1	-0.728807	1.728807
Pip	121	Bly	2	-0.003581	1.003581
Pip	121	Bly	3	0.476433	0.523567
Pip	121	Bly	4	0.383336	0.616664
Pip	121	Bly	5	0.548706	0.451294
Pip	121	Bly	6	-0.728807	1.728807
Pip	121	Bly	7	0.527211	0.472789
Pip	121	Bly	8	-0.656562	1.656562
Pip	121	Bly	9	0.482274	0.517726
Pip	121	Bly	10	0.624672	0.375328
Pip	121	Bly	11	0.577588	0.422412
Pip	121	Bly	12	0.564662	0.435338
Pip	121	Bly	13	-0.030665	1.030665
Pip	121	Bly	14	0.631642	0.368358
Pip	121	Bly	15	0.427234	0.572766
Pip	121	Bly	16	0.435638	0.564362
Pip	121	Bly	17	0.634821	0.365179
Pip	121	Bly	18	0.412376	0.587624
Pip	121	Bly	19	-0.032910	1.032910
Pip	121	Bly	20	-0.013979	1.013979
Pip	121	Bly	21	0.213846	0.786154
Pip	121	Bly	22	-0.728807	1.728807
Pip	121	Bly	23	0.554401	0.445599
Pip	121	Bly	24	0.543463	0.456537
Pip	121	Bly	25	0.053594	0.946406
Pip	121	Bly	26	0.737362	0.262638
Pip	121	Bly	27	0.455348	0.544652
Pip	121	Bly	28	0.022546	0.977454
Pip	121	Bly	29	0.507446	0.492554
Pip	121	Bly	30	0.506086	0.493914
Pip	121	Bly	31	0.525764	0.474236
Pip	121	Bly	32	0.396171	0.603829
Pip	121	Bly	33	-0.109874	1.109874
Pip	121	Bre	34	0.436697	0.563303
Pip	121	Bre	35	0.563198	0.436802
Pip	121	Bre	36	-0.671789	1.671789
Pip	121	Bre	37	0.594900	0.405100
Pip	121	Bre	38	0.495383	0.504617
Pip	121	Bre	39	0.561135	0.438865
Pip	121	Bre	40	0.048453	0.951547
Pip	121	Bre	41	0.567835	0.432165
Pip	121	Bre	42	0.506093	0.493907
Pip	121	Bre	43	-0.422249	1.422249
Pip	121	Bre	44	0.624101	0.375899
Pip	121	Bre	45	0.489511	0.510489
Pip	121	Bre	46	0.646645	0.353355
Pip	121	Bre	47	0.574844	0.425156
Pip	121	Bre	48	0.622161	0.377839
Pip	121	Bre	49	0.440537	0.559463
Pip	121	Bre	50	0.382274	0.617726
Pip	121	Bre	51	0.689138	0.310862
Pip	121	Bre	52	0.452814	0.547186
Pip	121	Bre	53	0.666152	0.333848
Pip	121	Bre	54	0.566218	0.433782
Pip	121	Bre	55	0.390831	0.609169
Pip	121	Bre	56	-0.769870	1.769870
Pip	121	Bre	57	0.548167	0.451833
Pip	121	Bre	58	0.323346	0.676654
Pip	121	Bre	59	0.515768	0.484232
Pip	121	Bre	60	0.376300	0.623700
Pip	121	Bre	61	0.633601	0.366399
Pip	121	Bre	62	0.537938	0.462062
Pip	121	Bre	63	0.503233	0.496767
Pip	121	Bre	64	0.547294	0.452706
Pip	121	Bre	65	0.611754	0.388246
Pip	121	Bre	66	0.563084	0.436916
Pip	121	Ivo	67	0.256172	0.743828
Pip	121	Ivo	68	0.605902	0.394098
Pip	121	Ivo	69	-0.091278	1.091278
Pip	121	Ivo	70	0.363205	0.636795
Pip	121	Ivo	71	0.362150	0.637850
Pip	121	Ivo	72	0.627893	0.372107
Pip	121	Ivo	73	0.451811	0.548189
Pip	121	Ivo	74	0.589196	0.410804
Pip	121	Ivo	75	0.505349	0.494651
Pip	121	Ivo	76	0.377738	0.622262
Pip	121	Ivo	77	0.493887	0.506113
Pip	121	Ivo	78	0.485217	0.514783
Pip	121	Ivo	79	0.328108	0.671892
Pip	121	Ivo	80	-0.018041	1.018041
Pip	121	Ivo	81	0.522127	0.477873
Pip	121	Ivo	82	0.556372	0.443628
Pip	121	Ivo	83	0.425738	0.574262
Pip	121	Ivo	84	0.648890	0.351110
Pip	121	Ivo	85	0.476529	0.523471
Pip	121	Ivo	86	0.677950	0.322050
Pip	121	Ivo	87	0.404033	0.595967
Pip	121	Ivo	88	0.551400	0.448600
Pip	121	Ivo	89	0.396580	0.603420
Pip	121	Ivo	90	0.464636	0.535364
Pip	121	Ivo	91	0.497315	0.502685
Pip	121	Ivo	92	0.252160	0.747840
Pip	121	Ivo	93	0.162606	0.837394
Pip	121	Ivo	94	0.154236	0.845764
Pip	121	Ivo	95	0.485895	0.514105
Pip	121	Ivo	96	0.331741	0.668259
Pip	121	Ivo	97	0.082641	0.917359
Pip	121	Pip	98	0.675291	0.324709
Pip	121	Pip	99	0.323662	0.676338
Pip	121	Pip	100	0.196176	0.803824
Pip	121	Pip	101	0.715202	0.284798
Pip	121	Pip	102	0.086667	0.913333
Pip	121	Pip	103	0.799584	0.200416
Pip	121	Pip	104	0.562307	0.437693
Pip	121	Pip	105	0.591673	0.408327
Pip	121	Pip	106	0.614207	0.385793
Pip	121	Pip	107	0.041286	0.958714
Pip	121	Pip	108	-0.728807	1.728807
Pip	121	Pip	109	0.669185	0.330815
Pip	121	Pip	110	0.485447	0.514553
Pip	121	Pip	111	0.386547	0.613453
Pip	121	Pip	112	0.613498	0.386502
Pip	121	Pip	113	0.735185	0.264815
Pip	121	Pip	114	0.267806	0.732194
Pip	121	Pip	115	-0.124000	1.124000
Pip	121	Pip	116	0.641138	0.358862
Pip	121	Pip	117	0.018350	0.981650
Pip	121	Pip	118	0.524774	0.475226
Pip	121	Pip	119	0.246203	0.753797
Pip	121	Pip	120	-0.197491	1.197491
Pip	121	Pip	122	-0.058501	1.058501
Pip	121	Pip	123	0.670303	0.329697
Pip	121	Pip	124	-0.728807	1.728807
Pip	121	Pip	125	0.623081	0.376919
Pip	121	Pip	126	0.680465	0.319535
Pip	121	Pip	127	0.744758	0.255242
Pip	121	Pip	128	0.466615	0.533385
Pip	121	Pip	129	0.258450	0.741550
Pip	121	Pip	130	0.349616	0.650384
Pip	121	Pip	131	0.667062	0.332938
Pip	121	Pip	132	0.730523	0.269477
Pip	121	Pip	133	0.723245	0.276755
Pip	122	Bly	1	-1.620156	2.620156
Pip	122	Bly	2	-0.311845	1.311845
Pip	122	Bly	3	-0.009137	1.009137
Pip	122	Bly	4	-0.180891	1.180891
Pip	122	Bly	5	-0.218331	1.218331
Pip	122	Bly	6	-1.620156	2.620156
Pip	122	Bly	7	-0.065011	1.065011
Pip	122	Bly	8	-1.062587	2.062587
Pip	122	Bly	9	-0.183214	1.183214
Pip	122	Bly	10	-0.033543	1.033543
Pip	122	Bly	11	-0.076689	1.076689
Pip	122	Bly	12	-0.093696	1.093696
Pip	122	Bly	13	-0.641263	1.641263
Pip	122	Bly	14	-0.145454	1.145454
Pip	122	Bly	15	-0.327371	1.327371
Pip	122	Bly	16	-0.261424	1.261424
Pip	122	Bly	17	-0.183760	1.183760
Pip	122	Bly	18	-0.150262	1.150262
Pip	122	Bly	19	0.015246	0.984754
Pip	122	Bly	20	-0.552533	1.552533
Pip	122	Bly	21	-0.418550	1.418550
Pip	122	Bly	22	-1.620156	2.620156
Pip	122	Bly	23	-0.286011	1.286011
Pip	122	Bly	24	-0.225824	1.225824
Pip	122	Bly	25	-0.806141	1.806141
Pip	122	Bly	26	-0.074198	1.074198
Pip	122	Bly	27	-0.222243	1.222243
Pip	122	Bly	28	-0.511806	1.511806
Pip	122	Bly	29	-0.292823	1.292823
Pip	122	Bly	30	-0.242492	1.242492
Pip	122	Bly	31	0.101544	0.898456
Pip	122	Bly	32	-0.543213	1.543213
Pip	122	Bly	33	-0.550480	1.550480
Pip	122	Bre	34	-0.144697	1.144697
Pip	122	Bre	35	-0.262550	1.262550
Pip	122	Bre	36	-1.563139	2.563139
Pip	122	Bre	37	-0.156562	1.156562
Pip	122	Bre	38	-0.256080	1.256080
Pip	122	Bre	39	-0.216460	1.216460
Pip	122	Bre	40	-0.852886	1.852886
Pip	122	Bre	41	-0.167567	1.167567
Pip	122	Bre	42	-0.103231	1.103231
Pip	122	Bre	43	-1.313599	2.313599
Pip	122	Bre	44	-0.236111	1.236111
Pip	122	Bre	45	0.088027	0.911973
Pip	122	Bre	46	-0.214984	1.214984
Pip	122	Bre	47	-0.180424	1.180424
Pip	122	Bre	48	-0.227741	1.227741
Pip	122	Bre	49	0.132982	0.867018
Pip	122	Bre	50	-0.243509	1.243509
Pip	122	Bre	51	-0.170321	1.170321
Pip	122	Bre	52	-0.040694	1.040694
Pip	122	Bre	53	-0.158843	1.158843
Pip	122	Bre	54	-0.258777	1.258777
Pip	122	Bre	55	-0.116697	1.116697
Pip	122	Bre	56	-1.661219	2.661219
Pip	122	Bre	57	-0.266354	1.266354
Pip	122	Bre	58	0.183365	0.816635
Pip	122	Bre	59	-0.306453	1.306453
Pip	122	Bre	60	-0.113553	1.113553
Pip	122	Bre	61	-0.297368	1.297368
Pip	122	Bre	62	-0.180139	1.180139
Pip	122	Bre	63	-0.427737	1.427737
Pip	122	Bre	64	-0.039098	1.039098
Pip	122	Bre	65	-0.253955	1.253955
Pip	122	Bre	66	-0.175094	1.175094
Pip	122	Ivo	67	-0.313957	1.313957
Pip	122	Ivo	68	-0.139257	1.139257
Pip	122	Ivo	69	-0.109491	1.109491
Pip	122	Ivo	70	-0.151390	1.151390
Pip	122	Ivo	71	-0.248159	1.248159
Pip	122	Ivo	72	-0.076553	1.076553
Pip	122	Ivo	73	-0.115042	1.115042
Pip	122	Ivo	74	-0.153300	1.153300
Pip	122	Ivo	75	-0.079571	1.079571
Pip	122	Ivo	76	0.001467	0.998533
Pip	122	Ivo	77	-0.228300	1.228300
Pip	122	Ivo	78	-0.075832	1.075832
Pip	122	Ivo	79	-0.449897	1.449897
Pip	122	Ivo	80	-0.238279	1.238279
Pip	122	Ivo	81	-0.298009	1.298009
Pip	122	Ivo	82	-0.099424	1.099424
Pip	122	Ivo	83	0.031210	0.968790
Pip	122	Ivo	84	-0.154997	1.154997
Pip	122	Ivo	85	-0.080154	1.080154
Pip	122	Ivo	86	-0.151742	1.151742
Pip	122	Ivo	87	-0.033658	1.033658
Pip	122	Ivo	88	-0.159632	1.159632
Pip	122	Ivo	89	-0.325608	1.325608
Pip	122	Ivo	90	-0.326482	1.326482
Pip	122	Ivo	91	0.037424	0.962576
Pip	122	Ivo	92	-0.148887	1.148887
Pip	122	Ivo	93	0.129238	0.870762
Pip	122	Ivo	94	-0.494258	1.494258
Pip	122	Ivo	95	0.075237	0.924763
Pip	122	Ivo	96	-0.099904	1.099904
Pip	122	Ivo	97	-0.330385	1.330385
Pip	122	Pip	98	0.027022	0.972978
Pip	122	Pip	99	0.399941	0.600059
Pip	122	Pip	100	-0.118420	1.118420
Pip	122	Pip	101	-0.097776	1.097776
Pip	122	Pip	102	-0.226735	1.226735
Pip	122	Pip	103	-0.048272	1.048272
Pip	122	Pip	104	-0.339032	1.339032
Pip	122	Pip	105	-0.114453	1.114453
Pip	122	Pip	106	-0.166481	1.166481
Pip	122	Pip	107	-0.761472	1.761472
Pip	122	Pip	108	-1.620156	2.620156
Pip	122	Pip	109	-0.137957	1.137957
Pip	122	Pip	110	-0.112060	1.112060
Pip	122	Pip	111	-0.195717	1.195717
Pip	122	Pip	112	0.102416	0.897584
Pip	122	Pip	113	-0.001199	1.001199
Pip	122	Pip	114	0.015735	0.984265
Pip	122	Pip	115	-1.064000	2.064000
Pip	122	Pip	116	-0.035744	1.035744
Pip	122	Pip	117	-0.289602	1.289602
Pip	122	Pip	118	0.205259	0.794741
Pip	122	Pip	119	-0.209454	1.209454
Pip	122	Pip	120	-0.501684	1.501684
Pip	122	Pip	121	-0.058501	1.058501
Pip	122	Pip	123	-0.050841	1.050841
Pip	122	Pip	124	-1.620156	2.620156
Pip	122	Pip	125	0.182002	0.817998
Pip	122	Pip	126	-0.066099	1.066099
Pip	122	Pip	127	-0.068497	1.068497
Pip	122	Pip	128	0.100864	0.899136
Pip	122	Pip	129	-0.252101	1.252101
Pip	122	Pip	130	-0.119824	1.119824
Pip	122	Pip	131	-0.117054	1.117054
Pip	122	Pip	132	-0.088195	1.088195
Pip	122	Pip	133	-0.103783	1.103783
Pip	123	Bly	1	-0.886207	1.886207
Pip	123	Bly	2	0.029778	0.970222
Pip	123	Bly	3	0.580624	0.419376
Pip	123	Bly	4	0.564534	0.435466
Pip	123	Bly	5	0.425428	0.574572
Pip	123	Bly	6	-0.886207	1.886207
Pip	123	Bly	7	0.597557	0.402443
Pip	123	Bly	8	-0.617708	1.617708
Pip	123	Bly	9	0.593470	0.406530
Pip	123	Bly	10	0.693738	0.306262
Pip	123	Bly	11	0.652903	0.347097
Pip	123	Bly	12	0.599264	0.400736
Pip	123	Bly	13	-0.047138	1.047138
Pip	123	Bly	14	0.667110	0.332890
Pip	123	Bly	15	0.461255	0.538745
Pip	123	Bly	16	0.505365	0.494635
Pip	123	Bly	17	0.670425	0.329575
Pip	123	Bly	18	0.447981	0.552019
Pip	123	Bly	19	-0.030257	1.030257
Pip	123	Bly	20	0.024875	0.975125
Pip	123	Bly	21	0.247867	0.752133
Pip	123	Bly	22	-0.886207	1.886207
Pip	123	Bly	23	0.519525	0.480475
Pip	123	Bly	24	0.507481	0.492519
Pip	123	Bly	25	-0.018268	1.018268
Pip	123	Bly	26	0.630899	0.369101
Pip	123	Bly	27	0.559816	0.440184
Pip	123	Bly	28	0.058151	0.941849
Pip	123	Bly	29	0.400982	0.599018
Pip	123	Bly	30	0.575813	0.424187
Pip	123	Bly	31	0.705547	0.294453
Pip	123	Bly	32	0.274246	0.725754
Pip	123	Bly	33	-0.005270	1.005270
Pip	123	Bre	34	0.541301	0.458699
Pip	123	Bre	35	0.633543	0.366457
Pip	123	Bre	36	-0.829190	1.829190
Pip	123	Bre	37	0.629428	0.370572
Pip	123	Bre	38	0.529911	0.470089
Pip	123	Bre	39	0.596604	0.403396
Pip	123	Bre	40	0.083921	0.916079
Pip	123	Bre	41	0.602962	0.397038
Pip	123	Bre	42	0.576097	0.423903
Pip	123	Bre	43	-0.579650	1.579650
Pip	123	Bre	44	0.659982	0.340018
Pip	123	Bre	45	0.628579	0.371421
Pip	123	Bre	46	0.681110	0.318890
Pip	123	Bre	47	0.679036	0.320964
Pip	123	Bre	48	0.621749	0.378251
Pip	123	Bre	49	0.443189	0.556811
Pip	123	Bre	50	0.416739	0.583261
Pip	123	Bre	51	0.689139	0.310861
Pip	123	Bre	52	0.591882	0.408118
Pip	123	Bre	53	0.665142	0.334858
Pip	123	Bre	54	0.600683	0.399317
Pip	123	Bre	55	0.460558	0.539442
Pip	123	Bre	56	-0.927270	1.927270
Pip	123	Bre	57	0.583636	0.416364
Pip	123	Bre	58	0.462415	0.537585
Pip	123	Bre	59	0.550894	0.449106
Pip	123	Bre	60	0.480491	0.519509
Pip	123	Bre	61	0.598725	0.401275
Pip	123	Bre	62	0.608284	0.391716
Pip	123	Bre	63	0.432245	0.567755
Pip	123	Bre	64	0.686363	0.313637
Pip	123	Bre	65	0.646219	0.353781
Pip	123	Bre	66	0.597549	0.402451
Pip	123	Ivo	67	0.366613	0.633387
Pip	123	Ivo	68	0.641507	0.358493
Pip	123	Ivo	69	0.088504	0.911496
Pip	123	Ivo	70	0.475380	0.524620
Pip	123	Ivo	71	0.290288	0.709712
Pip	123	Ivo	72	0.591911	0.408089
Pip	123	Ivo	73	0.485696	0.514304
Pip	123	Ivo	74	0.623384	0.376616
Pip	123	Ivo	75	0.538708	0.461292
Pip	123	Ivo	76	0.482748	0.517252
Pip	123	Ivo	77	0.459011	0.540989
Pip	123	Ivo	78	0.519819	0.480181
Pip	123	Ivo	79	0.328238	0.671762
Pip	123	Ivo	80	0.025325	0.974675
Pip	123	Ivo	81	0.592196	0.407804
Pip	123	Ivo	82	0.591977	0.408023
Pip	123	Ivo	83	0.566223	0.433777
Pip	123	Ivo	84	0.654497	0.345503
Pip	123	Ivo	85	0.339837	0.660163
Pip	123	Ivo	86	0.640965	0.359035
Pip	123	Ivo	87	0.302219	0.697781
Pip	123	Ivo	88	0.552404	0.447596
Pip	123	Ivo	89	0.361704	0.638296
Pip	123	Ivo	90	0.429760	0.570240
Pip	123	Ivo	91	0.459916	0.540084
Pip	123	Ivo	92	0.321888	0.678112
Pip	123	Ivo	93	0.302677	0.697323
Pip	123	Ivo	94	0.307400	0.692600
Pip	123	Ivo	95	0.559626	0.440374
Pip	123	Ivo	96	0.477059	0.522941
Pip	123	Ivo	97	0.192253	0.807747
Pip	123	Pip	98	0.714422	0.285578
Pip	123	Pip	99	0.431857	0.568143
Pip	123	Pip	100	0.418406	0.581594
Pip	123	Pip	101	0.678080	0.321920
Pip	123	Pip	102	0.380484	0.619516
Pip	123	Pip	103	0.768298	0.231702
Pip	123	Pip	104	0.526188	0.473812
Pip	123	Pip	105	0.816491	0.183509
Pip	123	Pip	106	0.613795	0.386205
Pip	123	Pip	107	-0.040937	1.040937
Pip	123	Pip	108	-0.886207	1.886207
Pip	123	Pip	109	0.637900	0.362100
Pip	123	Pip	110	0.558765	0.441235
Pip	123	Pip	111	0.610886	0.389114
Pip	123	Pip	112	0.651691	0.348309
Pip	123	Pip	113	0.774657	0.225343
Pip	123	Pip	114	0.492145	0.507855
Pip	123	Pip	115	-0.281401	1.281401
Pip	123	Pip	116	0.712146	0.287854
Pip	123	Pip	117	0.277566	0.722434
Pip	123	Pip	118	0.632969	0.367031
Pip	123	Pip	119	0.278808	0.721192
Pip	123	Pip	120	-0.158774	1.158774
Pip	123	Pip	121	0.670303	0.329697
Pip	123	Pip	122	-0.050841	1.050841
Pip	123	Pip	124	-0.886207	1.886207
Pip	123	Pip	125	0.731277	0.268723
Pip	123	Pip	126	0.679224	0.320776
Pip	123	Pip	127	0.748074	0.251926
Pip	123	Pip	128	0.682278	0.317722
Pip	123	Pip	129	0.195765	0.804235
Pip	123	Pip	130	0.530402	0.469598
Pip	123	Pip	131	0.777845	0.222155
Pip	123	Pip	132	0.771229	0.228771
Pip	123	Pip	133	0.947058	0.052942
Pip	124	Bly	1	1.000000	0.000000
Pip	124	Bly	2	-1.485241	2.485241
Pip	124	Bly	3	-1.115958	2.115958
Pip	124	Bly	4	-0.719109	1.719109
Pip	124	Bly	5	-0.723335	1.723335
Pip	124	Bly	6	1.000000	0.000000
Pip	124	Bly	7	-0.814945	1.814945
Pip	124	Bly	8	-1.143569	2.143569
Pip	124	Bly	9	-0.853803	1.853803
Pip	124	Bly	10	-0.841992	1.841992
Pip	124	Bly	11	-0.854938	1.854938
Pip	124	Bly	12	-0.791329	1.791329
Pip	124	Bly	13	-0.087113	1.087113
Pip	124	Bly	14	-0.706218	1.706218
Pip	124	Bly	15	-0.557026	1.557026
Pip	124	Bly	16	-0.919924	1.919924
Pip	124	Bly	17	-0.628368	1.628368
Pip	124	Bly	18	-0.929160	1.929160
Pip	124	Bly	19	-1.643760	2.643760
Pip	124	Bly	20	-0.338778	1.338778
Pip	124	Bly	21	-0.844810	1.844810
Pip	124	Bly	22	1.000000	0.000000
Pip	124	Bly	23	-0.766796	1.766796
Pip	124	Bly	24	-0.659405	1.659405
Pip	124	Bly	25	-0.046010	1.046010
Pip	124	Bly	26	-0.777953	1.777953
Pip	124	Bly	27	-0.975408	1.975408
Pip	124	Bly	28	-1.251310	2.251310
Pip	124	Bly	29	-0.678088	1.678088
Pip	124	Bly	30	-0.648477	1.648477
Pip	124	Bly	31	-1.031949	2.031949
Pip	124	Bly	32	-0.629097	1.629097
Pip	124	Bly	33	-1.578224	2.578224
Pip	124	Bre	34	-0.945387	1.945387
Pip	124	Bre	35	-0.745050	1.745050
Pip	124	Bre	36	0.942983	0.057017
Pip	124	Bre	37	-0.919536	1.919536
Pip	124	Bre	38	-0.717048	1.717048
Pip	124	Bre	39	-0.796977	1.796977
Pip	124	Bre	40	-1.061798	2.061798
Pip	124	Bre	41	-0.859783	1.859783
Pip	124	Bre	42	-1.008343	2.008343
Pip	124	Bre	43	0.492599	0.507401
Pip	124	Bre	44	-0.771489	1.771489
Pip	124	Bre	45	-1.062166	2.062166
Pip	124	Bre	46	-0.828497	1.828497
Pip	124	Bre	47	-0.863056	1.863056
Pip	124	Bre	48	-0.815740	1.815740
Pip	124	Bre	49	-1.141999	2.141999
Pip	124	Bre	50	-0.914006	1.914006
Pip	124	Bre	51	-0.788936	1.788936
Pip	124	Bre	52	-1.002786	2.002786
Pip	124	Bre	53	-0.849162	1.849162
Pip	124	Bre	54	-0.784704	1.784704
Pip	124	Bre	55	-1.123605	2.123605
Pip	124	Bre	56	0.958937	0.041063
Pip	124	Bre	57	-0.781960	1.781960
Pip	124	Bre	58	-1.191968	2.191968
Pip	124	Bre	59	-0.702151	1.702151
Pip	124	Bre	60	-1.044623	2.044623
Pip	124	Bre	61	-0.746112	1.746112
Pip	124	Bre	62	-0.941496	1.941496
Pip	124	Bre	63	-0.544755	1.544755
Pip	124	Bre	64	-1.004383	2.004383
Pip	124	Bre	65	-0.944274	1.944274
Pip	124	Bre	66	-0.868387	1.868387
Pip	124	Ivo	67	-0.977143	1.977143
Pip	124	Ivo	68	-0.718221	1.718221
Pip	124	Ivo	69	-1.486415	2.486415
Pip	124	Ivo	70	-1.007928	2.007928
Pip	124	Ivo	71	-0.794950	1.794950
Pip	124	Ivo	72	-0.853227	1.853227
Pip	124	Ivo	73	-0.851371	1.851371
Pip	124	Ivo	74	-0.848876	1.848876
Pip	124	Ivo	75	-0.815137	1.815137
Pip	124	Ivo	76	-1.054731	2.054731
Pip	124	Ivo	77	-0.736104	1.736104
Pip	124	Ivo	78	-0.926344	1.926344
Pip	124	Ivo	79	-0.804541	1.804541
Pip	124	Ivo	80	-1.604732	2.604732
Pip	124	Ivo	81	-0.898305	1.898305
Pip	124	Ivo	82	-0.823345	1.823345
Pip	124	Ivo	83	-0.953979	1.953979
Pip	124	Ivo	84	-0.703003	1.703003
Pip	124	Ivo	85	-1.081689	2.081689
Pip	124	Ivo	86	-0.742148	1.742148
Pip	124	Ivo	87	-1.249383	2.249383
Pip	124	Ivo	88	-0.755201	1.755201
Pip	124	Ivo	89	-0.933785	1.933785
Pip	124	Ivo	90	-0.594913	1.594913
Pip	124	Ivo	91	-0.923293	1.923293
Pip	124	Ivo	92	-1.191236	2.191236
Pip	124	Ivo	93	-1.177212	2.177212
Pip	124	Ivo	94	-1.205999	2.205999
Pip	124	Ivo	95	-0.893341	1.893341
Pip	124	Ivo	96	-1.019301	2.019301
Pip	124	Ivo	97	-1.261667	2.261667
Pip	124	Pip	98	-0.841709	1.841709
Pip	124	Pip	99	-1.179365	2.179365
Pip	124	Pip	100	-1.168567	2.168567
Pip	124	Pip	101	-0.635045	1.635045
Pip	124	Pip	102	-1.306700	2.306700
Pip	124	Pip	103	-0.690386	1.690386
Pip	124	Pip	104	-0.714567	1.714567
Pip	124	Pip	105	-0.817321	1.817321
Pip	124	Pip	106	-0.687139	1.687139
Pip	124	Pip	107	-0.097413	1.097413
Pip	124	Pip	108	1.000000	0.000000
Pip	124	Pip	109	-0.568792	1.568792
Pip	124	Pip	110	-0.982903	1.982903
Pip	124	Pip	111	-0.900667	1.900667
Pip	124	Pip	112	-0.887677	1.887677
Pip	124	Pip	113	-0.731962	1.731962
Pip	124	Pip	114	-1.230339	2.230339
Pip	124	Pip	115	0.395194	0.604806
Pip	124	Pip	116	-0.767810	1.767810
Pip	124	Pip	117	-1.405277	2.405277
Pip	124	Pip	118	-0.978794	1.978794
Pip	124	Pip	119	-1.074631	2.074631
Pip	124	Pip	120	-1.436205	2.436205
Pip	124	Pip	121	-0.728807	1.728807
Pip	124	Pip	122	-1.620156	2.620156
Pip	124	Pip	123	-0.886207	1.886207
Pip	124	Pip	125	-0.920659	1.920659
Pip	124	Pip	126	-0.714931	1.714931
Pip	124	Pip	127	-0.705038	1.705038
Pip	124	Pip	128	-0.877890	1.877890
Pip	124	Pip	129	-1.288215	2.288215
Pip	124	Pip	130	-0.963041	1.963041
Pip	124	Pip	131	-0.745119	1.745119
Pip	124	Pip	132	-0.691900	1.691900
Pip	124	Pip	133	-0.869146	1.869146
Pip	125	Bly	1	-0.920659	1.920659
Pip	125	Bly	2	0.107053	0.892947
Pip	125	Bly	3	0.571255	0.428745
Pip	125	Bly	4	0.446479	0.553521
Pip	125	Bly	5	0.501950	0.498050
Pip	125	Bly	6	-0.920659	1.920659
Pip	125	Bly	7	0.528151	0.471849
Pip	125	Bly	8	-0.555490	1.555490
Pip	125	Bly	9	0.511587	0.488413
Pip	125	Bly	10	0.697138	0.302862
Pip	125	Bly	11	0.534095	0.465905
Pip	125	Bly	12	0.517089	0.482911
Pip	125	Bly	13	-0.066359	1.066359
Pip	125	Bly	14	0.549347	0.450653
Pip	125	Bly	15	0.414033	0.585967
Pip	125	Bly	16	0.435206	0.564794
Pip	125	Bly	17	0.515736	0.484264
Pip	125	Bly	18	0.293292	0.706708
Pip	125	Bly	19	0.031412	0.968588
Pip	125	Bly	20	0.087093	0.912907
Pip	125	Bly	21	0.322854	0.677146
Pip	125	Bly	22	-0.920659	1.920659
Pip	125	Bly	23	0.449366	0.550634
Pip	125	Bly	24	0.460259	0.539741
Pip	125	Bly	25	-0.028857	1.028857
Pip	125	Bly	26	0.656483	0.343517
Pip	125	Bly	27	0.441007	0.558993
Pip	125	Bly	28	0.099719	0.900281
Pip	125	Bly	29	0.390394	0.609606
Pip	125	Bly	30	0.492885	0.507115
Pip	125	Bly	31	0.673556	0.326444
Pip	125	Bly	32	0.192302	0.807698
Pip	125	Bly	33	-0.001869	1.001869
Pip	125	Bre	34	0.458373	0.541627
Pip	125	Bre	35	0.478854	0.521146
Pip	125	Bre	36	-0.863642	1.863642
Pip	125	Bre	37	0.581976	0.418024
Pip	125	Bre	38	0.482458	0.517542
Pip	125	Bre	39	0.478840	0.521160
Pip	125	Bre	40	-0.070768	1.070768
Pip	125	Bre	41	0.484153	0.515847
Pip	125	Bre	42	0.493169	0.506831
Pip	125	Bre	43	-0.614102	1.614102
Pip	125	Bre	44	0.505293	0.494707
Pip	125	Bre	45	0.653322	0.346678
Pip	125	Bre	46	0.562301	0.437699
Pip	125	Bre	47	0.596860	0.403140
Pip	125	Bre	48	0.502941	0.497059
Pip	125	Bre	49	0.504858	0.495142
Pip	125	Bre	50	0.368968	0.631032
Pip	125	Bre	51	0.606963	0.393037
Pip	125	Bre	52	0.545587	0.454413
Pip	125	Bre	53	0.618442	0.381558
Pip	125	Bre	54	0.518508	0.481492
Pip	125	Bre	55	0.414263	0.585737
Pip	125	Bre	56	-0.961723	1.961723
Pip	125	Bre	57	0.428946	0.571054
Pip	125	Bre	58	0.488203	0.511797
Pip	125	Bre	59	0.432085	0.567915
Pip	125	Bre	60	0.434196	0.565804
Pip	125	Bre	61	0.479916	0.520084
Pip	125	Bre	62	0.561266	0.438734
Pip	125	Bre	63	0.349548	0.650452
Pip	125	Bre	64	0.604187	0.395813
Pip	125	Bre	65	0.564044	0.435956
Pip	125	Bre	66	0.515373	0.484627
Pip	125	Ivo	67	0.320610	0.679390
Pip	125	Ivo	68	0.596258	0.403742
Pip	125	Ivo	69	0.079135	0.920865
Pip	125	Ivo	70	0.386930	0.613070
Pip	125	Ivo	71	0.316626	0.683374
Pip	125	Ivo	72	0.618248	0.381752
Pip	125	Ivo	73	0.476153	0.523847
Pip	125	Ivo	74	0.577382	0.422618
Pip	125	Ivo	75	0.615230	0.384770
Pip	125	Ivo	76	0.544012	0.455988
Pip	125	Ivo	77	0.413009	0.586991
Pip	125	Ivo	78	0.510450	0.489550
Pip	125	Ivo	79	0.244905	0.755095
Pip	125	Ivo	80	0.086994	0.913006
Pip	125	Ivo	81	0.437506	0.562494
Pip	125	Ivo	82	0.546728	0.453272
Pip	125	Ivo	83	0.592012	0.407988
Pip	125	Ivo	84	0.571800	0.428200
Pip	125	Ivo	85	0.330469	0.669531
Pip	125	Ivo	86	0.666257	0.333743
Pip	125	Ivo	87	0.327254	0.672746
Pip	125	Ivo	88	0.518879	0.481121
Pip	125	Ivo	89	0.315702	0.684298
Pip	125	Ivo	90	0.395481	0.604519
Pip	125	Ivo	91	0.593172	0.406828
Pip	125	Ivo	92	0.312519	0.687481
Pip	125	Ivo	93	0.328466	0.671534
Pip	125	Ivo	94	0.183070	0.816930
Pip	125	Ivo	95	0.585211	0.414789
Pip	125	Ivo	96	0.431057	0.568943
Pip	125	Ivo	97	0.181957	0.818043
Pip	125	Pip	98	0.667200	0.332800
Pip	125	Pip	99	0.663947	0.336053
Pip	125	Pip	100	0.257150	0.742850
Pip	125	Pip	101	0.679508	0.320492
Pip	125	Pip	102	0.147641	0.852359
Pip	125	Pip	103	0.769727	0.230273
Pip	125	Pip	104	0.443086	0.556914
Pip	125	Pip	105	0.547767	0.452233
Pip	125	Pip	106	0.531620	0.468380
Pip	125	Pip	107	-0.075389	1.075389
Pip	125	Pip	108	-0.920659	1.920659
Pip	125	Pip	109	0.639328	0.360672
Pip	125	Pip	110	0.511544	0.488456
Pip	125	Pip	111	0.378043	0.621957
Pip	125	Pip	112	0.920414	0.079586
Pip	125	Pip	113	0.740205	0.259795
Pip	125	Pip	114	0.259302	0.740698
Pip	125	Pip	115	-0.364503	1.364503
Pip	125	Pip	116	0.606106	0.393894
Pip	125	Pip	117	0.080603	0.919397
Pip	125	Pip	118	0.743837	0.256163
Pip	125	Pip	119	0.355330	0.644670
Pip	125	Pip	120	-0.033602	1.033602
Pip	125	Pip	121	0.623081	0.376919
Pip	125	Pip	122	0.182002	0.817998
Pip	125	Pip	123	0.731277	0.268723
Pip	125	Pip	124	-0.920659	1.920659
Pip	125	Pip	126	0.596121	0.403879
Pip	125	Pip	127	0.749502	0.250498
Pip	125	Pip	128	0.722370	0.277630
Pip	125	Pip	129	0.148543	0.851457
Pip	125	Pip	130	0.533568	0.466432
Pip	125	Pip	131	0.623156	0.376844
Pip	125	Pip	132	0.652016	0.347984
Pip	125	Pip	133	0.714215	0.285785
Pip	126	Bly	1	-0.714931	1.714931
Pip	126	Bly	2	0.154840	0.845160
Pip	126	Bly	3	0.451229	0.548771
Pip	126	Bly	4	0.394426	0.605574
Pip	126	Bly	5	0.365587	0.634413
Pip	126	Bly	6	-0.714931	1.714931
Pip	126	Bly	7	0.572765	0.427235
Pip	126	Bly	8	-0.608887	1.608887
Pip	126	Bly	9	0.456731	0.543269
Pip	126	Bly	10	0.669223	0.330777
Pip	126	Bly	11	0.707572	0.292428
Pip	126	Bly	12	0.694646	0.305354
Pip	126	Bly	13	0.101740	0.898260
Pip	126	Bly	14	0.640563	0.359437
Pip	126	Bly	15	0.403446	0.596554
Pip	126	Bly	16	0.381244	0.618756
Pip	126	Bly	17	0.616308	0.383692
Pip	126	Bly	18	0.393863	0.606137
Pip	126	Bly	19	-0.046785	1.046785
Pip	126	Bly	20	-0.002937	1.002937
Pip	126	Bly	21	0.153425	0.846575
Pip	126	Bly	22	-0.714931	1.714931
Pip	126	Bly	23	0.536641	0.463359
Pip	126	Bly	24	0.536813	0.463187
Pip	126	Bly	25	0.011064	0.988936
Pip	126	Bly	26	0.641061	0.358939
Pip	126	Bly	27	0.465022	0.534978
Pip	126	Bly	28	0.087407	0.912593
Pip	126	Bly	29	0.447778	0.552222
Pip	126	Bly	30	0.451693	0.548307
Pip	126	Bly	31	0.570315	0.429685
Pip	126	Bly	32	0.374214	0.625786
Pip	126	Bly	33	-0.134665	1.134665
Pip	126	Bre	34	0.446784	0.553216
Pip	126	Bre	35	0.697400	0.302600
Pip	126	Bre	36	-0.657914	1.657914
Pip	126	Bre	37	0.604987	0.395013
Pip	126	Bre	38	0.470592	0.529408
Pip	126	Bre	39	0.571812	0.428188
Pip	126	Bre	40	0.147778	0.852222
Pip	126	Bre	41	0.506411	0.493589
Pip	126	Bre	42	0.516180	0.483820
Pip	126	Bre	43	-0.371740	1.371740
Pip	126	Bre	44	0.670068	0.329932
Pip	126	Bre	45	0.577174	0.422826
Pip	126	Bre	46	0.691195	0.308805
Pip	126	Bre	47	0.584518	0.415482
Pip	126	Bre	48	0.631835	0.368165
Pip	126	Bre	49	0.426661	0.573339
Pip	126	Bre	50	0.504814	0.495186
Pip	126	Bre	51	0.662591	0.337409
Pip	126	Bre	52	0.497364	0.502636
Pip	126	Bre	53	0.710703	0.289297
Pip	126	Bre	54	0.610769	0.389231
Pip	126	Bre	55	0.366040	0.633960
Pip	126	Bre	56	-0.755994	1.755994
Pip	126	Bre	57	0.647492	0.352508
Pip	126	Bre	58	0.411010	0.588990
Pip	126	Bre	59	0.456100	0.543900
Pip	126	Bre	60	0.385973	0.614027
Pip	126	Bre	61	0.608811	0.391189
Pip	126	Bre	62	0.618369	0.381631
Pip	126	Bre	63	0.443565	0.556435
Pip	126	Bre	64	0.591845	0.408155
Pip	126	Bre	65	0.656305	0.343695
Pip	126	Bre	66	0.607634	0.392366
Pip	126	Ivo	67	0.196504	0.803496
Pip	126	Ivo	68	0.545482	0.454518
Pip	126	Ivo	69	0.031262	0.968738
Pip	126	Ivo	70	0.338415	0.661585
Pip	126	Ivo	71	0.344390	0.655610
Pip	126	Ivo	72	0.602349	0.397651
Pip	126	Ivo	73	0.497365	0.502635
Pip	126	Ivo	74	0.598869	0.401131
Pip	126	Ivo	75	0.651215	0.348785
Pip	126	Ivo	76	0.423705	0.576295
Pip	126	Ivo	77	0.511004	0.488996
Pip	126	Ivo	78	0.495304	0.504696
Pip	126	Ivo	79	0.304321	0.695679
Pip	126	Ivo	80	-0.181417	1.181417
Pip	126	Ivo	81	0.567681	0.432319
Pip	126	Ivo	82	0.567462	0.432538
Pip	126	Ivo	83	0.471705	0.528295
Pip	126	Ivo	84	0.625103	0.374897
Pip	126	Ivo	85	0.280445	0.719555
Pip	126	Ivo	86	0.651403	0.348597
Pip	126	Ivo	87	0.206193	0.793807
Pip	126	Ivo	88	0.562490	0.437510
Pip	126	Ivo	89	0.378820	0.621180
Pip	126	Ivo	90	0.404968	0.595032
Pip	126	Ivo	91	0.626886	0.373114
Pip	126	Ivo	92	0.227370	0.772630
Pip	126	Ivo	93	0.173282	0.826718
Pip	126	Ivo	94	0.164322	0.835678
Pip	126	Ivo	95	0.495981	0.504019
Pip	126	Ivo	96	0.306950	0.693050
Pip	126	Ivo	97	0.093731	0.906269
Pip	126	Pip	98	0.613867	0.386133
Pip	126	Pip	99	0.331579	0.668421
Pip	126	Pip	100	0.169217	0.830783
Pip	126	Pip	101	0.776891	0.223109
Pip	126	Pip	102	0.203684	0.796316
Pip	126	Pip	103	0.791518	0.208482
Pip	126	Pip	104	0.624999	0.375001
Pip	126	Pip	105	0.787683	0.212317
Pip	126	Pip	106	0.774337	0.225663
Pip	126	Pip	107	-0.017717	1.017717
Pip	126	Pip	108	-0.714931	1.714931
Pip	126	Pip	109	0.607348	0.392652
Pip	126	Pip	110	0.423610	0.576390
Pip	126	Pip	111	0.468687	0.531313
Pip	126	Pip	112	0.586538	0.413462
Pip	126	Pip	113	0.780739	0.219261
Pip	126	Pip	114	0.205969	0.794031
Pip	126	Pip	115	-0.110125	1.110125
Pip	126	Pip	116	0.659259	0.340741
Pip	126	Pip	117	0.069931	0.930069
Pip	126	Pip	118	0.532691	0.467309
Pip	126	Pip	119	0.326586	0.673414
Pip	126	Pip	120	-0.063337	1.063337
Pip	126	Pip	121	0.680465	0.319535
Pip	126	Pip	122	-0.066099	1.066099
Pip	126	Pip	123	0.679224	0.320776
Pip	126	Pip	124	-0.714931	1.714931
Pip	126	Pip	125	0.596121	0.403879
Pip	126	Pip	127	0.771570	0.228430
Pip	126	Pip	128	0.632067	0.367933
Pip	126	Pip	129	0.139151	0.860849
Pip	126	Pip	130	0.484774	0.515226
Pip	126	Pip	131	0.736785	0.263215
Pip	126	Pip	132	0.746474	0.253526
Pip	126	Pip	133	0.696285	0.303715
Pip	127	Bly	1	-0.705038	1.705038
Pip	127	Bly	2	0.108526	0.891474
Pip	127	Bly	3	0.513490	0.486510
Pip	127	Bly	4	0.466815	0.533185
Pip	127	Bly	5	0.470053	0.529947
Pip	127	Bly	6	-0.705038	1.705038
Pip	127	Bly	7	0.618490	0.381510
Pip	127	Bly	8	-0.613255	1.613255
Pip	127	Bly	9	0.525581	0.474419
Pip	127	Bly	10	0.745256	0.254744
Pip	127	Bly	11	0.655772	0.344228
Pip	127	Bly	12	0.642305	0.357695
Pip	127	Bly	13	0.027567	0.972433
Pip	127	Bly	14	0.709148	0.290852
Pip	127	Bly	15	0.429827	0.570173
Pip	127	Bly	16	0.486880	0.513120
Pip	127	Bly	17	0.637414	0.362586
Pip	127	Bly	18	0.455142	0.544858
Pip	127	Bly	19	-0.097392	1.097392
Pip	127	Bly	20	0.029328	0.970672
Pip	127	Bly	21	0.305261	0.694739
Pip	127	Bly	22	-0.705038	1.705038
Pip	127	Bly	23	0.571043	0.428957
Pip	127	Bly	24	0.599827	0.400173
Pip	127	Bly	25	0.109958	0.890042
Pip	127	Bly	26	0.705354	0.294646
Pip	127	Bly	27	0.457805	0.542195
Pip	127	Bly	28	0.153960	0.846040
Pip	127	Bly	29	0.475438	0.524562
Pip	127	Bly	30	0.508679	0.491321
Pip	127	Bly	31	0.638412	0.361588
Pip	127	Bly	32	0.406167	0.593833
Pip	127	Bly	33	-0.058631	1.058631
Pip	127	Bre	34	0.514340	0.485660
Pip	127	Bre	35	0.694475	0.305525
Pip	127	Bre	36	-0.648021	1.648021
Pip	127	Bre	37	0.597770	0.402230
Pip	127	Bre	38	0.463375	0.536625
Pip	127	Bre	39	0.603764	0.396236
Pip	127	Bre	40	0.179730	0.820270
Pip	127	Bre	41	0.570705	0.429295
Pip	127	Bre	42	0.508963	0.491037
Pip	127	Bre	43	-0.398481	1.398481
Pip	127	Bre	44	0.626970	0.373030
Pip	127	Bre	45	0.526568	0.473432
Pip	127	Bre	46	0.724151	0.275849
Pip	127	Bre	47	0.686951	0.313049
Pip	127	Bre	48	0.699668	0.300332
Pip	127	Bre	49	0.376055	0.623945
Pip	127	Bre	50	0.419607	0.580393
Pip	127	Bre	51	0.692007	0.307993
Pip	127	Bre	52	0.524748	0.475252
Pip	127	Bre	53	0.703486	0.296514
Pip	127	Bre	54	0.603551	0.396449
Pip	127	Bre	55	0.428301	0.571699
Pip	127	Bre	56	-0.746102	1.746102
Pip	127	Bre	57	0.679444	0.320556
Pip	127	Bre	58	0.360403	0.639597
Pip	127	Bre	59	0.483760	0.516240
Pip	127	Bre	60	0.448234	0.551766
Pip	127	Bre	61	0.636471	0.363529
Pip	127	Bre	62	0.575272	0.424728
Pip	127	Bre	63	0.511398	0.488602
Pip	127	Bre	64	0.619228	0.380772
Pip	127	Bre	65	0.649088	0.350912
Pip	127	Bre	66	0.600417	0.399583
Pip	127	Ivo	67	0.299478	0.700522
Pip	127	Ivo	68	0.608495	0.391505
Pip	127	Ivo	69	0.021370	0.978630
Pip	127	Ivo	70	0.400675	0.599325
Pip	127	Ivo	71	0.364743	0.635257
Pip	127	Ivo	72	0.665363	0.334637
Pip	127	Ivo	73	0.529318	0.470682
Pip	127	Ivo	74	0.661130	0.338870
Pip	127	Ivo	75	0.577283	0.422717
Pip	127	Ivo	76	0.415208	0.584792
Pip	127	Ivo	77	0.496757	0.503243
Pip	127	Ivo	78	0.522687	0.477313
Pip	127	Ivo	79	0.370874	0.629126
Pip	127	Ivo	80	-0.076686	1.076686
Pip	127	Ivo	81	0.594061	0.405939
Pip	127	Ivo	82	0.593842	0.406158
Pip	127	Ivo	83	0.463209	0.536791
Pip	127	Ivo	84	0.657596	0.342404
Pip	127	Ivo	85	0.342706	0.657294
Pip	127	Ivo	86	0.715420	0.284580
Pip	127	Ivo	87	0.270210	0.729790
Pip	127	Ivo	88	0.643092	0.356908
Pip	127	Ivo	89	0.364572	0.635428
Pip	127	Ivo	90	0.481278	0.518722
Pip	127	Ivo	91	0.569249	0.430751
Pip	127	Ivo	92	0.289631	0.710369
Pip	127	Ivo	93	0.199663	0.800337
Pip	127	Ivo	94	0.197819	0.802181
Pip	127	Ivo	95	0.564079	0.435921
Pip	127	Ivo	96	0.375047	0.624953
Pip	127	Ivo	97	0.125948	0.874052
Pip	127	Pip	98	0.683997	0.316003
Pip	127	Pip	99	0.484960	0.515040
Pip	127	Pip	100	0.273947	0.726053
Pip	127	Pip	101	0.895129	0.104871
Pip	127	Pip	102	0.164438	0.835562
Pip	127	Pip	103	0.945175	0.054825
Pip	127	Pip	104	0.693584	0.306416
Pip	127	Pip	105	0.709617	0.290383
Pip	127	Pip	106	0.616664	0.383336
Pip	127	Pip	107	0.140232	0.859768
Pip	127	Pip	108	-0.705038	1.705038
Pip	127	Pip	109	0.761005	0.238995
Pip	127	Pip	110	0.563218	0.436782
Pip	127	Pip	111	0.429718	0.570282
Pip	127	Pip	112	0.739919	0.260081
Pip	127	Pip	113	0.827005	0.172995
Pip	127	Pip	114	0.310977	0.689023
Pip	127	Pip	115	-0.148882	1.148882
Pip	127	Pip	116	0.657781	0.342219
Pip	127	Pip	117	0.061520	0.938480
Pip	127	Pip	118	0.726244	0.273756
Pip	127	Pip	119	0.358310	0.641690
Pip	127	Pip	120	0.023150	0.976850
Pip	127	Pip	121	0.744758	0.255242
Pip	127	Pip	122	-0.068497	1.068497
Pip	127	Pip	123	0.748074	0.251926
Pip	127	Pip	124	-0.705038	1.705038
Pip	127	Pip	125	0.749502	0.250498
Pip	127	Pip	126	0.771570	0.228430
Pip	127	Pip	128	0.544386	0.455614
Pip	127	Pip	129	0.165340	0.834660
Pip	127	Pip	130	0.521331	0.478669
Pip	127	Pip	131	0.798604	0.201396
Pip	127	Pip	132	0.773693	0.226307
Pip	127	Pip	133	0.801015	0.198985
Pip	128	Bly	1	-0.877890	1.877890
Pip	128	Bly	2	0.064458	0.935542
Pip	128	Bly	3	0.450496	0.549504
Pip	128	Bly	4	0.567577	0.432423
Pip	128	Bly	5	0.386197	0.613803
Pip	128	Bly	6	-0.877890	1.877890
Pip	128	Bly	7	0.473068	0.526932
Pip	128	Bly	8	-0.705929	1.705929
Pip	128	Bly	9	0.467422	0.532578
Pip	128	Bly	10	0.604323	0.395677
Pip	128	Bly	11	0.689026	0.310974
Pip	128	Bly	12	0.635387	0.364613
Pip	128	Bly	13	0.075803	0.924197
Pip	128	Bly	14	0.583628	0.416372
Pip	128	Bly	15	0.334914	0.665086
Pip	128	Bly	16	0.384299	0.615701
Pip	128	Bly	17	0.549359	0.450641
Pip	128	Bly	18	0.326915	0.673085
Pip	128	Bly	19	0.071921	0.928079
Pip	128	Bly	20	0.027553	0.972447
Pip	128	Bly	21	0.121819	0.878181
Pip	128	Bly	22	-0.877890	1.877890
Pip	128	Bly	23	0.435092	0.564908
Pip	128	Bly	24	0.344507	0.655493
Pip	128	Bly	25	-0.051859	1.051859
Pip	128	Bly	26	0.504851	0.495149
Pip	128	Bly	27	0.433475	0.566525
Pip	128	Bly	28	0.014840	0.985160
Pip	128	Bly	29	0.274642	0.725358
Pip	128	Bly	30	0.454747	0.545253
Pip	128	Bly	31	0.625310	0.374690
Pip	128	Bly	32	0.149758	0.850242
Pip	128	Bly	33	-0.094684	1.094684
Pip	128	Bre	34	0.414961	0.585039
Pip	128	Bre	35	0.549768	0.450232
Pip	128	Bre	36	-0.820873	1.820873
Pip	128	Bre	37	0.503088	0.496912
Pip	128	Bre	38	0.490388	0.509612
Pip	128	Bre	39	0.466475	0.533525
Pip	128	Bre	40	-0.040568	1.040568
Pip	128	Bre	41	0.526806	0.473194
Pip	128	Bre	42	0.449756	0.550244
Pip	128	Bre	43	-0.621517	1.621517
Pip	128	Bre	44	0.533642	0.466358
Pip	128	Bre	45	0.651266	0.348734
Pip	128	Bre	46	0.554769	0.445231
Pip	128	Bre	47	0.552695	0.447305
Pip	128	Bre	48	0.495409	0.504591
Pip	128	Bre	49	0.502802	0.497198
Pip	128	Bre	50	0.439425	0.560575
Pip	128	Bre	51	0.526165	0.473835
Pip	128	Bre	52	0.465541	0.534459
Pip	128	Bre	53	0.538801	0.461199
Pip	128	Bre	54	0.474342	0.525658
Pip	128	Bre	55	0.334217	0.665783
Pip	128	Bre	56	-0.918953	1.918953
Pip	128	Bre	57	0.416581	0.583419
Pip	128	Bre	58	0.522028	0.477972
Pip	128	Bre	59	0.424553	0.575447
Pip	128	Bre	60	0.354150	0.645850
Pip	128	Bre	61	0.472384	0.527616
Pip	128	Bre	62	0.552981	0.447019
Pip	128	Bre	63	0.305904	0.694096
Pip	128	Bre	64	0.560022	0.439978
Pip	128	Bre	65	0.479165	0.520835
Pip	128	Bre	66	0.471208	0.528792
Pip	128	Ivo	67	0.319764	0.680236
Pip	128	Ivo	68	0.474745	0.525255
Pip	128	Ivo	69	0.077079	0.922921
Pip	128	Ivo	70	0.271931	0.728069
Pip	128	Ivo	71	0.242781	0.757219
Pip	128	Ivo	72	0.465863	0.534137
Pip	128	Ivo	73	0.438847	0.561153
Pip	128	Ivo	74	0.576535	0.423465
Pip	128	Ivo	75	0.536111	0.463889
Pip	128	Ivo	76	0.464371	0.535629
Pip	128	Ivo	77	0.411504	0.588496
Pip	128	Ivo	78	0.430404	0.569596
Pip	128	Ivo	79	0.201897	0.798103
Pip	128	Ivo	80	0.012881	0.987119
Pip	128	Ivo	81	0.467707	0.532293
Pip	128	Ivo	82	0.545128	0.454872
Pip	128	Ivo	83	0.590412	0.409588
Pip	128	Ivo	84	0.530008	0.469992
Pip	128	Ivo	85	0.250423	0.749577
Pip	128	Ivo	86	0.437277	0.562723
Pip	128	Ivo	87	0.247208	0.752792
Pip	128	Ivo	88	0.427916	0.572084
Pip	128	Ivo	89	0.314197	0.685803
Pip	128	Ivo	90	0.303419	0.696581
Pip	128	Ivo	91	0.520723	0.479277
Pip	128	Ivo	92	0.232473	0.767527
Pip	128	Ivo	93	0.330404	0.669596
Pip	128	Ivo	94	0.105803	0.894197
Pip	128	Ivo	95	0.512777	0.487223
Pip	128	Ivo	96	0.430210	0.569790
Pip	128	Ivo	97	0.145404	0.854596
Pip	128	Pip	98	0.551448	0.448552
Pip	128	Pip	99	0.463665	0.536335
Pip	128	Pip	100	0.141398	0.858602
Pip	128	Pip	101	0.515106	0.484894
Pip	128	Pip	102	0.141303	0.858697
Pip	128	Pip	103	0.564611	0.435389
Pip	128	Pip	104	0.322501	0.677499
Pip	128	Pip	105	0.655299	0.344701
Pip	128	Pip	106	0.566638	0.433362
Pip	128	Pip	107	-0.161345	1.161345
Pip	128	Pip	108	-0.877890	1.877890
Pip	128	Pip	109	0.474926	0.525074
Pip	128	Pip	110	0.395791	0.604209
Pip	128	Pip	111	0.371705	0.628295
Pip	128	Pip	112	0.685350	0.314650
Pip	128	Pip	113	0.648316	0.351684
Pip	128	Pip	114	0.174423	0.825577
Pip	128	Pip	115	-0.359901	1.359901
Pip	128	Pip	116	0.586999	0.413001
Pip	128	Pip	117	0.038385	0.961615
Pip	128	Pip	118	0.466207	0.533793
Pip	128	Pip	119	0.281485	0.718515
Pip	128	Pip	120	-0.156096	1.156096
Pip	128	Pip	121	0.466615	0.533385
Pip	128	Pip	122	0.100864	0.899136
Pip	128	Pip	123	0.682278	0.317722
Pip	128	Pip	124	-0.877890	1.877890
Pip	128	Pip	125	0.722370	0.277630
Pip	128	Pip	126	0.632067	0.367933
Pip	128	Pip	127	0.544386	0.455614
Pip	128	Pip	129	0.070618	0.929382
Pip	128	Pip	130	0.569043	0.430957
Pip	128	Pip	131	0.616065	0.383935
Pip	128	Pip	132	0.609449	0.390551
Pip	128	Pip	133	0.629336	0.370664
Pip	129	Bly	1	-1.288215	2.288215
Pip	129	Bly	2	-0.436458	1.436458
Pip	129	Bly	3	0.243359	0.756641
Pip	129	Bly	4	0.014572	0.985428
Pip	129	Bly	5	0.106908	0.893092
Pip	129	Bly	6	-1.288215	2.288215
Pip	129	Bly	7	0.063803	0.936197
Pip	129	Bly	8	-1.002087	2.002087
Pip	129	Bly	9	0.074967	0.925033
Pip	129	Bly	10	0.076051	0.923949
Pip	129	Bly	11	0.146265	0.853735
Pip	129	Bly	12	0.139229	0.860771
Pip	129	Bly	13	-0.518563	1.518563
Pip	129	Bly	14	-0.023090	1.023090
Pip	129	Bly	15	0.050972	0.949028
Pip	129	Bly	16	0.034256	0.965744
Pip	129	Bly	17	0.091273	0.908727
Pip	129	Bly	18	-0.127101	1.127101
Pip	129	Bly	19	-0.357038	1.357038
Pip	129	Bly	20	-0.373598	1.373598
Pip	129	Bly	21	-0.301819	1.301819
Pip	129	Bly	22	-1.288215	2.288215
Pip	129	Bly	23	0.126708	0.873292
Pip	129	Bly	24	0.047793	0.952207
Pip	129	Bly	25	-0.531861	1.531861
Pip	129	Bly	26	0.082629	0.917371
Pip	129	Bly	27	-0.057871	1.057871
Pip	129	Bly	28	-0.491812	1.491812
Pip	129	Bly	29	0.018091	0.981909
Pip	129	Bly	30	0.065957	0.934043
Pip	129	Bly	31	0.207886	0.792114
Pip	129	Bly	32	-0.274069	1.274069
Pip	129	Bly	33	-0.472749	1.472749
Pip	129	Bre	34	0.031289	0.968711
Pip	129	Bre	35	0.049117	0.950883
Pip	129	Bre	36	-1.231198	2.231198
Pip	129	Bre	37	0.222984	0.777016
Pip	129	Bre	38	0.055374	0.944626
Pip	129	Bre	39	-0.022500	1.022500
Pip	129	Bre	40	-0.500506	1.500506
Pip	129	Bre	41	0.124409	0.875591
Pip	129	Bre	42	0.189498	0.810502
Pip	129	Bre	43	-0.945024	1.945024
Pip	129	Bre	44	0.075343	0.924657
Pip	129	Bre	45	0.096242	0.903758
Pip	129	Bre	46	0.097887	0.902113
Pip	129	Bre	47	0.095813	0.904187
Pip	129	Bre	48	0.085129	0.914871
Pip	129	Bre	49	0.047268	0.952732
Pip	129	Bre	50	-0.017773	1.017773
Pip	129	Bre	51	0.103746	0.896254
Pip	129	Bre	52	0.094009	0.905991
Pip	129	Bre	53	0.117394	0.882606
Pip	129	Bre	54	0.017460	0.982540
Pip	129	Bre	55	0.120562	0.879438
Pip	129	Bre	56	-1.329278	2.329278
Pip	129	Bre	57	-0.035468	1.035468
Pip	129	Bre	58	-0.035458	1.035458
Pip	129	Bre	59	0.075559	0.924441
Pip	129	Bre	60	0.094105	0.905895
Pip	129	Bre	61	0.049966	0.950034
Pip	129	Bre	62	0.103215	0.896785
Pip	129	Bre	63	-0.080402	1.080402
Pip	129	Bre	64	0.188489	0.811511
Pip	129	Bre	65	0.177031	0.822969
Pip	129	Bre	66	0.014326	0.985674
Pip	129	Ivo	67	0.107207	0.892793
Pip	129	Ivo	68	0.054911	0.945089
Pip	129	Ivo	69	-0.409156	1.409156
Pip	129	Ivo	70	0.007800	0.992200
Pip	129	Ivo	71	-0.144763	1.144763
Pip	129	Ivo	72	0.076902	0.923098
Pip	129	Ivo	73	0.019459	0.980541
Pip	129	Ivo	74	0.040374	0.959626
Pip	129	Ivo	75	-0.008595	1.008595
Pip	129	Ivo	76	0.014864	0.985136
Pip	129	Ivo	77	0.046441	0.953559
Pip	129	Ivo	78	0.056622	0.943378
Pip	129	Ivo	79	-0.139646	1.139646
Pip	129	Ivo	80	-0.293195	1.293195
Pip	129	Ivo	81	-0.026695	1.026695
Pip	129	Ivo	82	0.042015	0.957985
Pip	129	Ivo	83	0.101611	0.898389
Pip	129	Ivo	84	0.195967	0.804033
Pip	129	Ivo	85	0.122809	0.877191
Pip	129	Ivo	86	0.161837	0.838163
Pip	129	Ivo	87	0.341989	0.658011
Pip	129	Ivo	88	0.002442	0.997558
Pip	129	Ivo	89	-0.016403	1.016403
Pip	129	Ivo	90	-0.063465	1.063465
Pip	129	Ivo	91	0.063612	0.936388
Pip	129	Ivo	92	0.121513	0.878487
Pip	129	Ivo	93	-0.196399	1.196399
Pip	129	Ivo	94	0.144148	0.855852
Pip	129	Ivo	95	0.176735	0.823265
Pip	129	Ivo	96	0.171740	0.828260
Pip	129	Ivo	97	0.154565	0.845435
Pip	129	Pip	98	0.406029	0.593971
Pip	129	Pip	99	-0.005913	1.005913
Pip	129	Pip	100	0.292975	0.707025
Pip	129	Pip	101	0.095347	0.904653
Pip	129	Pip	102	0.184017	0.815983
Pip	129	Pip	103	0.185565	0.814435
Pip	129	Pip	104	-0.057748	1.057748
Pip	129	Pip	105	0.090797	0.909203
Pip	129	Pip	106	0.072693	0.927307
Pip	129	Pip	107	-0.395903	1.395903
Pip	129	Pip	108	-1.288215	2.288215
Pip	129	Pip	109	0.055167	0.944833
Pip	129	Pip	110	0.384029	0.615971
Pip	129	Pip	111	0.074754	0.925246
Pip	129	Pip	112	0.068957	0.931043
Pip	129	Pip	113	0.227141	0.772859
Pip	129	Pip	114	0.157894	0.842106
Pip	129	Pip	115	-0.788966	1.788966
Pip	129	Pip	116	0.267774	0.732226
Pip	129	Pip	117	0.195940	0.804060
Pip	129	Pip	118	0.088982	0.911018
Pip	129	Pip	119	-0.078843	1.078843
Pip	129	Pip	120	-0.665135	1.665135
Pip	129	Pip	121	0.258450	0.741550
Pip	129	Pip	122	-0.252101	1.252101
Pip	129	Pip	123	0.195765	0.804235
Pip	129	Pip	124	-1.288215	2.288215
Pip	129	Pip	125	0.148543	0.851457
Pip	129	Pip	126	0.139151	0.860849
Pip	129	Pip	127	0.165340	0.834660
Pip	129	Pip	128	0.070618	0.929382
Pip	129	Pip	130	-0.083427	1.083427
Pip	129	Pip	131	0.164016	0.835984
Pip	129	Pip	132	0.192876	0.807124
Pip	129	Pip	133	0.178704	0.821296
Pip	130	Bly	1	-0.963041	1.963041
Pip	130	Bly	2	-0.164331	1.164331
Pip	130	Bly	3	0.259938	0.740062
Pip	130	Bly	4	0.326173	0.673827
Pip	130	Bly	5	0.231732	0.768268
Pip	130	Bly	6	-0.963041	1.963041
Pip	130	Bly	7	0.359196	0.640804
Pip	130	Bly	8	-0.563757	1.563757
Pip	130	Bly	9	0.272370	0.727630
Pip	130	Bly	10	0.338174	0.661826
Pip	130	Bly	11	0.381813	0.618187
Pip	130	Bly	12	0.368347	0.631653
Pip	130	Bly	13	-0.137466	1.137466
Pip	130	Bly	14	0.429162	0.570838
Pip	130	Bly	15	0.175032	0.824968
Pip	130	Bly	16	0.226586	0.773414
Pip	130	Bly	17	0.391647	0.608353
Pip	130	Bly	18	0.209375	0.790625
Pip	130	Bly	19	-0.237753	1.237753
Pip	130	Bly	20	-0.154004	1.154004
Pip	130	Bly	21	0.001817	0.998183
Pip	130	Bly	22	-0.963041	1.963041
Pip	130	Bly	23	0.275210	0.724790
Pip	130	Bly	24	0.275029	0.724971
Pip	130	Bly	25	-0.242618	1.242618
Pip	130	Bly	26	0.310212	0.689788
Pip	130	Bly	27	0.204252	0.795748
Pip	130	Bly	28	-0.047310	1.047310
Pip	130	Bly	29	0.080296	0.919704
Pip	130	Bly	30	0.297035	0.702965
Pip	130	Bly	31	0.436801	0.563199
Pip	130	Bly	32	0.090069	0.909931
Pip	130	Bly	33	0.027743	0.972257
Pip	130	Bre	34	0.347192	0.652808
Pip	130	Bre	35	0.448953	0.551047
Pip	130	Bre	36	-0.906024	1.906024
Pip	130	Bre	37	0.308329	0.691671
Pip	130	Bre	38	0.208811	0.791189
Pip	130	Bre	39	0.437372	0.562628
Pip	130	Bre	40	-0.065792	1.065792
Pip	130	Bre	41	0.403557	0.596443
Pip	130	Bre	42	0.341815	0.658185
Pip	130	Bre	43	-0.656484	1.656484
Pip	130	Bre	44	0.338883	0.661117
Pip	130	Bre	45	0.344053	0.655947
Pip	130	Bre	46	0.400183	0.599817
Pip	130	Bre	47	0.432986	0.567014
Pip	130	Bre	48	0.375700	0.624300
Pip	130	Bre	49	0.158663	0.841337
Pip	130	Bre	50	0.253494	0.746506
Pip	130	Bre	51	0.368039	0.631961
Pip	130	Bre	52	0.270782	0.729218
Pip	130	Bre	53	0.344042	0.655958
Pip	130	Bre	54	0.279583	0.720417
Pip	130	Bre	55	0.174335	0.825665
Pip	130	Bre	56	-1.004104	2.004104
Pip	130	Bre	57	0.478175	0.521825
Pip	130	Bre	58	0.212353	0.787647
Pip	130	Bre	59	0.264672	0.735328
Pip	130	Bre	60	0.281086	0.718914
Pip	130	Bre	61	0.312503	0.687497
Pip	130	Bre	62	0.358222	0.641778
Pip	130	Bre	63	0.186195	0.813805
Pip	130	Bre	64	0.365263	0.634737
Pip	130	Bre	65	0.325120	0.674880
Pip	130	Bre	66	0.363267	0.636733
Pip	130	Ivo	67	0.088492	0.911508
Pip	130	Ivo	68	0.355285	0.644715
Pip	130	Ivo	69	-0.267059	1.267059
Pip	130	Ivo	70	0.040659	0.959341
Pip	130	Ivo	71	0.011509	0.988491
Pip	130	Ivo	72	0.305688	0.694312
Pip	130	Ivo	73	0.282212	0.717788
Pip	130	Ivo	74	0.345264	0.654736
Pip	130	Ivo	75	0.335398	0.664602
Pip	130	Ivo	76	0.232686	0.767314
Pip	130	Ivo	77	0.180232	0.819768
Pip	130	Ivo	78	0.164255	0.835745
Pip	130	Ivo	79	0.082188	0.917812
Pip	130	Ivo	80	-0.216635	1.216635
Pip	130	Ivo	81	0.314075	0.685925
Pip	130	Ivo	82	0.348320	0.651680
Pip	130	Ivo	83	0.358727	0.641273
Pip	130	Ivo	84	0.410840	0.589160
Pip	130	Ivo	85	0.053615	0.946385
Pip	130	Ivo	86	0.319865	0.680135
Pip	130	Ivo	87	0.052157	0.947843
Pip	130	Ivo	88	0.348920	0.651080
Pip	130	Ivo	89	0.117389	0.882611
Pip	130	Ivo	90	0.109073	0.890927
Pip	130	Ivo	91	0.286639	0.713361
Pip	130	Ivo	92	0.122483	0.877517
Pip	130	Ivo	93	0.087493	0.912507
Pip	130	Ivo	94	-0.119632	1.119632
Pip	130	Ivo	95	0.246628	0.753372
Pip	130	Ivo	96	0.198525	0.801475
Pip	130	Ivo	97	-0.086281	1.086281
Pip	130	Pip	98	0.358858	0.641142
Pip	130	Pip	99	0.234149	0.765851
Pip	130	Pip	100	-0.016728	1.016728
Pip	130	Pip	101	0.416460	0.583540
Pip	130	Pip	102	0.018229	0.981771
Pip	130	Pip	103	0.501383	0.498617
Pip	130	Pip	104	0.299446	0.700554
Pip	130	Pip	105	0.529285	0.470715
Pip	130	Pip	106	0.400452	0.599548
Pip	130	Pip	107	-0.225114	1.225114
Pip	130	Pip	108	-0.963041	1.963041
Pip	130	Pip	109	0.317213	0.682787
Pip	130	Pip	110	0.238079	0.761921
Pip	130	Pip	111	0.283508	0.716492
Pip	130	Pip	112	0.496549	0.503451
Pip	130	Pip	113	0.453558	0.546442
Pip	130	Pip	114	0.144242	0.855758
Pip	130	Pip	115	-0.358235	1.358235
Pip	130	Pip	116	0.467831	0.532169
Pip	130	Pip	117	-0.028843	1.028843
Pip	130	Pip	118	0.317578	0.682422
Pip	130	Pip	119	0.226918	0.773082
Pip	130	Pip	120	-0.156892	1.156892
Pip	130	Pip	121	0.349616	0.650384
Pip	130	Pip	122	-0.119824	1.119824
Pip	130	Pip	123	0.530402	0.469598
Pip	130	Pip	124	-0.963041	1.963041
Pip	130	Pip	125	0.533568	0.466432
Pip	130	Pip	126	0.484774	0.515226
Pip	130	Pip	127	0.521331	0.478669
Pip	130	Pip	128	0.569043	0.430957
Pip	130	Pip	129	-0.083427	1.083427
Pip	130	Pip	131	0.587301	0.412699
Pip	130	Pip	132	0.526915	0.473085
Pip	130	Pip	133	0.477460	0.522540
Pip	131	Bly	1	-0.745119	1.745119
Pip	131	Bly	2	0.026125	0.973875
Pip	131	Bly	3	0.507381	0.492619
Pip	131	Bly	4	0.537481	0.462519
Pip	131	Bly	5	0.352184	0.647816
Pip	131	Bly	6	-0.745119	1.745119
Pip	131	Bly	7	0.593903	0.406097
Pip	131	Bly	8	-0.553791	1.553791
Pip	131	Bly	9	0.685069	0.314931
Pip	131	Bly	10	0.655620	0.344380
Pip	131	Bly	11	0.703296	0.296704
Pip	131	Bly	12	0.603054	0.396946
Pip	131	Bly	13	0.010423	0.989577
Pip	131	Bly	14	0.663870	0.336130
Pip	131	Bly	15	0.471125	0.528875
Pip	131	Bly	16	0.520632	0.479368
Pip	131	Bly	17	0.709093	0.290907
Pip	131	Bly	18	0.486648	0.513352
Pip	131	Bly	19	-0.057311	1.057311
Pip	131	Bly	20	0.123256	0.876744
Pip	131	Bly	21	0.257737	0.742263
Pip	131	Bly	22	-0.745119	1.745119
Pip	131	Bly	23	0.592656	0.407344
Pip	131	Bly	24	0.592475	0.407525
Pip	131	Bly	25	0.080912	0.919088
Pip	131	Bly	26	0.627658	0.372342
Pip	131	Bly	27	0.451695	0.548305
Pip	131	Bly	28	0.143145	0.856855
Pip	131	Bly	29	0.446392	0.553608
Pip	131	Bly	30	0.639730	0.360270
Pip	131	Bly	31	0.597426	0.402574
Pip	131	Bly	32	0.371380	0.628620
Pip	131	Bly	33	-0.032323	1.032323
Pip	131	Bre	34	0.514248	0.485752
Pip	131	Bre	35	0.683660	0.316340
Pip	131	Bre	36	-0.688102	1.688102
Pip	131	Bre	37	0.555772	0.444228
Pip	131	Bre	38	0.456254	0.543746
Pip	131	Bre	39	0.627827	0.372173
Pip	131	Bre	40	0.168915	0.831085
Pip	131	Bre	41	0.564182	0.435818
Pip	131	Bre	42	0.502440	0.497560
Pip	131	Bre	43	-0.438562	1.438562
Pip	131	Bre	44	0.656329	0.343671
Pip	131	Bre	45	0.520458	0.479542
Pip	131	Bre	46	0.677456	0.322544
Pip	131	Bre	47	0.640256	0.359744
Pip	131	Bre	48	0.652973	0.347027
Pip	131	Bre	49	0.335068	0.664932
Pip	131	Bre	50	0.413085	0.586915
Pip	131	Bre	51	0.685485	0.314515
Pip	131	Bre	52	0.518225	0.481775
Pip	131	Bre	53	0.661488	0.338512
Pip	131	Bre	54	0.597029	0.402971
Pip	131	Bre	55	0.468381	0.531619
Pip	131	Bre	56	-0.786182	1.786182
Pip	131	Bre	57	0.668630	0.331370
Pip	131	Bre	58	0.388758	0.611242
Pip	131	Bre	59	0.560765	0.439235
Pip	131	Bre	60	0.488315	0.511685
Pip	131	Bre	61	0.629948	0.370052
Pip	131	Bre	62	0.604630	0.395370
Pip	131	Bre	63	0.512118	0.487882
Pip	131	Bre	64	0.612706	0.387294
Pip	131	Bre	65	0.642565	0.357435
Pip	131	Bre	66	0.593895	0.406105
Pip	131	Ivo	67	0.388622	0.611378
Pip	131	Ivo	68	0.672730	0.327270
Pip	131	Ivo	69	-0.019616	1.019616
Pip	131	Ivo	70	0.334705	0.665295
Pip	131	Ivo	71	0.328955	0.671045
Pip	131	Ivo	72	0.623134	0.376866
Pip	131	Ivo	73	0.446916	0.553084
Pip	131	Ivo	74	0.620144	0.379856
Pip	131	Ivo	75	0.500590	0.499410
Pip	131	Ivo	76	0.504344	0.495656
Pip	131	Ivo	77	0.546328	0.453672
Pip	131	Ivo	78	0.481701	0.518299
Pip	131	Ivo	79	0.359461	0.640539
Pip	131	Ivo	80	-0.082795	1.082795
Pip	131	Ivo	81	0.588955	0.411045
Pip	131	Ivo	82	0.623200	0.376800
Pip	131	Ivo	83	0.492567	0.507433
Pip	131	Ivo	84	0.685720	0.314280
Pip	131	Ivo	85	0.371061	0.628939
Pip	131	Ivo	86	0.637311	0.362689
Pip	131	Ivo	87	0.298565	0.701435
Pip	131	Ivo	88	0.583628	0.416372
Pip	131	Ivo	89	0.483485	0.516515
Pip	131	Ivo	90	0.426519	0.573481
Pip	131	Ivo	91	0.533047	0.466953
Pip	131	Ivo	92	0.329711	0.670289
Pip	131	Ivo	93	0.263898	0.736102
Pip	131	Ivo	94	0.131848	0.868152
Pip	131	Ivo	95	0.451506	0.548494
Pip	131	Ivo	96	0.450005	0.549995
Pip	131	Ivo	97	0.165200	0.834800
Pip	131	Pip	98	0.606301	0.393699
Pip	131	Pip	99	0.370340	0.629660
Pip	131	Pip	100	0.325968	0.674032
Pip	131	Pip	101	0.693734	0.306266
Pip	131	Pip	102	0.246839	0.753161
Pip	131	Pip	103	0.818829	0.181171
Pip	131	Pip	104	0.576719	0.423281
Pip	131	Pip	105	0.741123	0.258877
Pip	131	Pip	106	0.701112	0.298888
Pip	131	Pip	107	0.104846	0.895154
Pip	131	Pip	108	-0.745119	1.745119
Pip	131	Pip	109	0.634659	0.365341
Pip	131	Pip	110	0.580775	0.419225
Pip	131	Pip	111	0.560769	0.439231
Pip	131	Pip	112	0.660176	0.339824
Pip	131	Pip	113	0.771003	0.228997
Pip	131	Pip	114	0.351470	0.648530
Pip	131	Pip	115	-0.140313	1.140313
Pip	131	Pip	116	0.715274	0.284726
Pip	131	Pip	117	0.178386	0.821614
Pip	131	Pip	118	0.524848	0.475152
Pip	131	Pip	119	0.377189	0.622811
Pip	131	Pip	120	-0.055272	1.055272
Pip	131	Pip	121	0.667062	0.332938
Pip	131	Pip	122	-0.117054	1.117054
Pip	131	Pip	123	0.777845	0.222155
Pip	131	Pip	124	-0.745119	1.745119
Pip	131	Pip	125	0.623156	0.376844
Pip	131	Pip	126	0.736785	0.263215
Pip	131	Pip	127	0.798604	0.201396
Pip	131	Pip	128	0.616065	0.383935
Pip	131	Pip	129	0.164016	0.835984
Pip	131	Pip	130	0.587301	0.412699
Pip	131	Pip	132	0.844360	0.155640
Pip	131	Pip	133	0.794906	0.205094
Pip	132	Bly	1	-0.691900	1.691900
Pip	132	Bly	2	0.054984	0.945016
Pip	132	Bly	3	0.500765	0.499235
Pip	132	Bly	4	0.484262	0.515738
Pip	132	Bly	5	0.507824	0.492176
Pip	132	Bly	6	-0.691900	1.691900
Pip	132	Bly	7	0.621888	0.378112
Pip	132	Bly	8	-0.620184	1.620184
Pip	132	Bly	9	0.583200	0.416800
Pip	132	Bly	10	0.649004	0.350996
Pip	132	Bly	11	0.650078	0.349922
Pip	132	Bly	12	0.596438	0.403562
Pip	132	Bly	13	-0.015363	1.015363
Pip	132	Bly	14	0.691855	0.308145
Pip	132	Bly	15	0.451335	0.548665
Pip	132	Bly	16	0.467413	0.532587
Pip	132	Bly	17	0.702477	0.297523
Pip	132	Bly	18	0.480032	0.519968
Pip	132	Bly	19	-0.110530	1.110530
Pip	132	Bly	20	0.056863	0.943137
Pip	132	Bly	21	0.237947	0.762053
Pip	132	Bly	22	-0.691900	1.691900
Pip	132	Bly	23	0.620641	0.379359
Pip	132	Bly	24	0.567564	0.432436
Pip	132	Bly	25	0.099530	0.900470
Pip	132	Bly	26	0.691118	0.308882
Pip	132	Bly	27	0.479680	0.520320
Pip	132	Bly	28	0.082758	0.917242
Pip	132	Bly	29	0.461202	0.538798
Pip	132	Bly	30	0.537862	0.462138
Pip	132	Bly	31	0.590810	0.409190
Pip	132	Bly	32	0.298990	0.701010
Pip	132	Bly	33	-0.085542	1.085542
Pip	132	Bre	34	0.461029	0.538971
Pip	132	Bre	35	0.657874	0.342126
Pip	132	Bre	36	-0.634883	1.634883
Pip	132	Bre	37	0.619232	0.380768
Pip	132	Bre	38	0.519715	0.480285
Pip	132	Bre	39	0.655812	0.344188
Pip	132	Bre	40	0.143129	0.856871
Pip	132	Bre	41	0.592167	0.407833
Pip	132	Bre	42	0.530425	0.469575
Pip	132	Bre	43	-0.477522	1.477522
Pip	132	Bre	44	0.684314	0.315686
Pip	132	Bre	45	0.513843	0.486157
Pip	132	Bre	46	0.705441	0.294559
Pip	132	Bre	47	0.633641	0.366359
Pip	132	Bre	48	0.680957	0.319043
Pip	132	Bre	49	0.328452	0.671548
Pip	132	Bre	50	0.533249	0.466751
Pip	132	Bre	51	0.713470	0.286530
Pip	132	Bre	52	0.511610	0.488390
Pip	132	Bre	53	0.724948	0.275052
Pip	132	Bre	54	0.625014	0.374986
Pip	132	Bre	55	0.415163	0.584837
Pip	132	Bre	56	-0.732964	1.732964
Pip	132	Bre	57	0.642844	0.357156
Pip	132	Bre	58	0.382142	0.617858
Pip	132	Bre	59	0.540100	0.459900
Pip	132	Bre	60	0.435096	0.564904
Pip	132	Bre	61	0.657933	0.342067
Pip	132	Bre	62	0.632615	0.367385
Pip	132	Bre	63	0.491453	0.508547
Pip	132	Bre	64	0.606090	0.393910
Pip	132	Bre	65	0.670550	0.329450
Pip	132	Bre	66	0.621880	0.378120
Pip	132	Ivo	67	0.286753	0.713247
Pip	132	Ivo	68	0.666115	0.333885
Pip	132	Ivo	69	-0.026232	1.026232
Pip	132	Ivo	70	0.316962	0.683038
Pip	132	Ivo	71	0.449994	0.550006
Pip	132	Ivo	72	0.651994	0.348006
Pip	132	Ivo	73	0.510377	0.489623
Pip	132	Ivo	74	0.613528	0.386472
Pip	132	Ivo	75	0.529450	0.470550
Pip	132	Ivo	76	0.437951	0.562049
Pip	132	Ivo	77	0.525663	0.474337
Pip	132	Ivo	78	0.475085	0.524915
Pip	132	Ivo	79	0.388321	0.611679
Pip	132	Ivo	80	-0.089411	1.089411
Pip	132	Ivo	81	0.582339	0.417661
Pip	132	Ivo	82	0.616585	0.383415
Pip	132	Ivo	83	0.485951	0.514049
Pip	132	Ivo	84	0.713705	0.286295
Pip	132	Ivo	85	0.364445	0.635555
Pip	132	Ivo	86	0.666171	0.333829
Pip	132	Ivo	87	0.291949	0.708051
Pip	132	Ivo	88	0.611613	0.388387
Pip	132	Ivo	89	0.462820	0.537180
Pip	132	Ivo	90	0.454504	0.545496
Pip	132	Ivo	91	0.561907	0.438093
Pip	132	Ivo	92	0.276492	0.723508
Pip	132	Ivo	93	0.257282	0.742718
Pip	132	Ivo	94	0.148706	0.851294
Pip	132	Ivo	95	0.480365	0.519635
Pip	132	Ivo	96	0.396786	0.603214
Pip	132	Ivo	97	0.147456	0.852544
Pip	132	Pip	98	0.669761	0.330239
Pip	132	Pip	99	0.352596	0.647404
Pip	132	Pip	100	0.259575	0.740425
Pip	132	Pip	101	0.703423	0.296577
Pip	132	Pip	102	0.193621	0.806379
Pip	132	Pip	103	0.828518	0.171482
Pip	132	Pip	104	0.586408	0.413592
Pip	132	Pip	105	0.734508	0.265492
Pip	132	Pip	106	0.680447	0.319553
Pip	132	Pip	107	0.019283	0.980717
Pip	132	Pip	108	-0.691900	1.691900
Pip	132	Pip	109	0.698120	0.301880
Pip	132	Pip	110	0.514382	0.485618
Pip	132	Pip	111	0.493501	0.506499
Pip	132	Pip	112	0.642433	0.357567
Pip	132	Pip	113	0.834464	0.165536
Pip	132	Pip	114	0.332852	0.667148
Pip	132	Pip	115	-0.087094	1.087094
Pip	132	Pip	116	0.743259	0.256741
Pip	132	Pip	117	0.159768	0.840232
Pip	132	Pip	118	0.553708	0.446292
Pip	132	Pip	119	0.310796	0.689204
Pip	132	Pip	120	-0.092185	1.092185
Pip	132	Pip	121	0.730523	0.269477
Pip	132	Pip	122	-0.088195	1.088195
Pip	132	Pip	123	0.771229	0.228771
Pip	132	Pip	124	-0.691900	1.691900
Pip	132	Pip	125	0.652016	0.347984
Pip	132	Pip	126	0.746474	0.253526
Pip	132	Pip	127	0.773693	0.226307
Pip	132	Pip	128	0.609449	0.390551
Pip	132	Pip	129	0.192876	0.807124
Pip	132	Pip	130	0.526915	0.473085
Pip	132	Pip	131	0.844360	0.155640
Pip	132	Pip	133	0.788290	0.211710
Pip	133	Bly	1	-0.869146	1.869146
Pip	133	Bly	2	0.046840	0.953160
Pip	133	Bly	3	0.563563	0.436437
Pip	133	Bly	4	0.511593	0.488407
Pip	133	Bly	5	0.408366	0.591634
Pip	133	Bly	6	-0.869146	1.869146
Pip	133	Bly	7	0.614618	0.385382
Pip	133	Bly	8	-0.634769	1.634769
Pip	133	Bly	9	0.610531	0.389469
Pip	133	Bly	10	0.746680	0.253320
Pip	133	Bly	11	0.705845	0.294155
Pip	133	Bly	12	0.652206	0.347794
Pip	133	Bly	13	-0.030076	1.030076
Pip	133	Bly	14	0.684171	0.315829
Pip	133	Bly	15	0.408313	0.591687
Pip	133	Bly	16	0.488304	0.511696
Pip	133	Bly	17	0.687487	0.312513
Pip	133	Bly	18	0.465042	0.534958
Pip	133	Bly	19	-0.047318	1.047318
Pip	133	Bly	20	0.007814	0.992186
Pip	133	Bly	21	0.194925	0.805075
Pip	133	Bly	22	-0.869146	1.869146
Pip	133	Bly	23	0.572466	0.427534
Pip	133	Bly	24	0.524542	0.475458
Pip	133	Bly	25	0.034673	0.965327
Pip	133	Bly	26	0.683840	0.316160
Pip	133	Bly	27	0.542755	0.457245
Pip	133	Bly	28	0.075212	0.924788
Pip	133	Bly	29	0.453924	0.546076
Pip	133	Bly	30	0.558752	0.441248
Pip	133	Bly	31	0.688485	0.311515
Pip	133	Bly	32	0.291307	0.708693
Pip	133	Bly	33	-0.022331	1.022331
Pip	133	Bre	34	0.524240	0.475760
Pip	133	Bre	35	0.650604	0.349396
Pip	133	Bre	36	-0.812129	1.812129
Pip	133	Bre	37	0.612367	0.387633
Pip	133	Bre	38	0.512850	0.487150
Pip	133	Bre	39	0.613665	0.386335
Pip	133	Bre	40	0.100982	0.899018
Pip	133	Bre	41	0.585901	0.414099
Pip	133	Bre	42	0.559036	0.440964
Pip	133	Bre	43	-0.562589	1.562589
Pip	133	Bre	44	0.677044	0.322956
Pip	133	Bre	45	0.611518	0.388482
Pip	133	Bre	46	0.734051	0.265949
Pip	133	Bre	47	0.661975	0.338025
Pip	133	Bre	48	0.674691	0.325309
Pip	133	Bre	49	0.426128	0.573872
Pip	133	Bre	50	0.469680	0.530320
Pip	133	Bre	51	0.742080	0.257920
Pip	133	Bre	52	0.574821	0.425179
Pip	133	Bre	53	0.718083	0.281917
Pip	133	Bre	54	0.653625	0.346375
Pip	133	Bre	55	0.443497	0.556503
Pip	133	Bre	56	-0.910209	1.910209
Pip	133	Bre	57	0.600697	0.399303
Pip	133	Bre	58	0.445354	0.554646
Pip	133	Bre	59	0.533833	0.466167
Pip	133	Bre	60	0.463430	0.536570
Pip	133	Bre	61	0.651667	0.348333
Pip	133	Bre	62	0.625345	0.374655
Pip	133	Bre	63	0.485187	0.514813
Pip	133	Bre	64	0.669301	0.330699
Pip	133	Bre	65	0.699161	0.300839
Pip	133	Bre	66	0.650490	0.349510
Pip	133	Ivo	67	0.349551	0.650449
Pip	133	Ivo	68	0.658568	0.341432
Pip	133	Ivo	69	0.071443	0.928557
Pip	133	Ivo	70	0.458319	0.541681
Pip	133	Ivo	71	0.343230	0.656770
Pip	133	Ivo	72	0.608972	0.391028
Pip	133	Ivo	73	0.432754	0.567246
Pip	133	Ivo	74	0.676326	0.323674
Pip	133	Ivo	75	0.555769	0.444231
Pip	133	Ivo	76	0.429806	0.570194
Pip	133	Ivo	77	0.511953	0.488047
Pip	133	Ivo	78	0.572760	0.427240
Pip	133	Ivo	79	0.345299	0.654701
Pip	133	Ivo	80	0.008264	0.991736
Pip	133	Ivo	81	0.609257	0.390743
Pip	133	Ivo	82	0.609038	0.390962
Pip	133	Ivo	83	0.513282	0.486718
Pip	133	Ivo	84	0.671558	0.328442
Pip	133	Ivo	85	0.392779	0.607221
Pip	133	Ivo	86	0.693906	0.306094
Pip	133	Ivo	87	0.355160	0.644840
Pip	133	Ivo	88	0.569465	0.430535
Pip	133	Ivo	89	0.414646	0.585354
Pip	133	Ivo	90	0.482701	0.517299
Pip	133	Ivo	91	0.512858	0.487142
Pip	133	Ivo	92	0.304827	0.695173
Pip	133	Ivo	93	0.249736	0.750264
Pip	133	Ivo	94	0.290339	0.709661
Pip	133	Ivo	95	0.542565	0.457435
Pip	133	Ivo	96	0.459998	0.540002
Pip	133	Ivo	97	0.139312	0.860688
Pip	133	Pip	98	0.697361	0.302639
Pip	133	Pip	99	0.414796	0.585204
Pip	133	Pip	100	0.401345	0.598655
Pip	133	Pip	101	0.731022	0.268978
Pip	133	Pip	102	0.363423	0.636577
Pip	133	Pip	103	0.821240	0.178760
Pip	133	Pip	104	0.543250	0.456750
Pip	133	Pip	105	0.833552	0.166448
Pip	133	Pip	106	0.666737	0.333263
Pip	133	Pip	107	-0.023876	1.023876
Pip	133	Pip	108	-0.869146	1.869146
Pip	133	Pip	109	0.690842	0.309158
Pip	133	Pip	110	0.541704	0.458296
Pip	133	Pip	111	0.593825	0.406175
Pip	133	Pip	112	0.704632	0.295368
Pip	133	Pip	113	0.791718	0.208282
Pip	133	Pip	114	0.475084	0.524916
Pip	133	Pip	115	-0.264340	1.264340
Pip	133	Pip	116	0.659204	0.340796
Pip	133	Pip	117	0.260505	0.739495
Pip	133	Pip	118	0.615908	0.384092
Pip	133	Pip	119	0.261746	0.738254
Pip	133	Pip	120	-0.175835	1.175835
Pip	133	Pip	121	0.723245	0.276755
Pip	133	Pip	122	-0.103783	1.103783
Pip	133	Pip	123	0.947058	0.052942
Pip	133	Pip	124	-0.869146	1.869146
Pip	133	Pip	125	0.714215	0.285785
Pip	133	Pip	126	0.696285	0.303715
Pip	133	Pip	127	0.801015	0.198985
Pip	133	Pip	128	0.629336	0.370664
Pip	133	Pip	129	0.178704	0.821296
Pip	133	Pip	130	0.477460	0.522540
Pip	133	Pip	131	0.794906	0.205094
Pip	133	Pip	132	0.788290	0.211710

 