Resampled statistics with samplesize : 10000
Actual value of FST:	  0.0914
FST
 -0.0134622
 -0.0130697
 -0.0126175
 -0.0125027
 -0.0124515
 -0.0124270
 -0.0123558
 -0.0123080
 -0.0122234
 -0.0121897
 -0.0121679
 -0.0120910
 -0.0119710
 -0.0119313
 -0.0119030
 -0.0118870
 -0.0117291
 -0.0116023
 -0.0115131
 -0.0114895
 -0.0114773
 -0.0114676
 -0.0114657
 -0.0114549
 -0.0114204
 -0.0114137
 -0.0113992
 -0.0113885
 -0.0113628
 -0.0113590
 -0.0113451
 -0.0113292
 -0.0113193
 -0.0113148
 -0.0112755
 -0.0112686
 -0.0112374
 -0.0112114
 -0.0111875
 -0.0111805
 -0.0111770
 -0.0111559
 -0.0111192
 -0.0111059
 -0.0111004
 -0.0110490
 -0.0110485
 -0.0110439
 -0.0110323
 -0.0110284
 -0.0110230
 -0.0110094
 -0.0110049
 -0.0109916
 -0.0109906
 -0.0109858
 -0.0109684
 -0.0109636
 -0.0109630
 -0.0109456
 -0.0109335
 -0.0109301
 -0.0109289
 -0.0109238
 -0.0109107
 -0.0108755
 -0.0108515
 -0.0108479
 -0.0108363
 -0.0108320
 -0.0108191
 -0.0108127
 -0.0108116
 -0.0107796
 -0.0107696
 -0.0107653
 -0.0107566
 -0.0107522
 -0.0107452
 -0.0107417
 -0.0107408
 -0.0107336
 -0.0107315
 -0.0107167
 -0.0107084
 -0.0107011
 -0.0106812
 -0.0106444
 -0.0106361
 -0.0106322
 -0.0106290
 -0.0106226
 -0.0106210
 -0.0106205
 -0.0106100
 -0.0105992
 -0.0105969
 -0.0105914
 -0.0105901
 -0.0105893
 -0.0105853
 -0.0105236
 -0.0105192
 -0.0105156
 -0.0104952
 -0.0104898
 -0.0104852
 -0.0104796
 -0.0104784
 -0.0104555
 -0.0104467
 -0.0104422
 -0.0104390
 -0.0104285
 -0.0104245
 -0.0104223
 -0.0104177
 -0.0104042
 -0.0104008
 -0.0103981
 -0.0103932
 -0.0103868
 -0.0103793
 -0.0103793
 -0.0103698
 -0.0103641
 -0.0103566
 -0.0103482
 -0.0103481
 -0.0103372
 -0.0103322
 -0.0103319
 -0.0103200
 -0.0103070
 -0.0102972
 -0.0102946
 -0.0102942
 -0.0102843
 -0.0102824
 -0.0102715
 -0.0102612
 -0.0102552
 -0.0102533
 -0.0102477
 -0.0102344
 -0.0102233
 -0.0102210
 -0.0102074
 -0.0102030
 -0.0101999
 -0.0101962
 -0.0101915
 -0.0101850
 -0.0101835
 -0.0101729
 -0.0101672
 -0.0101671
 -0.0101515
 -0.0101352
 -0.0101073
 -0.0100854
 -0.0100850
 -0.0100787
 -0.0100673
 -0.0100664
 -0.0100660
 -0.0100655
 -0.0100635
 -0.0100571
 -0.0100517
 -0.0100384
 -0.0100362
 -0.0100332
 -0.0100328
 -0.0100310
 -0.0100290
 -0.0100150
 -0.0099934
 -0.0099905
 -0.0099734
 -0.0099677
 -0.0099473
 -0.0099411
 -0.0099396
 -0.0099366
 -0.0099232
 -0.0099214
 -0.0099167
 -0.0099082
 -0.0099009
 -0.0098906
 -0.0098871
 -0.0098767
 -0.0098685
 -0.0098671
 -0.0098622
 -0.0098608
 -0.0098506
 -0.0098414
 -0.0098402
 -0.0098376
 -0.0098340
 -0.0098315
 -0.0098307
 -0.0098289
 -0.0098288
 -0.0098284
 -0.0098203
 -0.0098190
 -0.0098180
 -0.0098135
 -0.0098116
 -0.0098111
 -0.0098107
 -0.0098047
 -0.0097911
 -0.0097806
 -0.0097679
 -0.0097625
 -0.0097621
 -0.0097607
 -0.0097591
 -0.0097528
 -0.0097522
 -0.0097484
 -0.0097408
 -0.0097389
 -0.0097363
 -0.0097346
 -0.0097345
 -0.0097282
 -0.0097274
 -0.0097271
 -0.0097213
 -0.0097173
 -0.0097135
 -0.0097106
 -0.0097094
 -0.0097070
 -0.0097062
 -0.0096997
 -0.0096969
 -0.0096958
 -0.0096919
 -0.0096868
 -0.0096863
 -0.0096808
 -0.0096716
 -0.0096671
 -0.0096639
 -0.0096622
 -0.0096521
 -0.0096510
 -0.0096506
 -0.0096476
 -0.0096473
 -0.0096403
 -0.0096366
 -0.0096351
 -0.0096329
 -0.0096165
 -0.0096124
 -0.0096000
 -0.0095993
 -0.0095908
 -0.0095882
 -0.0095739
 -0.0095705
 -0.0095674
 -0.0095655
 -0.0095634
 -0.0095553
 -0.0095528
 -0.0095488
 -0.0095422
 -0.0095381
 -0.0095296
 -0.0095187
 -0.0095149
 -0.0095069
 -0.0094974
 -0.0094972
 -0.0094915
 -0.0094873
 -0.0094845
 -0.0094821
 -0.0094767
 -0.0094747
 -0.0094719
 -0.0094713
 -0.0094695
 -0.0094686
 -0.0094670
 -0.0094664
 -0.0094653
 -0.0094621
 -0.0094596
 -0.0094578
 -0.0094541
 -0.0094496
 -0.0094409
 -0.0094399
 -0.0094215
 -0.0094170
 -0.0094134
 -0.0094067
 -0.0094019
 -0.0093998
 -0.0093985
 -0.0093960
 -0.0093957
 -0.0093947
 -0.0093939
 -0.0093931
 -0.0093830
 -0.0093763
 -0.0093718
 -0.0093702
 -0.0093640
 -0.0093622
 -0.0093611
 -0.0093502
 -0.0093350
 -0.0093304
 -0.0093280
 -0.0093131
 -0.0093130
 -0.0093075
 -0.0093018
 -0.0092986
 -0.0092979
 -0.0092960
 -0.0092936
 -0.0092933
 -0.0092907
 -0.0092853
 -0.0092814
 -0.0092813
 -0.0092766
 -0.0092673
 -0.0092624
 -0.0092552
 -0.0092490
 -0.0092471
 -0.0092427
 -0.0092383
 -0.0092327
 -0.0092294
 -0.0092261
 -0.0092203
 -0.0092203
 -0.0092180
 -0.0092129
 -0.0092101
 -0.0092078
 -0.0091925
 -0.0091920
 -0.0091867
 -0.0091792
 -0.0091640
 -0.0091606
 -0.0091592
 -0.0091561
 -0.0091505
 -0.0091496
 -0.0091484
 -0.0091433
 -0.0091431
 -0.0091410
 -0.0091370
 -0.0091357
 -0.0091356
 -0.0091335
 -0.0091256
 -0.0091225
 -0.0091209
 -0.0091171
 -0.0091125
 -0.0091082
 -0.0091046
 -0.0090999
 -0.0090963
 -0.0090953
 -0.0090911
 -0.0090865
 -0.0090864
 -0.0090857
 -0.0090797
 -0.0090777
 -0.0090768
 -0.0090747
 -0.0090722
 -0.0090660
 -0.0090648
 -0.0090646
 -0.0090622
 -0.0090521
 -0.0090480
 -0.0090477
 -0.0090457
 -0.0090405
 -0.0090399
 -0.0090367
 -0.0090330
 -0.0090196
 -0.0090174
 -0.0090124
 -0.0090093
 -0.0090043
 -0.0090028
 -0.0089985
 -0.0089939
 -0.0089898
 -0.0089860
 -0.0089841
 -0.0089798
 -0.0089797
 -0.0089764
 -0.0089649
 -0.0089640
 -0.0089598
 -0.0089537
 -0.0089492
 -0.0089435
 -0.0089371
 -0.0089368
 -0.0089289
 -0.0089286
 -0.0089251
 -0.0089166
 -0.0089162
 -0.0089145
 -0.0089138
 -0.0089122
 -0.0089036
 -0.0089023
 -0.0089012
 -0.0088988
 -0.0088963
 -0.0088903
 -0.0088851
 -0.0088817
 -0.0088816
 -0.0088605
 -0.0088603
 -0.0088486
 -0.0088409
 -0.0088401
 -0.0088401
 -0.0088391
 -0.0088344
 -0.0088344
 -0.0088318
 -0.0088311
 -0.0088257
 -0.0088226
 -0.0088192
 -0.0088176
 -0.0088172
 -0.0088136
 -0.0088092
 -0.0088085
 -0.0088080
 -0.0088062
 -0.0088041
 -0.0088039
 -0.0087936
 -0.0087835
 -0.0087832
 -0.0087802
 -0.0087799
 -0.0087733
 -0.0087719
 -0.0087712
 -0.0087697
 -0.0087646
 -0.0087638
 -0.0087522
 -0.0087514
 -0.0087499
 -0.0087497
 -0.0087373
 -0.0087300
 -0.0087251
 -0.0087245
 -0.0087244
 -0.0087239
 -0.0087200
 -0.0087199
 -0.0087187
 -0.0087178
 -0.0087128
 -0.0087016
 -0.0086973
 -0.0086971
 -0.0086907
 -0.0086899
 -0.0086841
 -0.0086820
 -0.0086815
 -0.0086810
 -0.0086774
 -0.0086757
 -0.0086749
 -0.0086712
 -0.0086645
 -0.0086632
 -0.0086586
 -0.0086574
 -0.0086519
 -0.0086440
 -0.0086369
 -0.0086361
 -0.0086327
 -0.0086315
 -0.0086253
 -0.0086247
 -0.0086239
 -0.0086202
 -0.0086191
 -0.0086128
 -0.0086128
 -0.0086102
 -0.0086023
 -0.0086016
 -0.0085981
 -0.0085953
 -0.0085887
 -0.0085743
 -0.0085683
 -0.0085660
 -0.0085599
 -0.0085524
 -0.0085519
 -0.0085455
 -0.0085436
 -0.0085374
 -0.0085361
 -0.0085303
 -0.0085269
 -0.0085267
 -0.0085247
 -0.0085226
 -0.0085215
 -0.0085168
 -0.0085107
 -0.0085086
 -0.0085054
 -0.0085015
 -0.0084890
 -0.0084797
 -0.0084745
 -0.0084732
 -0.0084625
 -0.0084584
 -0.0084555
 -0.0084530
 -0.0084493
 -0.0084477
 -0.0084429
 -0.0084408
 -0.0084357
 -0.0084349
 -0.0084341
 -0.0084293
 -0.0084278
 -0.0084257
 -0.0084255
 -0.0084250
 -0.0084245
 -0.0084242
 -0.0084242
 -0.0084182
 -0.0084176
 -0.0084167
 -0.0084163
 -0.0084127
 -0.0084123
 -0.0084104
 -0.0084088
 -0.0084019
 -0.0083980
 -0.0083904
 -0.0083866
 -0.0083829
 -0.0083798
 -0.0083764
 -0.0083739
 -0.0083719
 -0.0083612
 -0.0083597
 -0.0083564
 -0.0083534
 -0.0083472
 -0.0083441
 -0.0083435
 -0.0083414
 -0.0083394
 -0.0083376
 -0.0083341
 -0.0083319
 -0.0083300
 -0.0083260
 -0.0083227
 -0.0083204
 -0.0083186
 -0.0083170
 -0.0083159
 -0.0083130
 -0.0083127
 -0.0083126
 -0.0083085
 -0.0083067
 -0.0083050
 -0.0083003
 -0.0082963
 -0.0082908
 -0.0082907
 -0.0082903
 -0.0082834
 -0.0082778
 -0.0082753
 -0.0082746
 -0.0082742
 -0.0082737
 -0.0082725
 -0.0082698
 -0.0082684
 -0.0082648
 -0.0082630
 -0.0082578
 -0.0082559
 -0.0082529
 -0.0082498
 -0.0082496
 -0.0082415
 -0.0082412
 -0.0082411
 -0.0082393
 -0.0082363
 -0.0082350
 -0.0082346
 -0.0082341
 -0.0082339
 -0.0082337
 -0.0082327
 -0.0082276
 -0.0082257
 -0.0082231
 -0.0082200
 -0.0082103
 -0.0082097
 -0.0082060
 -0.0082032
 -0.0082027
 -0.0081957
 -0.0081952
 -0.0081945
 -0.0081908
 -0.0081892
 -0.0081866
 -0.0081798
 -0.0081776
 -0.0081771
 -0.0081660
 -0.0081646
 -0.0081588
 -0.0081579
 -0.0081548
 -0.0081540
 -0.0081515
 -0.0081508
 -0.0081497
 -0.0081473
 -0.0081434
 -0.0081381
 -0.0081368
 -0.0081363
 -0.0081359
 -0.0081302
 -0.0081272
 -0.0081262
 -0.0081242
 -0.0081204
 -0.0081171
 -0.0081144
 -0.0081136
 -0.0081126
 -0.0081094
 -0.0081086
 -0.0081084
 -0.0081062
 -0.0081042
 -0.0081041
 -0.0081012
 -0.0081003
 -0.0080977
 -0.0080976
 -0.0080973
 -0.0080958
 -0.0080957
 -0.0080953
 -0.0080953
 -0.0080947
 -0.0080944
 -0.0080938
 -0.0080927
 -0.0080898
 -0.0080866
 -0.0080843
 -0.0080829
 -0.0080808
 -0.0080793
 -0.0080647
 -0.0080623
 -0.0080618
 -0.0080529
 -0.0080522
 -0.0080506
 -0.0080506
 -0.0080433
 -0.0080420
 -0.0080417
 -0.0080406
 -0.0080389
 -0.0080353
 -0.0080332
 -0.0080322
 -0.0080261
 -0.0080234
 -0.0080221
 -0.0080219
 -0.0080174
 -0.0080158
 -0.0080155
 -0.0080141
 -0.0080139
 -0.0080131
 -0.0080099
 -0.0080092
 -0.0080065
 -0.0080021
 -0.0080021
 -0.0079948
 -0.0079910
 -0.0079902
 -0.0079889
 -0.0079799
 -0.0079785
 -0.0079784
 -0.0079758
 -0.0079730
 -0.0079694
 -0.0079691
 -0.0079675
 -0.0079654
 -0.0079631
 -0.0079623
 -0.0079606
 -0.0079581
 -0.0079572
 -0.0079547
 -0.0079527
 -0.0079504
 -0.0079490
 -0.0079425
 -0.0079410
 -0.0079401
 -0.0079394
 -0.0079385
 -0.0079371
 -0.0079319
 -0.0079270
 -0.0079265
 -0.0079261
 -0.0079248
 -0.0079238
 -0.0079213
 -0.0079194
 -0.0079181
 -0.0079165
 -0.0079155
 -0.0079126
 -0.0079126
 -0.0079125
 -0.0079115
 -0.0079097
 -0.0079068
 -0.0079067
 -0.0079043
 -0.0079034
 -0.0079019
 -0.0078989
 -0.0078975
 -0.0078945
 -0.0078875
 -0.0078849
 -0.0078842
 -0.0078822
 -0.0078718
 -0.0078713
 -0.0078694
 -0.0078682
 -0.0078672
 -0.0078582
 -0.0078514
 -0.0078513
 -0.0078512
 -0.0078497
 -0.0078367
 -0.0078341
 -0.0078336
 -0.0078315
 -0.0078295
 -0.0078249
 -0.0078217
 -0.0078119
 -0.0078118
 -0.0078078
 -0.0078064
 -0.0078051
 -0.0078033
 -0.0078031
 -0.0078007
 -0.0077998
 -0.0077972
 -0.0077971
 -0.0077956
 -0.0077944
 -0.0077921
 -0.0077913
 -0.0077869
 -0.0077822
 -0.0077818
 -0.0077813
 -0.0077722
 -0.0077671
 -0.0077633
 -0.0077631
 -0.0077596
 -0.0077590
 -0.0077583
 -0.0077576
 -0.0077563
 -0.0077528
 -0.0077520
 -0.0077503
 -0.0077486
 -0.0077467
 -0.0077433
 -0.0077399
 -0.0077366
 -0.0077358
 -0.0077314
 -0.0077307
 -0.0077298
 -0.0077266
 -0.0077261
 -0.0077256
 -0.0077229
 -0.0077190
 -0.0077140
 -0.0077118
 -0.0077067
 -0.0077055
 -0.0077043
 -0.0077031
 -0.0077030
 -0.0076959
 -0.0076958
 -0.0076944
 -0.0076929
 -0.0076927
 -0.0076909
 -0.0076850
 -0.0076845
 -0.0076838
 -0.0076817
 -0.0076817
 -0.0076777
 -0.0076744
 -0.0076717
 -0.0076694
 -0.0076662
 -0.0076652
 -0.0076633
 -0.0076628
 -0.0076611
 -0.0076541
 -0.0076540
 -0.0076536
 -0.0076527
 -0.0076447
 -0.0076396
 -0.0076382
 -0.0076362
 -0.0076347
 -0.0076292
 -0.0076278
 -0.0076233
 -0.0076214
 -0.0076123
 -0.0076044
 -0.0075993
 -0.0075970
 -0.0075962
 -0.0075923
 -0.0075912
 -0.0075878
 -0.0075868
 -0.0075864
 -0.0075854
 -0.0075812
 -0.0075759
 -0.0075720
 -0.0075716
 -0.0075713
 -0.0075671
 -0.0075663
 -0.0075637
 -0.0075622
 -0.0075615
 -0.0075603
 -0.0075594
 -0.0075581
 -0.0075565
 -0.0075564
 -0.0075551
 -0.0075526
 -0.0075524
 -0.0075522
 -0.0075498
 -0.0075457
 -0.0075448
 -0.0075409
 -0.0075408
 -0.0075394
 -0.0075371
 -0.0075351
 -0.0075340
 -0.0075337
 -0.0075299
 -0.0075278
 -0.0075267
 -0.0075259
 -0.0075166
 -0.0075157
 -0.0075145
 -0.0075120
 -0.0075106
 -0.0075094
 -0.0074997
 -0.0074958
 -0.0074958
 -0.0074883
 -0.0074846
 -0.0074842
 -0.0074832
 -0.0074809
 -0.0074800
 -0.0074731
 -0.0074724
 -0.0074713
 -0.0074690
 -0.0074662
 -0.0074617
 -0.0074613
 -0.0074566
 -0.0074542
 -0.0074492
 -0.0074488
 -0.0074483
 -0.0074460
 -0.0074431
 -0.0074403
 -0.0074398
 -0.0074389
 -0.0074377
 -0.0074361
 -0.0074358
 -0.0074355
 -0.0074326
 -0.0074323
 -0.0074315
 -0.0074226
 -0.0074202
 -0.0074193
 -0.0074187
 -0.0074174
 -0.0074147
 -0.0074104
 -0.0074095
 -0.0074011
 -0.0073984
 -0.0073973
 -0.0073923
 -0.0073880
 -0.0073875
 -0.0073873
 -0.0073861
 -0.0073821
 -0.0073761
 -0.0073751
 -0.0073707
 -0.0073690
 -0.0073655
 -0.0073643
 -0.0073619
 -0.0073608
 -0.0073604
 -0.0073600
 -0.0073599
 -0.0073587
 -0.0073545
 -0.0073523
 -0.0073514
 -0.0073509
 -0.0073504
 -0.0073500
 -0.0073490
 -0.0073457
 -0.0073446
 -0.0073441
 -0.0073421
 -0.0073409
 -0.0073407
 -0.0073401
 -0.0073371
 -0.0073362
 -0.0073351
 -0.0073339
 -0.0073339
 -0.0073331
 -0.0073320
 -0.0073316
 -0.0073285
 -0.0073267
 -0.0073225
 -0.0073217
 -0.0073196
 -0.0073194
 -0.0073191
 -0.0073119
 -0.0073091
 -0.0073016
 -0.0072998
 -0.0072971
 -0.0072941
 -0.0072901
 -0.0072887
 -0.0072862
 -0.0072814
 -0.0072781
 -0.0072755
 -0.0072698
 -0.0072617
 -0.0072578
 -0.0072521
 -0.0072495
 -0.0072470
 -0.0072463
 -0.0072436
 -0.0072429
 -0.0072420
 -0.0072358
 -0.0072323
 -0.0072321
 -0.0072310
 -0.0072304
 -0.0072268
 -0.0072182
 -0.0072178
 -0.0072127
 -0.0072035
 -0.0072034
 -0.0072031
 -0.0072026
 -0.0072009
 -0.0072006
 -0.0071981
 -0.0071957
 -0.0071937
 -0.0071904
 -0.0071885
 -0.0071828
 -0.0071828
 -0.0071806
 -0.0071784
 -0.0071752
 -0.0071702
 -0.0071665
 -0.0071630
 -0.0071605
 -0.0071603
 -0.0071569
 -0.0071560
 -0.0071558
 -0.0071507
 -0.0071432
 -0.0071425
 -0.0071394
 -0.0071387
 -0.0071375
 -0.0071368
 -0.0071363
 -0.0071347
 -0.0071318
 -0.0071318
 -0.0071311
 -0.0071256
 -0.0071252
 -0.0071244
 -0.0071240
 -0.0071211
 -0.0071207
 -0.0071206
 -0.0071189
 -0.0071160
 -0.0071106
 -0.0071090
 -0.0071073
 -0.0071072
 -0.0071067
 -0.0071008
 -0.0071003
 -0.0070982
 -0.0070958
 -0.0070935
 -0.0070918
 -0.0070907
 -0.0070889
 -0.0070817
 -0.0070790
 -0.0070762
 -0.0070736
 -0.0070691
 -0.0070674
 -0.0070658
 -0.0070632
 -0.0070616
 -0.0070598
 -0.0070544
 -0.0070508
 -0.0070507
 -0.0070406
 -0.0070356
 -0.0070288
 -0.0070285
 -0.0070199
 -0.0070183
 -0.0070144
 -0.0070141
 -0.0070134
 -0.0070132
 -0.0070104
 -0.0070092
 -0.0070079
 -0.0070078
 -0.0070056
 -0.0070033
 -0.0070007
 -0.0069970
 -0.0069938
 -0.0069910
 -0.0069872
 -0.0069869
 -0.0069860
 -0.0069794
 -0.0069789
 -0.0069786
 -0.0069760
 -0.0069749
 -0.0069749
 -0.0069744
 -0.0069730
 -0.0069650
 -0.0069649
 -0.0069602
 -0.0069596
 -0.0069534
 -0.0069515
 -0.0069502
 -0.0069500
 -0.0069488
 -0.0069479
 -0.0069420
 -0.0069390
 -0.0069381
 -0.0069364
 -0.0069319
 -0.0069316
 -0.0069288
 -0.0069279
 -0.0069274
 -0.0069260
 -0.0069222
 -0.0069220
 -0.0069202
 -0.0069182
 -0.0069131
 -0.0069115
 -0.0069109
 -0.0069107
 -0.0069021
 -0.0069020
 -0.0069016
 -0.0068965
 -0.0068948
 -0.0068912
 -0.0068899
 -0.0068878
 -0.0068847
 -0.0068823
 -0.0068805
 -0.0068792
 -0.0068788
 -0.0068696
 -0.0068684
 -0.0068679
 -0.0068539
 -0.0068494
 -0.0068460
 -0.0068413
 -0.0068404
 -0.0068392
 -0.0068359
 -0.0068355
 -0.0068345
 -0.0068316
 -0.0068291
 -0.0068256
 -0.0068196
 -0.0068190
 -0.0068185
 -0.0068177
 -0.0068147
 -0.0068063
 -0.0068050
 -0.0068042
 -0.0068025
 -0.0068010
 -0.0068001
 -0.0067954
 -0.0067926
 -0.0067889
 -0.0067889
 -0.0067857
 -0.0067856
 -0.0067835
 -0.0067831
 -0.0067831
 -0.0067797
 -0.0067786
 -0.0067724
 -0.0067722
 -0.0067717
 -0.0067706
 -0.0067705
 -0.0067656
 -0.0067640
 -0.0067638
 -0.0067629
 -0.0067588
 -0.0067569
 -0.0067567
 -0.0067567
 -0.0067561
 -0.0067555
 -0.0067538
 -0.0067416
 -0.0067412
 -0.0067364
 -0.0067362
 -0.0067350
 -0.0067348
 -0.0067316
 -0.0067284
 -0.0067247
 -0.0067241
 -0.0067239
 -0.0067221
 -0.0067190
 -0.0067164
 -0.0067159
 -0.0067133
 -0.0067034
 -0.0067008
 -0.0067000
 -0.0066981
 -0.0066970
 -0.0066966
 -0.0066930
 -0.0066898
 -0.0066897
 -0.0066884
 -0.0066837
 -0.0066756
 -0.0066715
 -0.0066687
 -0.0066665
 -0.0066657
 -0.0066653
 -0.0066610
 -0.0066591
 -0.0066549
 -0.0066541
 -0.0066533
 -0.0066521
 -0.0066502
 -0.0066450
 -0.0066398
 -0.0066392
 -0.0066370
 -0.0066362
 -0.0066283
 -0.0066277
 -0.0066234
 -0.0066232
 -0.0066209
 -0.0066185
 -0.0066150
 -0.0066150
 -0.0066128
 -0.0066075
 -0.0066069
 -0.0066020
 -0.0066008
 -0.0066006
 -0.0065971
 -0.0065947
 -0.0065940
 -0.0065908
 -0.0065887
 -0.0065850
 -0.0065762
 -0.0065759
 -0.0065744
 -0.0065721
 -0.0065690
 -0.0065678
 -0.0065662
 -0.0065643
 -0.0065611
 -0.0065600
 -0.0065584
 -0.0065539
 -0.0065504
 -0.0065452
 -0.0065438
 -0.0065435
 -0.0065404
 -0.0065325
 -0.0065323
 -0.0065316
 -0.0065276
 -0.0065258
 -0.0065239
 -0.0065236
 -0.0065103
 -0.0065091
 -0.0065077
 -0.0065066
 -0.0065027
 -0.0065015
 -0.0064991
 -0.0064959
 -0.0064956
 -0.0064947
 -0.0064928
 -0.0064927
 -0.0064921
 -0.0064914
 -0.0064904
 -0.0064887
 -0.0064878
 -0.0064846
 -0.0064829
 -0.0064809
 -0.0064780
 -0.0064721
 -0.0064713
 -0.0064708
 -0.0064673
 -0.0064669
 -0.0064641
 -0.0064639
 -0.0064628
 -0.0064603
 -0.0064565
 -0.0064557
 -0.0064555
 -0.0064552
 -0.0064539
 -0.0064529
 -0.0064511
 -0.0064511
 -0.0064506
 -0.0064494
 -0.0064482
 -0.0064425
 -0.0064411
 -0.0064411
 -0.0064392
 -0.0064380
 -0.0064366
 -0.0064335
 -0.0064296
 -0.0064220
 -0.0064116
 -0.0064095
 -0.0064078
 -0.0064058
 -0.0064055
 -0.0064023
 -0.0063999
 -0.0063986
 -0.0063974
 -0.0063968
 -0.0063952
 -0.0063937
 -0.0063919
 -0.0063855
 -0.0063791
 -0.0063736
 -0.0063710
 -0.0063700
 -0.0063648
 -0.0063626
 -0.0063622
 -0.0063595
 -0.0063592
 -0.0063588
 -0.0063571
 -0.0063564
 -0.0063562
 -0.0063531
 -0.0063512
 -0.0063505
 -0.0063497
 -0.0063484
 -0.0063483
 -0.0063472
 -0.0063460
 -0.0063459
 -0.0063442
 -0.0063403
 -0.0063395
 -0.0063389
 -0.0063389
 -0.0063386
 -0.0063327
 -0.0063231
 -0.0063231
 -0.0063224
 -0.0063205
 -0.0063165
 -0.0063159
 -0.0063139
 -0.0063120
 -0.0063119
 -0.0063114
 -0.0063110
 -0.0063092
 -0.0063082
 -0.0063058
 -0.0063032
 -0.0063020
 -0.0062993
 -0.0062989
 -0.0062975
 -0.0062968
 -0.0062959
 -0.0062914
 -0.0062884
 -0.0062870
 -0.0062861
 -0.0062840
 -0.0062823
 -0.0062809
 -0.0062791
 -0.0062788
 -0.0062784
 -0.0062768
 -0.0062729
 -0.0062701
 -0.0062700
 -0.0062667
 -0.0062658
 -0.0062628
 -0.0062585
 -0.0062581
 -0.0062569
 -0.0062563
 -0.0062497
 -0.0062492
 -0.0062468
 -0.0062463
 -0.0062423
 -0.0062400
 -0.0062395
 -0.0062374
 -0.0062372
 -0.0062340
 -0.0062339
 -0.0062337
 -0.0062316
 -0.0062309
 -0.0062286
 -0.0062218
 -0.0062176
 -0.0062128
 -0.0062093
 -0.0062090
 -0.0062043
 -0.0062024
 -0.0061992
 -0.0061911
 -0.0061868
 -0.0061838
 -0.0061820
 -0.0061819
 -0.0061813
 -0.0061804
 -0.0061778
 -0.0061762
 -0.0061746
 -0.0061738
 -0.0061710
 -0.0061674
 -0.0061655
 -0.0061625
 -0.0061606
 -0.0061588
 -0.0061586
 -0.0061580
 -0.0061572
 -0.0061540
 -0.0061533
 -0.0061508
 -0.0061495
 -0.0061465
 -0.0061460
 -0.0061451
 -0.0061445
 -0.0061424
 -0.0061401
 -0.0061372
 -0.0061249
 -0.0061201
 -0.0061196
 -0.0061173
 -0.0061165
 -0.0061136
 -0.0061088
 -0.0061084
 -0.0061042
 -0.0061010
 -0.0061003
 -0.0060985
 -0.0060931
 -0.0060918
 -0.0060916
 -0.0060913
 -0.0060877
 -0.0060828
 -0.0060815
 -0.0060780
 -0.0060717
 -0.0060715
 -0.0060714
 -0.0060689
 -0.0060655
 -0.0060636
 -0.0060554
 -0.0060546
 -0.0060491
 -0.0060489
 -0.0060484
 -0.0060471
 -0.0060453
 -0.0060410
 -0.0060384
 -0.0060376
 -0.0060356
 -0.0060309
 -0.0060300
 -0.0060287
 -0.0060283
 -0.0060274
 -0.0060264
 -0.0060244
 -0.0060223
 -0.0060199
 -0.0060182
 -0.0060179
 -0.0060169
 -0.0060160
 -0.0060160
 -0.0060159
 -0.0060143
 -0.0060137
 -0.0060108
 -0.0060106
 -0.0060090
 -0.0060055
 -0.0060022
 -0.0060001
 -0.0059993
 -0.0059992
 -0.0059981
 -0.0059965
 -0.0059938
 -0.0059928
 -0.0059905
 -0.0059868
 -0.0059842
 -0.0059827
 -0.0059816
 -0.0059798
 -0.0059798
 -0.0059791
 -0.0059789
 -0.0059757
 -0.0059737
 -0.0059710
 -0.0059678
 -0.0059667
 -0.0059662
 -0.0059639
 -0.0059608
 -0.0059598
 -0.0059565
 -0.0059563
 -0.0059559
 -0.0059546
 -0.0059538
 -0.0059529
 -0.0059502
 -0.0059498
 -0.0059486
 -0.0059485
 -0.0059484
 -0.0059438
 -0.0059417
 -0.0059377
 -0.0059352
 -0.0059334
 -0.0059322
 -0.0059306
 -0.0059266
 -0.0059260
 -0.0059229
 -0.0059229
 -0.0059229
 -0.0059190
 -0.0059136
 -0.0059116
 -0.0059100
 -0.0059090
 -0.0059055
 -0.0059049
 -0.0059019
 -0.0058998
 -0.0058994
 -0.0058994
 -0.0058984
 -0.0058981
 -0.0058977
 -0.0058972
 -0.0058970
 -0.0058967
 -0.0058959
 -0.0058958
 -0.0058945
 -0.0058889
 -0.0058877
 -0.0058870
 -0.0058861
 -0.0058850
 -0.0058829
 -0.0058811
 -0.0058795
 -0.0058794
 -0.0058787
 -0.0058784
 -0.0058759
 -0.0058756
 -0.0058737
 -0.0058725
 -0.0058718
 -0.0058677
 -0.0058609
 -0.0058527
 -0.0058477
 -0.0058460
 -0.0058424
 -0.0058415
 -0.0058411
 -0.0058385
 -0.0058379
 -0.0058370
 -0.0058341
 -0.0058304
 -0.0058298
 -0.0058292
 -0.0058286
 -0.0058281
 -0.0058277
 -0.0058269
 -0.0058243
 -0.0058174
 -0.0058164
 -0.0058126
 -0.0058119
 -0.0058114
 -0.0058050
 -0.0058032
 -0.0058029
 -0.0058004
 -0.0057962
 -0.0057954
 -0.0057918
 -0.0057892
 -0.0057839
 -0.0057835
 -0.0057794
 -0.0057758
 -0.0057746
 -0.0057734
 -0.0057733
 -0.0057719
 -0.0057702
 -0.0057689
 -0.0057687
 -0.0057655
 -0.0057644
 -0.0057625
 -0.0057624
 -0.0057619
 -0.0057613
 -0.0057612
 -0.0057579
 -0.0057571
 -0.0057567
 -0.0057564
 -0.0057562
 -0.0057527
 -0.0057513
 -0.0057486
 -0.0057448
 -0.0057426
 -0.0057424
 -0.0057411
 -0.0057407
 -0.0057392
 -0.0057390
 -0.0057351
 -0.0057333
 -0.0057326
 -0.0057306
 -0.0057299
 -0.0057233
 -0.0057205
 -0.0057197
 -0.0057081
 -0.0057067
 -0.0057049
 -0.0057017
 -0.0057009
 -0.0057000
 -0.0056950
 -0.0056944
 -0.0056901
 -0.0056881
 -0.0056870
 -0.0056832
 -0.0056800
 -0.0056783
 -0.0056783
 -0.0056744
 -0.0056741
 -0.0056729
 -0.0056705
 -0.0056700
 -0.0056687
 -0.0056686
 -0.0056686
 -0.0056673
 -0.0056671
 -0.0056635
 -0.0056635
 -0.0056633
 -0.0056630
 -0.0056599
 -0.0056599
 -0.0056598
 -0.0056594
 -0.0056577
 -0.0056576
 -0.0056568
 -0.0056558
 -0.0056538
 -0.0056522
 -0.0056513
 -0.0056490
 -0.0056487
 -0.0056431
 -0.0056402
 -0.0056378
 -0.0056318
 -0.0056289
 -0.0056270
 -0.0056237
 -0.0056195
 -0.0056133
 -0.0056072
 -0.0056060
 -0.0056034
 -0.0056021
 -0.0056013
 -0.0055992
 -0.0055976
 -0.0055976
 -0.0055972
 -0.0055959
 -0.0055940
 -0.0055931
 -0.0055913
 -0.0055911
 -0.0055906
 -0.0055904
 -0.0055857
 -0.0055854
 -0.0055839
 -0.0055788
 -0.0055769
 -0.0055764
 -0.0055754
 -0.0055753
 -0.0055746
 -0.0055618
 -0.0055540
 -0.0055513
 -0.0055497
 -0.0055479
 -0.0055467
 -0.0055457
 -0.0055444
 -0.0055414
 -0.0055390
 -0.0055370
 -0.0055349
 -0.0055335
 -0.0055325
 -0.0055300
 -0.0055298
 -0.0055298
 -0.0055298
 -0.0055295
 -0.0055285
 -0.0055248
 -0.0055184
 -0.0055159
 -0.0055147
 -0.0055136
 -0.0055123
 -0.0055100
 -0.0055055
 -0.0055055
 -0.0054997
 -0.0054978
 -0.0054969
 -0.0054947
 -0.0054943
 -0.0054889
 -0.0054887
 -0.0054882
 -0.0054849
 -0.0054830
 -0.0054822
 -0.0054769
 -0.0054766
 -0.0054759
 -0.0054754
 -0.0054751
 -0.0054749
 -0.0054721
 -0.0054713
 -0.0054683
 -0.0054677
 -0.0054644
 -0.0054627
 -0.0054614
 -0.0054538
 -0.0054530
 -0.0054525
 -0.0054514
 -0.0054501
 -0.0054489
 -0.0054481
 -0.0054481
 -0.0054463
 -0.0054451
 -0.0054428
 -0.0054408
 -0.0054394
 -0.0054393
 -0.0054392
 -0.0054389
 -0.0054376
 -0.0054349
 -0.0054341
 -0.0054339
 -0.0054330
 -0.0054325
 -0.0054316
 -0.0054278
 -0.0054242
 -0.0054220
 -0.0054217
 -0.0054198
 -0.0054192
 -0.0054154
 -0.0054103
 -0.0054102
 -0.0054065
 -0.0054013
 -0.0053935
 -0.0053934
 -0.0053923
 -0.0053913
 -0.0053903
 -0.0053889
 -0.0053864
 -0.0053856
 -0.0053838
 -0.0053831
 -0.0053831
 -0.0053797
 -0.0053712
 -0.0053686
 -0.0053677
 -0.0053656
 -0.0053631
 -0.0053628
 -0.0053603
 -0.0053527
 -0.0053522
 -0.0053501
 -0.0053497
 -0.0053479
 -0.0053470
 -0.0053434
 -0.0053408
 -0.0053382
 -0.0053368
 -0.0053363
 -0.0053361
 -0.0053361
 -0.0053343
 -0.0053325
 -0.0053288
 -0.0053271
 -0.0053269
 -0.0053255
 -0.0053175
 -0.0053141
 -0.0053139
 -0.0053108
 -0.0053092
 -0.0053074
 -0.0053047
 -0.0052973
 -0.0052971
 -0.0052937
 -0.0052924
 -0.0052919
 -0.0052917
 -0.0052874
 -0.0052860
 -0.0052857
 -0.0052829
 -0.0052823
 -0.0052802
 -0.0052765
 -0.0052753
 -0.0052744
 -0.0052682
 -0.0052660
 -0.0052653
 -0.0052630
 -0.0052626
 -0.0052621
 -0.0052613
 -0.0052610
 -0.0052603
 -0.0052600
 -0.0052582
 -0.0052579
 -0.0052553
 -0.0052542
 -0.0052535
 -0.0052509
 -0.0052506
 -0.0052476
 -0.0052459
 -0.0052431
 -0.0052387
 -0.0052361
 -0.0052361
 -0.0052340
 -0.0052339
 -0.0052329
 -0.0052326
 -0.0052326
 -0.0052317
 -0.0052295
 -0.0052288
 -0.0052286
 -0.0052260
 -0.0052249
 -0.0052248
 -0.0052244
 -0.0052212
 -0.0052209
 -0.0052197
 -0.0052193
 -0.0052182
 -0.0052173
 -0.0052172
 -0.0052134
 -0.0052121
 -0.0052103
 -0.0052079
 -0.0052073
 -0.0052073
 -0.0052072
 -0.0052061
 -0.0052059
 -0.0052059
 -0.0052044
 -0.0051985
 -0.0051975
 -0.0051972
 -0.0051964
 -0.0051955
 -0.0051944
 -0.0051943
 -0.0051911
 -0.0051898
 -0.0051896
 -0.0051888
 -0.0051888
 -0.0051856
 -0.0051848
 -0.0051844
 -0.0051786
 -0.0051777
 -0.0051774
 -0.0051696
 -0.0051679
 -0.0051630
 -0.0051628
 -0.0051603
 -0.0051593
 -0.0051591
 -0.0051591
 -0.0051581
 -0.0051579
 -0.0051564
 -0.0051544
 -0.0051506
 -0.0051494
 -0.0051491
 -0.0051450
 -0.0051438
 -0.0051435
 -0.0051390
 -0.0051368
 -0.0051366
 -0.0051347
 -0.0051335
 -0.0051323
 -0.0051262
 -0.0051262
 -0.0051253
 -0.0051219
 -0.0051172
 -0.0051171
 -0.0051162
 -0.0051144
 -0.0051132
 -0.0051129
 -0.0051126
 -0.0051126
 -0.0051124
 -0.0051121
 -0.0051072
 -0.0051064
 -0.0051064
 -0.0051059
 -0.0051048
 -0.0051015
 -0.0050972
 -0.0050966
 -0.0050949
 -0.0050943
 -0.0050825
 -0.0050815
 -0.0050778
 -0.0050760
 -0.0050748
 -0.0050747
 -0.0050730
 -0.0050671
 -0.0050610
 -0.0050600
 -0.0050562
 -0.0050558
 -0.0050552
 -0.0050543
 -0.0050527
 -0.0050479
 -0.0050449
 -0.0050448
 -0.0050441
 -0.0050419
 -0.0050394
 -0.0050354
 -0.0050342
 -0.0050317
 -0.0050315
 -0.0050294
 -0.0050282
 -0.0050245
 -0.0050237
 -0.0050233
 -0.0050188
 -0.0050183
 -0.0050145
 -0.0050137
 -0.0050093
 -0.0050088
 -0.0050064
 -0.0050034
 -0.0050002
 -0.0049963
 -0.0049958
 -0.0049946
 -0.0049942
 -0.0049921
 -0.0049916
 -0.0049912
 -0.0049874
 -0.0049869
 -0.0049847
 -0.0049831
 -0.0049811
 -0.0049786
 -0.0049772
 -0.0049739
 -0.0049727
 -0.0049667
 -0.0049666
 -0.0049647
 -0.0049614
 -0.0049607
 -0.0049602
 -0.0049601
 -0.0049589
 -0.0049501
 -0.0049482
 -0.0049462
 -0.0049454
 -0.0049432
 -0.0049387
 -0.0049376
 -0.0049373
 -0.0049337
 -0.0049312
 -0.0049306
 -0.0049296
 -0.0049287
 -0.0049265
 -0.0049229
 -0.0049228
 -0.0049224
 -0.0049200
 -0.0049176
 -0.0049176
 -0.0049175
 -0.0049154
 -0.0049125
 -0.0049110
 -0.0049103
 -0.0049026
 -0.0049012
 -0.0048994
 -0.0048993
 -0.0048988
 -0.0048973
 -0.0048960
 -0.0048940
 -0.0048929
 -0.0048925
 -0.0048904
 -0.0048888
 -0.0048835
 -0.0048824
 -0.0048806
 -0.0048776
 -0.0048705
 -0.0048695
 -0.0048681
 -0.0048652
 -0.0048603
 -0.0048591
 -0.0048557
 -0.0048539
 -0.0048536
 -0.0048518
 -0.0048477
 -0.0048450
 -0.0048441
 -0.0048416
 -0.0048398
 -0.0048390
 -0.0048386
 -0.0048370
 -0.0048360
 -0.0048317
 -0.0048286
 -0.0048269
 -0.0048248
 -0.0048229
 -0.0048209
 -0.0048149
 -0.0048120
 -0.0048106
 -0.0048085
 -0.0048057
 -0.0048051
 -0.0048050
 -0.0048033
 -0.0048022
 -0.0047990
 -0.0047942
 -0.0047928
 -0.0047900
 -0.0047876
 -0.0047815
 -0.0047777
 -0.0047771
 -0.0047715
 -0.0047713
 -0.0047708
 -0.0047661
 -0.0047645
 -0.0047608
 -0.0047581
 -0.0047530
 -0.0047419
 -0.0047378
 -0.0047348
 -0.0047284
 -0.0047258
 -0.0047250
 -0.0047231
 -0.0047197
 -0.0047188
 -0.0047187
 -0.0047175
 -0.0047144
 -0.0047134
 -0.0047119
 -0.0047111
 -0.0047089
 -0.0047033
 -0.0047029
 -0.0046957
 -0.0046922
 -0.0046915
 -0.0046893
 -0.0046888
 -0.0046882
 -0.0046878
 -0.0046822
 -0.0046806
 -0.0046787
 -0.0046786
 -0.0046785
 -0.0046779
 -0.0046769
 -0.0046751
 -0.0046736
 -0.0046736
 -0.0046670
 -0.0046635
 -0.0046628
 -0.0046568
 -0.0046561
 -0.0046553
 -0.0046512
 -0.0046474
 -0.0046445
 -0.0046443
 -0.0046422
 -0.0046419
 -0.0046404
 -0.0046385
 -0.0046371
 -0.0046333
 -0.0046309
 -0.0046297
 -0.0046291
 -0.0046278
 -0.0046205
 -0.0046166
 -0.0046142
 -0.0046141
 -0.0046120
 -0.0046115
 -0.0046076
 -0.0046050
 -0.0046039
 -0.0046002
 -0.0045975
 -0.0045938
 -0.0045882
 -0.0045877
 -0.0045868
 -0.0045861
 -0.0045856
 -0.0045838
 -0.0045832
 -0.0045815
 -0.0045796
 -0.0045779
 -0.0045773
 -0.0045759
 -0.0045757
 -0.0045752
 -0.0045723
 -0.0045721
 -0.0045719
 -0.0045685
 -0.0045670
 -0.0045653
 -0.0045650
 -0.0045593
 -0.0045589
 -0.0045574
 -0.0045569
 -0.0045567
 -0.0045543
 -0.0045541
 -0.0045526
 -0.0045514
 -0.0045510
 -0.0045507
 -0.0045505
 -0.0045501
 -0.0045489
 -0.0045477
 -0.0045412
 -0.0045398
 -0.0045343
 -0.0045280
 -0.0045271
 -0.0045233
 -0.0045231
 -0.0045212
 -0.0045202
 -0.0045195
 -0.0045135
 -0.0045033
 -0.0045000
 -0.0044985
 -0.0044976
 -0.0044970
 -0.0044961
 -0.0044954
 -0.0044930
 -0.0044919
 -0.0044919
 -0.0044905
 -0.0044902
 -0.0044880
 -0.0044864
 -0.0044862
 -0.0044832
 -0.0044814
 -0.0044813
 -0.0044723
 -0.0044717
 -0.0044706
 -0.0044679
 -0.0044671
 -0.0044670
 -0.0044641
 -0.0044588
 -0.0044573
 -0.0044558
 -0.0044550
 -0.0044521
 -0.0044494
 -0.0044491
 -0.0044482
 -0.0044475
 -0.0044467
 -0.0044460
 -0.0044431
 -0.0044415
 -0.0044363
 -0.0044244
 -0.0044226
 -0.0044221
 -0.0044186
 -0.0044184
 -0.0044174
 -0.0044160
 -0.0044137
 -0.0044134
 -0.0044126
 -0.0044115
 -0.0044112
 -0.0044108
 -0.0044101
 -0.0044034
 -0.0044025
 -0.0044015
 -0.0044006
 -0.0043998
 -0.0043989
 -0.0043978
 -0.0043976
 -0.0043976
 -0.0043975
 -0.0043966
 -0.0043949
 -0.0043946
 -0.0043931
 -0.0043912
 -0.0043879
 -0.0043862
 -0.0043850
 -0.0043819
 -0.0043779
 -0.0043729
 -0.0043694
 -0.0043657
 -0.0043651
 -0.0043639
 -0.0043630
 -0.0043622
 -0.0043620
 -0.0043535
 -0.0043514
 -0.0043509
 -0.0043473
 -0.0043445
 -0.0043442
 -0.0043390
 -0.0043376
 -0.0043364
 -0.0043357
 -0.0043350
 -0.0043335
 -0.0043311
 -0.0043311
 -0.0043309
 -0.0043289
 -0.0043289
 -0.0043284
 -0.0043266
 -0.0043209
 -0.0043181
 -0.0043175
 -0.0043165
 -0.0043150
 -0.0043129
 -0.0043125
 -0.0043110
 -0.0043055
 -0.0043051
 -0.0042975
 -0.0042961
 -0.0042953
 -0.0042940
 -0.0042925
 -0.0042900
 -0.0042831
 -0.0042804
 -0.0042797
 -0.0042778
 -0.0042777
 -0.0042758
 -0.0042737
 -0.0042708
 -0.0042707
 -0.0042706
 -0.0042706
 -0.0042649
 -0.0042596
 -0.0042534
 -0.0042530
 -0.0042525
 -0.0042521
 -0.0042515
 -0.0042501
 -0.0042495
 -0.0042402
 -0.0042336
 -0.0042320
 -0.0042297
 -0.0042257
 -0.0042246
 -0.0042232
 -0.0042221
 -0.0042190
 -0.0042183
 -0.0042145
 -0.0042141
 -0.0042118
 -0.0042111
 -0.0042090
 -0.0042087
 -0.0042058
 -0.0042037
 -0.0042030
 -0.0042020
 -0.0042015
 -0.0042013
 -0.0041978
 -0.0041943
 -0.0041937
 -0.0041916
 -0.0041898
 -0.0041897
 -0.0041855
 -0.0041852
 -0.0041824
 -0.0041820
 -0.0041819
 -0.0041802
 -0.0041791
 -0.0041763
 -0.0041762
 -0.0041745
 -0.0041708
 -0.0041684
 -0.0041556
 -0.0041552
 -0.0041526
 -0.0041507
 -0.0041488
 -0.0041488
 -0.0041467
 -0.0041466
 -0.0041459
 -0.0041440
 -0.0041411
 -0.0041384
 -0.0041351
 -0.0041337
 -0.0041335
 -0.0041324
 -0.0041321
 -0.0041292
 -0.0041262
 -0.0041252
 -0.0041242
 -0.0041180
 -0.0041176
 -0.0041173
 -0.0041150
 -0.0041148
 -0.0041143
 -0.0041121
 -0.0041112
 -0.0041099
 -0.0041084
 -0.0041041
 -0.0041017
 -0.0040988
 -0.0040984
 -0.0040979
 -0.0040979
 -0.0040967
 -0.0040965
 -0.0040940
 -0.0040886
 -0.0040862
 -0.0040853
 -0.0040839
 -0.0040813
 -0.0040811
 -0.0040781
 -0.0040766
 -0.0040726
 -0.0040721
 -0.0040715
 -0.0040675
 -0.0040539
 -0.0040486
 -0.0040473
 -0.0040461
 -0.0040460
 -0.0040452
 -0.0040448
 -0.0040433
 -0.0040405
 -0.0040387
 -0.0040349
 -0.0040329
 -0.0040313
 -0.0040294
 -0.0040278
 -0.0040269
 -0.0040262
 -0.0040243
 -0.0040242
 -0.0040181
 -0.0040168
 -0.0040165
 -0.0040139
 -0.0040114
 -0.0040079
 -0.0040051
 -0.0040034
 -0.0040011
 -0.0040008
 -0.0040004
 -0.0040002
 -0.0039989
 -0.0039985
 -0.0039966
 -0.0039932
 -0.0039932
 -0.0039918
 -0.0039917
 -0.0039900
 -0.0039898
 -0.0039895
 -0.0039883
 -0.0039834
 -0.0039831
 -0.0039815
 -0.0039773
 -0.0039769
 -0.0039747
 -0.0039745
 -0.0039739
 -0.0039720
 -0.0039715
 -0.0039683
 -0.0039683
 -0.0039676
 -0.0039662
 -0.0039630
 -0.0039630
 -0.0039573
 -0.0039572
 -0.0039560
 -0.0039521
 -0.0039519
 -0.0039500
 -0.0039485
 -0.0039448
 -0.0039443
 -0.0039443
 -0.0039400
 -0.0039363
 -0.0039362
 -0.0039356
 -0.0039330
 -0.0039325
 -0.0039314
 -0.0039288
 -0.0039245
 -0.0039231
 -0.0039219
 -0.0039215
 -0.0039193
 -0.0039138
 -0.0039122
 -0.0039082
 -0.0039062
 -0.0039043
 -0.0039035
 -0.0039028
 -0.0039019
 -0.0038995
 -0.0038993
 -0.0038971
 -0.0038951
 -0.0038938
 -0.0038870
 -0.0038853
 -0.0038808
 -0.0038757
 -0.0038743
 -0.0038739
 -0.0038728
 -0.0038707
 -0.0038672
 -0.0038667
 -0.0038649
 -0.0038648
 -0.0038628
 -0.0038598
 -0.0038560
 -0.0038548
 -0.0038518
 -0.0038508
 -0.0038503
 -0.0038493
 -0.0038480
 -0.0038477
 -0.0038466
 -0.0038401
 -0.0038357
 -0.0038349
 -0.0038349
 -0.0038331
 -0.0038325
 -0.0038312
 -0.0038308
 -0.0038279
 -0.0038246
 -0.0038209
 -0.0038197
 -0.0038195
 -0.0038189
 -0.0038189
 -0.0038184
 -0.0038176
 -0.0038173
 -0.0038156
 -0.0038141
 -0.0038139
 -0.0038130
 -0.0038084
 -0.0038082
 -0.0038074
 -0.0038013
 -0.0037974
 -0.0037968
 -0.0037954
 -0.0037949
 -0.0037909
 -0.0037909
 -0.0037906
 -0.0037904
 -0.0037891
 -0.0037886
 -0.0037677
 -0.0037668
 -0.0037660
 -0.0037625
 -0.0037592
 -0.0037586
 -0.0037580
 -0.0037574
 -0.0037572
 -0.0037572
 -0.0037547
 -0.0037536
 -0.0037530
 -0.0037487
 -0.0037478
 -0.0037431
 -0.0037428
 -0.0037411
 -0.0037394
 -0.0037352
 -0.0037331
 -0.0037297
 -0.0037289
 -0.0037281
 -0.0037274
 -0.0037240
 -0.0037231
 -0.0037203
 -0.0037188
 -0.0037187
 -0.0037184
 -0.0037173
 -0.0037148
 -0.0037138
 -0.0037138
 -0.0037120
 -0.0037119
 -0.0037117
 -0.0037082
 -0.0037075
 -0.0037020
 -0.0036979
 -0.0036907
 -0.0036906
 -0.0036876
 -0.0036861
 -0.0036860
 -0.0036852
 -0.0036849
 -0.0036825
 -0.0036776
 -0.0036772
 -0.0036718
 -0.0036662
 -0.0036615
 -0.0036604
 -0.0036578
 -0.0036577
 -0.0036575
 -0.0036574
 -0.0036564
 -0.0036553
 -0.0036470
 -0.0036467
 -0.0036442
 -0.0036417
 -0.0036398
 -0.0036370
 -0.0036355
 -0.0036351
 -0.0036325
 -0.0036312
 -0.0036262
 -0.0036244
 -0.0036213
 -0.0036169
 -0.0036154
 -0.0036101
 -0.0036092
 -0.0036059
 -0.0036044
 -0.0035970
 -0.0035967
 -0.0035958
 -0.0035957
 -0.0035941
 -0.0035933
 -0.0035891
 -0.0035887
 -0.0035869
 -0.0035844
 -0.0035843
 -0.0035825
 -0.0035797
 -0.0035788
 -0.0035764
 -0.0035747
 -0.0035741
 -0.0035714
 -0.0035698
 -0.0035677
 -0.0035668
 -0.0035650
 -0.0035635
 -0.0035635
 -0.0035629
 -0.0035615
 -0.0035589
 -0.0035555
 -0.0035552
 -0.0035540
 -0.0035537
 -0.0035533
 -0.0035493
 -0.0035470
 -0.0035456
 -0.0035430
 -0.0035414
 -0.0035408
 -0.0035390
 -0.0035390
 -0.0035299
 -0.0035290
 -0.0035287
 -0.0035287
 -0.0035284
 -0.0035225
 -0.0035186
 -0.0035178
 -0.0035148
 -0.0035143
 -0.0035127
 -0.0035099
 -0.0035089
 -0.0035086
 -0.0034997
 -0.0034940
 -0.0034885
 -0.0034869
 -0.0034868
 -0.0034856
 -0.0034840
 -0.0034807
 -0.0034769
 -0.0034762
 -0.0034761
 -0.0034759
 -0.0034751
 -0.0034731
 -0.0034674
 -0.0034652
 -0.0034636
 -0.0034633
 -0.0034623
 -0.0034604
 -0.0034565
 -0.0034550
 -0.0034521
 -0.0034511
 -0.0034503
 -0.0034472
 -0.0034397
 -0.0034389
 -0.0034371
 -0.0034329
 -0.0034302
 -0.0034293
 -0.0034266
 -0.0034259
 -0.0034257
 -0.0034224
 -0.0034221
 -0.0034197
 -0.0034182
 -0.0034180
 -0.0034158
 -0.0034136
 -0.0034092
 -0.0034054
 -0.0034004
 -0.0033955
 -0.0033904
 -0.0033895
 -0.0033887
 -0.0033868
 -0.0033850
 -0.0033840
 -0.0033807
 -0.0033798
 -0.0033796
 -0.0033796
 -0.0033796
 -0.0033791
 -0.0033773
 -0.0033722
 -0.0033706
 -0.0033646
 -0.0033618
 -0.0033610
 -0.0033586
 -0.0033564
 -0.0033561
 -0.0033550
 -0.0033547
 -0.0033531
 -0.0033498
 -0.0033462
 -0.0033462
 -0.0033428
 -0.0033385
 -0.0033380
 -0.0033367
 -0.0033332
 -0.0033295
 -0.0033290
 -0.0033266
 -0.0033251
 -0.0033243
 -0.0033240
 -0.0033232
 -0.0033196
 -0.0033182
 -0.0033175
 -0.0033160
 -0.0033142
 -0.0033117
 -0.0033068
 -0.0033045
 -0.0033011
 -0.0033007
 -0.0033004
 -0.0032997
 -0.0032994
 -0.0032958
 -0.0032939
 -0.0032938
 -0.0032935
 -0.0032934
 -0.0032928
 -0.0032928
 -0.0032840
 -0.0032840
 -0.0032828
 -0.0032825
 -0.0032810
 -0.0032805
 -0.0032804
 -0.0032795
 -0.0032750
 -0.0032742
 -0.0032740
 -0.0032682
 -0.0032679
 -0.0032658
 -0.0032657
 -0.0032657
 -0.0032654
 -0.0032632
 -0.0032613
 -0.0032607
 -0.0032561
 -0.0032515
 -0.0032507
 -0.0032500
 -0.0032456
 -0.0032451
 -0.0032434
 -0.0032430
 -0.0032414
 -0.0032400
 -0.0032398
 -0.0032388
 -0.0032368
 -0.0032327
 -0.0032302
 -0.0032293
 -0.0032276
 -0.0032267
 -0.0032266
 -0.0032263
 -0.0032253
 -0.0032208
 -0.0032137
 -0.0032103
 -0.0032072
 -0.0032065
 -0.0032006
 -0.0032006
 -0.0031972
 -0.0031968
 -0.0031952
 -0.0031894
 -0.0031871
 -0.0031825
 -0.0031824
 -0.0031810
 -0.0031803
 -0.0031803
 -0.0031771
 -0.0031756
 -0.0031733
 -0.0031723
 -0.0031716
 -0.0031704
 -0.0031701
 -0.0031695
 -0.0031690
 -0.0031684
 -0.0031652
 -0.0031628
 -0.0031572
 -0.0031548
 -0.0031538
 -0.0031530
 -0.0031526
 -0.0031491
 -0.0031456
 -0.0031455
 -0.0031397
 -0.0031389
 -0.0031374
 -0.0031372
 -0.0031369
 -0.0031361
 -0.0031353
 -0.0031343
 -0.0031330
 -0.0031306
 -0.0031302
 -0.0031298
 -0.0031280
 -0.0031270
 -0.0031268
 -0.0031253
 -0.0031240
 -0.0031240
 -0.0031217
 -0.0031151
 -0.0031123
 -0.0031105
 -0.0031097
 -0.0031083
 -0.0031078
 -0.0031075
 -0.0031067
 -0.0031053
 -0.0031030
 -0.0031028
 -0.0030977
 -0.0030960
 -0.0030954
 -0.0030930
 -0.0030922
 -0.0030892
 -0.0030878
 -0.0030858
 -0.0030848
 -0.0030824
 -0.0030817
 -0.0030816
 -0.0030811
 -0.0030800
 -0.0030794
 -0.0030794
 -0.0030784
 -0.0030780
 -0.0030733
 -0.0030722
 -0.0030715
 -0.0030691
 -0.0030662
 -0.0030574
 -0.0030521
 -0.0030484
 -0.0030470
 -0.0030467
 -0.0030449
 -0.0030422
 -0.0030414
 -0.0030389
 -0.0030349
 -0.0030335
 -0.0030326
 -0.0030281
 -0.0030278
 -0.0030266
 -0.0030257
 -0.0030215
 -0.0030214
 -0.0030212
 -0.0030189
 -0.0030156
 -0.0030143
 -0.0030097
 -0.0030097
 -0.0030046
 -0.0030044
 -0.0030021
 -0.0029973
 -0.0029936
 -0.0029921
 -0.0029909
 -0.0029905
 -0.0029898
 -0.0029895
 -0.0029886
 -0.0029871
 -0.0029817
 -0.0029776
 -0.0029764
 -0.0029741
 -0.0029738
 -0.0029730
 -0.0029720
 -0.0029720
 -0.0029717
 -0.0029707
 -0.0029706
 -0.0029692
 -0.0029688
 -0.0029686
 -0.0029670
 -0.0029654
 -0.0029646
 -0.0029634
 -0.0029623
 -0.0029622
 -0.0029619
 -0.0029606
 -0.0029574
 -0.0029571
 -0.0029556
 -0.0029526
 -0.0029521
 -0.0029478
 -0.0029445
 -0.0029437
 -0.0029433
 -0.0029418
 -0.0029384
 -0.0029340
 -0.0029336
 -0.0029300
 -0.0029287
 -0.0029278
 -0.0029251
 -0.0029247
 -0.0029240
 -0.0029237
 -0.0029206
 -0.0029200
 -0.0029200
 -0.0029170
 -0.0029157
 -0.0029127
 -0.0029102
 -0.0029075
 -0.0029074
 -0.0029056
 -0.0029043
 -0.0029027
 -0.0028994
 -0.0028974
 -0.0028966
 -0.0028953
 -0.0028951
 -0.0028948
 -0.0028940
 -0.0028935
 -0.0028928
 -0.0028920
 -0.0028918
 -0.0028895
 -0.0028891
 -0.0028866
 -0.0028860
 -0.0028851
 -0.0028827
 -0.0028825
 -0.0028824
 -0.0028819
 -0.0028812
 -0.0028807
 -0.0028802
 -0.0028696
 -0.0028695
 -0.0028659
 -0.0028645
 -0.0028637
 -0.0028623
 -0.0028607
 -0.0028542
 -0.0028519
 -0.0028510
 -0.0028468
 -0.0028405
 -0.0028391
 -0.0028379
 -0.0028370
 -0.0028256
 -0.0028254
 -0.0028236
 -0.0028232
 -0.0028222
 -0.0028220
 -0.0028210
 -0.0028209
 -0.0028172
 -0.0028154
 -0.0028152
 -0.0028151
 -0.0028143
 -0.0028134
 -0.0028107
 -0.0028099
 -0.0028092
 -0.0028051
 -0.0028040
 -0.0028007
 -0.0027960
 -0.0027948
 -0.0027892
 -0.0027882
 -0.0027838
 -0.0027835
 -0.0027824
 -0.0027819
 -0.0027806
 -0.0027804
 -0.0027803
 -0.0027791
 -0.0027771
 -0.0027769
 -0.0027766
 -0.0027722
 -0.0027720
 -0.0027719
 -0.0027711
 -0.0027689
 -0.0027682
 -0.0027674
 -0.0027669
 -0.0027667
 -0.0027646
 -0.0027620
 -0.0027598
 -0.0027583
 -0.0027578
 -0.0027525
 -0.0027520
 -0.0027461
 -0.0027459
 -0.0027440
 -0.0027431
 -0.0027431
 -0.0027367
 -0.0027366
 -0.0027356
 -0.0027335
 -0.0027322
 -0.0027286
 -0.0027254
 -0.0027221
 -0.0027220
 -0.0027190
 -0.0027185
 -0.0027131
 -0.0027090
 -0.0027084
 -0.0027068
 -0.0027064
 -0.0027057
 -0.0027037
 -0.0027024
 -0.0026976
 -0.0026952
 -0.0026911
 -0.0026909
 -0.0026904
 -0.0026901
 -0.0026885
 -0.0026878
 -0.0026869
 -0.0026860
 -0.0026840
 -0.0026818
 -0.0026777
 -0.0026773
 -0.0026759
 -0.0026718
 -0.0026691
 -0.0026664
 -0.0026653
 -0.0026653
 -0.0026644
 -0.0026640
 -0.0026603
 -0.0026590
 -0.0026565
 -0.0026558
 -0.0026549
 -0.0026547
 -0.0026479
 -0.0026451
 -0.0026375
 -0.0026339
 -0.0026319
 -0.0026301
 -0.0026298
 -0.0026287
 -0.0026249
 -0.0026235
 -0.0026233
 -0.0026211
 -0.0026210
 -0.0026209
 -0.0026195
 -0.0026174
 -0.0026143
 -0.0026093
 -0.0026079
 -0.0026069
 -0.0026066
 -0.0026063
 -0.0026050
 -0.0025999
 -0.0025995
 -0.0025993
 -0.0025927
 -0.0025887
 -0.0025886
 -0.0025839
 -0.0025838
 -0.0025786
 -0.0025781
 -0.0025777
 -0.0025775
 -0.0025759
 -0.0025759
 -0.0025734
 -0.0025708
 -0.0025699
 -0.0025697
 -0.0025693
 -0.0025678
 -0.0025640
 -0.0025627
 -0.0025621
 -0.0025598
 -0.0025582
 -0.0025575
 -0.0025553
 -0.0025538
 -0.0025526
 -0.0025521
 -0.0025515
 -0.0025513
 -0.0025505
 -0.0025503
 -0.0025482
 -0.0025451
 -0.0025430
 -0.0025429
 -0.0025406
 -0.0025384
 -0.0025359
 -0.0025299
 -0.0025287
 -0.0025280
 -0.0025247
 -0.0025246
 -0.0025179
 -0.0025136
 -0.0025032
 -0.0025014
 -0.0024962
 -0.0024958
 -0.0024913
 -0.0024902
 -0.0024899
 -0.0024897
 -0.0024880
 -0.0024874
 -0.0024850
 -0.0024840
 -0.0024802
 -0.0024796
 -0.0024777
 -0.0024776
 -0.0024748
 -0.0024717
 -0.0024689
 -0.0024648
 -0.0024577
 -0.0024536
 -0.0024536
 -0.0024526
 -0.0024525
 -0.0024515
 -0.0024509
 -0.0024490
 -0.0024443
 -0.0024433
 -0.0024414
 -0.0024371
 -0.0024362
 -0.0024352
 -0.0024302
 -0.0024290
 -0.0024252
 -0.0024235
 -0.0024226
 -0.0024197
 -0.0024183
 -0.0024159
 -0.0024137
 -0.0024116
 -0.0024056
 -0.0024029
 -0.0024012
 -0.0023995
 -0.0023982
 -0.0023966
 -0.0023965
 -0.0023953
 -0.0023937
 -0.0023875
 -0.0023869
 -0.0023868
 -0.0023865
 -0.0023860
 -0.0023833
 -0.0023830
 -0.0023804
 -0.0023789
 -0.0023781
 -0.0023746
 -0.0023724
 -0.0023707
 -0.0023700
 -0.0023645
 -0.0023602
 -0.0023601
 -0.0023598
 -0.0023519
 -0.0023508
 -0.0023502
 -0.0023492
 -0.0023467
 -0.0023445
 -0.0023418
 -0.0023381
 -0.0023380
 -0.0023363
 -0.0023350
 -0.0023329
 -0.0023281
 -0.0023257
 -0.0023241
 -0.0023221
 -0.0023200
 -0.0023194
 -0.0023096
 -0.0023067
 -0.0023047
 -0.0023006
 -0.0022946
 -0.0022927
 -0.0022924
 -0.0022902
 -0.0022900
 -0.0022900
 -0.0022892
 -0.0022886
 -0.0022806
 -0.0022783
 -0.0022782
 -0.0022781
 -0.0022771
 -0.0022761
 -0.0022748
 -0.0022736
 -0.0022717
 -0.0022703
 -0.0022697
 -0.0022687
 -0.0022667
 -0.0022650
 -0.0022623
 -0.0022599
 -0.0022560
 -0.0022535
 -0.0022535
 -0.0022519
 -0.0022482
 -0.0022472
 -0.0022420
 -0.0022353
 -0.0022341
 -0.0022243
 -0.0022236
 -0.0022229
 -0.0022221
 -0.0022215
 -0.0022193
 -0.0022158
 -0.0022145
 -0.0022138
 -0.0022115
 -0.0022091
 -0.0022064
 -0.0022056
 -0.0022048
 -0.0022025
 -0.0021953
 -0.0021942
 -0.0021923
 -0.0021916
 -0.0021901
 -0.0021891
 -0.0021887
 -0.0021834
 -0.0021803
 -0.0021788
 -0.0021781
 -0.0021773
 -0.0021767
 -0.0021764
 -0.0021687
 -0.0021674
 -0.0021673
 -0.0021653
 -0.0021603
 -0.0021602
 -0.0021583
 -0.0021569
 -0.0021558
 -0.0021543
 -0.0021537
 -0.0021533
 -0.0021529
 -0.0021506
 -0.0021484
 -0.0021483
 -0.0021479
 -0.0021444
 -0.0021425
 -0.0021401
 -0.0021389
 -0.0021382
 -0.0021374
 -0.0021364
 -0.0021308
 -0.0021299
 -0.0021293
 -0.0021264
 -0.0021244
 -0.0021217
 -0.0021198
 -0.0021197
 -0.0021197
 -0.0021176
 -0.0021153
 -0.0021130
 -0.0021122
 -0.0021121
 -0.0021118
 -0.0021112
 -0.0021107
 -0.0021101
 -0.0021099
 -0.0021097
 -0.0021093
 -0.0021080
 -0.0021071
 -0.0021047
 -0.0021039
 -0.0021033
 -0.0021005
 -0.0020981
 -0.0020962
 -0.0020961
 -0.0020927
 -0.0020915
 -0.0020914
 -0.0020878
 -0.0020877
 -0.0020839
 -0.0020813
 -0.0020780
 -0.0020773
 -0.0020707
 -0.0020691
 -0.0020690
 -0.0020652
 -0.0020626
 -0.0020621
 -0.0020513
 -0.0020505
 -0.0020483
 -0.0020472
 -0.0020433
 -0.0020405
 -0.0020319
 -0.0020319
 -0.0020318
 -0.0020292
 -0.0020264
 -0.0020229
 -0.0020219
 -0.0020186
 -0.0020118
 -0.0020109
 -0.0020096
 -0.0020085
 -0.0020045
 -0.0019988
 -0.0019933
 -0.0019921
 -0.0019901
 -0.0019893
 -0.0019844
 -0.0019834
 -0.0019820
 -0.0019811
 -0.0019795
 -0.0019790
 -0.0019790
 -0.0019789
 -0.0019750
 -0.0019749
 -0.0019748
 -0.0019744
 -0.0019731
 -0.0019713
 -0.0019699
 -0.0019669
 -0.0019659
 -0.0019655
 -0.0019648
 -0.0019635
 -0.0019500
 -0.0019490
 -0.0019476
 -0.0019474
 -0.0019459
 -0.0019454
 -0.0019426
 -0.0019380
 -0.0019338
 -0.0019332
 -0.0019289
 -0.0019246
 -0.0019222
 -0.0019207
 -0.0019155
 -0.0019152
 -0.0019149
 -0.0019142
 -0.0019065
 -0.0019048
 -0.0019034
 -0.0019026
 -0.0018995
 -0.0018991
 -0.0018987
 -0.0018985
 -0.0018976
 -0.0018928
 -0.0018923
 -0.0018884
 -0.0018879
 -0.0018866
 -0.0018850
 -0.0018843
 -0.0018819
 -0.0018814
 -0.0018809
 -0.0018802
 -0.0018799
 -0.0018793
 -0.0018791
 -0.0018774
 -0.0018710
 -0.0018690
 -0.0018682
 -0.0018653
 -0.0018635
 -0.0018589
 -0.0018514
 -0.0018479
 -0.0018454
 -0.0018446
 -0.0018438
 -0.0018420
 -0.0018401
 -0.0018400
 -0.0018395
 -0.0018385
 -0.0018381
 -0.0018329
 -0.0018322
 -0.0018308
 -0.0018307
 -0.0018306
 -0.0018264
 -0.0018231
 -0.0018219
 -0.0018169
 -0.0018114
 -0.0018113
 -0.0018055
 -0.0018031
 -0.0017994
 -0.0017961
 -0.0017946
 -0.0017944
 -0.0017929
 -0.0017906
 -0.0017905
 -0.0017854
 -0.0017851
 -0.0017819
 -0.0017795
 -0.0017760
 -0.0017759
 -0.0017702
 -0.0017699
 -0.0017694
 -0.0017616
 -0.0017539
 -0.0017539
 -0.0017511
 -0.0017503
 -0.0017460
 -0.0017409
 -0.0017376
 -0.0017374
 -0.0017372
 -0.0017341
 -0.0017340
 -0.0017310
 -0.0017302
 -0.0017302
 -0.0017294
 -0.0017281
 -0.0017256
 -0.0017250
 -0.0017235
 -0.0017231
 -0.0017204
 -0.0017197
 -0.0017155
 -0.0017104
 -0.0017070
 -0.0017051
 -0.0016979
 -0.0016975
 -0.0016922
 -0.0016913
 -0.0016895
 -0.0016827
 -0.0016810
 -0.0016804
 -0.0016756
 -0.0016731
 -0.0016730
 -0.0016727
 -0.0016711
 -0.0016685
 -0.0016683
 -0.0016679
 -0.0016666
 -0.0016638
 -0.0016609
 -0.0016568
 -0.0016554
 -0.0016511
 -0.0016510
 -0.0016486
 -0.0016485
 -0.0016440
 -0.0016437
 -0.0016434
 -0.0016418
 -0.0016415
 -0.0016408
 -0.0016401
 -0.0016396
 -0.0016381
 -0.0016367
 -0.0016366
 -0.0016348
 -0.0016342
 -0.0016281
 -0.0016280
 -0.0016267
 -0.0016242
 -0.0016228
 -0.0016225
 -0.0016205
 -0.0016203
 -0.0016180
 -0.0016173
 -0.0016169
 -0.0016111
 -0.0016107
 -0.0016082
 -0.0016077
 -0.0016067
 -0.0015998
 -0.0015979
 -0.0015966
 -0.0015923
 -0.0015899
 -0.0015890
 -0.0015877
 -0.0015859
 -0.0015859
 -0.0015847
 -0.0015836
 -0.0015824
 -0.0015779
 -0.0015753
 -0.0015723
 -0.0015709
 -0.0015681
 -0.0015665
 -0.0015583
 -0.0015581
 -0.0015568
 -0.0015561
 -0.0015555
 -0.0015548
 -0.0015538
 -0.0015533
 -0.0015526
 -0.0015524
 -0.0015492
 -0.0015459
 -0.0015438
 -0.0015432
 -0.0015425
 -0.0015414
 -0.0015400
 -0.0015390
 -0.0015388
 -0.0015358
 -0.0015352
 -0.0015306
 -0.0015298
 -0.0015288
 -0.0015216
 -0.0015189
 -0.0015175
 -0.0015150
 -0.0015144
 -0.0015104
 -0.0015077
 -0.0015056
 -0.0015033
 -0.0015027
 -0.0015012
 -0.0014980
 -0.0014944
 -0.0014908
 -0.0014902
 -0.0014899
 -0.0014899
 -0.0014881
 -0.0014876
 -0.0014857
 -0.0014826
 -0.0014795
 -0.0014733
 -0.0014726
 -0.0014690
 -0.0014689
 -0.0014684
 -0.0014642
 -0.0014638
 -0.0014633
 -0.0014570
 -0.0014555
 -0.0014526
 -0.0014515
 -0.0014512
 -0.0014510
 -0.0014509
 -0.0014463
 -0.0014444
 -0.0014434
 -0.0014391
 -0.0014390
 -0.0014390
 -0.0014389
 -0.0014385
 -0.0014352
 -0.0014290
 -0.0014285
 -0.0014248
 -0.0014237
 -0.0014224
 -0.0014175
 -0.0014155
 -0.0014106
 -0.0014091
 -0.0014085
 -0.0014074
 -0.0014063
 -0.0014058
 -0.0014050
 -0.0014048
 -0.0014020
 -0.0013997
 -0.0013991
 -0.0013986
 -0.0013938
 -0.0013899
 -0.0013894
 -0.0013839
 -0.0013837
 -0.0013817
 -0.0013796
 -0.0013749
 -0.0013727
 -0.0013718
 -0.0013704
 -0.0013700
 -0.0013691
 -0.0013681
 -0.0013621
 -0.0013592
 -0.0013542
 -0.0013484
 -0.0013466
 -0.0013449
 -0.0013448
 -0.0013423
 -0.0013392
 -0.0013381
 -0.0013327
 -0.0013314
 -0.0013313
 -0.0013286
 -0.0013278
 -0.0013253
 -0.0013201
 -0.0013189
 -0.0013177
 -0.0013161
 -0.0013147
 -0.0013139
 -0.0013120
 -0.0013095
 -0.0013071
 -0.0013065
 -0.0013058
 -0.0013042
 -0.0013018
 -0.0013014
 -0.0013006
 -0.0013005
 -0.0012983
 -0.0012981
 -0.0012933
 -0.0012927
 -0.0012897
 -0.0012862
 -0.0012854
 -0.0012794
 -0.0012784
 -0.0012781
 -0.0012765
 -0.0012728
 -0.0012633
 -0.0012632
 -0.0012611
 -0.0012601
 -0.0012571
 -0.0012565
 -0.0012481
 -0.0012449
 -0.0012438
 -0.0012414
 -0.0012401
 -0.0012397
 -0.0012388
 -0.0012375
 -0.0012359
 -0.0012358
 -0.0012348
 -0.0012329
 -0.0012310
 -0.0012301
 -0.0012288
 -0.0012260
 -0.0012199
 -0.0012169
 -0.0012167
 -0.0012134
 -0.0012133
 -0.0012126
 -0.0012110
 -0.0012102
 -0.0012097
 -0.0012091
 -0.0011939
 -0.0011938
 -0.0011928
 -0.0011927
 -0.0011920
 -0.0011897
 -0.0011877
 -0.0011855
 -0.0011831
 -0.0011830
 -0.0011829
 -0.0011814
 -0.0011792
 -0.0011771
 -0.0011717
 -0.0011674
 -0.0011673
 -0.0011661
 -0.0011628
 -0.0011615
 -0.0011612
 -0.0011598
 -0.0011579
 -0.0011579
 -0.0011577
 -0.0011526
 -0.0011525
 -0.0011510
 -0.0011495
 -0.0011474
 -0.0011469
 -0.0011467
 -0.0011456
 -0.0011402
 -0.0011329
 -0.0011313
 -0.0011312
 -0.0011306
 -0.0011280
 -0.0011263
 -0.0011260
 -0.0011256
 -0.0011245
 -0.0011235
 -0.0011229
 -0.0011218
 -0.0011212
 -0.0011194
 -0.0011145
 -0.0011122
 -0.0011117
 -0.0011055
 -0.0011049
 -0.0011044
 -0.0011041
 -0.0011034
 -0.0011028
 -0.0011013
 -0.0010999
 -0.0010968
 -0.0010948
 -0.0010933
 -0.0010923
 -0.0010910
 -0.0010909
 -0.0010906
 -0.0010906
 -0.0010892
 -0.0010844
 -0.0010828
 -0.0010812
 -0.0010794
 -0.0010793
 -0.0010792
 -0.0010781
 -0.0010771
 -0.0010760
 -0.0010740
 -0.0010737
 -0.0010707
 -0.0010602
 -0.0010582
 -0.0010524
 -0.0010523
 -0.0010514
 -0.0010476
 -0.0010452
 -0.0010421
 -0.0010402
 -0.0010364
 -0.0010349
 -0.0010329
 -0.0010300
 -0.0010299
 -0.0010293
 -0.0010233
 -0.0010146
 -0.0010124
 -0.0010033
 -0.0010030
 -0.0009997
 -0.0009989
 -0.0009984
 -0.0009980
 -0.0009948
 -0.0009944
 -0.0009912
 -0.0009836
 -0.0009800
 -0.0009777
 -0.0009721
 -0.0009668
 -0.0009666
 -0.0009655
 -0.0009631
 -0.0009620
 -0.0009618
 -0.0009585
 -0.0009576
 -0.0009529
 -0.0009524
 -0.0009517
 -0.0009470
 -0.0009463
 -0.0009446
 -0.0009402
 -0.0009377
 -0.0009349
 -0.0009346
 -0.0009315
 -0.0009287
 -0.0009263
 -0.0009232
 -0.0009231
 -0.0009134
 -0.0009099
 -0.0009086
 -0.0009082
 -0.0009044
 -0.0009036
 -0.0009013
 -0.0008989
 -0.0008949
 -0.0008937
 -0.0008924
 -0.0008920
 -0.0008916
 -0.0008906
 -0.0008899
 -0.0008888
 -0.0008885
 -0.0008875
 -0.0008863
 -0.0008855
 -0.0008833
 -0.0008827
 -0.0008825
 -0.0008801
 -0.0008788
 -0.0008771
 -0.0008715
 -0.0008710
 -0.0008708
 -0.0008680
 -0.0008652
 -0.0008609
 -0.0008598
 -0.0008598
 -0.0008581
 -0.0008523
 -0.0008504
 -0.0008496
 -0.0008490
 -0.0008470
 -0.0008465
 -0.0008387
 -0.0008363
 -0.0008329
 -0.0008246
 -0.0008241
 -0.0008227
 -0.0008207
 -0.0008200
 -0.0008190
 -0.0008189
 -0.0008186
 -0.0008178
 -0.0008177
 -0.0008173
 -0.0008165
 -0.0008144
 -0.0008137
 -0.0008125
 -0.0008110
 -0.0008065
 -0.0008032
 -0.0007983
 -0.0007934
 -0.0007922
 -0.0007915
 -0.0007897
 -0.0007869
 -0.0007805
 -0.0007792
 -0.0007790
 -0.0007785
 -0.0007781
 -0.0007777
 -0.0007761
 -0.0007755
 -0.0007719
 -0.0007702
 -0.0007691
 -0.0007653
 -0.0007600
 -0.0007570
 -0.0007565
 -0.0007560
 -0.0007556
 -0.0007516
 -0.0007498
 -0.0007481
 -0.0007476
 -0.0007463
 -0.0007440
 -0.0007427
 -0.0007373
 -0.0007343
 -0.0007327
 -0.0007304
 -0.0007299
 -0.0007185
 -0.0007179
 -0.0007096
 -0.0007082
 -0.0006977
 -0.0006976
 -0.0006966
 -0.0006959
 -0.0006949
 -0.0006925
 -0.0006923
 -0.0006902
 -0.0006895
 -0.0006885
 -0.0006874
 -0.0006813
 -0.0006779
 -0.0006732
 -0.0006729
 -0.0006723
 -0.0006682
 -0.0006653
 -0.0006647
 -0.0006557
 -0.0006554
 -0.0006534
 -0.0006499
 -0.0006468
 -0.0006463
 -0.0006442
 -0.0006432
 -0.0006428
 -0.0006373
 -0.0006335
 -0.0006327
 -0.0006313
 -0.0006295
 -0.0006270
 -0.0006231
 -0.0006225
 -0.0006214
 -0.0006212
 -0.0006197
 -0.0006169
 -0.0006166
 -0.0006156
 -0.0006149
 -0.0006106
 -0.0006101
 -0.0006084
 -0.0006078
 -0.0006072
 -0.0006036
 -0.0006033
 -0.0006018
 -0.0006003
 -0.0006003
 -0.0005997
 -0.0005985
 -0.0005977
 -0.0005942
 -0.0005941
 -0.0005799
 -0.0005795
 -0.0005794
 -0.0005783
 -0.0005742
 -0.0005721
 -0.0005671
 -0.0005671
 -0.0005638
 -0.0005586
 -0.0005561
 -0.0005560
 -0.0005551
 -0.0005514
 -0.0005458
 -0.0005454
 -0.0005433
 -0.0005412
 -0.0005395
 -0.0005394
 -0.0005374
 -0.0005367
 -0.0005346
 -0.0005310
 -0.0005244
 -0.0005206
 -0.0005187
 -0.0005165
 -0.0005163
 -0.0005147
 -0.0005124
 -0.0005047
 -0.0005016
 -0.0005006
 -0.0004977
 -0.0004963
 -0.0004947
 -0.0004938
 -0.0004863
 -0.0004858
 -0.0004851
 -0.0004833
 -0.0004802
 -0.0004780
 -0.0004745
 -0.0004729
 -0.0004685
 -0.0004638
 -0.0004605
 -0.0004585
 -0.0004566
 -0.0004564
 -0.0004558
 -0.0004537
 -0.0004438
 -0.0004400
 -0.0004394
 -0.0004374
 -0.0004337
 -0.0004309
 -0.0004307
 -0.0004283
 -0.0004272
 -0.0004260
 -0.0004251
 -0.0004241
 -0.0004237
 -0.0004220
 -0.0004205
 -0.0004183
 -0.0004138
 -0.0004136
 -0.0004134
 -0.0004109
 -0.0004109
 -0.0004105
 -0.0004104
 -0.0003998
 -0.0003974
 -0.0003965
 -0.0003957
 -0.0003914
 -0.0003913
 -0.0003909
 -0.0003878
 -0.0003839
 -0.0003824
 -0.0003802
 -0.0003740
 -0.0003716
 -0.0003650
 -0.0003631
 -0.0003631
 -0.0003615
 -0.0003614
 -0.0003530
 -0.0003470
 -0.0003459
 -0.0003449
 -0.0003443
 -0.0003441
 -0.0003400
 -0.0003396
 -0.0003380
 -0.0003361
 -0.0003330
 -0.0003321
 -0.0003319
 -0.0003318
 -0.0003302
 -0.0003284
 -0.0003273
 -0.0003241
 -0.0003228
 -0.0003216
 -0.0003201
 -0.0003188
 -0.0003187
 -0.0003147
 -0.0003134
 -0.0003131
 -0.0003117
 -0.0003117
 -0.0003105
 -0.0003102
 -0.0003091
 -0.0003075
 -0.0003023
 -0.0002945
 -0.0002921
 -0.0002920
 -0.0002907
 -0.0002875
 -0.0002873
 -0.0002856
 -0.0002852
 -0.0002850
 -0.0002826
 -0.0002817
 -0.0002773
 -0.0002769
 -0.0002766
 -0.0002750
 -0.0002696
 -0.0002694
 -0.0002673
 -0.0002670
 -0.0002656
 -0.0002623
 -0.0002621
 -0.0002606
 -0.0002595
 -0.0002562
 -0.0002545
 -0.0002544
 -0.0002540
 -0.0002540
 -0.0002513
 -0.0002491
 -0.0002471
 -0.0002444
 -0.0002414
 -0.0002409
 -0.0002406
 -0.0002399
 -0.0002365
 -0.0002334
 -0.0002315
 -0.0002302
 -0.0002280
 -0.0002249
 -0.0002248
 -0.0002226
 -0.0002225
 -0.0002223
 -0.0002185
 -0.0002174
 -0.0002160
 -0.0002143
 -0.0002107
 -0.0002086
 -0.0002032
 -0.0002024
 -0.0002023
 -0.0001991
 -0.0001984
 -0.0001970
 -0.0001965
 -0.0001938
 -0.0001881
 -0.0001879
 -0.0001861
 -0.0001842
 -0.0001816
 -0.0001770
 -0.0001763
 -0.0001727
 -0.0001703
 -0.0001697
 -0.0001684
 -0.0001674
 -0.0001665
 -0.0001596
 -0.0001582
 -0.0001575
 -0.0001574
 -0.0001508
 -0.0001447
 -0.0001444
 -0.0001434
 -0.0001410
 -0.0001401
 -0.0001390
 -0.0001376
 -0.0001373
 -0.0001347
 -0.0001330
 -0.0001326
 -0.0001280
 -0.0001278
 -0.0001235
 -0.0001207
 -0.0001200
 -0.0001200
 -0.0001182
 -0.0001180
 -0.0001052
 -0.0001051
 -0.0001048
 -0.0001017
 -0.0001017
 -0.0001003
 -0.0000970
 -0.0000953
 -0.0000928
 -0.0000872
 -0.0000837
 -0.0000811
 -0.0000801
 -0.0000798
 -0.0000791
 -0.0000755
 -0.0000754
 -0.0000725
 -0.0000684
 -0.0000639
 -0.0000639
 -0.0000617
 -0.0000613
 -0.0000612
 -0.0000599
 -0.0000599
 -0.0000546
 -0.0000531
 -0.0000529
 -0.0000494
 -0.0000488
 -0.0000472
 -0.0000446
 -0.0000424
 -0.0000410
 -0.0000394
 -0.0000385
 -0.0000357
 -0.0000309
 -0.0000290
 -0.0000237
 -0.0000233
 -0.0000217
 -0.0000169
 -0.0000118
 -0.0000097
 -0.0000095
 -0.0000094
 -0.0000091
 -0.0000082
 -0.0000055
 -0.0000048
 -0.0000020
 -0.0000016
  0.0000003
  0.0000006
  0.0000007
  0.0000012
  0.0000014
  0.0000018
  0.0000018
  0.0000041
  0.0000056
  0.0000059
  0.0000080
  0.0000082
  0.0000121
  0.0000130
  0.0000141
  0.0000197
  0.0000201
  0.0000211
  0.0000246
  0.0000250
  0.0000251
  0.0000304
  0.0000310
  0.0000359
  0.0000434
  0.0000520
  0.0000551
  0.0000582
  0.0000587
  0.0000622
  0.0000623
  0.0000654
  0.0000655
  0.0000661
  0.0000700
  0.0000718
  0.0000727
  0.0000742
  0.0000761
  0.0000765
  0.0000849
  0.0000864
  0.0000879
  0.0000883
  0.0000897
  0.0000921
  0.0000926
  0.0000932
  0.0000936
  0.0000954
  0.0000956
  0.0001014
  0.0001015
  0.0001036
  0.0001038
  0.0001040
  0.0001049
  0.0001067
  0.0001085
  0.0001099
  0.0001110
  0.0001162
  0.0001182
  0.0001208
  0.0001277
  0.0001290
  0.0001327
  0.0001357
  0.0001419
  0.0001421
  0.0001445
  0.0001493
  0.0001507
  0.0001536
  0.0001557
  0.0001584
  0.0001584
  0.0001591
  0.0001647
  0.0001665
  0.0001679
  0.0001703
  0.0001706
  0.0001752
  0.0001774
  0.0001777
  0.0001797
  0.0001834
  0.0001840
  0.0001843
  0.0001888
  0.0001898
  0.0001941
  0.0001944
  0.0001963
  0.0001981
  0.0002005
  0.0002026
  0.0002077
  0.0002080
  0.0002081
  0.0002104
  0.0002116
  0.0002221
  0.0002232
  0.0002265
  0.0002273
  0.0002287
  0.0002303
  0.0002313
  0.0002332
  0.0002337
  0.0002364
  0.0002405
  0.0002432
  0.0002442
  0.0002464
  0.0002476
  0.0002482
  0.0002526
  0.0002547
  0.0002598
  0.0002654
  0.0002720
  0.0002721
  0.0002744
  0.0002746
  0.0002799
  0.0002823
  0.0002844
  0.0002879
  0.0002899
  0.0002927
  0.0002928
  0.0002960
  0.0002975
  0.0002992
  0.0002997
  0.0003044
  0.0003096
  0.0003125
  0.0003160
  0.0003163
  0.0003262
  0.0003273
  0.0003278
  0.0003357
  0.0003363
  0.0003369
  0.0003394
  0.0003396
  0.0003420
  0.0003424
  0.0003469
  0.0003484
  0.0003488
  0.0003519
  0.0003525
  0.0003538
  0.0003632
  0.0003659
  0.0003672
  0.0003712
  0.0003727
  0.0003728
  0.0003773
  0.0003791
  0.0003817
  0.0003818
  0.0003825
  0.0003832
  0.0003863
  0.0003874
  0.0003951
  0.0003998
  0.0004047
  0.0004075
  0.0004150
  0.0004160
  0.0004162
  0.0004178
  0.0004191
  0.0004193
  0.0004260
  0.0004275
  0.0004282
  0.0004316
  0.0004330
  0.0004368
  0.0004386
  0.0004401
  0.0004428
  0.0004451
  0.0004468
  0.0004490
  0.0004492
  0.0004496
  0.0004544
  0.0004552
  0.0004565
  0.0004574
  0.0004582
  0.0004585
  0.0004595
  0.0004605
  0.0004641
  0.0004642
  0.0004700
  0.0004726
  0.0004760
  0.0004785
  0.0004787
  0.0004827
  0.0004837
  0.0004867
  0.0004923
  0.0004923
  0.0004945
  0.0004950
  0.0004967
  0.0005017
  0.0005045
  0.0005063
  0.0005093
  0.0005106
  0.0005113
  0.0005116
  0.0005137
  0.0005204
  0.0005205
  0.0005212
  0.0005244
  0.0005252
  0.0005265
  0.0005289
  0.0005298
  0.0005324
  0.0005333
  0.0005343
  0.0005352
  0.0005403
  0.0005412
  0.0005414
  0.0005469
  0.0005478
  0.0005493
  0.0005513
  0.0005527
  0.0005543
  0.0005547
  0.0005556
  0.0005562
  0.0005570
  0.0005573
  0.0005597
  0.0005639
  0.0005655
  0.0005680
  0.0005697
  0.0005700
  0.0005709
  0.0005732
  0.0005735
  0.0005754
  0.0005767
  0.0005772
  0.0005837
  0.0005847
  0.0005852
  0.0005862
  0.0005865
  0.0005920
  0.0005932
  0.0006057
  0.0006065
  0.0006072
  0.0006085
  0.0006106
  0.0006148
  0.0006171
  0.0006189
  0.0006199
  0.0006206
  0.0006208
  0.0006219
  0.0006220
  0.0006238
  0.0006241
  0.0006306
  0.0006318
  0.0006323
  0.0006339
  0.0006413
  0.0006433
  0.0006475
  0.0006523
  0.0006594
  0.0006633
  0.0006640
  0.0006648
  0.0006674
  0.0006705
  0.0006728
  0.0006730
  0.0006759
  0.0006770
  0.0006791
  0.0006842
  0.0006850
  0.0006853
  0.0006873
  0.0006890
  0.0006893
  0.0006900
  0.0006902
  0.0006909
  0.0006914
  0.0006922
  0.0006928
  0.0006941
  0.0006945
  0.0006963
  0.0006992
  0.0007006
  0.0007006
  0.0007037
  0.0007071
  0.0007116
  0.0007118
  0.0007150
  0.0007151
  0.0007192
  0.0007202
  0.0007211
  0.0007217
  0.0007219
  0.0007227
  0.0007270
  0.0007284
  0.0007306
  0.0007310
  0.0007329
  0.0007339
  0.0007354
  0.0007361
  0.0007375
  0.0007426
  0.0007443
  0.0007460
  0.0007461
  0.0007474
  0.0007505
  0.0007510
  0.0007516
  0.0007538
  0.0007538
  0.0007566
  0.0007607
  0.0007611
  0.0007622
  0.0007657
  0.0007693
  0.0007740
  0.0007753
  0.0007761
  0.0007783
  0.0007786
  0.0007788
  0.0007791
  0.0007821
  0.0007839
  0.0007849
  0.0007855
  0.0007857
  0.0007869
  0.0007916
  0.0007949
  0.0007990
  0.0008007
  0.0008040
  0.0008065
  0.0008115
  0.0008123
  0.0008148
  0.0008250
  0.0008251
  0.0008272
  0.0008276
  0.0008346
  0.0008378
  0.0008381
  0.0008390
  0.0008400
  0.0008421
  0.0008482
  0.0008485
  0.0008578
  0.0008579
  0.0008583
  0.0008588
  0.0008592
  0.0008642
  0.0008660
  0.0008719
  0.0008737
  0.0008909
  0.0008914
  0.0008922
  0.0008923
  0.0008932
  0.0008973
  0.0008978
  0.0008983
  0.0008987
  0.0008994
  0.0009013
  0.0009048
  0.0009100
  0.0009114
  0.0009114
  0.0009127
  0.0009165
  0.0009209
  0.0009232
  0.0009234
  0.0009256
  0.0009263
  0.0009284
  0.0009296
  0.0009318
  0.0009319
  0.0009359
  0.0009404
  0.0009424
  0.0009427
  0.0009456
  0.0009522
  0.0009555
  0.0009560
  0.0009564
  0.0009616
  0.0009651
  0.0009719
  0.0009756
  0.0009766
  0.0009791
  0.0009828
  0.0009864
  0.0009891
  0.0009894
  0.0009921
  0.0009927
  0.0009957
  0.0009965
  0.0009966
  0.0010014
  0.0010029
  0.0010105
  0.0010108
  0.0010134
  0.0010151
  0.0010155
  0.0010201
  0.0010298
  0.0010304
  0.0010324
  0.0010381
  0.0010464
  0.0010507
  0.0010510
  0.0010571
  0.0010573
  0.0010615
  0.0010658
  0.0010664
  0.0010760
  0.0010765
  0.0010786
  0.0010796
  0.0010798
  0.0010804
  0.0010807
  0.0010833
  0.0010878
  0.0010885
  0.0010887
  0.0010898
  0.0010902
  0.0010903
  0.0010911
  0.0010913
  0.0010928
  0.0010929
  0.0010938
  0.0010947
  0.0010986
  0.0011013
  0.0011021
  0.0011039
  0.0011086
  0.0011177
  0.0011180
  0.0011205
  0.0011217
  0.0011226
  0.0011248
  0.0011278
  0.0011283
  0.0011294
  0.0011309
  0.0011327
  0.0011334
  0.0011338
  0.0011356
  0.0011356
  0.0011371
  0.0011376
  0.0011397
  0.0011409
  0.0011419
  0.0011445
  0.0011477
  0.0011493
  0.0011533
  0.0011541
  0.0011593
  0.0011614
  0.0011628
  0.0011649
  0.0011669
  0.0011671
  0.0011671
  0.0011680
  0.0011681
  0.0011692
  0.0011719
  0.0011794
  0.0011795
  0.0011798
  0.0011798
  0.0011807
  0.0011830
  0.0011845
  0.0011893
  0.0011907
  0.0011939
  0.0011962
  0.0012002
  0.0012010
  0.0012033
  0.0012069
  0.0012087
  0.0012090
  0.0012125
  0.0012191
  0.0012206
  0.0012228
  0.0012233
  0.0012257
  0.0012273
  0.0012309
  0.0012318
  0.0012372
  0.0012381
  0.0012383
  0.0012387
  0.0012394
  0.0012400
  0.0012479
  0.0012498
  0.0012579
  0.0012593
  0.0012611
  0.0012628
  0.0012666
  0.0012702
  0.0012702
  0.0012728
  0.0012769
  0.0012782
  0.0012843
  0.0012849
  0.0012867
  0.0012910
  0.0012920
  0.0012927
  0.0012929
  0.0012961
  0.0012968
  0.0012973
  0.0012986
  0.0012989
  0.0012996
  0.0012997
  0.0013063
  0.0013078
  0.0013091
  0.0013098
  0.0013099
  0.0013149
  0.0013168
  0.0013236
  0.0013243
  0.0013246
  0.0013250
  0.0013288
  0.0013323
  0.0013324
  0.0013339
  0.0013376
  0.0013398
  0.0013408
  0.0013437
  0.0013476
  0.0013508
  0.0013520
  0.0013583
  0.0013594
  0.0013609
  0.0013627
  0.0013642
  0.0013644
  0.0013669
  0.0013770
  0.0013771
  0.0013786
  0.0013834
  0.0013899
  0.0013907
  0.0014008
  0.0014027
  0.0014180
  0.0014199
  0.0014206
  0.0014264
  0.0014320
  0.0014338
  0.0014367
  0.0014374
  0.0014377
  0.0014380
  0.0014386
  0.0014401
  0.0014403
  0.0014448
  0.0014455
  0.0014502
  0.0014513
  0.0014523
  0.0014575
  0.0014583
  0.0014585
  0.0014604
  0.0014611
  0.0014641
  0.0014749
  0.0014759
  0.0014766
  0.0014778
  0.0014780
  0.0014814
  0.0014822
  0.0014850
  0.0014871
  0.0014879
  0.0014899
  0.0014908
  0.0014931
  0.0014949
  0.0015020
  0.0015117
  0.0015123
  0.0015125
  0.0015147
  0.0015173
  0.0015201
  0.0015221
  0.0015244
  0.0015274
  0.0015283
  0.0015305
  0.0015382
  0.0015388
  0.0015404
  0.0015413
  0.0015441
  0.0015469
  0.0015499
  0.0015532
  0.0015571
  0.0015598
  0.0015612
  0.0015615
  0.0015623
  0.0015636
  0.0015716
  0.0015721
  0.0015759
  0.0015782
  0.0015823
  0.0015871
  0.0015881
  0.0015906
  0.0015933
  0.0015953
  0.0015960
  0.0015972
  0.0015979
  0.0016015
  0.0016020
  0.0016057
  0.0016065
  0.0016066
  0.0016073
  0.0016104
  0.0016127
  0.0016138
  0.0016155
  0.0016157
  0.0016193
  0.0016210
  0.0016215
  0.0016251
  0.0016273
  0.0016309
  0.0016376
  0.0016412
  0.0016414
  0.0016437
  0.0016461
  0.0016477
  0.0016516
  0.0016554
  0.0016586
  0.0016601
  0.0016610
  0.0016625
  0.0016647
  0.0016651
  0.0016656
  0.0016683
  0.0016703
  0.0016812
  0.0016821
  0.0016966
  0.0017000
  0.0017079
  0.0017092
  0.0017121
  0.0017141
  0.0017153
  0.0017156
  0.0017163
  0.0017187
  0.0017291
  0.0017325
  0.0017356
  0.0017392
  0.0017397
  0.0017398
  0.0017431
  0.0017452
  0.0017470
  0.0017485
  0.0017497
  0.0017568
  0.0017671
  0.0017720
  0.0017720
  0.0017822
  0.0017857
  0.0017863
  0.0017864
  0.0017865
  0.0017867
  0.0017898
  0.0017932
  0.0017941
  0.0017947
  0.0018017
  0.0018030
  0.0018031
  0.0018042
  0.0018046
  0.0018052
  0.0018100
  0.0018158
  0.0018168
  0.0018190
  0.0018192
  0.0018240
  0.0018299
  0.0018324
  0.0018363
  0.0018391
  0.0018397
  0.0018421
  0.0018428
  0.0018429
  0.0018444
  0.0018459
  0.0018484
  0.0018488
  0.0018507
  0.0018507
  0.0018552
  0.0018573
  0.0018632
  0.0018648
  0.0018666
  0.0018729
  0.0018739
  0.0018769
  0.0018830
  0.0018867
  0.0018881
  0.0018916
  0.0018953
  0.0018965
  0.0018967
  0.0019024
  0.0019061
  0.0019075
  0.0019076
  0.0019082
  0.0019112
  0.0019131
  0.0019192
  0.0019205
  0.0019205
  0.0019219
  0.0019221
  0.0019236
  0.0019242
  0.0019245
  0.0019289
  0.0019303
  0.0019339
  0.0019410
  0.0019417
  0.0019426
  0.0019457
  0.0019474
  0.0019503
  0.0019507
  0.0019514
  0.0019567
  0.0019603
  0.0019621
  0.0019626
  0.0019630
  0.0019712
  0.0019723
  0.0019733
  0.0019751
  0.0019758
  0.0019776
  0.0019807
  0.0019818
  0.0019824
  0.0019861
  0.0019866
  0.0019972
  0.0020000
  0.0020005
  0.0020029
  0.0020036
  0.0020037
  0.0020051
  0.0020055
  0.0020074
  0.0020141
  0.0020145
  0.0020157
  0.0020196
  0.0020240
  0.0020272
  0.0020290
  0.0020379
  0.0020464
  0.0020465
  0.0020488
  0.0020497
  0.0020500
  0.0020543
  0.0020545
  0.0020550
  0.0020589
  0.0020624
  0.0020657
  0.0020675
  0.0020681
  0.0020708
  0.0020722
  0.0020751
  0.0020769
  0.0020785
  0.0020792
  0.0020830
  0.0020836
  0.0020844
  0.0020865
  0.0020872
  0.0020891
  0.0020972
  0.0020994
  0.0021029
  0.0021046
  0.0021102
  0.0021146
  0.0021165
  0.0021183
  0.0021204
  0.0021259
  0.0021314
  0.0021351
  0.0021431
  0.0021487
  0.0021530
  0.0021542
  0.0021567
  0.0021626
  0.0021649
  0.0021655
  0.0021707
  0.0021762
  0.0021871
  0.0021896
  0.0021903
  0.0021905
  0.0021927
  0.0021988
  0.0022046
  0.0022097
  0.0022135
  0.0022173
  0.0022186
  0.0022226
  0.0022234
  0.0022388
  0.0022428
  0.0022468
  0.0022477
  0.0022544
  0.0022566
  0.0022575
  0.0022579
  0.0022601
  0.0022612
  0.0022628
  0.0022647
  0.0022652
  0.0022655
  0.0022665
  0.0022667
  0.0022672
  0.0022679
  0.0022692
  0.0022723
  0.0022727
  0.0022735
  0.0022761
  0.0022766
  0.0022779
  0.0022851
  0.0022871
  0.0022906
  0.0022938
  0.0022943
  0.0022975
  0.0022983
  0.0022985
  0.0022994
  0.0023000
  0.0023006
  0.0023022
  0.0023083
  0.0023084
  0.0023113
  0.0023146
  0.0023151
  0.0023195
  0.0023202
  0.0023221
  0.0023237
  0.0023305
  0.0023309
  0.0023325
  0.0023326
  0.0023346
  0.0023360
  0.0023367
  0.0023381
  0.0023424
  0.0023427
  0.0023445
  0.0023499
  0.0023502
  0.0023559
  0.0023562
  0.0023562
  0.0023567
  0.0023584
  0.0023620
  0.0023622
  0.0023654
  0.0023692
  0.0023707
  0.0023731
  0.0023770
  0.0023785
  0.0023809
  0.0023820
  0.0023823
  0.0023824
  0.0023825
  0.0023850
  0.0023869
  0.0023874
  0.0023888
  0.0023943
  0.0023945
  0.0023997
  0.0024008
  0.0024036
  0.0024038
  0.0024163
  0.0024217
  0.0024231
  0.0024248
  0.0024278
  0.0024305
  0.0024309
  0.0024309
  0.0024325
  0.0024340
  0.0024373
  0.0024432
  0.0024456
  0.0024456
  0.0024463
  0.0024488
  0.0024551
  0.0024561
  0.0024565
  0.0024576
  0.0024651
  0.0024675
  0.0024676
  0.0024718
  0.0024762
  0.0024790
  0.0024806
  0.0024842
  0.0024875
  0.0024891
  0.0024896
  0.0024921
  0.0024952
  0.0025007
  0.0025021
  0.0025073
  0.0025152
  0.0025168
  0.0025169
  0.0025252
  0.0025292
  0.0025383
  0.0025403
  0.0025418
  0.0025447
  0.0025460
  0.0025504
  0.0025504
  0.0025530
  0.0025532
  0.0025566
  0.0025566
  0.0025660
  0.0025663
  0.0025678
  0.0025694
  0.0025714
  0.0025718
  0.0025732
  0.0025737
  0.0025745
  0.0025747
  0.0025784
  0.0025790
  0.0025828
  0.0025871
  0.0025891
  0.0025965
  0.0026023
  0.0026035
  0.0026056
  0.0026069
  0.0026098
  0.0026102
  0.0026107
  0.0026109
  0.0026155
  0.0026172
  0.0026193
  0.0026199
  0.0026238
  0.0026281
  0.0026301
  0.0026309
  0.0026358
  0.0026395
  0.0026414
  0.0026424
  0.0026448
  0.0026471
  0.0026502
  0.0026537
  0.0026552
  0.0026625
  0.0026670
  0.0026684
  0.0026708
  0.0026722
  0.0026734
  0.0026750
  0.0026769
  0.0026770
  0.0026778
  0.0026783
  0.0026794
  0.0026804
  0.0026809
  0.0026813
  0.0026831
  0.0026848
  0.0026876
  0.0026883
  0.0026887
  0.0026898
  0.0026953
  0.0026976
  0.0026979
  0.0027017
  0.0027020
  0.0027029
  0.0027036
  0.0027059
  0.0027066
  0.0027101
  0.0027134
  0.0027232
  0.0027280
  0.0027289
  0.0027337
  0.0027383
  0.0027413
  0.0027441
  0.0027445
  0.0027475
  0.0027477
  0.0027541
  0.0027551
  0.0027564
  0.0027571
  0.0027588
  0.0027639
  0.0027701
  0.0027716
  0.0027751
  0.0027837
  0.0027846
  0.0027932
  0.0027981
  0.0028011
  0.0028014
  0.0028016
  0.0028027
  0.0028050
  0.0028079
  0.0028080
  0.0028082
  0.0028122
  0.0028150
  0.0028176
  0.0028192
  0.0028211
  0.0028271
  0.0028273
  0.0028382
  0.0028479
  0.0028490
  0.0028496
  0.0028497
  0.0028507
  0.0028585
  0.0028588
  0.0028596
  0.0028638
  0.0028660
  0.0028672
  0.0028686
  0.0028706
  0.0028723
  0.0028729
  0.0028745
  0.0028788
  0.0028802
  0.0028819
  0.0028881
  0.0028916
  0.0028941
  0.0029010
  0.0029061
  0.0029067
  0.0029090
  0.0029166
  0.0029189
  0.0029193
  0.0029234
  0.0029239
  0.0029240
  0.0029261
  0.0029266
  0.0029298
  0.0029303
  0.0029383
  0.0029435
  0.0029507
  0.0029533
  0.0029660
  0.0029693
  0.0029698
  0.0029723
  0.0029741
  0.0029747
  0.0029750
  0.0029750
  0.0029755
  0.0029774
  0.0029814
  0.0029823
  0.0029865
  0.0029881
  0.0029886
  0.0029891
  0.0029924
  0.0029930
  0.0029935
  0.0030094
  0.0030101
  0.0030104
  0.0030129
  0.0030139
  0.0030140
  0.0030167
  0.0030188
  0.0030206
  0.0030246
  0.0030254
  0.0030286
  0.0030332
  0.0030391
  0.0030427
  0.0030435
  0.0030448
  0.0030465
  0.0030525
  0.0030554
  0.0030564
  0.0030623
  0.0030642
  0.0030645
  0.0030689
  0.0030749
  0.0030759
  0.0030781
  0.0030789
  0.0030806
  0.0030831
  0.0030843
  0.0030843
  0.0030861
  0.0030926
  0.0030939
  0.0030948
  0.0030948
  0.0030949
  0.0031072
  0.0031132
  0.0031153
  0.0031185
  0.0031187
  0.0031202
  0.0031230
  0.0031237
  0.0031253
  0.0031276
  0.0031373
  0.0031395
  0.0031420
  0.0031428
  0.0031433
  0.0031472
  0.0031484
  0.0031488
  0.0031491
  0.0031496
  0.0031504
  0.0031510
  0.0031516
  0.0031534
  0.0031552
  0.0031564
  0.0031596
  0.0031615
  0.0031616
  0.0031627
  0.0031698
  0.0031714
  0.0031788
  0.0031790
  0.0031909
  0.0031927
  0.0031937
  0.0031964
  0.0031974
  0.0031977
  0.0032046
  0.0032047
  0.0032067
  0.0032100
  0.0032301
  0.0032328
  0.0032329
  0.0032359
  0.0032361
  0.0032400
  0.0032401
  0.0032429
  0.0032450
  0.0032451
  0.0032458
  0.0032512
  0.0032547
  0.0032559
  0.0032567
  0.0032624
  0.0032628
  0.0032641
  0.0032675
  0.0032684
  0.0032701
  0.0032720
  0.0032832
  0.0032840
  0.0032844
  0.0032884
  0.0032921
  0.0032941
  0.0032952
  0.0032980
  0.0033017
  0.0033039
  0.0033051
  0.0033107
  0.0033114
  0.0033196
  0.0033222
  0.0033234
  0.0033248
  0.0033302
  0.0033338
  0.0033376
  0.0033408
  0.0033423
  0.0033436
  0.0033454
  0.0033464
  0.0033483
  0.0033486
  0.0033508
  0.0033523
  0.0033548
  0.0033562
  0.0033566
  0.0033571
  0.0033579
  0.0033583
  0.0033628
  0.0033666
  0.0033707
  0.0033713
  0.0033717
  0.0033726
  0.0033797
  0.0033800
  0.0033800
  0.0033848
  0.0033876
  0.0033915
  0.0033989
  0.0033991
  0.0034106
  0.0034121
  0.0034281
  0.0034294
  0.0034327
  0.0034339
  0.0034355
  0.0034364
  0.0034377
  0.0034389
  0.0034420
  0.0034441
  0.0034452
  0.0034470
  0.0034479
  0.0034513
  0.0034522
  0.0034548
  0.0034571
  0.0034599
  0.0034669
  0.0034679
  0.0034682
  0.0034737
  0.0034750
  0.0034766
  0.0034767
  0.0034775
  0.0034797
  0.0034802
  0.0034818
  0.0034852
  0.0034879
  0.0034962
  0.0035065
  0.0035067
  0.0035077
  0.0035103
  0.0035127
  0.0035151
  0.0035156
  0.0035191
  0.0035192
  0.0035192
  0.0035220
  0.0035238
  0.0035322
  0.0035408
  0.0035425
  0.0035428
  0.0035428
  0.0035437
  0.0035443
  0.0035450
  0.0035481
  0.0035482
  0.0035488
  0.0035508
  0.0035551
  0.0035555
  0.0035572
  0.0035593
  0.0035618
  0.0035652
  0.0035662
  0.0035662
  0.0035780
  0.0035851
  0.0035871
  0.0035878
  0.0035896
  0.0035929
  0.0036011
  0.0036015
  0.0036016
  0.0036028
  0.0036084
  0.0036190
  0.0036215
  0.0036232
  0.0036242
  0.0036266
  0.0036269
  0.0036297
  0.0036392
  0.0036484
  0.0036518
  0.0036542
  0.0036561
  0.0036648
  0.0036666
  0.0036692
  0.0036782
  0.0036849
  0.0036853
  0.0036882
  0.0036899
  0.0036899
  0.0036905
  0.0036941
  0.0036946
  0.0036948
  0.0037026
  0.0037026
  0.0037028
  0.0037037
  0.0037073
  0.0037074
  0.0037151
  0.0037254
  0.0037308
  0.0037318
  0.0037322
  0.0037329
  0.0037349
  0.0037369
  0.0037377
  0.0037384
  0.0037414
  0.0037444
  0.0037448
  0.0037449
  0.0037468
  0.0037500
  0.0037503
  0.0037507
  0.0037528
  0.0037572
  0.0037642
  0.0037678
  0.0037679
  0.0037744
  0.0037771
  0.0037787
  0.0037790
  0.0037818
  0.0037987
  0.0037992
  0.0038080
  0.0038085
  0.0038139
  0.0038193
  0.0038408
  0.0038461
  0.0038472
  0.0038502
  0.0038507
  0.0038527
  0.0038566
  0.0038567
  0.0038608
  0.0038643
  0.0038709
  0.0038738
  0.0038740
  0.0038786
  0.0038810
  0.0038843
  0.0038869
  0.0038874
  0.0038876
  0.0038892
  0.0038907
  0.0038970
  0.0038970
  0.0039007
  0.0039033
  0.0039049
  0.0039066
  0.0039256
  0.0039258
  0.0039259
  0.0039322
  0.0039336
  0.0039386
  0.0039409
  0.0039493
  0.0039504
  0.0039513
  0.0039521
  0.0039541
  0.0039548
  0.0039562
  0.0039565
  0.0039570
  0.0039626
  0.0039646
  0.0039687
  0.0039701
  0.0039746
  0.0039748
  0.0039751
  0.0039807
  0.0039882
  0.0039883
  0.0039887
  0.0039931
  0.0039969
  0.0039993
  0.0040019
  0.0040029
  0.0040056
  0.0040069
  0.0040070
  0.0040111
  0.0040133
  0.0040147
  0.0040174
  0.0040184
  0.0040210
  0.0040239
  0.0040286
  0.0040316
  0.0040340
  0.0040341
  0.0040425
  0.0040454
  0.0040456
  0.0040544
  0.0040577
  0.0040603
  0.0040606
  0.0040619
  0.0040700
  0.0040725
  0.0040757
  0.0040760
  0.0040765
  0.0040766
  0.0040853
  0.0040857
  0.0040898
  0.0040906
  0.0041020
  0.0041057
  0.0041060
  0.0041087
  0.0041132
  0.0041191
  0.0041241
  0.0041252
  0.0041323
  0.0041351
  0.0041390
  0.0041409
  0.0041432
  0.0041492
  0.0041499
  0.0041520
  0.0041532
  0.0041541
  0.0041550
  0.0041595
  0.0041609
  0.0041641
  0.0041645
  0.0041694
  0.0041806
  0.0041811
  0.0041833
  0.0041849
  0.0041874
  0.0041949
  0.0041952
  0.0042037
  0.0042057
  0.0042078
  0.0042086
  0.0042102
  0.0042186
  0.0042197
  0.0042232
  0.0042347
  0.0042402
  0.0042403
  0.0042442
  0.0042471
  0.0042527
  0.0042537
  0.0042546
  0.0042547
  0.0042573
  0.0042718
  0.0042764
  0.0042793
  0.0042799
  0.0042830
  0.0043021
  0.0043057
  0.0043182
  0.0043223
  0.0043238
  0.0043277
  0.0043288
  0.0043329
  0.0043338
  0.0043394
  0.0043449
  0.0043508
  0.0043513
  0.0043524
  0.0043537
  0.0043538
  0.0043553
  0.0043573
  0.0043589
  0.0043628
  0.0043642
  0.0043646
  0.0043662
  0.0043752
  0.0043839
  0.0043848
  0.0043853
  0.0043874
  0.0043874
  0.0043882
  0.0043975
  0.0044018
  0.0044055
  0.0044080
  0.0044161
  0.0044163
  0.0044174
  0.0044225
  0.0044248
  0.0044251
  0.0044265
  0.0044301
  0.0044324
  0.0044337
  0.0044397
  0.0044402
  0.0044407
  0.0044421
  0.0044458
  0.0044476
  0.0044481
  0.0044497
  0.0044547
  0.0044550
  0.0044567
  0.0044574
  0.0044604
  0.0044617
  0.0044663
  0.0044670
  0.0044698
  0.0044725
  0.0044835
  0.0044843
  0.0044855
  0.0044867
  0.0044878
  0.0044880
  0.0044894
  0.0044916
  0.0044967
  0.0045000
  0.0045007
  0.0045008
  0.0045023
  0.0045096
  0.0045108
  0.0045180
  0.0045236
  0.0045243
  0.0045248
  0.0045274
  0.0045322
  0.0045378
  0.0045437
  0.0045486
  0.0045521
  0.0045524
  0.0045529
  0.0045621
  0.0045654
  0.0045703
  0.0045704
  0.0045785
  0.0045878
  0.0045908
  0.0045910
  0.0045963
  0.0045982
  0.0045985
  0.0046058
  0.0046104
  0.0046106
  0.0046130
  0.0046187
  0.0046207
  0.0046224
  0.0046321
  0.0046383
  0.0046412
  0.0046445
  0.0046448
  0.0046474
  0.0046476
  0.0046526
  0.0046573
  0.0046608
  0.0046611
  0.0046654
  0.0046656
  0.0046671
  0.0046690
  0.0046715
  0.0046763
  0.0046771
  0.0046886
  0.0046898
  0.0047040
  0.0047079
  0.0047083
  0.0047099
  0.0047128
  0.0047164
  0.0047167
  0.0047233
  0.0047239
  0.0047253
  0.0047345
  0.0047347
  0.0047412
  0.0047414
  0.0047448
  0.0047547
  0.0047556
  0.0047646
  0.0047650
  0.0047657
  0.0047720
  0.0047734
  0.0047814
  0.0047827
  0.0047830
  0.0047838
  0.0047838
  0.0047842
  0.0047848
  0.0047883
  0.0047904
  0.0047951
  0.0047955
  0.0048019
  0.0048020
  0.0048023
  0.0048098
  0.0048101
  0.0048147
  0.0048151
  0.0048299
  0.0048299
  0.0048341
  0.0048359
  0.0048395
  0.0048409
  0.0048431
  0.0048434
  0.0048436
  0.0048453
  0.0048456
  0.0048496
  0.0048543
  0.0048550
  0.0048626
  0.0048643
  0.0048694
  0.0048725
  0.0048744
  0.0048771
  0.0048862
  0.0048877
  0.0048942
  0.0049041
  0.0049047
  0.0049054
  0.0049076
  0.0049105
  0.0049110
  0.0049128
  0.0049255
  0.0049272
  0.0049288
  0.0049308
  0.0049322
  0.0049366
  0.0049372
  0.0049379
  0.0049400
  0.0049419
  0.0049506
  0.0049516
  0.0049532
  0.0049541
  0.0049556
  0.0049568
  0.0049574
  0.0049614
  0.0049634
  0.0049699
  0.0049722
  0.0049750
  0.0049758
  0.0049766
  0.0049771
  0.0049792
  0.0049803
  0.0049820
  0.0049917
  0.0049968
  0.0049973
  0.0050052
  0.0050054
  0.0050076
  0.0050111
  0.0050134
  0.0050157
  0.0050186
  0.0050224
  0.0050238
  0.0050251
  0.0050251
  0.0050316
  0.0050379
  0.0050383
  0.0050389
  0.0050409
  0.0050438
  0.0050438
  0.0050453
  0.0050469
  0.0050498
  0.0050531
  0.0050533
  0.0050559
  0.0050580
  0.0050586
  0.0050629
  0.0050655
  0.0050663
  0.0050666
  0.0050674
  0.0050689
  0.0050744
  0.0050747
  0.0050800
  0.0050857
  0.0050864
  0.0050867
  0.0050883
  0.0050930
  0.0050968
  0.0050970
  0.0051002
  0.0051015
  0.0051046
  0.0051066
  0.0051071
  0.0051078
  0.0051092
  0.0051140
  0.0051211
  0.0051266
  0.0051272
  0.0051338
  0.0051394
  0.0051396
  0.0051445
  0.0051449
  0.0051471
  0.0051558
  0.0051582
  0.0051592
  0.0051606
  0.0051696
  0.0051704
  0.0051721
  0.0051724
  0.0051759
  0.0051772
  0.0051782
  0.0051794
  0.0051800
  0.0051924
  0.0051947
  0.0051962
  0.0052065
  0.0052093
  0.0052118
  0.0052161
  0.0052229
  0.0052304
  0.0052331
  0.0052351
  0.0052397
  0.0052410
  0.0052466
  0.0052469
  0.0052497
  0.0052520
  0.0052529
  0.0052541
  0.0052600
  0.0052629
  0.0052647
  0.0052695
  0.0052734
  0.0052780
  0.0052830
  0.0052830
  0.0052840
  0.0052850
  0.0052890
  0.0052903
  0.0052908
  0.0052943
  0.0053010
  0.0053087
  0.0053098
  0.0053106
  0.0053136
  0.0053164
  0.0053190
  0.0053200
  0.0053301
  0.0053316
  0.0053335
  0.0053352
  0.0053422
  0.0053436
  0.0053436
  0.0053439
  0.0053440
  0.0053449
  0.0053499
  0.0053506
  0.0053606
  0.0053663
  0.0053673
  0.0053731
  0.0053774
  0.0053878
  0.0053921
  0.0053965
  0.0053974
  0.0053986
  0.0054008
  0.0054037
  0.0054052
  0.0054068
  0.0054107
  0.0054137
  0.0054201
  0.0054276
  0.0054343
  0.0054376
  0.0054399
  0.0054408
  0.0054559
  0.0054601
  0.0054604
  0.0054605
  0.0054609
  0.0054627
  0.0054641
  0.0054647
  0.0054693
  0.0054719
  0.0054758
  0.0054768
  0.0054819
  0.0054868
  0.0054885
  0.0054949
  0.0055008
  0.0055028
  0.0055047
  0.0055070
  0.0055099
  0.0055125
  0.0055147
  0.0055186
  0.0055194
  0.0055243
  0.0055269
  0.0055288
  0.0055303
  0.0055357
  0.0055370
  0.0055399
  0.0055431
  0.0055439
  0.0055448
  0.0055469
  0.0055497
  0.0055541
  0.0055546
  0.0055613
  0.0055624
  0.0055633
  0.0055698
  0.0055702
  0.0055824
  0.0055874
  0.0055938
  0.0055939
  0.0055942
  0.0055973
  0.0055999
  0.0056002
  0.0056037
  0.0056070
  0.0056072
  0.0056095
  0.0056163
  0.0056185
  0.0056305
  0.0056306
  0.0056385
  0.0056401
  0.0056413
  0.0056452
  0.0056498
  0.0056537
  0.0056537
  0.0056546
  0.0056572
  0.0056591
  0.0056597
  0.0056638
  0.0056648
  0.0056654
  0.0056690
  0.0056700
  0.0056715
  0.0056742
  0.0056872
  0.0056873
  0.0056914
  0.0056925
  0.0057002
  0.0057076
  0.0057113
  0.0057137
  0.0057214
  0.0057217
  0.0057225
  0.0057245
  0.0057256
  0.0057271
  0.0057280
  0.0057291
  0.0057299
  0.0057306
  0.0057366
  0.0057408
  0.0057430
  0.0057438
  0.0057442
  0.0057444
  0.0057505
  0.0057565
  0.0057576
  0.0057589
  0.0057710
  0.0057728
  0.0057733
  0.0057740
  0.0057764
  0.0057833
  0.0057847
  0.0057849
  0.0057870
  0.0057902
  0.0057923
  0.0057923
  0.0057951
  0.0057954
  0.0057995
  0.0058006
  0.0058045
  0.0058095
  0.0058107
  0.0058201
  0.0058289
  0.0058291
  0.0058311
  0.0058412
  0.0058413
  0.0058421
  0.0058432
  0.0058487
  0.0058528
  0.0058565
  0.0058593
  0.0058615
  0.0058618
  0.0058630
  0.0058645
  0.0058707
  0.0058746
  0.0058775
  0.0058784
  0.0058817
  0.0058838
  0.0059024
  0.0059039
  0.0059053
  0.0059131
  0.0059137
  0.0059211
  0.0059217
  0.0059374
  0.0059427
  0.0059450
  0.0059496
  0.0059499
  0.0059526
  0.0059559
  0.0059584
  0.0059632
  0.0059634
  0.0059687
  0.0059703
  0.0059713
  0.0059880
  0.0059899
  0.0059913
  0.0059981
  0.0059998
  0.0059999
  0.0060028
  0.0060035
  0.0060095
  0.0060095
  0.0060186
  0.0060197
  0.0060213
  0.0060227
  0.0060247
  0.0060268
  0.0060279
  0.0060289
  0.0060310
  0.0060358
  0.0060372
  0.0060422
  0.0060484
  0.0060531
  0.0060546
  0.0060584
  0.0060599
  0.0060622
  0.0060637
  0.0060650
  0.0060841
  0.0061012
  0.0061019
  0.0061039
  0.0061122
  0.0061128
  0.0061150
  0.0061160
  0.0061218
  0.0061376
  0.0061403
  0.0061409
  0.0061447
  0.0061469
  0.0061523
  0.0061582
  0.0061639
  0.0061669
  0.0061758
  0.0061767
  0.0061776
  0.0061842
  0.0061945
  0.0061989
  0.0062091
  0.0062135
  0.0062136
  0.0062230
  0.0062251
  0.0062252
  0.0062309
  0.0062346
  0.0062369
  0.0062420
  0.0062432
  0.0062575
  0.0062592
  0.0062624
  0.0062654
  0.0062658
  0.0062682
  0.0062733
  0.0062777
  0.0062791
  0.0062874
  0.0062916
  0.0062928
  0.0062943
  0.0062966
  0.0062987
  0.0063013
  0.0063042
  0.0063102
  0.0063106
  0.0063111
  0.0063150
  0.0063195
  0.0063220
  0.0063245
  0.0063272
  0.0063338
  0.0063396
  0.0063453
  0.0063522
  0.0063523
  0.0063561
  0.0063604
  0.0063612
  0.0063638
  0.0063657
  0.0063729
  0.0063769
  0.0063811
  0.0063822
  0.0063904
  0.0063917
  0.0063943
  0.0063974
  0.0063977
  0.0063978
  0.0064050
  0.0064057
  0.0064076
  0.0064223
  0.0064317
  0.0064375
  0.0064386
  0.0064402
  0.0064432
  0.0064528
  0.0064529
  0.0064560
  0.0064638
  0.0064649
  0.0064691
  0.0064737
  0.0064892
  0.0064897
  0.0064993
  0.0065039
  0.0065070
  0.0065071
  0.0065098
  0.0065175
  0.0065185
  0.0065189
  0.0065193
  0.0065216
  0.0065232
  0.0065260
  0.0065287
  0.0065301
  0.0065324
  0.0065341
  0.0065354
  0.0065365
  0.0065389
  0.0065454
  0.0065524
  0.0065551
  0.0065555
  0.0065633
  0.0065680
  0.0065686
  0.0065736
  0.0065772
  0.0065805
  0.0065875
  0.0065911
  0.0065932
  0.0066029
  0.0066065
  0.0066101
  0.0066130
  0.0066136
  0.0066137
  0.0066280
  0.0066373
  0.0066377
  0.0066453
  0.0066482
  0.0066520
  0.0066660
  0.0066676
  0.0066791
  0.0066846
  0.0066887
  0.0066932
  0.0066936
  0.0066942
  0.0066946
  0.0067036
  0.0067066
  0.0067078
  0.0067178
  0.0067202
  0.0067259
  0.0067318
  0.0067342
  0.0067362
  0.0067427
  0.0067491
  0.0067514
  0.0067526
  0.0067556
  0.0067564
  0.0067569
  0.0067622
  0.0067743
  0.0067794
  0.0067803
  0.0067804
  0.0067812
  0.0067841
  0.0068021
  0.0068031
  0.0068096
  0.0068151
  0.0068184
  0.0068192
  0.0068204
  0.0068285
  0.0068326
  0.0068370
  0.0068390
  0.0068406
  0.0068409
  0.0068440
  0.0068454
  0.0068464
  0.0068469
  0.0068490
  0.0068559
  0.0068613
  0.0068653
  0.0068687
  0.0068734
  0.0068800
  0.0068866
  0.0068912
  0.0068972
  0.0069040
  0.0069166
  0.0069166
  0.0069168
  0.0069187
  0.0069195
  0.0069234
  0.0069245
  0.0069253
  0.0069284
  0.0069340
  0.0069391
  0.0069408
  0.0069408
  0.0069426
  0.0069437
  0.0069576
  0.0069640
  0.0069640
  0.0069671
  0.0069763
  0.0069797
  0.0069804
  0.0069824
  0.0069846
  0.0069906
  0.0069922
  0.0069958
  0.0070013
  0.0070033
  0.0070047
  0.0070049
  0.0070097
  0.0070098
  0.0070104
  0.0070106
  0.0070143
  0.0070144
  0.0070158
  0.0070318
  0.0070331
  0.0070338
  0.0070432
  0.0070450
  0.0070482
  0.0070514
  0.0070625
  0.0070634
  0.0070642
  0.0070645
  0.0070647
  0.0070673
  0.0070775
  0.0070828
  0.0070846
  0.0070851
  0.0070874
  0.0071002
  0.0071051
  0.0071069
  0.0071089
  0.0071099
  0.0071114
  0.0071135
  0.0071233
  0.0071254
  0.0071322
  0.0071357
  0.0071375
  0.0071386
  0.0071389
  0.0071486
  0.0071487
  0.0071499
  0.0071528
  0.0071575
  0.0071580
  0.0071597
  0.0071659
  0.0071688
  0.0071703
  0.0071707
  0.0071719
  0.0071749
  0.0071801
  0.0071855
  0.0071887
  0.0071969
  0.0072161
  0.0072186
  0.0072215
  0.0072286
  0.0072287
  0.0072340
  0.0072374
  0.0072377
  0.0072390
  0.0072418
  0.0072475
  0.0072480
  0.0072487
  0.0072524
  0.0072525
  0.0072532
  0.0072551
  0.0072576
  0.0072600
  0.0072665
  0.0072689
  0.0072720
  0.0072793
  0.0072855
  0.0072870
  0.0072889
  0.0072898
  0.0072910
  0.0072946
  0.0072986
  0.0073347
  0.0073372
  0.0073424
  0.0073483
  0.0073589
  0.0073596
  0.0073600
  0.0073672
  0.0073682
  0.0073707
  0.0073725
  0.0073748
  0.0073924
  0.0073939
  0.0073948
  0.0073956
  0.0073969
  0.0073978
  0.0074050
  0.0074063
  0.0074090
  0.0074168
  0.0074245
  0.0074262
  0.0074274
  0.0074293
  0.0074320
  0.0074343
  0.0074346
  0.0074354
  0.0074400
  0.0074401
  0.0074511
  0.0074543
  0.0074617
  0.0074688
  0.0074739
  0.0074839
  0.0074876
  0.0074909
  0.0074982
  0.0075035
  0.0075110
  0.0075136
  0.0075155
  0.0075165
  0.0075285
  0.0075319
  0.0075349
  0.0075394
  0.0075507
  0.0075537
  0.0075549
  0.0075556
  0.0075563
  0.0075587
  0.0075751
  0.0075768
  0.0075872
  0.0075980
  0.0076013
  0.0076025
  0.0076055
  0.0076144
  0.0076147
  0.0076160
  0.0076182
  0.0076200
  0.0076246
  0.0076302
  0.0076378
  0.0076419
  0.0076447
  0.0076515
  0.0076534
  0.0076605
  0.0076606
  0.0076695
  0.0076747
  0.0076749
  0.0076784
  0.0076858
  0.0076977
  0.0077071
  0.0077147
  0.0077184
  0.0077340
  0.0077369
  0.0077445
  0.0077452
  0.0077454
  0.0077456
  0.0077461
  0.0077482
  0.0077494
  0.0077520
  0.0077629
  0.0077644
  0.0077674
  0.0077688
  0.0077747
  0.0077799
  0.0077867
  0.0077876
  0.0077889
  0.0077935
  0.0077970
  0.0077976
  0.0078096
  0.0078188
  0.0078200
  0.0078264
  0.0078316
  0.0078410
  0.0078490
  0.0078513
  0.0078553
  0.0078567
  0.0078616
  0.0078791
  0.0078813
  0.0078829
  0.0078883
  0.0078908
  0.0078932
  0.0078933
  0.0079041
  0.0079074
  0.0079094
  0.0079174
  0.0079270
  0.0079272
  0.0079278
  0.0079280
  0.0079295
  0.0079333
  0.0079370
  0.0079499
  0.0079547
  0.0079581
  0.0079599
  0.0079638
  0.0079658
  0.0079664
  0.0079763
  0.0079805
  0.0079848
  0.0079867
  0.0079911
  0.0079934
  0.0079958
  0.0079976
  0.0079980
  0.0079989
  0.0080025
  0.0080050
  0.0080066
  0.0080067
  0.0080107
  0.0080145
  0.0080243
  0.0080309
  0.0080324
  0.0080334
  0.0080343
  0.0080367
  0.0080442
  0.0080445
  0.0080449
  0.0080632
  0.0080714
  0.0080732
  0.0080797
  0.0080828
  0.0080915
  0.0080947
  0.0081011
  0.0081019
  0.0081020
  0.0081043
  0.0081044
  0.0081050
  0.0081088
  0.0081163
  0.0081172
  0.0081173
  0.0081216
  0.0081319
  0.0081371
  0.0081430
  0.0081482
  0.0081501
  0.0081521
  0.0081545
  0.0081575
  0.0081725
  0.0081813
  0.0081911
  0.0081946
  0.0082026
  0.0082036
  0.0082037
  0.0082062
  0.0082064
  0.0082216
  0.0082224
  0.0082225
  0.0082325
  0.0082333
  0.0082373
  0.0082391
  0.0082445
  0.0082462
  0.0082585
  0.0082603
  0.0082649
  0.0082726
  0.0082729
  0.0082742
  0.0082885
  0.0082950
  0.0083227
  0.0083233
  0.0083269
  0.0083348
  0.0083521
  0.0083563
  0.0083572
  0.0083607
  0.0083617
  0.0083632
  0.0083701
  0.0083728
  0.0083767
  0.0083771
  0.0083783
  0.0083998
  0.0084025
  0.0084046
  0.0084092
  0.0084249
  0.0084301
  0.0084311
  0.0084398
  0.0084406
  0.0084428
  0.0084437
  0.0084437
  0.0084572
  0.0084661
  0.0084772
  0.0084812
  0.0084878
  0.0084923
  0.0084983
  0.0084998
  0.0085012
  0.0085048
  0.0085153
  0.0085198
  0.0085280
  0.0085301
  0.0085328
  0.0085330
  0.0085349
  0.0085359
  0.0085381
  0.0085382
  0.0085476
  0.0085487
  0.0085519
  0.0085540
  0.0085572
  0.0085579
  0.0085697
  0.0085726
  0.0085740
  0.0085741
  0.0085763
  0.0085767
  0.0085817
  0.0085819
  0.0085820
  0.0085850
  0.0085859
  0.0085882
  0.0085916
  0.0085916
  0.0085935
  0.0085957
  0.0086013
  0.0086024
  0.0086030
  0.0086079
  0.0086174
  0.0086437
  0.0086546
  0.0086621
  0.0086642
  0.0086644
  0.0086652
  0.0086681
  0.0086706
  0.0086743
  0.0086750
  0.0086784
  0.0086787
  0.0086926
  0.0086967
  0.0086983
  0.0086989
  0.0087034
  0.0087121
  0.0087191
  0.0087344
  0.0087484
  0.0087505
  0.0087535
  0.0087550
  0.0087669
  0.0087702
  0.0087748
  0.0087760
  0.0087852
  0.0087867
  0.0087951
  0.0087994
  0.0088081
  0.0088128
  0.0088152
  0.0088189
  0.0088210
  0.0088228
  0.0088238
  0.0088253
  0.0088299
  0.0088323
  0.0088351
  0.0088413
  0.0088432
  0.0088502
  0.0088517
  0.0088525
  0.0088618
  0.0088655
  0.0088656
  0.0088685
  0.0088924
  0.0089040
  0.0089176
  0.0089202
  0.0089251
  0.0089359
  0.0089403
  0.0089552
  0.0089562
  0.0089597
  0.0089645
  0.0089661
  0.0089728
  0.0089735
  0.0089809
  0.0089942
  0.0090019
  0.0090073
  0.0090096
  0.0090110
  0.0090147
  0.0090156
  0.0090165
  0.0090193
  0.0090251
  0.0090252
  0.0090263
  0.0090317
  0.0090340
  0.0090472
  0.0090512
  0.0090553
  0.0090627
  0.0090650
  0.0090682
  0.0090715
  0.0090719
  0.0090775
  0.0090951
  0.0090966
  0.0090992
  0.0091146
  0.0091166
  0.0091204
  0.0091487
  0.0091496
  0.0091526
  0.0091559
  0.0091598
  0.0091698
  0.0091779
  0.0091798
  0.0091800
  0.0091841
  0.0091868
  0.0092054
  0.0092088
  0.0092145
  0.0092167
  0.0092196
  0.0092227
  0.0092235
  0.0092237
  0.0092252
  0.0092288
  0.0092299
  0.0092299
  0.0092442
  0.0092479
  0.0092635
  0.0092700
  0.0092706
  0.0092713
  0.0092826
  0.0092838
  0.0092844
  0.0092878
  0.0092986
  0.0093107
  0.0093146
  0.0093156
  0.0093266
  0.0093334
  0.0093337
  0.0093362
  0.0093382
  0.0093444
  0.0093445
  0.0093544
  0.0093548
  0.0093560
  0.0093645
  0.0093646
  0.0093685
  0.0093720
  0.0093739
  0.0093765
  0.0093824
  0.0093844
  0.0093945
  0.0094004
  0.0094078
  0.0094101
  0.0094118
  0.0094278
  0.0094402
  0.0094420
  0.0094436
  0.0094447
  0.0094484
  0.0094582
  0.0094611
  0.0094773
  0.0094808
  0.0094826
  0.0094858
  0.0094863
  0.0094901
  0.0095005
  0.0095010
  0.0095012
  0.0095030
  0.0095061
  0.0095094
  0.0095252
  0.0095389
  0.0095432
  0.0095447
  0.0095481
  0.0095555
  0.0095575
  0.0095662
  0.0095730
  0.0095753
  0.0095774
  0.0095850
  0.0095888
  0.0095958
  0.0096025
  0.0096034
  0.0096053
  0.0096112
  0.0096159
  0.0096253
  0.0096266
  0.0096336
  0.0096391
  0.0096449
  0.0096680
  0.0096752
  0.0096787
  0.0096831
  0.0096888
  0.0096895
  0.0096938
  0.0097050
  0.0097065
  0.0097080
  0.0097110
  0.0097136
  0.0097184
  0.0097186
  0.0097191
  0.0097355
  0.0097377
  0.0097396
  0.0097435
  0.0097453
  0.0097471
  0.0097516
  0.0097540
  0.0097543
  0.0097585
  0.0097633
  0.0097654
  0.0097660
  0.0097660
  0.0097759
  0.0097793
  0.0097795
  0.0097798
  0.0097949
  0.0097955
  0.0097977
  0.0097988
  0.0097992
  0.0098084
  0.0098092
  0.0098108
  0.0098204
  0.0098232
  0.0098255
  0.0098261
  0.0098288
  0.0098290
  0.0098332
  0.0098366
  0.0098484
  0.0098549
  0.0098550
  0.0098579
  0.0098598
  0.0098609
  0.0098821
  0.0099041
  0.0099059
  0.0099075
  0.0099152
  0.0099189
  0.0099207
  0.0099211
  0.0099238
  0.0099315
  0.0099337
  0.0099351
  0.0099359
  0.0099369
  0.0099377
  0.0099408
  0.0099463
  0.0099463
  0.0099485
  0.0099513
  0.0099514
  0.0099597
  0.0099600
  0.0099700
  0.0099781
  0.0099846
  0.0099848
  0.0099915
  0.0100040
  0.0100046
  0.0100099
  0.0100136
  0.0100236
  0.0100308
  0.0100308
  0.0100361
  0.0100459
  0.0100493
  0.0100499
  0.0100521
  0.0100531
  0.0100620
  0.0100645
  0.0100659
  0.0100842
  0.0100925
  0.0100933
  0.0100995
  0.0101008
  0.0101009
  0.0101050
  0.0101090
  0.0101091
  0.0101121
  0.0101139
  0.0101284
  0.0101294
  0.0101305
  0.0101336
  0.0101359
  0.0101489
  0.0101511
  0.0101515
  0.0101558
  0.0101645
  0.0101692
  0.0101796
  0.0101827
  0.0101846
  0.0101855
  0.0101880
  0.0101959
  0.0102098
  0.0102183
  0.0102197
  0.0102232
  0.0102311
  0.0102325
  0.0102371
  0.0102396
  0.0102496
  0.0102533
  0.0102552
  0.0102571
  0.0102582
  0.0102682
  0.0102683
  0.0102724
  0.0102802
  0.0102851
  0.0102941
  0.0103058
  0.0103062
  0.0103081
  0.0103122
  0.0103226
  0.0103254
  0.0103256
  0.0103357
  0.0103389
  0.0103508
  0.0103530
  0.0103555
  0.0103585
  0.0103595
  0.0103596
  0.0103628
  0.0103646
  0.0103724
  0.0103782
  0.0103811
  0.0103841
  0.0103862
  0.0103935
  0.0104020
  0.0104091
  0.0104187
  0.0104266
  0.0104296
  0.0104358
  0.0104433
  0.0104438
  0.0104458
  0.0104508
  0.0104560
  0.0104657
  0.0104684
  0.0104711
  0.0104732
  0.0104804
  0.0104805
  0.0104838
  0.0104840
  0.0104843
  0.0104869
  0.0104875
  0.0104941
  0.0104958
  0.0105067
  0.0105211
  0.0105221
  0.0105344
  0.0105376
  0.0105392
  0.0105418
  0.0105427
  0.0105431
  0.0105442
  0.0105491
  0.0105600
  0.0105600
  0.0105733
  0.0105745
  0.0105754
  0.0105790
  0.0105858
  0.0105968
  0.0105983
  0.0106078
  0.0106085
  0.0106120
  0.0106123
  0.0106133
  0.0106188
  0.0106206
  0.0106225
  0.0106273
  0.0106274
  0.0106295
  0.0106310
  0.0106393
  0.0106447
  0.0106534
  0.0106698
  0.0106752
  0.0106784
  0.0106796
  0.0106834
  0.0106890
  0.0106943
  0.0106996
  0.0107007
  0.0107009
  0.0107019
  0.0107157
  0.0107227
  0.0107230
  0.0107251
  0.0107274
  0.0107280
  0.0107341
  0.0107754
  0.0107820
  0.0107833
  0.0107935
  0.0107942
  0.0108158
  0.0108420
  0.0108440
  0.0108529
  0.0108560
  0.0108641
  0.0108674
  0.0108765
  0.0108828
  0.0108830
  0.0108859
  0.0108886
  0.0108976
  0.0109029
  0.0109034
  0.0109114
  0.0109143
  0.0109143
  0.0109151
  0.0109162
  0.0109203
  0.0109214
  0.0109220
  0.0109231
  0.0109247
  0.0109271
  0.0109297
  0.0109339
  0.0109641
  0.0109675
  0.0109703
  0.0109924
  0.0110032
  0.0110139
  0.0110141
  0.0110160
  0.0110247
  0.0110282
  0.0110288
  0.0110314
  0.0110332
  0.0110487
  0.0110499
  0.0110507
  0.0110512
  0.0110585
  0.0110629
  0.0110680
  0.0110877
  0.0111030
  0.0111045
  0.0111089
  0.0111122
  0.0111183
  0.0111187
  0.0111188
  0.0111213
  0.0111224
  0.0111612
  0.0111655
  0.0111707
  0.0111773
  0.0111827
  0.0111868
  0.0112150
  0.0112152
  0.0112194
  0.0112248
  0.0112384
  0.0112424
  0.0112444
  0.0112459
  0.0112470
  0.0112509
  0.0112538
  0.0112620
  0.0112734
  0.0112761
  0.0112942
  0.0113049
  0.0113051
  0.0113061
  0.0113266
  0.0113335
  0.0113336
  0.0113343
  0.0113351
  0.0113523
  0.0113595
  0.0113659
  0.0113693
  0.0113707
  0.0113717
  0.0113760
  0.0113822
  0.0113875
  0.0113907
  0.0113921
  0.0113960
  0.0113960
  0.0114020
  0.0114070
  0.0114071
  0.0114171
  0.0114192
  0.0114221
  0.0114313
  0.0114322
  0.0114369
  0.0114378
  0.0114450
  0.0114463
  0.0114466
  0.0114519
  0.0114608
  0.0114613
  0.0114650
  0.0114720
  0.0114723
  0.0114732
  0.0114858
  0.0114877
  0.0114911
  0.0115021
  0.0115105
  0.0115175
  0.0115192
  0.0115213
  0.0115303
  0.0115336
  0.0115337
  0.0115460
  0.0115567
  0.0115615
  0.0115670
  0.0115720
  0.0115983
  0.0116006
  0.0116059
  0.0116159
  0.0116174
  0.0116206
  0.0116264
  0.0116330
  0.0116345
  0.0116372
  0.0116426
  0.0116454
  0.0116559
  0.0116613
  0.0116710
  0.0116720
  0.0116788
  0.0116809
  0.0116878
  0.0116929
  0.0117005
  0.0117014
  0.0117022
  0.0117240
  0.0117247
  0.0117250
  0.0117398
  0.0117425
  0.0117478
  0.0117494
  0.0117564
  0.0117794
  0.0117985
  0.0118057
  0.0118262
  0.0118306
  0.0118412
  0.0118487
  0.0118506
  0.0118593
  0.0118638
  0.0118643
  0.0118665
  0.0118737
  0.0118799
  0.0118821
  0.0118823
  0.0118839
  0.0118892
  0.0118930
  0.0118931
  0.0118955
  0.0118999
  0.0119055
  0.0119151
  0.0119194
  0.0119284
  0.0119525
  0.0119554
  0.0119644
  0.0119659
  0.0119693
  0.0119718
  0.0119879
  0.0119971
  0.0120094
  0.0120104
  0.0120108
  0.0120120
  0.0120194
  0.0120271
  0.0120328
  0.0120343
  0.0120364
  0.0120389
  0.0120392
  0.0120408
  0.0120462
  0.0120489
  0.0120567
  0.0120571
  0.0120627
  0.0120711
  0.0120754
  0.0120826
  0.0120902
  0.0120908
  0.0120980
  0.0121098
  0.0121196
  0.0121256
  0.0121260
  0.0121319
  0.0121322
  0.0121467
  0.0121473
  0.0121681
  0.0121812
  0.0121915
  0.0121929
  0.0121932
  0.0121962
  0.0122136
  0.0122214
  0.0122216
  0.0122222
  0.0122309
  0.0122422
  0.0122439
  0.0122596
  0.0122695
  0.0122709
  0.0122814
  0.0123001
  0.0123218
  0.0123277
  0.0123285
  0.0123286
  0.0123290
  0.0123319
  0.0123412
  0.0123442
  0.0123444
  0.0123509
  0.0123521
  0.0123535
  0.0123676
  0.0123696
  0.0123712
  0.0123713
  0.0123725
  0.0123898
  0.0123930
  0.0123985
  0.0124017
  0.0124110
  0.0124145
  0.0124220
  0.0124331
  0.0124384
  0.0124402
  0.0124406
  0.0124407
  0.0124407
  0.0124426
  0.0124464
  0.0124621
  0.0124649
  0.0124704
  0.0124725
  0.0124752
  0.0124767
  0.0124902
  0.0124911
  0.0125010
  0.0125016
  0.0125036
  0.0125174
  0.0125192
  0.0125233
  0.0125317
  0.0125322
  0.0125393
  0.0125405
  0.0125470
  0.0125519
  0.0125525
  0.0125607
  0.0125700
  0.0125723
  0.0125727
  0.0125907
  0.0125928
  0.0125935
  0.0125989
  0.0126011
  0.0126073
  0.0126095
  0.0126099
  0.0126125
  0.0126150
  0.0126216
  0.0126511
  0.0126567
  0.0126608
  0.0126673
  0.0126774
  0.0126826
  0.0126920
  0.0127000
  0.0127010
  0.0127167
  0.0127218
  0.0127252
  0.0127265
  0.0127347
  0.0127352
  0.0127354
  0.0127392
  0.0127409
  0.0127431
  0.0127515
  0.0127594
  0.0127881
  0.0127882
  0.0127920
  0.0127920
  0.0127977
  0.0127992
  0.0128010
  0.0128012
  0.0128012
  0.0128146
  0.0128302
  0.0128337
  0.0128455
  0.0128551
  0.0128682
  0.0128730
  0.0128815
  0.0128881
  0.0128928
  0.0128959
  0.0129003
  0.0129049
  0.0129083
  0.0129330
  0.0129406
  0.0129417
  0.0129422
  0.0129596
  0.0129634
  0.0129702
  0.0129709
  0.0129781
  0.0129826
  0.0129843
  0.0129953
  0.0129974
  0.0130025
  0.0130107
  0.0130115
  0.0130130
  0.0130139
  0.0130151
  0.0130159
  0.0130331
  0.0130369
  0.0130375
  0.0130411
  0.0130469
  0.0130478
  0.0130593
  0.0130685
  0.0130743
  0.0130776
  0.0130856
  0.0130859
  0.0130913
  0.0130959
  0.0131073
  0.0131089
  0.0131176
  0.0131210
  0.0131275
  0.0131307
  0.0131351
  0.0131401
  0.0131451
  0.0131502
  0.0131508
  0.0131692
  0.0131756
  0.0131758
  0.0131835
  0.0131917
  0.0131963
  0.0131974
  0.0132059
  0.0132222
  0.0132364
  0.0132426
  0.0132435
  0.0132477
  0.0132695
  0.0132718
  0.0132758
  0.0132772
  0.0132821
  0.0132959
  0.0133016
  0.0133017
  0.0133097
  0.0133121
  0.0133132
  0.0133144
  0.0133228
  0.0133405
  0.0133499
  0.0133589
  0.0133683
  0.0133723
  0.0133730
  0.0133837
  0.0133850
  0.0133986
  0.0134103
  0.0134208
  0.0134263
  0.0134326
  0.0134383
  0.0134392
  0.0134479
  0.0134575
  0.0134711
  0.0134769
  0.0134778
  0.0134842
  0.0134879
  0.0134887
  0.0134889
  0.0134961
  0.0135086
  0.0135216
  0.0135316
  0.0135350
  0.0135372
  0.0135514
  0.0135541
  0.0135557
  0.0135567
  0.0135571
  0.0135595
  0.0135596
  0.0135737
  0.0135772
  0.0135802
  0.0135951
  0.0135973
  0.0136002
  0.0136145
  0.0136301
  0.0136458
  0.0136483
  0.0136635
  0.0136892
  0.0136936
  0.0137060
  0.0137083
  0.0137086
  0.0137115
  0.0137119
  0.0137135
  0.0137139
  0.0137141
  0.0137191
  0.0137206
  0.0137353
  0.0137416
  0.0137462
  0.0137544
  0.0137608
  0.0137928
  0.0137975
  0.0138000
  0.0138012
  0.0138078
  0.0138132
  0.0138163
  0.0138276
  0.0138363
  0.0138371
  0.0138661
  0.0138886
  0.0138996
  0.0139002
  0.0139041
  0.0139162
  0.0139169
  0.0139236
  0.0139416
  0.0139519
  0.0139584
  0.0139649
  0.0139985
  0.0140022
  0.0140067
  0.0140108
  0.0140150
  0.0140218
  0.0140222
  0.0140364
  0.0140378
  0.0140402
  0.0140463
  0.0140494
  0.0140649
  0.0140689
  0.0140905
  0.0140907
  0.0141001
  0.0141218
  0.0141256
  0.0141482
  0.0141514
  0.0141523
  0.0141549
  0.0141716
  0.0141780
  0.0141821
  0.0141837
  0.0141840
  0.0142097
  0.0142124
  0.0142220
  0.0142274
  0.0142284
  0.0142284
  0.0142298
  0.0142328
  0.0142369
  0.0142453
  0.0142666
  0.0142892
  0.0142933
  0.0143077
  0.0143258
  0.0143316
  0.0143439
  0.0143495
  0.0143522
  0.0143556
  0.0143608
  0.0143922
  0.0144090
  0.0144092
  0.0144187
  0.0144319
  0.0144373
  0.0144497
  0.0144587
  0.0144703
  0.0144762
  0.0144786
  0.0144802
  0.0144890
  0.0144898
  0.0144956
  0.0145017
  0.0145088
  0.0145161
  0.0145193
  0.0145201
  0.0145398
  0.0145439
  0.0145467
  0.0145481
  0.0145832
  0.0145898
  0.0145915
  0.0146022
  0.0146081
  0.0146103
  0.0146104
  0.0146112
  0.0146303
  0.0146306
  0.0146416
  0.0146424
  0.0146482
  0.0146570
  0.0146615
  0.0146682
  0.0146793
  0.0146860
  0.0146939
  0.0146964
  0.0146968
  0.0147053
  0.0147073
  0.0147138
  0.0147312
  0.0147405
  0.0147469
  0.0147765
  0.0147772
  0.0147810
  0.0147897
  0.0147972
  0.0148029
  0.0148069
  0.0148137
  0.0148251
  0.0148253
  0.0148310
  0.0148408
  0.0148416
  0.0148460
  0.0148566
  0.0148580
  0.0148618
  0.0148623
  0.0148640
  0.0148709
  0.0148727
  0.0148842
  0.0148884
  0.0148897
  0.0148932
  0.0149004
  0.0149230
  0.0149325
  0.0149347
  0.0149367
  0.0149565
  0.0149579
  0.0149650
  0.0149940
  0.0149968
  0.0150056
  0.0150121
  0.0150170
  0.0150232
  0.0150262
  0.0150282
  0.0150402
  0.0150413
  0.0150416
  0.0150505
  0.0150662
  0.0150703
  0.0150777
  0.0150826
  0.0150926
  0.0150952
  0.0150979
  0.0151106
  0.0151110
  0.0151224
  0.0151251
  0.0151325
  0.0151548
  0.0151813
  0.0151944
  0.0152001
  0.0152050
  0.0152141
  0.0152165
  0.0152166
  0.0152187
  0.0152210
  0.0152268
  0.0152321
  0.0152325
  0.0152327
  0.0152386
  0.0152584
  0.0152587
  0.0152650
  0.0152674
  0.0152914
  0.0152957
  0.0153104
  0.0153134
  0.0153184
  0.0153213
  0.0153225
  0.0153230
  0.0153332
  0.0153442
  0.0153520
  0.0153638
  0.0153774
  0.0153810
  0.0153833
  0.0153871
  0.0153924
  0.0153997
  0.0154074
  0.0154124
  0.0154210
  0.0154213
  0.0154326
  0.0154376
  0.0154402
  0.0154403
  0.0154439
  0.0154477
  0.0154497
  0.0154545
  0.0154590
  0.0154649
  0.0154651
  0.0154679
  0.0154710
  0.0154718
  0.0154890
  0.0154943
  0.0154981
  0.0155163
  0.0155201
  0.0155226
  0.0155353
  0.0155374
  0.0155446
  0.0155769
  0.0155881
  0.0155958
  0.0155974
  0.0156008
  0.0156054
  0.0156132
  0.0156139
  0.0156190
  0.0156247
  0.0156253
  0.0156283
  0.0156290
  0.0156327
  0.0156452
  0.0156554
  0.0156607
  0.0156699
  0.0156705
  0.0156849
  0.0156975
  0.0157031
  0.0157077
  0.0157098
  0.0157275
  0.0157371
  0.0157386
  0.0157407
  0.0157486
  0.0157530
  0.0157545
  0.0157673
  0.0157792
  0.0157857
  0.0158041
  0.0158043
  0.0158149
  0.0158370
  0.0158379
  0.0158390
  0.0158591
  0.0158673
  0.0158817
  0.0158872
  0.0159030
  0.0159137
  0.0159173
  0.0159250
  0.0159254
  0.0159313
  0.0159333
  0.0159334
  0.0159457
  0.0159635
  0.0159699
  0.0159708
  0.0159816
  0.0159852
  0.0159878
  0.0159976
  0.0160002
  0.0160002
  0.0160082
  0.0160204
  0.0160440
  0.0160445
  0.0160471
  0.0160477
  0.0160581
  0.0160632
  0.0160766
  0.0160819
  0.0160821
  0.0161015
  0.0161023
  0.0161075
  0.0161123
  0.0161209
  0.0161223
  0.0161223
  0.0161307
  0.0161378
  0.0161481
  0.0161487
  0.0161515
  0.0161788
  0.0161820
  0.0161851
  0.0161880
  0.0161951
  0.0162068
  0.0162090
  0.0162115
  0.0162150
  0.0162225
  0.0162262
  0.0162313
  0.0162323
  0.0162342
  0.0162369
  0.0162391
  0.0162454
  0.0162517
  0.0162537
  0.0162579
  0.0162591
  0.0162685
  0.0162689
  0.0162697
  0.0162883
  0.0162885
  0.0162965
  0.0162967
  0.0162984
  0.0163008
  0.0163394
  0.0163424
  0.0163436
  0.0163560
  0.0163571
  0.0163645
  0.0163685
  0.0163740
  0.0163766
  0.0163816
  0.0163830
  0.0163856
  0.0163910
  0.0163916
  0.0164008
  0.0164061
  0.0164147
  0.0164207
  0.0164380
  0.0164395
  0.0164449
  0.0164502
  0.0164576
  0.0164669
  0.0164742
  0.0164801
  0.0164896
  0.0164968
  0.0165104
  0.0165506
  0.0165531
  0.0165548
  0.0165623
  0.0165642
  0.0165730
  0.0165796
  0.0165859
  0.0165866
  0.0165933
  0.0166198
  0.0166237
  0.0166276
  0.0166339
  0.0166354
  0.0166416
  0.0166477
  0.0166505
  0.0166697
  0.0166707
  0.0166728
  0.0166873
  0.0166911
  0.0167107
  0.0167117
  0.0167268
  0.0167295
  0.0167452
  0.0167644
  0.0167811
  0.0167830
  0.0168082
  0.0168181
  0.0168258
  0.0168269
  0.0168439
  0.0168634
  0.0168653
  0.0168749
  0.0168839
  0.0168919
  0.0168951
  0.0169002
  0.0169009
  0.0169013
  0.0169073
  0.0169350
  0.0169367
  0.0169445
  0.0169549
  0.0169569
  0.0169571
  0.0169631
  0.0169698
  0.0169732
  0.0169804
  0.0170036
  0.0170062
  0.0170172
  0.0170301
  0.0170316
  0.0170405
  0.0170430
  0.0170431
  0.0170462
  0.0170492
  0.0170545
  0.0170885
  0.0170955
  0.0171032
  0.0171048
  0.0171104
  0.0171208
  0.0171227
  0.0171296
  0.0171304
  0.0171329
  0.0171473
  0.0171617
  0.0171674
  0.0171798
  0.0171805
  0.0171830
  0.0171911
  0.0171946
  0.0172013
  0.0172163
  0.0172244
  0.0172539
  0.0172635
  0.0172658
  0.0172840
  0.0172905
  0.0173037
  0.0173077
  0.0173091
  0.0173101
  0.0173202
  0.0173250
  0.0173258
  0.0173414
  0.0173417
  0.0173573
  0.0174139
  0.0174402
  0.0174410
  0.0174449
  0.0174499
  0.0174531
  0.0174605
  0.0174834
  0.0175002
  0.0175115
  0.0175403
  0.0175563
  0.0175578
  0.0175740
  0.0175825
  0.0176044
  0.0176405
  0.0176502
  0.0176596
  0.0176631
  0.0176676
  0.0176687
  0.0176746
  0.0176809
  0.0176815
  0.0176846
  0.0176948
  0.0176960
  0.0176964
  0.0177316
  0.0177463
  0.0177560
  0.0177576
  0.0177605
  0.0177912
  0.0177996
  0.0178137
  0.0178177
  0.0178199
  0.0178223
  0.0178612
  0.0178657
  0.0178851
  0.0178941
  0.0179062
  0.0179122
  0.0179203
  0.0179232
  0.0179341
  0.0179468
  0.0179529
  0.0179569
  0.0179641
  0.0179939
  0.0179954
  0.0179990
  0.0180078
  0.0180130
  0.0180160
  0.0180169
  0.0180229
  0.0180308
  0.0180408
  0.0180798
  0.0180928
  0.0181169
  0.0181205
  0.0181256
  0.0181297
  0.0181334
  0.0181424
  0.0181524
  0.0181581
  0.0181617
  0.0181628
  0.0181815
  0.0181879
  0.0182011
  0.0182014
  0.0182056
  0.0182252
  0.0182319
  0.0182329
  0.0182436
  0.0182461
  0.0182543
  0.0182751
  0.0183055
  0.0183141
  0.0183152
  0.0183216
  0.0183283
  0.0183346
  0.0183411
  0.0183642
  0.0183648
  0.0183673
  0.0183729
  0.0183861
  0.0183975
  0.0184045
  0.0184125
  0.0184209
  0.0184234
  0.0184379
  0.0184493
  0.0184633
  0.0184668
  0.0184672
  0.0184712
  0.0184787
  0.0184980
  0.0185038
  0.0185112
  0.0185258
  0.0185304
  0.0185327
  0.0185497
  0.0185838
  0.0185937
  0.0185947
  0.0185958
  0.0186041
  0.0186046
  0.0186348
  0.0186415
  0.0186425
  0.0187066
  0.0187114
  0.0187266
  0.0187387
  0.0187494
  0.0187502
  0.0187630
  0.0187694
  0.0187783
  0.0187949
  0.0187985
  0.0188005
  0.0188008
  0.0188065
  0.0188108
  0.0188112
  0.0188267
  0.0188335
  0.0188363
  0.0188513
  0.0188668
  0.0188679
  0.0188892
  0.0189036
  0.0189100
  0.0189203
  0.0189438
  0.0189545
  0.0189559
  0.0190024
  0.0190065
  0.0190130
  0.0190144
  0.0190270
  0.0190350
  0.0190355
  0.0190432
  0.0190501
  0.0190506
  0.0190508
  0.0190603
  0.0190674
  0.0190694
  0.0190789
  0.0190879
  0.0190919
  0.0190929
  0.0190969
  0.0191039
  0.0191130
  0.0191310
  0.0191449
  0.0191547
  0.0191595
  0.0191953
  0.0192044
  0.0192222
  0.0192292
  0.0192824
  0.0193017
  0.0193042
  0.0193534
  0.0193619
  0.0193719
  0.0193788
  0.0193841
  0.0193844
  0.0193863
  0.0194055
  0.0194064
  0.0194193
  0.0194447
  0.0194448
  0.0194461
  0.0194588
  0.0194681
  0.0194778
  0.0194833
  0.0194884
  0.0195085
  0.0195093
  0.0195294
  0.0195320
  0.0195322
  0.0195514
  0.0195537
  0.0195576
  0.0195602
  0.0195677
  0.0196294
  0.0196318
  0.0196364
  0.0196430
  0.0196439
  0.0196552
  0.0196573
  0.0196576
  0.0197228
  0.0197228
  0.0197297
  0.0197320
  0.0197350
  0.0197491
  0.0197549
  0.0197569
  0.0197639
  0.0198080
  0.0198195
  0.0198361
  0.0198444
  0.0198494
  0.0198530
  0.0198647
  0.0198875
  0.0198883
  0.0198942
  0.0198971
  0.0198985
  0.0199026
  0.0199027
  0.0199286
  0.0199292
  0.0199321
  0.0199326
  0.0199393
  0.0199445
  0.0199883
  0.0199897
  0.0200000
  0.0200037
  0.0200065
  0.0200193
  0.0200282
  0.0200320
  0.0200589
  0.0200599
  0.0200676
  0.0200708
  0.0200708
  0.0201140
  0.0201250
  0.0201263
  0.0201295
  0.0201482
  0.0201580
  0.0201762
  0.0201774
  0.0201959
  0.0202086
  0.0202156
  0.0202408
  0.0202411
  0.0202479
  0.0202595
  0.0202621
  0.0203013
  0.0203055
  0.0203268
  0.0203312
  0.0203457
  0.0203577
  0.0203612
  0.0203723
  0.0203921
  0.0204120
  0.0204135
  0.0204154
  0.0204192
  0.0204197
  0.0204366
  0.0204455
  0.0204520
  0.0204523
  0.0204740
  0.0204791
  0.0204963
  0.0205005
  0.0205110
  0.0205187
  0.0205203
  0.0205234
  0.0205453
  0.0205567
  0.0205716
  0.0205847
  0.0205919
  0.0205941
  0.0206186
  0.0206664
  0.0206759
  0.0206804
  0.0207064
  0.0207147
  0.0207233
  0.0207471
  0.0207510
  0.0207567
  0.0208139
  0.0208159
  0.0208467
  0.0208520
  0.0208898
  0.0208975
  0.0209311
  0.0209470
  0.0209548
  0.0209610
  0.0209673
  0.0209680
  0.0209709
  0.0209995
  0.0210055
  0.0210423
  0.0210437
  0.0210471
  0.0210534
  0.0210796
  0.0210866
  0.0210926
  0.0211001
  0.0211038
  0.0211306
  0.0211413
  0.0211434
  0.0211459
  0.0211462
  0.0211501
  0.0211653
  0.0211665
  0.0211924
  0.0211947
  0.0212166
  0.0212676
  0.0212838
  0.0212869
  0.0213211
  0.0213268
  0.0213284
  0.0213600
  0.0213600
  0.0213647
  0.0213774
  0.0213933
  0.0214040
  0.0214045
  0.0214073
  0.0214166
  0.0214221
  0.0214393
  0.0214414
  0.0214510
  0.0214602
  0.0214763
  0.0214788
  0.0214947
  0.0214986
  0.0214996
  0.0215197
  0.0215254
  0.0215362
  0.0215382
  0.0215488
  0.0215571
  0.0215979
  0.0216741
  0.0216809
  0.0216834
  0.0217107
  0.0217149
  0.0217318
  0.0217479
  0.0217596
  0.0217659
  0.0217740
  0.0217807
  0.0217864
  0.0218217
  0.0218233
  0.0218281
  0.0218328
  0.0218330
  0.0218530
  0.0218567
  0.0218719
  0.0218763
  0.0218864
  0.0218994
  0.0219120
  0.0219240
  0.0219395
  0.0219400
  0.0219877
  0.0220185
  0.0220550
  0.0220552
  0.0220594
  0.0220606
  0.0220714
  0.0220854
  0.0221286
  0.0221353
  0.0221486
  0.0221499
  0.0221689
  0.0221798
  0.0221881
  0.0221978
  0.0222090
  0.0222156
  0.0222171
  0.0222238
  0.0222411
  0.0222450
  0.0222559
  0.0222778
  0.0222815
  0.0222940
  0.0223160
  0.0223170
  0.0223172
  0.0223377
  0.0223377
  0.0223958
  0.0224463
  0.0224523
  0.0224645
  0.0224807
  0.0224931
  0.0225038
  0.0225102
  0.0225289
  0.0225349
  0.0225402
  0.0225434
  0.0225442
  0.0225468
  0.0225669
  0.0225891
  0.0225955
  0.0225988
  0.0226065
  0.0226367
  0.0226780
  0.0226874
  0.0226941
  0.0227219
  0.0227388
  0.0227566
  0.0227621
  0.0227671
  0.0227769
  0.0227780
  0.0227868
  0.0227877
  0.0227882
  0.0227920
  0.0228172
  0.0228196
  0.0228277
  0.0228309
  0.0228423
  0.0228474
  0.0228737
  0.0228748
  0.0228779
  0.0228976
  0.0228976
  0.0229042
  0.0229068
  0.0229136
  0.0229201
  0.0229468
  0.0229584
  0.0229798
  0.0230044
  0.0230048
  0.0230203
  0.0230477
  0.0230493
  0.0230603
  0.0230874
  0.0231107
  0.0231152
  0.0231370
  0.0231387
  0.0231661
  0.0231788
  0.0231937
  0.0232317
  0.0232342
  0.0232347
  0.0232383
  0.0232585
  0.0232638
  0.0232720
  0.0232831
  0.0233089
  0.0233229
  0.0233286
  0.0233303
  0.0233548
  0.0233721
  0.0233918
  0.0233966
  0.0233993
  0.0234221
  0.0234304
  0.0234900
  0.0235056
  0.0235188
  0.0235267
  0.0235352
  0.0235770
  0.0235908
  0.0236036
  0.0236037
  0.0236116
  0.0236196
  0.0236412
  0.0236490
  0.0236611
  0.0236901
  0.0237204
  0.0237278
  0.0237475
  0.0237525
  0.0237602
  0.0237777
  0.0238038
  0.0238429
  0.0238436
  0.0238649
  0.0238765
  0.0239151
  0.0239414
  0.0239504
  0.0239758
  0.0239849
  0.0239858
  0.0240371
  0.0240409
  0.0240555
  0.0240678
  0.0240884
  0.0240891
  0.0240939
  0.0240963
  0.0240974
  0.0241082
  0.0241394
  0.0241480
  0.0241729
  0.0241752
  0.0242036
  0.0242525
  0.0242700
  0.0242750
  0.0243106
  0.0243151
  0.0243312
  0.0243676
  0.0243781
  0.0243928
  0.0243972
  0.0244443
  0.0244901
  0.0245229
  0.0245318
  0.0245361
  0.0245491
  0.0245864
  0.0245890
  0.0246359
  0.0246388
  0.0246443
  0.0246693
  0.0247348
  0.0247480
  0.0248069
  0.0248086
  0.0248380
  0.0248749
  0.0248962
  0.0248986
  0.0249011
  0.0249352
  0.0249380
  0.0249384
  0.0249614
  0.0249757
  0.0249901
  0.0249934
  0.0250157
  0.0250712
  0.0250848
  0.0250852
  0.0251197
  0.0251427
  0.0251574
  0.0251575
  0.0251636
  0.0251886
  0.0251954
  0.0251990
  0.0252034
  0.0252069
  0.0252121
  0.0252371
  0.0252382
  0.0252658
  0.0252899
  0.0252937
  0.0253192
  0.0253541
  0.0253643
  0.0253676
  0.0253926
  0.0254627
  0.0254659
  0.0254847
  0.0254945
  0.0255001
  0.0255168
  0.0255275
  0.0255277
  0.0255371
  0.0255437
  0.0255489
  0.0255553
  0.0255890
  0.0255899
  0.0256042
  0.0256280
  0.0256390
  0.0256547
  0.0256798
  0.0256821
  0.0256822
  0.0256824
  0.0256852
  0.0256926
  0.0257857
  0.0257869
  0.0257885
  0.0258290
  0.0258459
  0.0258663
  0.0258740
  0.0258761
  0.0258768
  0.0259194
  0.0259282
  0.0260158
  0.0260297
  0.0260511
  0.0260518
  0.0260718
  0.0260905
  0.0261170
  0.0261256
  0.0261263
  0.0261460
  0.0261894
  0.0262290
  0.0262329
  0.0262863
  0.0262941
  0.0263048
  0.0263674
  0.0263802
  0.0264042
  0.0264289
  0.0264978
  0.0265093
  0.0265669
  0.0266163
  0.0266421
  0.0266463
  0.0266511
  0.0266793
  0.0266996
  0.0267040
  0.0267279
  0.0267563
  0.0267815
  0.0267822
  0.0267860
  0.0268229
  0.0268349
  0.0268350
  0.0268758
  0.0269219
  0.0269307
  0.0269630
  0.0269686
  0.0270290
  0.0270479
  0.0270507
  0.0270878
  0.0271038
  0.0271250
  0.0271546
  0.0271547
  0.0271723
  0.0272576
  0.0272594
  0.0272613
  0.0272974
  0.0273440
  0.0273516
  0.0273716
  0.0273785
  0.0274002
  0.0274051
  0.0274419
  0.0274791
  0.0275297
  0.0275621
  0.0275736
  0.0275970
  0.0276148
  0.0276317
  0.0276393
  0.0276482
  0.0276488
  0.0276569
  0.0276603
  0.0276871
  0.0277635
  0.0277783
  0.0277815
  0.0277843
  0.0278127
  0.0278411
  0.0278650
  0.0279411
  0.0279747
  0.0279760
  0.0280750
  0.0280933
  0.0281080
  0.0281487
  0.0282239
  0.0282313
  0.0283316
  0.0283332
  0.0283389
  0.0283721
  0.0284204
  0.0284346
  0.0284523
  0.0284565
  0.0284728
  0.0284884
  0.0284975
  0.0285075
  0.0285162
  0.0285285
  0.0285556
  0.0285774
  0.0285934
  0.0285990
  0.0286104
  0.0286231
  0.0286445
  0.0286865
  0.0286940
  0.0286945
  0.0286991
  0.0287119
  0.0287301
  0.0287555
  0.0287719
  0.0288618
  0.0288674
  0.0289008
  0.0289100
  0.0289329
  0.0290375
  0.0290389
  0.0291730
  0.0291932
  0.0292410
  0.0292425
  0.0292514
  0.0292631
  0.0292748
  0.0292796
  0.0293006
  0.0293087
  0.0293375
  0.0293839
  0.0293922
  0.0294682
  0.0294837
  0.0294966
  0.0295532
  0.0295972
  0.0296075
  0.0296382
  0.0296428
  0.0297462
  0.0297462
  0.0297632
  0.0297776
  0.0297821
  0.0297874
  0.0297985
  0.0298075
  0.0298650
  0.0298745
  0.0299541
  0.0299909
  0.0300876
  0.0301127
  0.0301782
  0.0301892
  0.0301959
  0.0303076
  0.0303343
  0.0303518
  0.0304083
  0.0304250
  0.0304613
  0.0305710
  0.0306330
  0.0306513
  0.0306691
  0.0306832
  0.0307098
  0.0307111
  0.0307197
  0.0307380
  0.0307577
  0.0307584
  0.0307681
  0.0308286
  0.0308360
  0.0309235
  0.0309341
  0.0309801
  0.0309819
  0.0310181
  0.0310209
  0.0310359
  0.0310543
  0.0310828
  0.0310985
  0.0311055
  0.0311554
  0.0311821
  0.0312329
  0.0312401
  0.0312607
  0.0312631
  0.0312863
  0.0313190
  0.0313318
  0.0313754
  0.0313972
  0.0314099
  0.0314129
  0.0314143
  0.0314156
  0.0315170
  0.0315469
  0.0315501
  0.0315853
  0.0316700
  0.0317228
  0.0319345
  0.0320365
  0.0320417
  0.0320435
  0.0320455
  0.0320487
  0.0320652
  0.0320753
  0.0321365
  0.0321518
  0.0325054
  0.0325902
  0.0326238
  0.0326378
  0.0326836
  0.0326971
  0.0327149
  0.0327799
  0.0328243
  0.0328399
  0.0328992
  0.0329159
  0.0329535
  0.0330479
  0.0330538
  0.0331691
  0.0332132
  0.0333443
  0.0333969
  0.0334982
  0.0335751
  0.0336119
  0.0336307
  0.0336504
  0.0337718
  0.0337876
  0.0338057
  0.0338531
  0.0338692
  0.0340186
  0.0340911
  0.0341039
  0.0341633
  0.0342181
  0.0342353
  0.0342660
  0.0344586
  0.0344875
  0.0345508
  0.0347801
  0.0348284
  0.0348547
  0.0350058
  0.0350366
  0.0350731
  0.0351324
  0.0351571
  0.0352425
  0.0352636
  0.0353542
  0.0353824
  0.0354734
  0.0354834
  0.0355148
  0.0355754
  0.0356700
  0.0356792
  0.0357152
  0.0357610
  0.0357823
  0.0359129
  0.0359946
  0.0362916
  0.0363183
  0.0363216
  0.0363436
  0.0363822
  0.0364776
  0.0365329
  0.0366172
  0.0367771
  0.0368668
  0.0369866
  0.0371276
  0.0371549
  0.0372240
  0.0374867
  0.0375093
  0.0376304
  0.0377249
  0.0377847
  0.0380224
  0.0381505
  0.0382049
  0.0382618
  0.0382871
  0.0385101
  0.0388125
  0.0388932
  0.0390059
  0.0392757
  0.0393003
  0.0397105
  0.0397503
  0.0397643
  0.0398954
  0.0399425
  0.0400483
  0.0403590
  0.0404453
  0.0405062
  0.0405314
  0.0407539
  0.0407652
  0.0408294
  0.0410315
  0.0411443
  0.0413648
  0.0413900
  0.0414547
  0.0414755
  0.0415666
  0.0416165
  0.0416802
  0.0417244
  0.0419145
  0.0423545
  0.0423744
  0.0424787
  0.0425999
  0.0427062
  0.0428245
  0.0432052
  0.0436571
  0.0437240
  0.0438848
  0.0439742
  0.0445457
  0.0449604
  0.0451906
  0.0483686
  0.0488416
  0.0492677
  0.0498550
  0.0503765
  0.0559192
  0.0575395
  0.0579016
  0.0593079
  0.0594983
  0.0612137
  0.0633511